year,month,state,crime_rate
1990,10,AK,2129.0
1990,10,AL,7598.0
1990,10,AR,9948.0
1990,10,AZ,24235.0
1990,10,CA,167954.0
1990,10,CO,16849.0
1990,10,CT,15747.0
1990,10,DC,5752.0
1990,10,DE,3191.0
1990,10,FL,96389.0
1990,10,GA,32607.0
1990,10,HI,5400.0
1990,10,IA,9993.0
1990,10,ID,3497.0
1990,10,IL,60142.0
1990,10,IN,17637.0
1990,10,KS,11190.0
1990,10,KY,3915.0
1990,10,LA,20588.0
1990,10,MA,20065.0
1990,10,MD,25672.0
1990,10,ME,4208.0
1990,10,MI,50085.0
1990,10,MN,13978.0
1990,10,MO,21725.0
1990,10,MS,5594.0
1990,10,MT,2719.0
1990,10,NC,30445.0
1990,10,ND,1476.0
1990,10,NE,5912.0
1990,10,NH,3413.0
1990,10,NJ,37252.0
1990,10,NM,6538.0
1990,10,NV,6133.0
1990,10,NY,101027.0
1990,10,OH,43378.0
1990,10,OK,15333.0
1990,10,OR,13774.0
1990,10,PA,34829.0
1990,10,RI,4765.0
1990,10,SC,18358.0
1990,10,SD,1689.0
1990,10,TN,19061.0
1990,10,TX,114379.0
1990,10,UT,8254.0
1990,10,VA,24827.0
1990,10,VT,1726.0
1990,10,WA,25692.0
1990,10,WI,20158.0
1990,10,WV,3960.0
1990,10,WY,1577.0
1990,11,AK,1502.0
1990,11,AL,7127.0
1990,11,AR,9297.0
1990,11,AZ,22602.0
1990,11,CA,157481.0
1990,11,CO,15685.0
1990,11,CT,14031.0
1990,11,DC,5496.0
1990,11,DE,3068.0
1990,11,FL,80950.0
1990,11,GA,31879.0
1990,11,HI,5202.0
1990,11,IA,9593.0
1990,11,ID,3464.0
1990,11,IL,57162.0
1990,11,IN,16640.0
1990,11,KS,11170.0
1990,11,KY,3356.0
1990,11,LA,18875.0
1990,11,MA,18443.0
1990,11,MD,23662.0
1990,11,ME,3725.0
1990,11,MI,46190.0
1990,11,MN,12646.0
1990,11,MO,21025.0
1990,11,MS,5060.0
1990,11,MT,2103.0
1990,11,NC,29688.0
1990,11,ND,1318.0
1990,11,NE,5388.0
1990,11,NH,3267.0
1990,11,NJ,34493.0
1990,11,NM,5975.0
1990,11,NV,5913.0
1990,11,NY,92964.0
1990,11,OH,42190.0
1990,11,OK,13875.0
1990,11,OR,13550.0
1990,11,PA,33847.0
1990,11,RI,4517.0
1990,11,SC,17547.0
1990,11,SD,1565.0
1990,11,TN,18336.0
1990,11,TX,109097.0
1990,11,UT,7937.0
1990,11,VA,23657.0
1990,11,VT,1917.0
1990,11,WA,25294.0
1990,11,WI,18837.0
1990,11,WV,3899.0
1990,11,WY,1488.0
1990,12,AK,7128.0
1990,12,AL,113444.0
1990,12,AR,9357.0
1990,12,AZ,22876.0
1990,12,CA,163820.0
1990,12,CO,15599.0
1990,12,CT,14137.0
1990,12,DC,5584.0
1990,12,DE,2967.0
1990,12,FL,74570.0
1990,12,GA,30179.0
1990,12,HI,5557.0
1990,12,IA,8167.0
1990,12,ID,2901.0
1990,12,IL,55476.0
1990,12,IN,17578.0
1990,12,KS,10556.0
1990,12,KY,39722.0
1990,12,LA,19798.0
1990,12,MA,18787.0
1990,12,MD,24402.0
1990,12,ME,3822.0
1990,12,MI,46256.0
1990,12,MN,11965.0
1990,12,MO,20795.0
1990,12,MS,8289.0
1990,12,MT,2159.0
1990,12,NC,31485.0
1990,12,ND,1213.0
1990,12,NE,5583.0
1990,12,NH,3063.0
1990,12,NJ,35175.0
1990,12,NM,6265.0
1990,12,NV,6060.0
1990,12,NY,93217.0
1990,12,OH,41812.0
1990,12,OK,13846.0
1990,12,OR,12944.0
1990,12,PA,35025.0
1990,12,RI,4598.0
1990,12,SC,18508.0
1990,12,SD,1409.0
1990,12,TN,18970.0
1990,12,TX,109735.0
1990,12,UT,7203.0
1990,12,VA,24165.0
1990,12,VT,1939.0
1990,12,WA,24138.0
1990,12,WI,16636.0
1990,12,WV,3886.0
1990,12,WY,1359.0
1991,1,AK,1733.0
1991,1,AL,1135.0
1991,1,AR,9683.0
1991,1,AZ,22760.0
1991,1,CA,174418.0
1991,1,CO,16058.0
1991,1,CT,12903.0
1991,1,DC,5744.0
1991,1,DE,3098.0
1991,1,FL,95804.0
1991,1,GA,32649.0
1991,1,HI,5219.0
1991,1,IA,
1991,1,ID,2862.0
1991,1,IL,51651.0
1991,1,IN,16654.0
1991,1,KS,9290.0
1991,1,KY,
1991,1,LA,18846.0
1991,1,MA,18570.0
1991,1,MD,24193.0
1991,1,ME,3172.0
1991,1,MI,41427.0
1991,1,MN,9456.0
1991,1,MO,18991.0
1991,1,MS,6018.0
1991,1,MT,1667.0
1991,1,NC,31538.0
1991,1,ND,449.0
1991,1,NE,4496.0
1991,1,NH,2676.0
1991,1,NJ,32588.0
1991,1,NM,6722.0
1991,1,NV,6309.0
1991,1,NY,87498.0
1991,1,OH,38997.0
1991,1,OK,13185.0
1991,1,OR,13793.0
1991,1,PA,32053.0
1991,1,RI,4073.0
1991,1,SC,
1991,1,SD,1280.0
1991,1,TN,19459.0
1991,1,TX,110458.0
1991,1,UT,7500.0
1991,1,VA,23124.0
1991,1,VT,1413.0
1991,1,WA,25678.0
1991,1,WI,14497.0
1991,1,WV,3942.0
1991,1,WY,1493.0
1991,2,AK,1768.0
1991,2,AL,950.0
1991,2,AR,8640.0
1991,2,AZ,22411.0
1991,2,CA,158479.0
1991,2,CO,15713.0
1991,2,CT,12889.0
1991,2,DC,4883.0
1991,2,DE,2939.0
1991,2,FL,84831.0
1991,2,GA,30928.0
1991,2,HI,5178.0
1991,2,IA,
1991,2,ID,3310.0
1991,2,IL,52414.0
1991,2,IN,15429.0
1991,2,KS,9920.0
1991,2,KY,
1991,2,LA,18334.0
1991,2,MA,17827.0
1991,2,MD,22091.0
1991,2,ME,3172.0
1991,2,MI,39449.0
1991,2,MN,9365.0
1991,2,MO,19112.0
1991,2,MS,5390.0
1991,2,MT,1932.0
1991,2,NC,26764.0
1991,2,ND,552.0
1991,2,NE,4933.0
1991,2,NH,2741.0
1991,2,NJ,31265.0
1991,2,NM,5949.0
1991,2,NV,6120.0
1991,2,NY,81579.0
1991,2,OH,35771.0
1991,2,OK,13504.0
1991,2,OR,13143.0
1991,2,PA,30500.0
1991,2,RI,4168.0
1991,2,SC,
1991,2,SD,1399.0
1991,2,TN,17331.0
1991,2,TX,98591.0
1991,2,UT,7279.0
1991,2,VA,21435.0
1991,2,VT,1710.0
1991,2,WA,24543.0
1991,2,WI,14820.0
1991,2,WV,3642.0
1991,2,WY,1506.0
1991,3,AK,2782.0
1991,3,AL,20792.0
1991,3,AR,9689.0
1991,3,AZ,23494.0
1991,3,CA,172238.0
1991,3,CO,17680.0
1991,3,CT,13725.0
1991,3,DC,4881.0
1991,3,DE,3113.0
1991,3,FL,95696.0
1991,3,GA,31505.0
1991,3,HI,5773.0
1991,3,IA,
1991,3,ID,3648.0
1991,3,IL,56934.0
1991,3,IN,17890.0
1991,3,KS,11063.0
1991,3,KY,
1991,3,LA,19428.0
1991,3,MA,19703.0
1991,3,MD,23556.0
1991,3,ME,3554.0
1991,3,MI,46373.0
1991,3,MN,26921.0
1991,3,MO,20885.0
1991,3,MS,5633.0
1991,3,MT,1690.0
1991,3,NC,31111.0
1991,3,ND,592.0
1991,3,NE,5830.0
1991,3,NH,2974.0
1991,3,NJ,34689.0
1991,3,NM,6715.0
1991,3,NV,6530.0
1991,3,NY,90190.0
1991,3,OH,39967.0
1991,3,OK,14220.0
1991,3,OR,13714.0
1991,3,PA,33084.0
1991,3,RI,4379.0
1991,3,SC,
1991,3,SD,1704.0
1991,3,TN,19599.0
1991,3,TX,106898.0
1991,3,UT,8257.0
1991,3,VA,23248.0
1991,3,VT,1693.0
1991,3,WA,25198.0
1991,3,WI,17658.0
1991,3,WV,4158.0
1991,3,WY,1662.0
1991,4,AK,1873.0
1991,4,AL,1198.0
1991,4,AR,9735.0
1991,4,AZ,22324.0
1991,4,CA,166569.0
1991,4,CO,17007.0
1991,4,CT,13650.0
1991,4,DC,4536.0
1991,4,DE,3061.0
1991,4,FL,94041.0
1991,4,GA,32393.0
1991,4,HI,5569.0
1991,4,IA,
1991,4,ID,3406.0
1991,4,IL,56581.0
1991,4,IN,17780.0
1991,4,KS,10731.0
1991,4,KY,
1991,4,LA,19043.0
1991,4,MA,19255.0
1991,4,MD,23510.0
1991,4,ME,3789.0
1991,4,MI,47493.0
1991,4,MN,11456.0
1991,4,MO,19999.0
1991,4,MS,5875.0
1991,4,MT,1447.0
1991,4,NC,29819.0
1991,4,ND,623.0
1991,4,NE,5696.0
1991,4,NH,2916.0
1991,4,NJ,33150.0
1991,4,NM,6400.0
1991,4,NV,6174.0
1991,4,NY,88918.0
1991,4,OH,40188.0
1991,4,OK,14479.0
1991,4,OR,13783.0
1991,4,PA,31527.0
1991,4,RI,4312.0
1991,4,SC,
1991,4,SD,1753.0
1991,4,TN,19336.0
1991,4,TX,106636.0
1991,4,UT,8052.0
1991,4,VA,22056.0
1991,4,VT,1851.0
1991,4,WA,25724.0
1991,4,WI,17106.0
1991,4,WV,3954.0
1991,4,WY,1605.0
1991,5,AK,2314.0
1991,5,AL,1333.0
1991,5,AR,10630.0
1991,5,AZ,22566.0
1991,5,CA,169557.0
1991,5,CO,17499.0
1991,5,CT,13952.0
1991,5,DC,4898.0
1991,5,DE,3383.0
1991,5,FL,95636.0
1991,5,GA,37686.0
1991,5,HI,6060.0
1991,5,IA,
1991,5,ID,3701.0
1991,5,IL,57702.0
1991,5,IN,18112.0
1991,5,KS,11345.0
1991,5,KY,
1991,5,LA,20305.0
1991,5,MA,20095.0
1991,5,MD,24775.0
1991,5,ME,4260.0
1991,5,MI,49246.0
1991,5,MN,12441.0
1991,5,MO,21527.0
1991,5,MS,6612.0
1991,5,MT,1586.0
1991,5,NC,31055.0
1991,5,ND,574.0
1991,5,NE,5923.0
1991,5,NH,3079.0
1991,5,NJ,35507.0
1991,5,NM,6805.0
1991,5,NV,6365.0
1991,5,NY,95033.0
1991,5,OH,41320.0
1991,5,OK,15806.0
1991,5,OR,14283.0
1991,5,PA,32146.0
1991,5,RI,4049.0
1991,5,SC,
1991,5,SD,1670.0
1991,5,TN,19719.0
1991,5,TX,115240.0
1991,5,UT,8560.0
1991,5,VA,24002.0
1991,5,VT,1882.0
1991,5,WA,26443.0
1991,5,WI,19207.0
1991,5,WV,3913.0
1991,5,WY,1721.0
1991,6,AK,3800.0
1991,6,AL,20781.0
1991,6,AR,10759.0
1991,6,AZ,22681.0
1991,6,CA,162411.0
1991,6,CO,18073.0
1991,6,CT,15220.0
1991,6,DC,5634.0
1991,6,DE,3410.0
1991,6,FL,95244.0
1991,6,GA,36529.0
1991,6,HI,5569.0
1991,6,IA,
1991,6,ID,3693.0
1991,6,IL,60199.0
1991,6,IN,18398.0
1991,6,KS,11799.0
1991,6,KY,
1991,6,LA,20636.0
1991,6,MA,20245.0
1991,6,MD,24709.0
1991,6,ME,4222.0
1991,6,MI,50127.0
1991,6,MN,28845.0
1991,6,MO,22570.0
1991,6,MS,6424.0
1991,6,MT,1772.0
1991,6,NC,31355.0
1991,6,ND,620.0
1991,6,NE,6229.0
1991,6,NH,3082.0
1991,6,NJ,35868.0
1991,6,NM,6744.0
1991,6,NV,5929.0
1991,6,NY,100907.0
1991,6,OH,41812.0
1991,6,OK,16065.0
1991,6,OR,13794.0
1991,6,PA,33615.0
1991,6,RI,4338.0
1991,6,SC,
1991,6,SD,1804.0
1991,6,TN,20020.0
1991,6,TX,117910.0
1991,6,UT,8024.0
1991,6,VA,25066.0
1991,6,VT,1738.0
1991,6,WA,26934.0
1991,6,WI,19781.0
1991,6,WV,3992.0
1991,6,WY,1848.0
1991,7,AK,3362.0
1991,7,AL,
1991,7,AR,12037.0
1991,7,AZ,23611.0
1991,7,CA,177123.0
1991,7,CO,18695.0
1991,7,CT,16775.0
1991,7,DC,5864.0
1991,7,DE,3963.0
1991,7,FL,100054.0
1991,7,GA,38435.0
1991,7,HI,5905.0
1991,7,IA,
1991,7,ID,3913.0
1991,7,IL,63974.0
1991,7,IN,19480.0
1991,7,KS,13073.0
1991,7,KY,
1991,7,LA,21360.0
1991,7,MA,22211.0
1991,7,MD,27856.0
1991,7,ME,4638.0
1991,7,MI,54770.0
1991,7,MN,14251.0
1991,7,MO,24944.0
1991,7,MS,7159.0
1991,7,MT,1968.0
1991,7,NC,36080.0
1991,7,ND,650.0
1991,7,NE,7062.0
1991,7,NH,3394.0
1991,7,NJ,40729.0
1991,7,NM,7298.0
1991,7,NV,6288.0
1991,7,NY,104746.0
1991,7,OH,45823.0
1991,7,OK,17347.0
1991,7,OR,14331.0
1991,7,PA,36096.0
1991,7,RI,4527.0
1991,7,SC,
1991,7,SD,2162.0
1991,7,TN,21228.0
1991,7,TX,128523.0
1991,7,UT,8765.0
1991,7,VA,27199.0
1991,7,VT,2106.0
1991,7,WA,27023.0
1991,7,WI,21240.0
1991,7,WV,4042.0
1991,7,WY,1977.0
1991,8,AK,3339.0
1991,8,AL,
1991,8,AR,11955.0
1991,8,AZ,24698.0
1991,8,CA,177994.0
1991,8,CO,18642.0
1991,8,CT,16995.0
1991,8,DC,5891.0
1991,8,DE,4130.0
1991,8,FL,99354.0
1991,8,GA,37745.0
1991,8,HI,5958.0
1991,8,IA,
1991,8,ID,3103.0
1991,8,IL,64929.0
1991,8,IN,19364.0
1991,8,KS,13287.0
1991,8,KY,
1991,8,LA,20870.0
1991,8,MA,22388.0
1991,8,MD,29230.0
1991,8,ME,4700.0
1991,8,MI,55246.0
1991,8,MN,14520.0
1991,8,MO,25219.0
1991,8,MS,6662.0
1991,8,MT,1983.0
1991,8,NC,37078.0
1991,8,ND,1198.0
1991,8,NE,6857.0
1991,8,NH,3621.0
1991,8,NJ,41321.0
1991,8,NM,6453.0
1991,8,NV,6494.0
1991,8,NY,107792.0
1991,8,OH,46220.0
1991,8,OK,17176.0
1991,8,OR,14529.0
1991,8,PA,38002.0
1991,8,RI,4516.0
1991,8,SC,
1991,8,SD,2285.0
1991,8,TN,20730.0
1991,8,TX,128897.0
1991,8,UT,9111.0
1991,8,VA,28086.0
1991,8,VT,1739.0
1991,8,WA,27345.0
1991,8,WI,22342.0
1991,8,WV,4413.0
1991,8,WY,1930.0
1991,9,AK,2957.0
1991,9,AL,20775.0
1991,9,AR,10605.0
1991,9,AZ,23313.0
1991,9,CA,170236.0
1991,9,CO,16604.0
1991,9,CT,15377.0
1991,9,DC,5032.0
1991,9,DE,3375.0
1991,9,FL,93181.0
1991,9,GA,34782.0
1991,9,HI,5355.0
1991,9,IA,
1991,9,ID,2661.0
1991,9,IL,59287.0
1991,9,IN,17447.0
1991,9,KS,11427.0
1991,9,KY,
1991,9,LA,19890.0
1991,9,MA,19623.0
1991,9,MD,25865.0
1991,9,ME,3929.0
1991,9,MI,48643.0
1991,9,MN,27940.0
1991,9,MO,22104.0
1991,9,MS,6199.0
1991,9,MT,1646.0
1991,9,NC,33254.0
1991,9,ND,719.0
1991,9,NE,6027.0
1991,9,NH,2849.0
1991,9,NJ,34958.0
1991,9,NM,5261.0
1991,9,NV,6153.0
1991,9,NY,96230.0
1991,9,OH,41077.0
1991,9,OK,15363.0
1991,9,OR,14211.0
1991,9,PA,36640.0
1991,9,RI,4088.0
1991,9,SC,
1991,9,SD,1807.0
1991,9,TN,19484.0
1991,9,TX,117412.0
1991,9,UT,7906.0
1991,9,VA,24906.0
1991,9,VT,1680.0
1991,9,WA,24768.0
1991,9,WI,19379.0
1991,9,WV,3932.0
1991,9,WY,1732.0
1991,10,AK,2493.0
1991,10,AL,
1991,10,AR,9889.0
1991,10,AZ,23306.0
1991,10,CA,180237.0
1991,10,CO,17597.0
1991,10,CT,15921.0
1991,10,DC,6331.0
1991,10,DE,3430.0
1991,10,FL,95445.0
1991,10,GA,34992.0
1991,10,HI,5791.0
1991,10,IA,
1991,10,ID,2570.0
1991,10,IL,60766.0
1991,10,IN,18237.0
1991,10,KS,11948.0
1991,10,KY,
1991,10,LA,20106.0
1991,10,MA,20839.0
1991,10,MD,27515.0
1991,10,ME,4074.0
1991,10,MI,50148.0
1991,10,MN,11954.0
1991,10,MO,22248.0
1991,10,MS,6354.0
1991,10,MT,1658.0
1991,10,NC,33903.0
1991,10,ND,504.0
1991,10,NE,5882.0
1991,10,NH,3323.0
1991,10,NJ,36437.0
1991,10,NM,5646.0
1991,10,NV,6110.0
1991,10,NY,101045.0
1991,10,OH,41835.0
1991,10,OK,15543.0
1991,10,OR,14183.0
1991,10,PA,37239.0
1991,10,RI,4472.0
1991,10,SC,
1991,10,SD,1653.0
1991,10,TN,19108.0
1991,10,TX,115584.0
1991,10,UT,8511.0
1991,10,VA,25074.0
1991,10,VT,1576.0
1991,10,WA,25899.0
1991,10,WI,21076.0
1991,10,WV,4211.0
1991,10,WY,1759.0
1991,11,AK,2236.0
1991,11,AL,
1991,11,AR,9291.0
1991,11,AZ,21958.0
1991,11,CA,170514.0
1991,11,CO,15727.0
1991,11,CT,14489.0
1991,11,DC,5573.0
1991,11,DE,3117.0
1991,11,FL,89756.0
1991,11,GA,31866.0
1991,11,HI,5604.0
1991,11,IA,
1991,11,ID,2281.0
1991,11,IL,60014.0
1991,11,IN,16063.0
1991,11,KS,10156.0
1991,11,KY,
1991,11,LA,18229.0
1991,11,MA,19200.0
1991,11,MD,25360.0
1991,11,ME,3587.0
1991,11,MI,43599.0
1991,11,MN,8448.0
1991,11,MO,20137.0
1991,11,MS,5886.0
1991,11,MT,1419.0
1991,11,NC,31777.0
1991,11,ND,616.0
1991,11,NE,4839.0
1991,11,NH,2979.0
1991,11,NJ,34176.0
1991,11,NM,6079.0
1991,11,NV,6176.0
1991,11,NY,91369.0
1991,11,OH,37602.0
1991,11,OK,13857.0
1991,11,OR,13403.0
1991,11,PA,35628.0
1991,11,RI,4315.0
1991,11,SC,
1991,11,SD,1412.0
1991,11,TN,17891.0
1991,11,TX,106720.0
1991,11,UT,7916.0
1991,11,VA,23281.0
1991,11,VT,1287.0
1991,11,WA,24534.0
1991,11,WI,17540.0
1991,11,WV,3989.0
1991,11,WY,1457.0
1991,12,AK,2228.0
1991,12,AL,135297.0
1991,12,AR,10081.0
1991,12,AZ,23270.0
1991,12,CA,177482.0
1991,12,CO,16572.0
1991,12,CT,14524.0
1991,12,DC,5308.0
1991,12,DE,3050.0
1991,12,FL,96089.0
1991,12,GA,32744.0
1991,12,HI,6139.0
1991,12,IA,
1991,12,ID,7998.0
1991,12,IL,58308.0
1991,12,IN,16682.0
1991,12,KS,11720.0
1991,12,KY,125467.0
1991,12,LA,19915.0
1991,12,MA,18536.0
1991,12,MD,25845.0
1991,12,ME,3191.0
1991,12,MI,42093.0
1991,12,MN,24605.0
1991,12,MO,21976.0
1991,12,MS,8629.0
1991,12,MT,1830.0
1991,12,NC,30878.0
1991,12,ND,8688.0
1991,12,NE,5856.0
1991,12,NH,2535.0
1991,12,NJ,33757.0
1991,12,NM,8915.0
1991,12,NV,6252.0
1991,12,NY,85380.0
1991,12,OH,40772.0
1991,12,OK,14881.0
1991,12,OR,14904.0
1991,12,PA,31697.0
1991,12,RI,4264.0
1991,12,SC,219726.0
1991,12,SD,1662.0
1991,12,TN,19392.0
1991,12,TX,112859.0
1991,12,UT,7660.0
1991,12,VA,24350.0
1991,12,VT,1346.0
1991,12,WA,25923.0
1991,12,WI,17532.0
1991,12,WV,4308.0
1991,12,WY,1644.0
1992,1,AK,1674.0
1992,1,AL,58.0
1992,1,AR,9630.0
1992,1,AZ,22096.0
1992,1,CA,182498.0
1992,1,CO,15982.0
1992,1,CT,13587.0
1992,1,DC,5965.0
1992,1,DE,3221.0
1992,1,FL,95347.0
1992,1,GA,34520.0
1992,1,HI,6036.0
1992,1,IA,4963.0
1992,1,ID,1604.0
1992,1,IL,49497.0
1992,1,IN,17001.0
1992,1,KS,11396.0
1992,1,KY,
1992,1,LA,19526.0
1992,1,MA,18517.0
1992,1,MD,24915.0
1992,1,ME,2964.0
1992,1,MI,40701.0
1992,1,MN,9993.0
1992,1,MO,20786.0
1992,1,MS,6860.0
1992,1,MT,2645.0
1992,1,NC,33500.0
1992,1,ND,1247.0
1992,1,NE,5691.0
1992,1,NH,2628.0
1992,1,NJ,32330.0
1992,1,NM,5494.0
1992,1,NV,6465.0
1992,1,NY,88128.0
1992,1,OH,36680.0
1992,1,OK,14447.0
1992,1,OR,14318.0
1992,1,PA,32929.0
1992,1,RI,3852.0
1992,1,SC,17482.0
1992,1,SD,1671.0
1992,1,TN,19493.0
1992,1,TX,109019.0
1992,1,UT,7640.0
1992,1,VA,23408.0
1992,1,VT,1486.0
1992,1,WA,25654.0
1992,1,WI,16976.0
1992,1,WV,3892.0
1992,1,WY,1565.0
1992,2,AK,1388.0
1992,2,AL,70.0
1992,2,AR,8659.0
1992,2,AZ,21043.0
1992,2,CA,170247.0
1992,2,CO,15802.0
1992,2,CT,12436.0
1992,2,DC,5357.0
1992,2,DE,3155.0
1992,2,FL,89722.0
1992,2,GA,30634.0
1992,2,HI,5752.0
1992,2,IA,4872.0
1992,2,ID,1739.0
1992,2,IL,47198.0
1992,2,IN,16260.0
1992,2,KS,10520.0
1992,2,KY,
1992,2,LA,17450.0
1992,2,MA,17621.0
1992,2,MD,22858.0
1992,2,ME,3090.0
1992,2,MI,39343.0
1992,2,MN,9705.0
1992,2,MO,19400.0
1992,2,MS,5647.0
1992,2,MT,2709.0
1992,2,NC,29418.0
1992,2,ND,1138.0
1992,2,NE,5781.0
1992,2,NH,2490.0
1992,2,NJ,30344.0
1992,2,NM,5155.0
1992,2,NV,6208.0
1992,2,NY,79808.0
1992,2,OH,35019.0
1992,2,OK,13033.0
1992,2,OR,13061.0
1992,2,PA,32908.0
1992,2,RI,3704.0
1992,2,SC,15399.0
1992,2,SD,1567.0
1992,2,TN,16976.0
1992,2,TX,97898.0
1992,2,UT,7944.0
1992,2,VA,20955.0
1992,2,VT,1073.0
1992,2,WA,24606.0
1992,2,WI,15732.0
1992,2,WV,3843.0
1992,2,WY,1605.0
1992,3,AK,3892.0
1992,3,AL,22219.0
1992,3,AR,9413.0
1992,3,AZ,21876.0
1992,3,CA,181186.0
1992,3,CO,17863.0
1992,3,CT,12742.0
1992,3,DC,5463.0
1992,3,DE,2603.0
1992,3,FL,96316.0
1992,3,GA,33203.0
1992,3,HI,5720.0
1992,3,IA,5311.0
1992,3,ID,1993.0
1992,3,IL,53568.0
1992,3,IN,17433.0
1992,3,KS,10920.0
1992,3,KY,12144.0
1992,3,LA,19632.0
1992,3,MA,21378.0
1992,3,MD,24440.0
1992,3,ME,3243.0
1992,3,MI,42824.0
1992,3,MN,21394.0
1992,3,MO,20535.0
1992,3,MS,5854.0
1992,3,MT,2859.0
1992,3,NC,31065.0
1992,3,ND,1650.0
1992,3,NE,6004.0
1992,3,NH,2524.0
1992,3,NJ,31435.0
1992,3,NM,6294.0
1992,3,NV,6583.0
1992,3,NY,82916.0
1992,3,OH,36693.0
1992,3,OK,14015.0
1992,3,OR,14208.0
1992,3,PA,32704.0
1992,3,RI,3978.0
1992,3,SC,16325.0
1992,3,SD,1651.0
1992,3,TN,18307.0
1992,3,TX,105612.0
1992,3,UT,8622.0
1992,3,VA,22544.0
1992,3,VT,1128.0
1992,3,WA,26627.0
1992,3,WI,16902.0
1992,3,WV,3977.0
1992,3,WY,1878.0
1992,4,AK,1807.0
1992,4,AL,69.0
1992,4,AR,8960.0
1992,4,AZ,21374.0
1992,4,CA,170564.0
1992,4,CO,16663.0
1992,4,CT,13069.0
1992,4,DC,5092.0
1992,4,DE,2598.0
1992,4,FL,90023.0
1992,4,GA,32941.0
1992,4,HI,6038.0
1992,4,IA,5177.0
1992,4,ID,1775.0
1992,4,IL,50472.0
1992,4,IN,17211.0
1992,4,KS,10227.0
1992,4,KY,
1992,4,LA,19029.0
1992,4,MA,18183.0
1992,4,MD,25454.0
1992,4,ME,3384.0
1992,4,MI,43207.0
1992,4,MN,11239.0
1992,4,MO,19815.0
1992,4,MS,5636.0
1992,4,MT,2725.0
1992,4,NC,30059.0
1992,4,ND,1578.0
1992,4,NE,5513.0
1992,4,NH,2596.0
1992,4,NJ,31055.0
1992,4,NM,7632.0
1992,4,NV,6102.0
1992,4,NY,83772.0
1992,4,OH,35476.0
1992,4,OK,13183.0
1992,4,OR,13610.0
1992,4,PA,33421.0
1992,4,RI,3926.0
1992,4,SC,16616.0
1992,4,SD,1657.0
1992,4,TN,17355.0
1992,4,TX,100942.0
1992,4,UT,8109.0
1992,4,VA,21399.0
1992,4,VT,1257.0
1992,4,WA,26108.0
1992,4,WI,17071.0
1992,4,WV,3856.0
1992,4,WY,1786.0
1992,5,AK,2045.0
1992,5,AL,99.0
1992,5,AR,9362.0
1992,5,AZ,21523.0
1992,5,CA,169783.0
1992,5,CO,16535.0
1992,5,CT,14047.0
1992,5,DC,5458.0
1992,5,DE,3206.0
1992,5,FL,91862.0
1992,5,GA,36580.0
1992,5,HI,6080.0
1992,5,IA,5314.0
1992,5,ID,1788.0
1992,5,IL,52117.0
1992,5,IN,17318.0
1992,5,KS,10796.0
1992,5,KY,
1992,5,LA,19346.0
1992,5,MA,18749.0
1992,5,MD,26215.0
1992,5,ME,3643.0
1992,5,MI,44036.0
1992,5,MN,11850.0
1992,5,MO,20834.0
1992,5,MS,5969.0
1992,5,MT,2614.0
1992,5,NC,32059.0
1992,5,ND,1500.0
1992,5,NE,5712.0
1992,5,NH,2652.0
1992,5,NJ,33657.0
1992,5,NM,5844.0
1992,5,NV,6390.0
1992,5,NY,88675.0
1992,5,OH,36401.0
1992,5,OK,14492.0
1992,5,OR,13655.0
1992,5,PA,32694.0
1992,5,RI,4010.0
1992,5,SC,17389.0
1992,5,SD,1745.0
1992,5,TN,18459.0
1992,5,TX,102115.0
1992,5,UT,9115.0
1992,5,VA,22903.0
1992,5,VT,1300.0
1992,5,WA,26810.0
1992,5,WI,17271.0
1992,5,WV,3738.0
1992,5,WY,1898.0
1992,6,AK,4334.0
1992,6,AL,22307.0
1992,6,AR,9753.0
1992,6,AZ,21051.0
1992,6,CA,172332.0
1992,6,CO,17412.0
1992,6,CT,14180.0
1992,6,DC,5941.0
1992,6,DE,3203.0
1992,6,FL,90225.0
1992,6,GA,35026.0
1992,6,HI,6173.0
1992,6,IA,5627.0
1992,6,ID,2728.0
1992,6,IL,56820.0
1992,6,IN,17574.0
1992,6,KS,10905.0
1992,6,KY,12145.0
1992,6,LA,20730.0
1992,6,MA,21740.0
1992,6,MD,26258.0
1992,6,ME,3733.0
1992,6,MI,44141.0
1992,6,MN,23207.0
1992,6,MO,21150.0
1992,6,MS,6154.0
1992,6,MT,2552.0
1992,6,NC,32912.0
1992,6,ND,1495.0
1992,6,NE,6020.0
1992,6,NH,2769.0
1992,6,NJ,35369.0
1992,6,NM,6803.0
1992,6,NV,6211.0
1992,6,NY,92513.0
1992,6,OH,38808.0
1992,6,OK,15095.0
1992,6,OR,13730.0
1992,6,PA,32207.0
1992,6,RI,3882.0
1992,6,SC,17924.0
1992,6,SD,1774.0
1992,6,TN,19084.0
1992,6,TX,107285.0
1992,6,UT,8529.0
1992,6,VA,23203.0
1992,6,VT,1432.0
1992,6,WA,26485.0
1992,6,WI,18668.0
1992,6,WV,3755.0
1992,6,WY,1927.0
1992,7,AK,2323.0
1992,7,AL,89.0
1992,7,AR,10232.0
1992,7,AZ,22495.0
1992,7,CA,179304.0
1992,7,CO,17725.0
1992,7,CT,15325.0
1992,7,DC,6094.0
1992,7,DE,1105.0
1992,7,FL,97171.0
1992,7,GA,37287.0
1992,7,HI,5943.0
1992,7,IA,6353.0
1992,7,ID,1553.0
1992,7,IL,57705.0
1992,7,IN,19312.0
1992,7,KS,11752.0
1992,7,KY,
1992,7,LA,22479.0
1992,7,MA,19523.0
1992,7,MD,27519.0
1992,7,ME,4027.0
1992,7,MI,47186.0
1992,7,MN,14173.0
1992,7,MO,22916.0
1992,7,MS,6808.0
1992,7,MT,3457.0
1992,7,NC,34765.0
1992,7,ND,1953.0
1992,7,NE,6821.0
1992,7,NH,2840.0
1992,7,NJ,37026.0
1992,7,NM,7258.0
1992,7,NV,6546.0
1992,7,NY,96237.0
1992,7,OH,40809.0
1992,7,OK,16766.0
1992,7,OR,15035.0
1992,7,PA,34728.0
1992,7,RI,3938.0
1992,7,SC,19948.0
1992,7,SD,1857.0
1992,7,TN,21130.0
1992,7,TX,116210.0
1992,7,UT,9869.0
1992,7,VA,24943.0
1992,7,VT,1622.0
1992,7,WA,28304.0
1992,7,WI,20741.0
1992,7,WV,4152.0
1992,7,WY,2126.0
1992,8,AK,2377.0
1992,8,AL,78.0
1992,8,AR,11030.0
1992,8,AZ,23115.0
1992,8,CA,177760.0
1992,8,CO,17695.0
1992,8,CT,15800.0
1992,8,DC,5989.0
1992,8,DE,1167.0
1992,8,FL,94559.0
1992,8,GA,37245.0
1992,8,HI,5989.0
1992,8,IA,6554.0
1992,8,ID,1389.0
1992,8,IL,58154.0
1992,8,IN,19214.0
1992,8,KS,12738.0
1992,8,KY,
1992,8,LA,21941.0
1992,8,MA,20091.0
1992,8,MD,28188.0
1992,8,ME,4220.0
1992,8,MI,49429.0
1992,8,MN,14023.0
1992,8,MO,23166.0
1992,8,MS,6998.0
1992,8,MT,2588.0
1992,8,NC,35825.0
1992,8,ND,1902.0
1992,8,NE,6489.0
1992,8,NH,3163.0
1992,8,NJ,37218.0
1992,8,NM,6840.0
1992,8,NV,6372.0
1992,8,NY,96004.0
1992,8,OH,40703.0
1992,8,OK,16468.0
1992,8,OR,15549.0
1992,8,PA,34364.0
1992,8,RI,4175.0
1992,8,SC,19410.0
1992,8,SD,1894.0
1992,8,TN,20872.0
1992,8,TX,112803.0
1992,8,UT,9545.0
1992,8,VA,25794.0
1992,8,VT,1405.0
1992,8,WA,29176.0
1992,8,WI,20503.0
1992,8,WV,4385.0
1992,8,WY,2063.0
1992,9,AK,4109.0
1992,9,AL,22276.0
1992,9,AR,9417.0
1992,9,AZ,21952.0
1992,9,CA,167427.0
1992,9,CO,16407.0
1992,9,CT,14844.0
1992,9,DC,5964.0
1992,9,DE,1641.0
1992,9,FL,90508.0
1992,9,GA,37158.0
1992,9,HI,5707.0
1992,9,IA,6070.0
1992,9,ID,2952.0
1992,9,IL,56501.0
1992,9,IN,17734.0
1992,9,KS,11109.0
1992,9,KY,12145.0
1992,9,LA,21282.0
1992,9,MA,18386.0
1992,9,MD,25441.0
1992,9,ME,3580.0
1992,9,MI,44569.0
1992,9,MN,23082.0
1992,9,MO,21151.0
1992,9,MS,6783.0
1992,9,MT,3004.0
1992,9,NC,33797.0
1992,9,ND,1603.0
1992,9,NE,3846.0
1992,9,NH,2909.0
1992,9,NJ,33793.0
1992,9,NM,6290.0
1992,9,NV,6352.0
1992,9,NY,90946.0
1992,9,OH,37049.0
1992,9,OK,14806.0
1992,9,OR,14705.0
1992,9,PA,31621.0
1992,9,RI,3820.0
1992,9,SC,17986.0
1992,9,SD,1731.0
1992,9,TN,19443.0
1992,9,TX,104169.0
1992,9,UT,8840.0
1992,9,VA,22868.0
1992,9,VT,1329.0
1992,9,WA,26257.0
1992,9,WI,17884.0
1992,9,WV,3990.0
1992,9,WY,1843.0
1992,10,AK,1931.0
1992,10,AL,76.0
1992,10,AR,9519.0
1992,10,AZ,22433.0
1992,10,CA,172441.0
1992,10,CO,16881.0
1992,10,CT,14919.0
1992,10,DC,5605.0
1992,10,DE,1751.0
1992,10,FL,92202.0
1992,10,GA,35367.0
1992,10,HI,5915.0
1992,10,IA,6344.0
1992,10,ID,1217.0
1992,10,IL,53860.0
1992,10,IN,19197.0
1992,10,KS,11470.0
1992,10,KY,
1992,10,LA,19827.0
1992,10,MA,18972.0
1992,10,MD,26100.0
1992,10,ME,3935.0
1992,10,MI,45297.0
1992,10,MN,13489.0
1992,10,MO,21206.0
1992,10,MS,6684.0
1992,10,MT,2434.0
1992,10,NC,33113.0
1992,10,ND,1525.0
1992,10,NE,3848.0
1992,10,NH,2718.0
1992,10,NJ,34035.0
1992,10,NM,5377.0
1992,10,NV,6512.0
1992,10,NY,92549.0
1992,10,OH,38556.0
1992,10,OK,14925.0
1992,10,OR,15050.0
1992,10,PA,32773.0
1992,10,RI,4071.0
1992,10,SC,18636.0
1992,10,SD,1693.0
1992,10,TN,18797.0
1992,10,TX,103012.0
1992,10,UT,8267.0
1992,10,VA,23368.0
1992,10,VT,1038.0
1992,10,WA,26998.0
1992,10,WI,19847.0
1992,10,WV,4099.0
1992,10,WY,1805.0
1992,11,AK,1771.0
1992,11,AL,58.0
1992,11,AR,9050.0
1992,11,AZ,20986.0
1992,11,CA,166864.0
1992,11,CO,14824.0
1992,11,CT,13513.0
1992,11,DC,4675.0
1992,11,DE,1618.0
1992,11,FL,90211.0
1992,11,GA,31721.0
1992,11,HI,5774.0
1992,11,IA,5581.0
1992,11,ID,939.0
1992,11,IL,48234.0
1992,11,IN,18324.0
1992,11,KS,10233.0
1992,11,KY,
1992,11,LA,19149.0
1992,11,MA,17538.0
1992,11,MD,24358.0
1992,11,ME,3347.0
1992,11,MI,42534.0
1992,11,MN,10883.0
1992,11,MO,20424.0
1992,11,MS,6212.0
1992,11,MT,2636.0
1992,11,NC,32214.0
1992,11,ND,1220.0
1992,11,NE,3140.0
1992,11,NH,2364.0
1992,11,NJ,30218.0
1992,11,NM,5866.0
1992,11,NV,6441.0
1992,11,NY,84733.0
1992,11,OH,36707.0
1992,11,OK,13729.0
1992,11,OR,14900.0
1992,11,PA,32680.0
1992,11,RI,3721.0
1992,11,SC,17626.0
1992,11,SD,1451.0
1992,11,TN,18322.0
1992,11,TX,96324.0
1992,11,UT,7604.0
1992,11,VA,22255.0
1992,11,VT,998.0
1992,11,WA,25165.0
1992,11,WI,17603.0
1992,11,WV,4052.0
1992,11,WY,1409.0
1992,12,AK,4719.0
1992,12,AL,125423.0
1992,12,AR,9553.0
1992,12,AZ,22247.0
1992,12,CA,172478.0
1992,12,CO,16032.0
1992,12,CT,12657.0
1992,12,DC,5755.0
1992,12,DE,1363.0
1992,12,FL,97722.0
1992,12,GA,33532.0
1992,12,HI,6131.0
1992,12,IA,5254.0
1992,12,ID,24662.0
1992,12,IL,50173.0
1992,12,IN,18380.0
1992,12,KS,10979.0
1992,12,KY,89203.0
1992,12,LA,20119.0
1992,12,MA,34535.0
1992,12,MD,26220.0
1992,12,ME,3506.0
1992,12,MI,41439.0
1992,12,MN,42598.0
1992,12,MO,20914.0
1992,12,MS,8825.0
1992,12,MT,2518.0
1992,12,NC,33258.0
1992,12,ND,1298.0
1992,12,NE,3219.0
1992,12,NH,2270.0
1992,12,NJ,30554.0
1992,12,NM,6545.0
1992,12,NV,6578.0
1992,12,NY,85608.0
1992,12,OH,37785.0
1992,12,OK,14519.0
1992,12,OR,14892.0
1992,12,PA,29974.0
1992,12,RI,3612.0
1992,12,SC,18384.0
1992,12,SD,1310.0
1992,12,TN,19870.0
1992,12,TX,100005.0
1992,12,UT,7368.0
1992,12,VA,22436.0
1992,12,VT,871.0
1992,12,WA,24213.0
1992,12,WI,16901.0
1992,12,WV,3956.0
1992,12,WY,1444.0
1993,1,AK,1384.0
1993,1,AL,4181.0
1993,1,AR,8864.0
1993,1,AZ,23211.0
1993,1,CA,176505.0
1993,1,CO,16459.0
1993,1,CT,12527.0
1993,1,DC,
1993,1,DE,2910.0
1993,1,FL,92704.0
1993,1,GA,34063.0
1993,1,HI,5939.0
1993,1,IA,5421.0
1993,1,ID,2353.0
1993,1,IL,30493.0
1993,1,IN,15766.0
1993,1,KS,4482.0
1993,1,KY,10155.0
1993,1,LA,20655.0
1993,1,MA,18948.0
1993,1,MD,24837.0
1993,1,ME,2741.0
1993,1,MI,39058.0
1993,1,MN,9138.0
1993,1,MO,18597.0
1993,1,MS,6284.0
1993,1,MT,846.0
1993,1,NC,32047.0
1993,1,ND,1151.0
1993,1,NE,4349.0
1993,1,NH,2164.0
1993,1,NJ,30238.0
1993,1,NM,5644.0
1993,1,NV,6477.0
1993,1,NY,79498.0
1993,1,OH,32723.0
1993,1,OK,13006.0
1993,1,OR,13782.0
1993,1,PA,30160.0
1993,1,RI,3312.0
1993,1,SC,17933.0
1993,1,SD,1171.0
1993,1,TN,19091.0
1993,1,TX,97418.0
1993,1,UT,6227.0
1993,1,VA,22003.0
1993,1,VT,2.0
1993,1,WA,23474.0
1993,1,WI,14700.0
1993,1,WV,3955.0
1993,1,WY,1306.0
1993,2,AK,1238.0
1993,2,AL,3480.0
1993,2,AR,7599.0
1993,2,AZ,20092.0
1993,2,CA,159722.0
1993,2,CO,14245.0
1993,2,CT,9906.0
1993,2,DC,
1993,2,DE,2428.0
1993,2,FL,82532.0
1993,2,GA,29120.0
1993,2,HI,5659.0
1993,2,IA,4966.0
1993,2,ID,2313.0
1993,2,IL,25120.0
1993,2,IN,12808.0
1993,2,KS,4250.0
1993,2,KY,8154.0
1993,2,LA,18322.0
1993,2,MA,16452.0
1993,2,MD,20108.0
1993,2,ME,2192.0
1993,2,MI,32144.0
1993,2,MN,8450.0
1993,2,MO,15910.0
1993,2,MS,5168.0
1993,2,MT,709.0
1993,2,NC,25925.0
1993,2,ND,1104.0
1993,2,NE,4000.0
1993,2,NH,1855.0
1993,2,NJ,24128.0
1993,2,NM,5925.0
1993,2,NV,6001.0
1993,2,NY,63288.0
1993,2,OH,26124.0
1993,2,OK,11694.0
1993,2,OR,13028.0
1993,2,PA,27314.0
1993,2,RI,2920.0
1993,2,SC,14586.0
1993,2,SD,1063.0
1993,2,TN,16094.0
1993,2,TX,84953.0
1993,2,UT,6597.0
1993,2,VA,18392.0
1993,2,VT,
1993,2,WA,23158.0
1993,2,WI,13167.0
1993,2,WV,3324.0
1993,2,WY,1185.0
1993,3,AK,1520.0
1993,3,AL,11646.0
1993,3,AR,9208.0
1993,3,AZ,23046.0
1993,3,CA,180832.0
1993,3,CO,16901.0
1993,3,CT,11296.0
1993,3,DC,17030.0
1993,3,DE,2531.0
1993,3,FL,94318.0
1993,3,GA,33501.0
1993,3,HI,6619.0
1993,3,IA,7120.0
1993,3,ID,4865.0
1993,3,IL,29203.0
1993,3,IN,15813.0
1993,3,KS,4939.0
1993,3,KY,9915.0
1993,3,LA,20855.0
1993,3,MA,18302.0
1993,3,MD,22379.0
1993,3,ME,2494.0
1993,3,MI,38792.0
1993,3,MN,24882.0
1993,3,MO,20748.0
1993,3,MS,6235.0
1993,3,MT,984.0
1993,3,NC,29797.0
1993,3,ND,1324.0
1993,3,NE,5036.0
1993,3,NH,1973.0
1993,3,NJ,28026.0
1993,3,NM,5447.0
1993,3,NV,6259.0
1993,3,NY,83983.0
1993,3,OH,32321.0
1993,3,OK,13873.0
1993,3,OR,14754.0
1993,3,PA,28496.0
1993,3,RI,3381.0
1993,3,SC,16836.0
1993,3,SD,1517.0
1993,3,TN,19486.0
1993,3,TX,97269.0
1993,3,UT,8676.0
1993,3,VA,20093.0
1993,3,VT,
1993,3,WA,26533.0
1993,3,WI,15431.0
1993,3,WV,3514.0
1993,3,WY,1610.0
1993,4,AK,1470.0
1993,4,AL,4117.0
1993,4,AR,9161.0
1993,4,AZ,23088.0
1993,4,CA,168005.0
1993,4,CO,15791.0
1993,4,CT,12129.0
1993,4,DC,
1993,4,DE,2652.0
1993,4,FL,89688.0
1993,4,GA,32795.0
1993,4,HI,6469.0
1993,4,IA,6451.0
1993,4,ID,2796.0
1993,4,IL,30268.0
1993,4,IN,16415.0
1993,4,KS,4621.0
1993,4,KY,9695.0
1993,4,LA,19441.0
1993,4,MA,19926.0
1993,4,MD,23857.0
1993,4,ME,3044.0
1993,4,MI,39884.0
1993,4,MN,10628.0
1993,4,MO,19649.0
1993,4,MS,6309.0
1993,4,MT,1002.0
1993,4,NC,30788.0
1993,4,ND,1517.0
1993,4,NE,5250.0
1993,4,NH,2362.0
1993,4,NJ,30168.0
1993,4,NM,5751.0
1993,4,NV,6069.0
1993,4,NY,78245.0
1993,4,OH,32604.0
1993,4,OK,13368.0
1993,4,OR,13849.0
1993,4,PA,27729.0
1993,4,RI,3708.0
1993,4,SC,17012.0
1993,4,SD,1565.0
1993,4,TN,19560.0
1993,4,TX,94964.0
1993,4,UT,7786.0
1993,4,VA,21026.0
1993,4,VT,
1993,4,WA,26133.0
1993,4,WI,16043.0
1993,4,WV,3849.0
1993,4,WY,1620.0
1993,5,AK,1656.0
1993,5,AL,4324.0
1993,5,AR,9854.0
1993,5,AZ,23391.0
1993,5,CA,168402.0
1993,5,CO,16464.0
1993,5,CT,12891.0
1993,5,DC,
1993,5,DE,3148.0
1993,5,FL,90985.0
1993,5,GA,37654.0
1993,5,HI,6196.0
1993,5,IA,7085.0
1993,5,ID,3111.0
1993,5,IL,31960.0
1993,5,IN,16924.0
1993,5,KS,4945.0
1993,5,KY,9920.0
1993,5,LA,19127.0
1993,5,MA,20980.0
1993,5,MD,24996.0
1993,5,ME,3585.0
1993,5,MI,41282.0
1993,5,MN,11689.0
1993,5,MO,20394.0
1993,5,MS,6553.0
1993,5,MT,1116.0
1993,5,NC,32022.0
1993,5,ND,1597.0
1993,5,NE,5542.0
1993,5,NH,2579.0
1993,5,NJ,31755.0
1993,5,NM,5637.0
1993,5,NV,6922.0
1993,5,NY,80557.0
1993,5,OH,33150.0
1993,5,OK,14292.0
1993,5,OR,14569.0
1993,5,PA,28759.0
1993,5,RI,3767.0
1993,5,SC,17836.0
1993,5,SD,1622.0
1993,5,TN,20104.0
1993,5,TX,99727.0
1993,5,UT,8040.0
1993,5,VA,22135.0
1993,5,VT,
1993,5,WA,26501.0
1993,5,WI,17813.0
1993,5,WV,3785.0
1993,5,WY,1680.0
1993,6,AK,1786.0
1993,6,AL,12359.0
1993,6,AR,10256.0
1993,6,AZ,23772.0
1993,6,CA,167531.0
1993,6,CO,16455.0
1993,6,CT,14115.0
1993,6,DC,17029.0
1993,6,DE,3119.0
1993,6,FL,95331.0
1993,6,GA,36315.0
1993,6,HI,6137.0
1993,6,IA,7812.0
1993,6,ID,5161.0
1993,6,IL,34132.0
1993,6,IN,17650.0
1993,6,KS,5366.0
1993,6,KY,10434.0
1993,6,LA,21644.0
1993,6,MA,22304.0
1993,6,MD,26932.0
1993,6,ME,3619.0
1993,6,MI,43471.0
1993,6,MN,27897.0
1993,6,MO,21885.0
1993,6,MS,6814.0
1993,6,MT,1200.0
1993,6,NC,33092.0
1993,6,ND,1751.0
1993,6,NE,6095.0
1993,6,NH,2657.0
1993,6,NJ,34177.0
1993,6,NM,5878.0
1993,6,NV,7089.0
1993,6,NY,95320.0
1993,6,OH,35943.0
1993,6,OK,15386.0
1993,6,OR,14965.0
1993,6,PA,30752.0
1993,6,RI,3944.0
1993,6,SC,18815.0
1993,6,SD,1883.0
1993,6,TN,20841.0
1993,6,TX,100670.0
1993,6,UT,8444.0
1993,6,VA,22771.0
1993,6,VT,2.0
1993,6,WA,26239.0
1993,6,WI,17156.0
1993,6,WV,3838.0
1993,6,WY,1869.0
1993,7,AK,1897.0
1993,7,AL,7367.0
1993,7,AR,11301.0
1993,7,AZ,24898.0
1993,7,CA,174105.0
1993,7,CO,18349.0
1993,7,CT,14882.0
1993,7,DC,
1993,7,DE,1023.0
1993,7,FL,100689.0
1993,7,GA,37994.0
1993,7,HI,6494.0
1993,7,IA,7432.0
1993,7,ID,3238.0
1993,7,IL,36844.0
1993,7,IN,19713.0
1993,7,KS,2688.0
1993,7,KY,11571.0
1993,7,LA,24206.0
1993,7,MA,22514.0
1993,7,MD,29158.0
1993,7,ME,4207.0
1993,7,MI,46618.0
1993,7,MN,13359.0
1993,7,MO,24061.0
1993,7,MS,6925.0
1993,7,MT,1309.0
1993,7,NC,36332.0
1993,7,ND,1713.0
1993,7,NE,6436.0
1993,7,NH,2833.0
1993,7,NJ,36577.0
1993,7,NM,6790.0
1993,7,NV,6637.0
1993,7,NY,89197.0
1993,7,OH,39077.0
1993,7,OK,16356.0
1993,7,OR,15662.0
1993,7,PA,33719.0
1993,7,RI,4388.0
1993,7,SC,20537.0
1993,7,SD,1847.0
1993,7,TN,22370.0
1993,7,TX,108075.0
1993,7,UT,9116.0
1993,7,VA,25422.0
1993,7,VT,3.0
1993,7,WA,27904.0
1993,7,WI,20786.0
1993,7,WV,4152.0
1993,7,WY,2037.0
1993,8,AK,1867.0
1993,8,AL,7276.0
1993,8,AR,11285.0
1993,8,AZ,24482.0
1993,8,CA,176142.0
1993,8,CO,17745.0
1993,8,CT,14818.0
1993,8,DC,
1993,8,DE,1155.0
1993,8,FL,99596.0
1993,8,GA,37278.0
1993,8,HI,6196.0
1993,8,IA,7627.0
1993,8,ID,3266.0
1993,8,IL,37335.0
1993,8,IN,19677.0
1993,8,KS,2615.0
1993,8,KY,11780.0
1993,8,LA,23600.0
1993,8,MA,23992.0
1993,8,MD,29786.0
1993,8,ME,4158.0
1993,8,MI,48482.0
1993,8,MN,13142.0
1993,8,MO,24962.0
1993,8,MS,7356.0
1993,8,MT,1371.0
1993,8,NC,35720.0
1993,8,ND,1809.0
1993,8,NE,6709.0
1993,8,NH,2998.0
1993,8,NJ,37569.0
1993,8,NM,6312.0
1993,8,NV,7417.0
1993,8,NY,90854.0
1993,8,OH,39222.0
1993,8,OK,16181.0
1993,8,OR,15629.0
1993,8,PA,36247.0
1993,8,RI,4460.0
1993,8,SC,20250.0
1993,8,SD,1881.0
1993,8,TN,21998.0
1993,8,TX,104328.0
1993,8,UT,9095.0
1993,8,VA,26332.0
1993,8,VT,6.0
1993,8,WA,28220.0
1993,8,WI,20118.0
1993,8,WV,4373.0
1993,8,WY,2094.0
1993,9,AK,1649.0
1993,9,AL,6498.0
1993,9,AR,10130.0
1993,9,AZ,24142.0
1993,9,CA,165417.0
1993,9,CO,16074.0
1993,9,CT,13473.0
1993,9,DC,17029.0
1993,9,DE,955.0
1993,9,FL,94836.0
1993,9,GA,34478.0
1993,9,HI,5765.0
1993,9,IA,7777.0
1993,9,ID,4843.0
1993,9,IL,33284.0
1993,9,IN,17513.0
1993,9,KS,2287.0
1993,9,KY,10286.0
1993,9,LA,21741.0
1993,9,MA,21277.0
1993,9,MD,26509.0
1993,9,ME,3547.0
1993,9,MI,43169.0
1993,9,MN,26424.0
1993,9,MO,21560.0
1993,9,MS,6948.0
1993,9,MT,1128.0
1993,9,NC,34328.0
1993,9,ND,1529.0
1993,9,NE,6110.0
1993,9,NH,2533.0
1993,9,NJ,32922.0
1993,9,NM,5688.0
1993,9,NV,6734.0
1993,9,NY,94698.0
1993,9,OH,35785.0
1993,9,OK,14562.0
1993,9,OR,14510.0
1993,9,PA,32144.0
1993,9,RI,3995.0
1993,9,SC,18607.0
1993,9,SD,1571.0
1993,9,TN,19864.0
1993,9,TX,97376.0
1993,9,UT,7889.0
1993,9,VA,23698.0
1993,9,VT,9.0
1993,9,WA,24770.0
1993,9,WI,17785.0
1993,9,WV,3980.0
1993,9,WY,1696.0
1993,10,AK,1572.0
1993,10,AL,6408.0
1993,10,AR,9973.0
1993,10,AZ,25614.0
1993,10,CA,167932.0
1993,10,CO,16265.0
1993,10,CT,13674.0
1993,10,DC,
1993,10,DE,948.0
1993,10,FL,94322.0
1993,10,GA,32777.0
1993,10,HI,6042.0
1993,10,IA,7282.0
1993,10,ID,2984.0
1993,10,IL,34282.0
1993,10,IN,17627.0
1993,10,KS,2342.0
1993,10,KY,10680.0
1993,10,LA,21615.0
1993,10,MA,22162.0
1993,10,MD,27117.0
1993,10,ME,3513.0
1993,10,MI,44568.0
1993,10,MN,12229.0
1993,10,MO,22615.0
1993,10,MS,6789.0
1993,10,MT,1119.0
1993,10,NC,33829.0
1993,10,ND,1667.0
1993,10,NE,6274.0
1993,10,NH,2643.0
1993,10,NJ,33074.0
1993,10,NM,6248.0
1993,10,NV,6688.0
1993,10,NY,85965.0
1993,10,OH,35844.0
1993,10,OK,14903.0
1993,10,OR,15942.0
1993,10,PA,34101.0
1993,10,RI,4279.0
1993,10,SC,18878.0
1993,10,SD,1638.0
1993,10,TN,20162.0
1993,10,TX,98067.0
1993,10,UT,8242.0
1993,10,VA,23613.0
1993,10,VT,15.0
1993,10,WA,26032.0
1993,10,WI,19110.0
1993,10,WV,3892.0
1993,10,WY,1803.0
1993,11,AK,1456.0
1993,11,AL,7037.0
1993,11,AR,9060.0
1993,11,AZ,24108.0
1993,11,CA,163185.0
1993,11,CO,14446.0
1993,11,CT,12332.0
1993,11,DC,
1993,11,DE,891.0
1993,11,FL,90736.0
1993,11,GA,30966.0
1993,11,HI,5901.0
1993,11,IA,6455.0
1993,11,ID,2554.0
1993,11,IL,31300.0
1993,11,IN,16216.0
1993,11,KS,2323.0
1993,11,KY,9664.0
1993,11,LA,20620.0
1993,11,MA,20225.0
1993,11,MD,25748.0
1993,11,ME,3155.0
1993,11,MI,41877.0
1993,11,MN,9214.0
1993,11,MO,21362.0
1993,11,MS,6505.0
1993,11,MT,828.0
1993,11,NC,32053.0
1993,11,ND,1217.0
1993,11,NE,5534.0
1993,11,NH,2480.0
1993,11,NJ,31069.0
1993,11,NM,5784.0
1993,11,NV,6488.0
1993,11,NY,79806.0
1993,11,OH,34450.0
1993,11,OK,14355.0
1993,11,OR,13256.0
1993,11,PA,30731.0
1993,11,RI,3690.0
1993,11,SC,17245.0
1993,11,SD,1339.0
1993,11,TN,19302.0
1993,11,TX,93757.0
1993,11,UT,8139.0
1993,11,VA,22436.0
1993,11,VT,17.0
1993,11,WA,23582.0
1993,11,WI,16731.0
1993,11,WV,3904.0
1993,11,WY,1390.0
1993,12,AK,14577.0
1993,12,AL,125981.0
1993,12,AR,10006.0
1993,12,AZ,24875.0
1993,12,CA,165674.0
1993,12,CO,15757.0
1993,12,CT,11379.0
1993,12,DC,17058.0
1993,12,DE,940.0
1993,12,FL,91902.0
1993,12,GA,30449.0
1993,12,HI,6518.0
1993,12,IA,6498.0
1993,12,ID,4544.0
1993,12,IL,32848.0
1993,12,IN,16263.0
1993,12,KS,2477.0
1993,12,KY,9414.0
1993,12,LA,27371.0
1993,12,MA,21407.0
1993,12,MD,24107.0
1993,12,ME,3076.0
1993,12,MI,39017.0
1993,12,MN,29210.0
1993,12,MO,22410.0
1993,12,MS,8403.0
1993,12,MT,940.0
1993,12,NC,30767.0
1993,12,ND,1169.0
1993,12,NE,5877.0
1993,12,NH,2407.0
1993,12,NJ,30986.0
1993,12,NM,5697.0
1993,12,NV,6562.0
1993,12,NY,88754.0
1993,12,OH,33853.0
1993,12,OK,14393.0
1993,12,OR,14640.0
1993,12,PA,32420.0
1993,12,RI,3766.0
1993,12,SC,17931.0
1993,12,SD,1596.0
1993,12,TN,20342.0
1993,12,TX,94180.0
1993,12,UT,7306.0
1993,12,VA,21312.0
1993,12,VT,12342.0
1993,12,WA,25607.0
1993,12,WI,16289.0
1993,12,WV,3909.0
1993,12,WY,1657.0
1994,1,AK,2342.0
1994,1,AL,7142.0
1994,1,AR,8686.0
1994,1,AZ,24834.0
1994,1,CA,166444.0
1994,1,CO,14776.0
1994,1,CT,9596.0
1994,1,DC,5277.0
1994,1,DE,2860.0
1994,1,FL,89894.0
1994,1,GA,31486.0
1994,1,HI,6428.0
1994,1,IA,5292.0
1994,1,ID,3618.0
1994,1,IL,28103.0
1994,1,IN,13842.0
1994,1,KS,2293.0
1994,1,KY,8736.0
1994,1,LA,22054.0
1994,1,MA,15846.0
1994,1,MD,21950.0
1994,1,ME,2320.0
1994,1,MI,32047.0
1994,1,MN,13387.0
1994,1,MO,19167.0
1994,1,MS,6746.0
1994,1,MT,
1994,1,NC,30205.0
1994,1,ND,999.0
1994,1,NE,4878.0
1994,1,NH,1846.0
1994,1,NJ,24576.0
1994,1,NM,6059.0
1994,1,NV,7992.0
1994,1,NY,67422.0
1994,1,OH,26999.0
1994,1,OK,13371.0
1994,1,OR,15251.0
1994,1,PA,23939.0
1994,1,RI,2951.0
1994,1,SC,16996.0
1994,1,SD,1240.0
1994,1,TN,18030.0
1994,1,TX,91568.0
1994,1,UT,7430.0
1994,1,VA,19240.0
1994,1,VT,389.0
1994,1,WA,26221.0
1994,1,WI,11883.0
1994,1,WV,3276.0
1994,1,WY,1400.0
1994,2,AK,2317.0
1994,2,AL,7168.0
1994,2,AR,8253.0
1994,2,AZ,23572.0
1994,2,CA,156654.0
1994,2,CO,13847.0
1994,2,CT,9551.0
1994,2,DC,5272.0
1994,2,DE,2487.0
1994,2,FL,83613.0
1994,2,GA,28787.0
1994,2,HI,5960.0
1994,2,IA,5267.0
1994,2,ID,3049.0
1994,2,IL,25479.0
1994,2,IN,13136.0
1994,2,KS,2202.0
1994,2,KY,9340.0
1994,2,LA,20106.0
1994,2,MA,14929.0
1994,2,MD,19814.0
1994,2,ME,2358.0
1994,2,MI,30631.0
1994,2,MN,13434.0
1994,2,MO,18658.0
1994,2,MS,6510.0
1994,2,MT,
1994,2,NC,26635.0
1994,2,ND,997.0
1994,2,NE,4731.0
1994,2,NH,1743.0
1994,2,NJ,22913.0
1994,2,NM,6386.0
1994,2,NV,7256.0
1994,2,NY,58068.0
1994,2,OH,27258.0
1994,2,OK,12365.0
1994,2,OR,13704.0
1994,2,PA,25947.0
1994,2,RI,2873.0
1994,2,SC,14879.0
1994,2,SD,1195.0
1994,2,TN,16213.0
1994,2,TX,80175.0
1994,2,UT,7085.0
1994,2,VA,18777.0
1994,2,VT,367.0
1994,2,WA,23884.0
1994,2,WI,11676.0
1994,2,WV,3311.0
1994,2,WY,1359.0
1994,3,AK,2379.0
1994,3,AL,7106.0
1994,3,AR,9486.0
1994,3,AZ,24980.0
1994,3,CA,168512.0
1994,3,CO,16251.0
1994,3,CT,11412.0
1994,3,DC,5275.0
1994,3,DE,2230.0
1994,3,FL,95650.0
1994,3,GA,32247.0
1994,3,HI,6367.0
1994,3,IA,6846.0
1994,3,ID,3631.0
1994,3,IL,32562.0
1994,3,IN,16147.0
1994,3,KS,2382.0
1994,3,KY,10478.0
1994,3,LA,22133.0
1994,3,MA,18504.0
1994,3,MD,25076.0
1994,3,ME,2815.0
1994,3,MI,39213.0
1994,3,MN,15927.0
1994,3,MO,21879.0
1994,3,MS,7367.0
1994,3,MT,
1994,3,NC,31128.0
1994,3,ND,1331.0
1994,3,NE,5885.0
1994,3,NH,2118.0
1994,3,NJ,29246.0
1994,3,NM,5879.0
1994,3,NV,7918.0
1994,3,NY,76180.0
1994,3,OH,32892.0
1994,3,OK,14744.0
1994,3,OR,15666.0
1994,3,PA,30417.0
1994,3,RI,3698.0
1994,3,SC,17513.0
1994,3,SD,1506.0
1994,3,TN,18591.0
1994,3,TX,90522.0
1994,3,UT,8787.0
1994,3,VA,21546.0
1994,3,VT,426.0
1994,3,WA,26309.0
1994,3,WI,16251.0
1994,3,WV,4098.0
1994,3,WY,1734.0
1994,4,AK,2514.0
1994,4,AL,7130.0
1994,4,AR,9593.0
1994,4,AZ,23739.0
1994,4,CA,158044.0
1994,4,CO,15940.0
1994,4,CT,11584.0
1994,4,DC,5283.0
1994,4,DE,2214.0
1994,4,FL,90824.0
1994,4,GA,33086.0
1994,4,HI,6232.0
1994,4,IA,6747.0
1994,4,ID,3523.0
1994,4,IL,31504.0
1994,4,IN,15818.0
1994,4,KS,2173.0
1994,4,KY,10633.0
1994,4,LA,22364.0
1994,4,MA,19756.0
1994,4,MD,24644.0
1994,4,ME,3065.0
1994,4,MI,39290.0
1994,4,MN,15830.0
1994,4,MO,20785.0
1994,4,MS,7250.0
1994,4,MT,
1994,4,NC,30839.0
1994,4,ND,1436.0
1994,4,NE,5723.0
1994,4,NH,2390.0
1994,4,NJ,29209.0
1994,4,NM,6329.0
1994,4,NV,7678.0
1994,4,NY,71938.0
1994,4,OH,31884.0
1994,4,OK,14125.0
1994,4,OR,15052.0
1994,4,PA,31283.0
1994,4,RI,3486.0
1994,4,SC,18416.0
1994,4,SD,1337.0
1994,4,TN,18437.0
1994,4,TX,88186.0
1994,4,UT,8311.0
1994,4,VA,20997.0
1994,4,VT,532.0
1994,4,WA,25287.0
1994,4,WI,16088.0
1994,4,WV,3757.0
1994,4,WY,1703.0
1994,5,AK,2888.0
1994,5,AL,7104.0
1994,5,AR,9831.0
1994,5,AZ,24038.0
1994,5,CA,162972.0
1994,5,CO,15023.0
1994,5,CT,12563.0
1994,5,DC,5278.0
1994,5,DE,1048.0
1994,5,FL,94093.0
1994,5,GA,36853.0
1994,5,HI,6567.0
1994,5,IA,7063.0
1994,5,ID,4090.0
1994,5,IL,33708.0
1994,5,IN,16640.0
1994,5,KS,2288.0
1994,5,KY,10950.0
1994,5,LA,22091.0
1994,5,MA,20386.0
1994,5,MD,26235.0
1994,5,ME,3473.0
1994,5,MI,41897.0
1994,5,MN,17331.0
1994,5,MO,21759.0
1994,5,MS,7649.0
1994,5,MT,
1994,5,NC,32789.0
1994,5,ND,1467.0
1994,5,NE,6250.0
1994,5,NH,2429.0
1994,5,NJ,31421.0
1994,5,NM,7432.0
1994,5,NV,8048.0
1994,5,NY,79122.0
1994,5,OH,34111.0
1994,5,OK,14938.0
1994,5,OR,15762.0
1994,5,PA,31924.0
1994,5,RI,3615.0
1994,5,SC,19117.0
1994,5,SD,1573.0
1994,5,TN,19134.0
1994,5,TX,91834.0
1994,5,UT,8042.0
1994,5,VA,22282.0
1994,5,VT,493.0
1994,5,WA,27079.0
1994,5,WI,17190.0
1994,5,WV,3857.0
1994,5,WY,1825.0
1994,6,AK,3000.0
1994,6,AL,7144.0
1994,6,AR,10198.0
1994,6,AZ,24380.0
1994,6,CA,159772.0
1994,6,CO,17885.0
1994,6,CT,13342.0
1994,6,DC,5278.0
1994,6,DE,1021.0
1994,6,FL,93558.0
1994,6,GA,35956.0
1994,6,HI,6358.0
1994,6,IA,7383.0
1994,6,ID,4086.0
1994,6,IL,35536.0
1994,6,IN,18195.0
1994,6,KS,2587.0
1994,6,KY,11360.0
1994,6,LA,22912.0
1994,6,MA,21119.0
1994,6,MD,26723.0
1994,6,ME,3735.0
1994,6,MI,42877.0
1994,6,MN,18019.0
1994,6,MO,22521.0
1994,6,MS,7098.0
1994,6,MT,
1994,6,NC,33581.0
1994,6,ND,1569.0
1994,6,NE,6546.0
1994,6,NH,2511.0
1994,6,NJ,32888.0
1994,6,NM,7158.0
1994,6,NV,8054.0
1994,6,NY,81482.0
1994,6,OH,35116.0
1994,6,OK,15719.0
1994,6,OR,16208.0
1994,6,PA,32372.0
1994,6,RI,3472.0
1994,6,SC,19365.0
1994,6,SD,1717.0
1994,6,TN,20002.0
1994,6,TX,92781.0
1994,6,UT,8337.0
1994,6,VA,23326.0
1994,6,VT,530.0
1994,6,WA,26626.0
1994,6,WI,18235.0
1994,6,WV,4078.0
1994,6,WY,1928.0
1994,7,AK,3532.0
1994,7,AL,7172.0
1994,7,AR,11377.0
1994,7,AZ,25248.0
1994,7,CA,162917.0
1994,7,CO,16255.0
1994,7,CT,14558.0
1994,7,DC,5288.0
1994,7,DE,1129.0
1994,7,FL,99924.0
1994,7,GA,37468.0
1994,7,HI,6855.0
1994,7,IA,8096.0
1994,7,ID,4210.0
1994,7,IL,38184.0
1994,7,IN,19521.0
1994,7,KS,2722.0
1994,7,KY,12667.0
1994,7,LA,25267.0
1994,7,MA,23509.0
1994,7,MD,29053.0
1994,7,ME,4011.0
1994,7,MI,45786.0
1994,7,MN,18552.0
1994,7,MO,23895.0
1994,7,MS,8070.0
1994,7,MT,
1994,7,NC,35953.0
1994,7,ND,1947.0
1994,7,NE,6986.0
1994,7,NH,2539.0
1994,7,NJ,35749.0
1994,7,NM,7097.0
1994,7,NV,8047.0
1994,7,NY,86775.0
1994,7,OH,37745.0
1994,7,OK,16747.0
1994,7,OR,16261.0
1994,7,PA,35477.0
1994,7,RI,3993.0
1994,7,SC,21601.0
1994,7,SD,1958.0
1994,7,TN,21303.0
1994,7,TX,98872.0
1994,7,UT,9127.0
1994,7,VA,24918.0
1994,7,VT,562.0
1994,7,WA,27473.0
1994,7,WI,19566.0
1994,7,WV,4135.0
1994,7,WY,1958.0
1994,8,AK,3681.0
1994,8,AL,7242.0
1994,8,AR,11328.0
1994,8,AZ,26802.0
1994,8,CA,167634.0
1994,8,CO,16419.0
1994,8,CT,15209.0
1994,8,DC,5281.0
1994,8,DE,1146.0
1994,8,FL,104098.0
1994,8,GA,37630.0
1994,8,HI,6628.0
1994,8,IA,8451.0
1994,8,ID,4407.0
1994,8,IL,38223.0
1994,8,IN,19779.0
1994,8,KS,2653.0
1994,8,KY,12419.0
1994,8,LA,25132.0
1994,8,MA,24180.0
1994,8,MD,30158.0
1994,8,ME,4317.0
1994,8,MI,46562.0
1994,8,MN,19263.0
1994,8,MO,26653.0
1994,8,MS,7700.0
1994,8,MT,
1994,8,NC,36082.0
1994,8,ND,1825.0
1994,8,NE,7036.0
1994,8,NH,2632.0
1994,8,NJ,37559.0
1994,8,NM,7611.0
1994,8,NV,8496.0
1994,8,NY,85117.0
1994,8,OH,40147.0
1994,8,OK,17453.0
1994,8,OR,17545.0
1994,8,PA,36234.0
1994,8,RI,3948.0
1994,8,SC,21090.0
1994,8,SD,2062.0
1994,8,TN,20636.0
1994,8,TX,96729.0
1994,8,UT,9588.0
1994,8,VA,25793.0
1994,8,VT,619.0
1994,8,WA,29688.0
1994,8,WI,20288.0
1994,8,WV,4323.0
1994,8,WY,1935.0
1994,9,AK,3068.0
1994,9,AL,7168.0
1994,9,AR,10231.0
1994,9,AZ,25531.0
1994,9,CA,157006.0
1994,9,CO,17564.0
1994,9,CT,13312.0
1994,9,DC,5282.0
1994,9,DE,1065.0
1994,9,FL,95008.0
1994,9,GA,34015.0
1994,9,HI,6608.0
1994,9,IA,7801.0
1994,9,ID,4202.0
1994,9,IL,35013.0
1994,9,IN,18172.0
1994,9,KS,2424.0
1994,9,KY,11316.0
1994,9,LA,22953.0
1994,9,MA,20737.0
1994,9,MD,27278.0
1994,9,ME,3626.0
1994,9,MI,42979.0
1994,9,MN,17126.0
1994,9,MO,23961.0
1994,9,MS,7373.0
1994,9,MT,
1994,9,NC,33560.0
1994,9,ND,1614.0
1994,9,NE,6089.0
1994,9,NH,2306.0
1994,9,NJ,33854.0
1994,9,NM,6646.0
1994,9,NV,8375.0
1994,9,NY,76282.0
1994,9,OH,34392.0
1994,9,OK,15993.0
1994,9,OR,16348.0
1994,9,PA,32740.0
1994,9,RI,3402.0
1994,9,SC,19249.0
1994,9,SD,1632.0
1994,9,TN,19191.0
1994,9,TX,90807.0
1994,9,UT,8592.0
1994,9,VA,22552.0
1994,9,VT,613.0
1994,9,WA,27543.0
1994,9,WI,18149.0
1994,9,WV,3701.0
1994,9,WY,1834.0
1994,10,AK,2543.0
1994,10,AL,7179.0
1994,10,AR,9921.0
1994,10,AZ,26675.0
1994,10,CA,164392.0
1994,10,CO,15874.0
1994,10,CT,13582.0
1994,10,DC,5277.0
1994,10,DE,1139.0
1994,10,FL,97180.0
1994,10,GA,34220.0
1994,10,HI,6981.0
1994,10,IA,8027.0
1994,10,ID,4224.0
1994,10,IL,34679.0
1994,10,IN,18203.0
1994,10,KS,2715.0
1994,10,KY,11637.0
1994,10,LA,23183.0
1994,10,MA,21538.0
1994,10,MD,27713.0
1994,10,ME,3944.0
1994,10,MI,44405.0
1994,10,MN,18003.0
1994,10,MO,21853.0
1994,10,MS,7090.0
1994,10,MT,
1994,10,NC,35440.0
1994,10,ND,1801.0
1994,10,NE,6495.0
1994,10,NH,2432.0
1994,10,NJ,32590.0
1994,10,NM,6249.0
1994,10,NV,8721.0
1994,10,NY,76840.0
1994,10,OH,36108.0
1994,10,OK,16652.0
1994,10,OR,18155.0
1994,10,PA,34038.0
1994,10,RI,3645.0
1994,10,SC,19121.0
1994,10,SD,1723.0
1994,10,TN,19007.0
1994,10,TX,91001.0
1994,10,UT,8792.0
1994,10,VA,22571.0
1994,10,VT,760.0
1994,10,WA,28333.0
1994,10,WI,18963.0
1994,10,WV,4008.0
1994,10,WY,1825.0
1994,11,AK,2048.0
1994,11,AL,7109.0
1994,11,AR,9207.0
1994,11,AZ,25239.0
1994,11,CA,159627.0
1994,11,CO,14531.0
1994,11,CT,12804.0
1994,11,DC,5283.0
1994,11,DE,954.0
1994,11,FL,92741.0
1994,11,GA,31337.0
1994,11,HI,6920.0
1994,11,IA,7243.0
1994,11,ID,3531.0
1994,11,IL,31961.0
1994,11,IN,17269.0
1994,11,KS,2351.0
1994,11,KY,11234.0
1994,11,LA,21861.0
1994,11,MA,19562.0
1994,11,MD,25152.0
1994,11,ME,3407.0
1994,11,MI,39345.0
1994,11,MN,15603.0
1994,11,MO,21530.0
1994,11,MS,6737.0
1994,11,MT,
1994,11,NC,33248.0
1994,11,ND,1258.0
1994,11,NE,5711.0
1994,11,NH,2197.0
1994,11,NJ,29780.0
1994,11,NM,6154.0
1994,11,NV,8074.0
1994,11,NY,71825.0
1994,11,OH,34996.0
1994,11,OK,15313.0
1994,11,OR,16464.0
1994,11,PA,30745.0
1994,11,RI,3204.0
1994,11,SC,17752.0
1994,11,SD,1507.0
1994,11,TN,18745.0
1994,11,TX,87704.0
1994,11,UT,7760.0
1994,11,VA,21017.0
1994,11,VT,575.0
1994,11,WA,26842.0
1994,11,WI,16651.0
1994,11,WV,3994.0
1994,11,WY,1469.0
1994,12,AK,2795.0
1994,12,AL,124917.0
1994,12,AR,9890.0
1994,12,AZ,40842.0
1994,12,CA,167259.0
1994,12,CO,16707.0
1994,12,CT,12572.0
1994,12,DC,5278.0
1994,12,DE,959.0
1994,12,FL,95286.0
1994,12,GA,32450.0
1994,12,HI,7286.0
1994,12,IA,6793.0
1994,12,ID,3748.0
1994,12,IL,31643.0
1994,12,IN,17398.0
1994,12,KS,2367.0
1994,12,KY,10996.0
1994,12,LA,23069.0
1994,12,MA,21290.0
1994,12,MD,25624.0
1994,12,ME,3561.0
1994,12,MI,36852.0
1994,12,MN,14765.0
1994,12,MO,23449.0
1994,12,MS,7343.0
1994,12,MT,
1994,12,NC,34008.0
1994,12,ND,1209.0
1994,12,NE,5742.0
1994,12,NH,2172.0
1994,12,NJ,31168.0
1994,12,NM,8803.0
1994,12,NV,8330.0
1994,12,NY,71626.0
1994,12,OH,59500.0
1994,12,OK,15299.0
1994,12,OR,17650.0
1994,12,PA,31969.0
1994,12,RI,3378.0
1994,12,SC,18555.0
1994,12,SD,1353.0
1994,12,TN,19322.0
1994,12,TX,88708.0
1994,12,UT,8497.0
1994,12,VA,22176.0
1994,12,VT,11992.0
1994,12,WA,27231.0
1994,12,WI,15815.0
1994,12,WV,3888.0
1994,12,WY,1519.0
1995,1,AK,2007.0
1995,1,AL,5259.0
1995,1,AR,9320.0
1995,1,AZ,28824.0
1995,1,CA,165008.0
1995,1,CO,15947.0
1995,1,CT,11820.0
1995,1,DC,4867.0
1995,1,DE,2430.0
1995,1,FL,89578.0
1995,1,GA,31567.0
1995,1,HI,7675.0
1995,1,IA,6204.0
1995,1,ID,3844.0
1995,1,IL,22665.0
1995,1,IN,16743.0
1995,1,KS,3193.0
1995,1,KY,9954.0
1995,1,LA,23465.0
1995,1,MA,19519.0
1995,1,MD,24927.0
1995,1,ME,2722.0
1995,1,MI,34789.0
1995,1,MN,14671.0
1995,1,MO,19814.0
1995,1,MS,7136.0
1995,1,MT,458.0
1995,1,NC,32288.0
1995,1,ND,1084.0
1995,1,NE,5157.0
1995,1,NH,1798.0
1995,1,NJ,30193.0
1995,1,NM,6932.0
1995,1,NV,8921.0
1995,1,NY,68633.0
1995,1,OH,30206.0
1995,1,OK,14750.0
1995,1,OR,17857.0
1995,1,PA,28809.0
1995,1,RI,3069.0
1995,1,SC,17797.0
1995,1,SD,1259.0
1995,1,TN,19061.0
1995,1,TX,86822.0
1995,1,UT,8629.0
1995,1,VA,20487.0
1995,1,VT,443.0
1995,1,WA,26710.0
1995,1,WI,13925.0
1995,1,WV,3604.0
1995,1,WY,1463.0
1995,2,AK,1677.0
1995,2,AL,5268.0
1995,2,AR,8037.0
1995,2,AZ,26223.0
1995,2,CA,149918.0
1995,2,CO,14653.0
1995,2,CT,9786.0
1995,2,DC,4504.0
1995,2,DE,2005.0
1995,2,FL,81641.0
1995,2,GA,28256.0
1995,2,HI,6603.0
1995,2,IA,5981.0
1995,2,ID,3919.0
1995,2,IL,20503.0
1995,2,IN,14485.0
1995,2,KS,3002.0
1995,2,KY,9108.0
1995,2,LA,20550.0
1995,2,MA,16318.0
1995,2,MD,21297.0
1995,2,ME,2432.0
1995,2,MI,29933.0
1995,2,MN,13885.0
1995,2,MO,18116.0
1995,2,MS,6281.0
1995,2,MT,499.0
1995,2,NC,28021.0
1995,2,ND,1009.0
1995,2,NE,5318.0
1995,2,NH,1695.0
1995,2,NJ,24967.0
1995,2,NM,6547.0
1995,2,NV,7870.0
1995,2,NY,55501.0
1995,2,OH,26310.0
1995,2,OK,13042.0
1995,2,OR,15654.0
1995,2,PA,25434.0
1995,2,RI,2590.0
1995,2,SC,15528.0
1995,2,SD,1187.0
1995,2,TN,16947.0
1995,2,TX,77479.0
1995,2,UT,8419.0
1995,2,VA,18546.0
1995,2,VT,407.0
1995,2,WA,24585.0
1995,2,WI,12229.0
1995,2,WV,3043.0
1995,2,WY,1423.0
1995,3,AK,1806.0
1995,3,AL,10139.0
1995,3,AR,9156.0
1995,3,AZ,28839.0
1995,3,CA,161380.0
1995,3,CO,17171.0
1995,3,CT,11881.0
1995,3,DC,3437.0
1995,3,DE,2325.0
1995,3,FL,91118.0
1995,3,GA,32366.0
1995,3,HI,7402.0
1995,3,IA,7240.0
1995,3,ID,4012.0
1995,3,IL,24266.0
1995,3,IN,17705.0
1995,3,KS,3394.0
1995,3,KY,9046.0
1995,3,LA,22908.0
1995,3,MA,19581.0
1995,3,MD,25098.0
1995,3,ME,3158.0
1995,3,MI,36082.0
1995,3,MN,16004.0
1995,3,MO,20829.0
1995,3,MS,7201.0
1995,3,MT,539.0
1995,3,NC,31881.0
1995,3,ND,1353.0
1995,3,NE,5443.0
1995,3,NH,1901.0
1995,3,NJ,30410.0
1995,3,NM,7527.0
1995,3,NV,8504.0
1995,3,NY,66850.0
1995,3,OH,32165.0
1995,3,OK,14286.0
1995,3,OR,17367.0
1995,3,PA,30314.0
1995,3,RI,3180.0
1995,3,SC,17885.0
1995,3,SD,1421.0
1995,3,TN,19010.0
1995,3,TX,86744.0
1995,3,UT,9374.0
1995,3,VA,20829.0
1995,3,VT,431.0
1995,3,WA,27562.0
1995,3,WI,14791.0
1995,3,WV,3576.0
1995,3,WY,1806.0
1995,4,AK,2169.0
1995,4,AL,5270.0
1995,4,AR,9115.0
1995,4,AZ,26458.0
1995,4,CA,148849.0
1995,4,CO,14451.0
1995,4,CT,11650.0
1995,4,DC,8278.0
1995,4,DE,2254.0
1995,4,FL,85734.0
1995,4,GA,31572.0
1995,4,HI,6666.0
1995,4,IA,7481.0
1995,4,ID,4030.0
1995,4,IL,23575.0
1995,4,IN,17039.0
1995,4,KS,3319.0
1995,4,KY,8576.0
1995,4,LA,21821.0
1995,4,MA,19477.0
1995,4,MD,24899.0
1995,4,ME,3171.0
1995,4,MI,36516.0
1995,4,MN,15984.0
1995,4,MO,20281.0
1995,4,MS,6472.0
1995,4,MT,546.0
1995,4,NC,30606.0
1995,4,ND,1468.0
1995,4,NE,6027.0
1995,4,NH,1797.0
1995,4,NJ,29030.0
1995,4,NM,6979.0
1995,4,NV,7802.0
1995,4,NY,64827.0
1995,4,OH,30383.0
1995,4,OK,13888.0
1995,4,OR,15823.0
1995,4,PA,30168.0
1995,4,RI,3057.0
1995,4,SC,17738.0
1995,4,SD,1533.0
1995,4,TN,18873.0
1995,4,TX,83152.0
1995,4,UT,8525.0
1995,4,VA,20342.0
1995,4,VT,530.0
1995,4,WA,26015.0
1995,4,WI,15075.0
1995,4,WV,3574.0
1995,4,WY,1596.0
1995,5,AK,2298.0
1995,5,AL,5314.0
1995,5,AR,10146.0
1995,5,AZ,27727.0
1995,5,CA,152685.0
1995,5,CO,15442.0
1995,5,CT,12618.0
1995,5,DC,6034.0
1995,5,DE,2520.0
1995,5,FL,92809.0
1995,5,GA,37611.0
1995,5,HI,7239.0
1995,5,IA,8123.0
1995,5,ID,4286.0
1995,5,IL,26060.0
1995,5,IN,18019.0
1995,5,KS,3798.0
1995,5,KY,10628.0
1995,5,LA,23786.0
1995,5,MA,20539.0
1995,5,MD,26943.0
1995,5,ME,3470.0
1995,5,MI,38322.0
1995,5,MN,17599.0
1995,5,MO,21865.0
1995,5,MS,6988.0
1995,5,MT,516.0
1995,5,NC,34175.0
1995,5,ND,1579.0
1995,5,NE,6154.0
1995,5,NH,2035.0
1995,5,NJ,31445.0
1995,5,NM,6760.0
1995,5,NV,8555.0
1995,5,NY,69753.0
1995,5,OH,33685.0
1995,5,OK,15807.0
1995,5,OR,16866.0
1995,5,PA,31003.0
1995,5,RI,3329.0
1995,5,SC,19482.0
1995,5,SD,1561.0
1995,5,TN,20392.0
1995,5,TX,91403.0
1995,5,UT,9406.0
1995,5,VA,22232.0
1995,5,VT,534.0
1995,5,WA,27737.0
1995,5,WI,16771.0
1995,5,WV,3636.0
1995,5,WY,1666.0
1995,6,AK,2618.0
1995,6,AL,10140.0
1995,6,AR,9870.0
1995,6,AZ,27110.0
1995,6,CA,145097.0
1995,6,CO,17683.0
1995,6,CT,12991.0
1995,6,DC,5919.0
1995,6,DE,204.0
1995,6,FL,90905.0
1995,6,GA,36204.0
1995,6,HI,6967.0
1995,6,IA,8821.0
1995,6,ID,4362.0
1995,6,IL,25902.0
1995,6,IN,18294.0
1995,6,KS,3328.0
1995,6,KY,11245.0
1995,6,LA,23059.0
1995,6,MA,21597.0
1995,6,MD,27161.0
1995,6,ME,3752.0
1995,6,MI,41344.0
1995,6,MN,18727.0
1995,6,MO,21502.0
1995,6,MS,6653.0
1995,6,MT,570.0
1995,6,NC,34299.0
1995,6,ND,1606.0
1995,6,NE,6596.0
1995,6,NH,2143.0
1995,6,NJ,32913.0
1995,6,NM,6915.0
1995,6,NV,8118.0
1995,6,NY,67547.0
1995,6,OH,34891.0
1995,6,OK,15841.0
1995,6,OR,16821.0
1995,6,PA,35390.0
1995,6,RI,3724.0
1995,6,SC,19496.0
1995,6,SD,1837.0
1995,6,TN,20786.0
1995,6,TX,90556.0
1995,6,UT,9610.0
1995,6,VA,23257.0
1995,6,VT,596.0
1995,6,WA,27614.0
1995,6,WI,17910.0
1995,6,WV,3932.0
1995,6,WY,1812.0
1995,7,AK,2947.0
1995,7,AL,7128.0
1995,7,AR,10898.0
1995,7,AZ,27859.0
1995,7,CA,150023.0
1995,7,CO,17559.0
1995,7,CT,14236.0
1995,7,DC,4163.0
1995,7,DE,223.0
1995,7,FL,94102.0
1995,7,GA,38226.0
1995,7,HI,7163.0
1995,7,IA,9956.0
1995,7,ID,4758.0
1995,7,IL,28978.0
1995,7,IN,19847.0
1995,7,KS,3803.0
1995,7,KY,12048.0
1995,7,LA,25183.0
1995,7,MA,22929.0
1995,7,MD,29085.0
1995,7,ME,4211.0
1995,7,MI,43453.0
1995,7,MN,19637.0
1995,7,MO,24009.0
1995,7,MS,7092.0
1995,7,MT,638.0
1995,7,NC,37307.0
1995,7,ND,1962.0
1995,7,NE,6919.0
1995,7,NH,2491.0
1995,7,NJ,36874.0
1995,7,NM,6828.0
1995,7,NV,8163.0
1995,7,NY,70221.0
1995,7,OH,37516.0
1995,7,OK,17028.0
1995,7,OR,17813.0
1995,7,PA,34793.0
1995,7,RI,4275.0
1995,7,SC,21254.0
1995,7,SD,1972.0
1995,7,TN,22127.0
1995,7,TX,97109.0
1995,7,UT,9884.0
1995,7,VA,24877.0
1995,7,VT,642.0
1995,7,WA,28812.0
1995,7,WI,18967.0
1995,7,WV,4135.0
1995,7,WY,2035.0
1995,8,AK,2868.0
1995,8,AL,7044.0
1995,8,AR,10779.0
1995,8,AZ,29303.0
1995,8,CA,156998.0
1995,8,CO,17798.0
1995,8,CT,14989.0
1995,8,DC,4881.0
1995,8,DE,252.0
1995,8,FL,94362.0
1995,8,GA,38073.0
1995,8,HI,7608.0
1995,8,IA,10137.0
1995,8,ID,4894.0
1995,8,IL,30029.0
1995,8,IN,20610.0
1995,8,KS,3993.0
1995,8,KY,12055.0
1995,8,LA,24487.0
1995,8,MA,23372.0
1995,8,MD,32180.0
1995,8,ME,4200.0
1995,8,MI,45606.0
1995,8,MN,20735.0
1995,8,MO,24566.0
1995,8,MS,6955.0
1995,8,MT,636.0
1995,8,NC,37302.0
1995,8,ND,1889.0
1995,8,NE,7015.0
1995,8,NH,2277.0
1995,8,NJ,38102.0
1995,8,NM,7373.0
1995,8,NV,8738.0
1995,8,NY,75463.0
1995,8,OH,40068.0
1995,8,OK,17171.0
1995,8,OR,18167.0
1995,8,PA,36424.0
1995,8,RI,4204.0
1995,8,SC,20570.0
1995,8,SD,2165.0
1995,8,TN,22515.0
1995,8,TX,95674.0
1995,8,UT,10585.0
1995,8,VA,26847.0
1995,8,VT,636.0
1995,8,WA,30500.0
1995,8,WI,19993.0
1995,8,WV,4494.0
1995,8,WY,2103.0
1995,9,AK,2227.0
1995,9,AL,6714.0
1995,9,AR,9921.0
1995,9,AZ,29758.0
1995,9,CA,147399.0
1995,9,CO,16902.0
1995,9,CT,12795.0
1995,9,DC,6275.0
1995,9,DE,246.0
1995,9,FL,88918.0
1995,9,GA,35410.0
1995,9,HI,7537.0
1995,9,IA,9119.0
1995,9,ID,4573.0
1995,9,IL,26495.0
1995,9,IN,18512.0
1995,9,KS,3593.0
1995,9,KY,9241.0
1995,9,LA,23196.0
1995,9,MA,20621.0
1995,9,MD,28563.0
1995,9,ME,3429.0
1995,9,MI,41479.0
1995,9,MN,18126.0
1995,9,MO,23357.0
1995,9,MS,6405.0
1995,9,MT,603.0
1995,9,NC,34804.0
1995,9,ND,1776.0
1995,9,NE,6368.0
1995,9,NH,1923.0
1995,9,NJ,32475.0
1995,9,NM,7392.0
1995,9,NV,7963.0
1995,9,NY,65512.0
1995,9,OH,35414.0
1995,9,OK,16279.0
1995,9,OR,16906.0
1995,9,PA,31535.0
1995,9,RI,3894.0
1995,9,SC,18690.0
1995,9,SD,1814.0
1995,9,TN,20685.0
1995,9,TX,90004.0
1995,9,UT,10690.0
1995,9,VA,22429.0
1995,9,VT,598.0
1995,9,WA,27324.0
1995,9,WI,17596.0
1995,9,WV,3836.0
1995,9,WY,1849.0
1995,10,AK,2324.0
1995,10,AL,6844.0
1995,10,AR,10229.0
1995,10,AZ,30410.0
1995,10,CA,152235.0
1995,10,CO,16307.0
1995,10,CT,13268.0
1995,10,DC,4845.0
1995,10,DE,248.0
1995,10,FL,92477.0
1995,10,GA,36960.0
1995,10,HI,7146.0
1995,10,IA,9068.0
1995,10,ID,4674.0
1995,10,IL,28036.0
1995,10,IN,18278.0
1995,10,KS,3645.0
1995,10,KY,11276.0
1995,10,LA,23387.0
1995,10,MA,20893.0
1995,10,MD,28853.0
1995,10,ME,3933.0
1995,10,MI,43499.0
1995,10,MN,19283.0
1995,10,MO,22960.0
1995,10,MS,6705.0
1995,10,MT,640.0
1995,10,NC,36162.0
1995,10,ND,1585.0
1995,10,NE,7274.0
1995,10,NH,2202.0
1995,10,NJ,33317.0
1995,10,NM,7129.0
1995,10,NV,8838.0
1995,10,NY,68504.0
1995,10,OH,36493.0
1995,10,OK,16526.0
1995,10,OR,16934.0
1995,10,PA,29694.0
1995,10,RI,4228.0
1995,10,SC,19781.0
1995,10,SD,1733.0
1995,10,TN,21336.0
1995,10,TX,93900.0
1995,10,UT,11498.0
1995,10,VA,23758.0
1995,10,VT,657.0
1995,10,WA,28603.0
1995,10,WI,20917.0
1995,10,WV,4074.0
1995,10,WY,1822.0
1995,11,AK,1881.0
1995,11,AL,6775.0
1995,11,AR,9851.0
1995,11,AZ,28599.0
1995,11,CA,143706.0
1995,11,CO,15519.0
1995,11,CT,11998.0
1995,11,DC,5159.0
1995,11,DE,249.0
1995,11,FL,89345.0
1995,11,GA,35138.0
1995,11,HI,6921.0
1995,11,IA,7438.0
1995,11,ID,4204.0
1995,11,IL,23932.0
1995,11,IN,16907.0
1995,11,KS,3347.0
1995,11,KY,9207.0
1995,11,LA,23289.0
1995,11,MA,18752.0
1995,11,MD,26748.0
1995,11,ME,3608.0
1995,11,MI,36618.0
1995,11,MN,16307.0
1995,11,MO,20942.0
1995,11,MS,6304.0
1995,11,MT,504.0
1995,11,NC,33756.0
1995,11,ND,1173.0
1995,11,NE,5720.0
1995,11,NH,1845.0
1995,11,NJ,29257.0
1995,11,NM,7113.0
1995,11,NV,8535.0
1995,11,NY,63101.0
1995,11,OH,31861.0
1995,11,OK,15389.0
1995,11,OR,16090.0
1995,11,PA,25846.0
1995,11,RI,3880.0
1995,11,SC,17977.0
1995,11,SD,1437.0
1995,11,TN,20238.0
1995,11,TX,89616.0
1995,11,UT,9640.0
1995,11,VA,21100.0
1995,11,VT,611.0
1995,11,WA,27520.0
1995,11,WI,16687.0
1995,11,WV,3769.0
1995,11,WY,1504.0
1995,12,AK,6461.0
1995,12,AL,128370.0
1995,12,AR,9552.0
1995,12,AZ,27068.0
1995,12,CA,143359.0
1995,12,CO,15851.0
1995,12,CT,10379.0
1995,12,DC,9162.0
1995,12,DE,245.0
1995,12,FL,87987.0
1995,12,GA,34237.0
1995,12,HI,6902.0
1995,12,IA,6900.0
1995,12,ID,4035.0
1995,12,IL,23816.0
1995,12,IN,15735.0
1995,12,KS,3141.0
1995,12,KY,10132.0
1995,12,LA,23496.0
1995,12,MA,17883.0
1995,12,MD,24687.0
1995,12,ME,2899.0
1995,12,MI,34376.0
1995,12,MN,15305.0
1995,12,MO,20284.0
1995,12,MS,6196.0
1995,12,MT,651.0
1995,12,NC,32796.0
1995,12,ND,1196.0
1995,12,NE,5721.0
1995,12,NH,1695.0
1995,12,NJ,27210.0
1995,12,NM,7559.0
1995,12,NV,8023.0
1995,12,NY,66079.0
1995,12,OH,31731.0
1995,12,OK,14796.0
1995,12,OR,15789.0
1995,12,PA,26287.0
1995,12,RI,3377.0
1995,12,SC,19555.0
1995,12,SD,1483.0
1995,12,TN,20834.0
1995,12,TX,90712.0
1995,12,UT,8938.0
1995,12,VA,21437.0
1995,12,VT,12510.0
1995,12,WA,27144.0
1995,12,WI,15082.0
1995,12,WV,3660.0
1995,12,WY,1637.0
1996,1,AK,2204.0
1996,1,AL,6675.0
1996,1,AR,9379.0
1996,1,AZ,27163.0
1996,1,CA,154283.0
1996,1,CO,9834.0
1996,1,CT,10336.0
1996,1,DC,
1996,1,DE,3049.0
1996,1,FL,23508.0
1996,1,GA,37187.0
1996,1,HI,7121.0
1996,1,IA,6427.0
1996,1,ID,3610.0
1996,1,IL,24501.0
1996,1,IN,15205.0
1996,1,KS,3244.0
1996,1,KY,4852.0
1996,1,LA,20969.0
1996,1,MA,17729.0
1996,1,MD,24146.0
1996,1,ME,2585.0
1996,1,MI,35760.0
1996,1,MN,14691.0
1996,1,MO,19842.0
1996,1,MS,7598.0
1996,1,MT,
1996,1,NC,31658.0
1996,1,ND,1118.0
1996,1,NE,5027.0
1996,1,NH,2011.0
1996,1,NJ,25550.0
1996,1,NM,8321.0
1996,1,NV,8199.0
1996,1,NY,59234.0
1996,1,OH,30891.0
1996,1,OK,14677.0
1996,1,OR,16635.0
1996,1,PA,27571.0
1996,1,RI,3170.0
1996,1,SC,18488.0
1996,1,SD,1185.0
1996,1,TN,20517.0
1996,1,TX,90718.0
1996,1,UT,9384.0
1996,1,VA,19788.0
1996,1,VT,402.0
1996,1,WA,26193.0
1996,1,WI,13824.0
1996,1,WV,3537.0
1996,1,WY,1404.0
1996,2,AK,2061.0
1996,2,AL,6660.0
1996,2,AR,8498.0
1996,2,AZ,25878.0
1996,2,CA,141584.0
1996,2,CO,9509.0
1996,2,CT,10269.0
1996,2,DC,
1996,2,DE,2912.0
1996,2,FL,23508.0
1996,2,GA,32080.0
1996,2,HI,6613.0
1996,2,IA,6302.0
1996,2,ID,3706.0
1996,2,IL,21987.0
1996,2,IN,15203.0
1996,2,KS,2929.0
1996,2,KY,4766.0
1996,2,LA,19710.0
1996,2,MA,17136.0
1996,2,MD,23407.0
1996,2,ME,2638.0
1996,2,MI,33464.0
1996,2,MN,15269.0
1996,2,MO,19088.0
1996,2,MS,5838.0
1996,2,MT,
1996,2,NC,28810.0
1996,2,ND,1080.0
1996,2,NE,5357.0
1996,2,NH,2044.0
1996,2,NJ,24661.0
1996,2,NM,7347.0
1996,2,NV,7803.0
1996,2,NY,58403.0
1996,2,OH,29571.0
1996,2,OK,13500.0
1996,2,OR,14597.0
1996,2,PA,28304.0
1996,2,RI,3051.0
1996,2,SC,16056.0
1996,2,SD,1389.0
1996,2,TN,16749.0
1996,2,TX,82028.0
1996,2,UT,9112.0
1996,2,VA,19158.0
1996,2,VT,433.0
1996,2,WA,25593.0
1996,2,WI,13013.0
1996,2,WV,3516.0
1996,2,WY,1520.0
1996,3,AK,2462.0
1996,3,AL,6631.0
1996,3,AR,8969.0
1996,3,AZ,25879.0
1996,3,CA,147171.0
1996,3,CO,10394.0
1996,3,CT,11025.0
1996,3,DC,
1996,3,DE,3102.0
1996,3,FL,23507.0
1996,3,GA,33991.0
1996,3,HI,7233.0
1996,3,IA,7048.0
1996,3,ID,4097.0
1996,3,IL,23437.0
1996,3,IN,15500.0
1996,3,KS,2946.0
1996,3,KY,4521.0
1996,3,LA,19652.0
1996,3,MA,17710.0
1996,3,MD,25146.0
1996,3,ME,2872.0
1996,3,MI,35237.0
1996,3,MN,15860.0
1996,3,MO,19755.0
1996,3,MS,6245.0
1996,3,MT,
1996,3,NC,30417.0
1996,3,ND,1186.0
1996,3,NE,5589.0
1996,3,NH,1990.0
1996,3,NJ,27251.0
1996,3,NM,7657.0
1996,3,NV,8144.0
1996,3,NY,59491.0
1996,3,OH,29495.0
1996,3,OK,14000.0
1996,3,OR,15597.0
1996,3,PA,29839.0
1996,3,RI,3060.0
1996,3,SC,18216.0
1996,3,SD,1371.0
1996,3,TN,18205.0
1996,3,TX,87144.0
1996,3,UT,10189.0
1996,3,VA,20878.0
1996,3,VT,478.0
1996,3,WA,27072.0
1996,3,WI,14494.0
1996,3,WV,3693.0
1996,3,WY,1549.0
1996,4,AK,2430.0
1996,4,AL,6688.0
1996,4,AR,9031.0
1996,4,AZ,24228.0
1996,4,CA,138242.0
1996,4,CO,10234.0
1996,4,CT,11618.0
1996,4,DC,
1996,4,DE,2462.0
1996,4,FL,23506.0
1996,4,GA,34982.0
1996,4,HI,6720.0
1996,4,IA,7147.0
1996,4,ID,3857.0
1996,4,IL,23272.0
1996,4,IN,16697.0
1996,4,KS,2939.0
1996,4,KY,4665.0
1996,4,LA,20472.0
1996,4,MA,18656.0
1996,4,MD,25148.0
1996,4,ME,3229.0
1996,4,MI,35504.0
1996,4,MN,17151.0
1996,4,MO,19679.0
1996,4,MS,6510.0
1996,4,MT,
1996,4,NC,31772.0
1996,4,ND,1487.0
1996,4,NE,6064.0
1996,4,NH,2170.0
1996,4,NJ,27652.0
1996,4,NM,7427.0
1996,4,NV,7177.0
1996,4,NY,59221.0
1996,4,OH,31740.0
1996,4,OK,14329.0
1996,4,OR,14887.0
1996,4,PA,30489.0
1996,4,RI,3258.0
1996,4,SC,18365.0
1996,4,SD,1538.0
1996,4,TN,18651.0
1996,4,TX,88673.0
1996,4,UT,9806.0
1996,4,VA,20748.0
1996,4,VT,523.0
1996,4,WA,26451.0
1996,4,WI,15773.0
1996,4,WV,3865.0
1996,4,WY,1647.0
1996,5,AK,2683.0
1996,5,AL,6769.0
1996,5,AR,9841.0
1996,5,AZ,24387.0
1996,5,CA,139431.0
1996,5,CO,10419.0
1996,5,CT,11976.0
1996,5,DC,
1996,5,DE,2791.0
1996,5,FL,23506.0
1996,5,GA,41060.0
1996,5,HI,6899.0
1996,5,IA,7616.0
1996,5,ID,4191.0
1996,5,IL,25783.0
1996,5,IN,17270.0
1996,5,KS,3388.0
1996,5,KY,5424.0
1996,5,LA,21917.0
1996,5,MA,19659.0
1996,5,MD,26107.0
1996,5,ME,3767.0
1996,5,MI,36621.0
1996,5,MN,18745.0
1996,5,MO,20992.0
1996,5,MS,7040.0
1996,5,MT,
1996,5,NC,34715.0
1996,5,ND,1623.0
1996,5,NE,6261.0
1996,5,NH,2370.0
1996,5,NJ,29516.0
1996,5,NM,7355.0
1996,5,NV,8123.0
1996,5,NY,62541.0
1996,5,OH,34635.0
1996,5,OK,16393.0
1996,5,OR,15430.0
1996,5,PA,31919.0
1996,5,RI,3346.0
1996,5,SC,19914.0
1996,5,SD,1599.0
1996,5,TN,20538.0
1996,5,TX,96167.0
1996,5,UT,9930.0
1996,5,VA,22380.0
1996,5,VT,584.0
1996,5,WA,27718.0
1996,5,WI,16845.0
1996,5,WV,3915.0
1996,5,WY,1835.0
1996,6,AK,2792.0
1996,6,AL,6709.0
1996,6,AR,10383.0
1996,6,AZ,23381.0
1996,6,CA,132401.0
1996,6,CO,10978.0
1996,6,CT,12406.0
1996,6,DC,32985.0
1996,6,DE,2765.0
1996,6,FL,24428.0
1996,6,GA,38615.0
1996,6,HI,6323.0
1996,6,IA,7795.0
1996,6,ID,4189.0
1996,6,IL,26946.0
1996,6,IN,18191.0
1996,6,KS,3407.0
1996,6,KY,5490.0
1996,6,LA,21532.0
1996,6,MA,20268.0
1996,6,MD,26091.0
1996,6,ME,3868.0
1996,6,MI,38871.0
1996,6,MN,19039.0
1996,6,MO,21992.0
1996,6,MS,7389.0
1996,6,MT,
1996,6,NC,34550.0
1996,6,ND,1631.0
1996,6,NE,6237.0
1996,6,NH,2398.0
1996,6,NJ,30627.0
1996,6,NM,7595.0
1996,6,NV,7600.0
1996,6,NY,65167.0
1996,6,OH,34288.0
1996,6,OK,15857.0
1996,6,OR,14746.0
1996,6,PA,31373.0
1996,6,RI,3651.0
1996,6,SC,19894.0
1996,6,SD,1708.0
1996,6,TN,20997.0
1996,6,TX,93253.0
1996,6,UT,9006.0
1996,6,VA,23466.0
1996,6,VT,586.0
1996,6,WA,26498.0
1996,6,WI,17691.0
1996,6,WV,3701.0
1996,6,WY,1958.0
1996,7,AK,2675.0
1996,7,AL,6709.0
1996,7,AR,11260.0
1996,7,AZ,24801.0
1996,7,CA,142642.0
1996,7,CO,10688.0
1996,7,CT,13062.0
1996,7,DC,
1996,7,DE,2301.0
1996,7,FL,23507.0
1996,7,GA,41282.0
1996,7,HI,6348.0
1996,7,IA,7081.0
1996,7,ID,4728.0
1996,7,IL,29200.0
1996,7,IN,20374.0
1996,7,KS,3785.0
1996,7,KY,5959.0
1996,7,LA,23044.0
1996,7,MA,21830.0
1996,7,MD,29089.0
1996,7,ME,4265.0
1996,7,MI,43791.0
1996,7,MN,20763.0
1996,7,MO,23202.0
1996,7,MS,8204.0
1996,7,MT,
1996,7,NC,38188.0
1996,7,ND,1486.0
1996,7,NE,7090.0
1996,7,NH,2597.0
1996,7,NJ,33509.0
1996,7,NM,8222.0
1996,7,NV,7815.0
1996,7,NY,67874.0
1996,7,OH,37659.0
1996,7,OK,17669.0
1996,7,OR,15961.0
1996,7,PA,35045.0
1996,7,RI,3688.0
1996,7,SC,22403.0
1996,7,SD,1997.0
1996,7,TN,23097.0
1996,7,TX,99996.0
1996,7,UT,9452.0
1996,7,VA,25368.0
1996,7,VT,568.0
1996,7,WA,28338.0
1996,7,WI,19411.0
1996,7,WV,4095.0
1996,7,WY,1894.0
1996,8,AK,2626.0
1996,8,AL,6736.0
1996,8,AR,11047.0
1996,8,AZ,25568.0
1996,8,CA,138473.0
1996,8,CO,10608.0
1996,8,CT,13063.0
1996,8,DC,
1996,8,DE,2197.0
1996,8,FL,23507.0
1996,8,GA,42228.0
1996,8,HI,6390.0
1996,8,IA,8877.0
1996,8,ID,4501.0
1996,8,IL,29500.0
1996,8,IN,19709.0
1996,8,KS,3978.0
1996,8,KY,5762.0
1996,8,LA,22674.0
1996,8,MA,21922.0
1996,8,MD,29358.0
1996,8,ME,4205.0
1996,8,MI,42522.0
1996,8,MN,20703.0
1996,8,MO,23378.0
1996,8,MS,7854.0
1996,8,MT,
1996,8,NC,36900.0
1996,8,ND,1379.0
1996,8,NE,7009.0
1996,8,NH,2603.0
1996,8,NJ,33239.0
1996,8,NM,8095.0
1996,8,NV,8251.0
1996,8,NY,69675.0
1996,8,OH,37581.0
1996,8,OK,17618.0
1996,8,OR,16441.0
1996,8,PA,34910.0
1996,8,RI,3918.0
1996,8,SC,21351.0
1996,8,SD,1859.0
1996,8,TN,22345.0
1996,8,TX,96181.0
1996,8,UT,9626.0
1996,8,VA,25658.0
1996,8,VT,620.0
1996,8,WA,28507.0
1996,8,WI,20136.0
1996,8,WV,4204.0
1996,8,WY,1815.0
1996,9,AK,2832.0
1996,9,AL,6673.0
1996,9,AR,9953.0
1996,9,AZ,25413.0
1996,9,CA,131854.0
1996,9,CO,10631.0
1996,9,CT,12137.0
1996,9,DC,
1996,9,DE,1925.0
1996,9,FL,23507.0
1996,9,GA,37004.0
1996,9,HI,6151.0
1996,9,IA,8399.0
1996,9,ID,4070.0
1996,9,IL,26516.0
1996,9,IN,18169.0
1996,9,KS,3363.0
1996,9,KY,5729.0
1996,9,LA,21145.0
1996,9,MA,19342.0
1996,9,MD,26388.0
1996,9,ME,3780.0
1996,9,MI,39446.0
1996,9,MN,18140.0
1996,9,MO,22157.0
1996,9,MS,7219.0
1996,9,MT,
1996,9,NC,34238.0
1996,9,ND,1283.0
1996,9,NE,6414.0
1996,9,NH,2348.0
1996,9,NJ,30392.0
1996,9,NM,7921.0
1996,9,NV,8053.0
1996,9,NY,63084.0
1996,9,OH,34912.0
1996,9,OK,16248.0
1996,9,OR,14580.0
1996,9,PA,31539.0
1996,9,RI,3488.0
1996,9,SC,19612.0
1996,9,SD,1715.0
1996,9,TN,21244.0
1996,9,TX,91946.0
1996,9,UT,9045.0
1996,9,VA,22516.0
1996,9,VT,504.0
1996,9,WA,26769.0
1996,9,WI,18809.0
1996,9,WV,3833.0
1996,9,WY,1684.0
1996,10,AK,2057.0
1996,10,AL,6676.0
1996,10,AR,10371.0
1996,10,AZ,27367.0
1996,10,CA,137573.0
1996,10,CO,10564.0
1996,10,CT,11945.0
1996,10,DC,
1996,10,DE,2022.0
1996,10,FL,23507.0
1996,10,GA,37561.0
1996,10,HI,6518.0
1996,10,IA,8369.0
1996,10,ID,3987.0
1996,10,IL,27365.0
1996,10,IN,18332.0
1996,10,KS,3703.0
1996,10,KY,5970.0
1996,10,LA,21376.0
1996,10,MA,19914.0
1996,10,MD,25158.0
1996,10,ME,3952.0
1996,10,MI,42039.0
1996,10,MN,18772.0
1996,10,MO,22500.0
1996,10,MS,7515.0
1996,10,MT,
1996,10,NC,35457.0
1996,10,ND,1309.0
1996,10,NE,6418.0
1996,10,NH,2429.0
1996,10,NJ,30329.0
1996,10,NM,8684.0
1996,10,NV,8434.0
1996,10,NY,65207.0
1996,10,OH,34971.0
1996,10,OK,17010.0
1996,10,OR,16563.0
1996,10,PA,33362.0
1996,10,RI,3594.0
1996,10,SC,20038.0
1996,10,SD,1648.0
1996,10,TN,21797.0
1996,10,TX,95420.0
1996,10,UT,10170.0
1996,10,VA,23873.0
1996,10,VT,188.0
1996,10,WA,27703.0
1996,10,WI,18673.0
1996,10,WV,3951.0
1996,10,WY,1884.0
1996,11,AK,1983.0
1996,11,AL,6658.0
1996,11,AR,9376.0
1996,11,AZ,24715.0
1996,11,CA,131728.0
1996,11,CO,9293.0
1996,11,CT,10668.0
1996,11,DC,
1996,11,DE,1729.0
1996,11,FL,23505.0
1996,11,GA,34675.0
1996,11,HI,5909.0
1996,11,IA,6887.0
1996,11,ID,3722.0
1996,11,IL,23776.0
1996,11,IN,16315.0
1996,11,KS,3207.0
1996,11,KY,5397.0
1996,11,LA,20194.0
1996,11,MA,17420.0
1996,11,MD,24370.0
1996,11,ME,3688.0
1996,11,MI,35296.0
1996,11,MN,15571.0
1996,11,MO,21235.0
1996,11,MS,6537.0
1996,11,MT,
1996,11,NC,32301.0
1996,11,ND,838.0
1996,11,NE,5383.0
1996,11,NH,2152.0
1996,11,NJ,27052.0
1996,11,NM,7454.0
1996,11,NV,8540.0
1996,11,NY,57509.0
1996,11,OH,30874.0
1996,11,OK,15160.0
1996,11,OR,15794.0
1996,11,PA,28916.0
1996,11,RI,2932.0
1996,11,SC,18279.0
1996,11,SD,1298.0
1996,11,TN,20312.0
1996,11,TX,88311.0
1996,11,UT,9581.0
1996,11,VA,21084.0
1996,11,VT,3.0
1996,11,WA,25209.0
1996,11,WI,14816.0
1996,11,WV,3717.0
1996,11,WY,1537.0
1996,12,AK,2373.0
1996,12,AL,129814.0
1996,12,AR,10107.0
1996,12,AZ,25189.0
1996,12,CA,140139.0
1996,12,CO,76159.0
1996,12,CT,11036.0
1996,12,DC,31734.0
1996,12,DE,1809.0
1996,12,FL,288941.0
1996,12,GA,35565.0
1996,12,HI,6089.0
1996,12,IA,6681.0
1996,12,ID,3229.0
1996,12,IL,24035.0
1996,12,IN,17332.0
1996,12,KS,3386.0
1996,12,KY,5273.0
1996,12,LA,47410.0
1996,12,MA,17380.0
1996,12,MD,25411.0
1996,12,ME,3414.0
1996,12,MI,34190.0
1996,12,MN,14415.0
1996,12,MO,21175.0
1996,12,MS,6799.0
1996,12,MT,
1996,12,NC,32450.0
1996,12,ND,1240.0
1996,12,NE,5570.0
1996,12,NH,2199.0
1996,12,NJ,28775.0
1996,12,NM,7987.0
1996,12,NV,8389.0
1996,12,NY,66504.0
1996,12,OH,35279.0
1996,12,OK,15857.0
1996,12,OR,16078.0
1996,12,PA,29083.0
1996,12,RI,3066.0
1996,12,SC,19106.0
1996,12,SD,1142.0
1996,12,TN,21194.0
1996,12,TX,91326.0
1996,12,UT,9778.0
1996,12,VA,21169.0
1996,12,VT,12381.0
1996,12,WA,23865.0
1996,12,WI,14980.0
1996,12,WV,3714.0
1996,12,WY,1463.0
1997,1,AK,2010.0
1997,1,AL,353.0
1997,1,AR,9660.0
1997,1,AZ,27371.0
1997,1,CA,141634.0
1997,1,CO,11946.0
1997,1,CT,10631.0
1997,1,DC,14.0
1997,1,DE,3723.0
1997,1,FL,3.0
1997,1,GA,36953.0
1997,1,HI,6261.0
1997,1,IA,6223.0
1997,1,ID,3370.0
1997,1,IL,22359.0
1997,1,IN,16394.0
1997,1,KS,3131.0
1997,1,KY,4876.0
1997,1,LA,22395.0
1997,1,MA,17452.0
1997,1,MD,25288.0
1997,1,ME,2865.0
1997,1,MI,34257.0
1997,1,MN,9246.0
1997,1,MO,19091.0
1997,1,MS,7231.0
1997,1,MT,1248.0
1997,1,NC,34094.0
1997,1,ND,1043.0
1997,1,NE,5279.0
1997,1,NH,400.0
1997,1,NJ,27526.0
1997,1,NM,8106.0
1997,1,NV,8787.0
1997,1,NY,56505.0
1997,1,OH,25460.0
1997,1,OK,14958.0
1997,1,OR,16604.0
1997,1,PA,28862.0
1997,1,RI,3013.0
1997,1,SC,19186.0
1997,1,SD,911.0
1997,1,TN,19671.0
1997,1,TX,87149.0
1997,1,UT,9250.0
1997,1,VA,21841.0
1997,1,VT,
1997,1,WA,26083.0
1997,1,WI,13224.0
1997,1,WV,3866.0
1997,1,WY,1511.0
1997,2,AK,1898.0
1997,2,AL,286.0
1997,2,AR,8214.0
1997,2,AZ,24822.0
1997,2,CA,127465.0
1997,2,CO,10917.0
1997,2,CT,9682.0
1997,2,DC,14.0
1997,2,DE,3103.0
1997,2,FL,3.0
1997,2,GA,29891.0
1997,2,HI,5851.0
1997,2,IA,5974.0
1997,2,ID,3404.0
1997,2,IL,20838.0
1997,2,IN,14825.0
1997,2,KS,2668.0
1997,2,KY,5292.0
1997,2,LA,18772.0
1997,2,MA,15528.0
1997,2,MD,21065.0
1997,2,ME,2766.0
1997,2,MI,30116.0
1997,2,MN,9350.0
1997,2,MO,17806.0
1997,2,MS,6294.0
1997,2,MT,1197.0
1997,2,NC,28907.0
1997,2,ND,1046.0
1997,2,NE,4723.0
1997,2,NH,312.0
1997,2,NJ,24195.0
1997,2,NM,7402.0
1997,2,NV,8200.0
1997,2,NY,50398.0
1997,2,OH,24865.0
1997,2,OK,13287.0
1997,2,OR,15153.0
1997,2,PA,26906.0
1997,2,RI,2872.0
1997,2,SC,16478.0
1997,2,SD,907.0
1997,2,TN,17416.0
1997,2,TX,77109.0
1997,2,UT,8768.0
1997,2,VA,18722.0
1997,2,VT,
1997,2,WA,22958.0
1997,2,WI,12206.0
1997,2,WV,3236.0
1997,2,WY,1372.0
1997,3,AK,1936.0
1997,3,AL,321.0
1997,3,AR,9353.0
1997,3,AZ,26389.0
1997,3,CA,137227.0
1997,3,CO,12035.0
1997,3,CT,10538.0
1997,3,DC,14.0
1997,3,DE,3263.0
1997,3,FL,3.0
1997,3,GA,32975.0
1997,3,HI,6606.0
1997,3,IA,7010.0
1997,3,ID,3725.0
1997,3,IL,23464.0
1997,3,IN,17298.0
1997,3,KS,3191.0
1997,3,KY,4762.0
1997,3,LA,21934.0
1997,3,MA,16865.0
1997,3,MD,22433.0
1997,3,ME,2714.0
1997,3,MI,35947.0
1997,3,MN,9906.0
1997,3,MO,18990.0
1997,3,MS,6714.0
1997,3,MT,1323.0
1997,3,NC,32100.0
1997,3,ND,1150.0
1997,3,NE,5644.0
1997,3,NH,371.0
1997,3,NJ,26362.0
1997,3,NM,7624.0
1997,3,NV,8292.0
1997,3,NY,54570.0
1997,3,OH,26867.0
1997,3,OK,14691.0
1997,3,OR,16979.0
1997,3,PA,29957.0
1997,3,RI,2958.0
1997,3,SC,18500.0
1997,3,SD,1226.0
1997,3,TN,18986.0
1997,3,TX,87682.0
1997,3,UT,9983.0
1997,3,VA,20823.0
1997,3,VT,
1997,3,WA,26078.0
1997,3,WI,13748.0
1997,3,WV,3422.0
1997,3,WY,1584.0
1997,4,AK,2133.0
1997,4,AL,334.0
1997,4,AR,9158.0
1997,4,AZ,26072.0
1997,4,CA,132954.0
1997,4,CO,11021.0
1997,4,CT,10547.0
1997,4,DC,14.0
1997,4,DE,3386.0
1997,4,FL,3.0
1997,4,GA,31109.0
1997,4,HI,6184.0
1997,4,IA,7133.0
1997,4,ID,3558.0
1997,4,IL,24013.0
1997,4,IN,16766.0
1997,4,KS,3051.0
1997,4,KY,4748.0
1997,4,LA,20882.0
1997,4,MA,17307.0
1997,4,MD,23685.0
1997,4,ME,3044.0
1997,4,MI,35703.0
1997,4,MN,11114.0
1997,4,MO,18705.0
1997,4,MS,6798.0
1997,4,MT,1332.0
1997,4,NC,32250.0
1997,4,ND,1150.0
1997,4,NE,5454.0
1997,4,NH,414.0
1997,4,NJ,26003.0
1997,4,NM,7892.0
1997,4,NV,8373.0
1997,4,NY,55371.0
1997,4,OH,26298.0
1997,4,OK,13869.0
1997,4,OR,15610.0
1997,4,PA,29531.0
1997,4,RI,2969.0
1997,4,SC,18424.0
1997,4,SD,1210.0
1997,4,TN,19068.0
1997,4,TX,86264.0
1997,4,UT,9545.0
1997,4,VA,20566.0
1997,4,VT,
1997,4,WA,24851.0
1997,4,WI,14943.0
1997,4,WV,3403.0
1997,4,WY,1544.0
1997,5,AK,2363.0
1997,5,AL,330.0
1997,5,AR,10014.0
1997,5,AZ,26811.0
1997,5,CA,132427.0
1997,5,CO,12061.0
1997,5,CT,11272.0
1997,5,DC,12.0
1997,5,DE,3640.0
1997,5,FL,3.0
1997,5,GA,35262.0
1997,5,HI,5875.0
1997,5,IA,7693.0
1997,5,ID,4111.0
1997,5,IL,25814.0
1997,5,IN,17311.0
1997,5,KS,3332.0
1997,5,KY,5522.0
1997,5,LA,23105.0
1997,5,MA,19175.0
1997,5,MD,24343.0
1997,5,ME,3509.0
1997,5,MI,38713.0
1997,5,MN,12747.0
1997,5,MO,19829.0
1997,5,MS,7407.0
1997,5,MT,1519.0
1997,5,NC,34030.0
1997,5,ND,1428.0
1997,5,NE,5658.0
1997,5,NH,381.0
1997,5,NJ,28372.0
1997,5,NM,8346.0
1997,5,NV,8784.0
1997,5,NY,59139.0
1997,5,OH,29820.0
1997,5,OK,15153.0
1997,5,OR,15983.0
1997,5,PA,31623.0
1997,5,RI,3242.0
1997,5,SC,20230.0
1997,5,SD,1240.0
1997,5,TN,20084.0
1997,5,TX,92026.0
1997,5,UT,10276.0
1997,5,VA,21563.0
1997,5,VT,
1997,5,WA,26462.0
1997,5,WI,16275.0
1997,5,WV,3583.0
1997,5,WY,1773.0
1997,6,AK,2450.0
1997,6,AL,29451.0
1997,6,AR,10442.0
1997,6,AZ,25740.0
1997,6,CA,128445.0
1997,6,CO,14718.0
1997,6,CT,10932.0
1997,6,DC,12.0
1997,6,DE,3487.0
1997,6,FL,58376.0
1997,6,GA,32271.0
1997,6,HI,5918.0
1997,6,IA,8028.0
1997,6,ID,4343.0
1997,6,IL,25893.0
1997,6,IN,17545.0
1997,6,KS,3513.0
1997,6,KY,6586.0
1997,6,LA,22937.0
1997,6,MA,19384.0
1997,6,MD,24724.0
1997,6,ME,3464.0
1997,6,MI,38550.0
1997,6,MN,13349.0
1997,6,MO,20410.0
1997,6,MS,7537.0
1997,6,MT,1605.0
1997,6,NC,34110.0
1997,6,ND,1594.0
1997,6,NE,5912.0
1997,6,NH,470.0
1997,6,NJ,28062.0
1997,6,NM,8313.0
1997,6,NV,8421.0
1997,6,NY,58915.0
1997,6,OH,29886.0
1997,6,OK,15671.0
1997,6,OR,16468.0
1997,6,PA,30713.0
1997,6,RI,3102.0
1997,6,SC,20389.0
1997,6,SD,1401.0
1997,6,TN,21202.0
1997,6,TX,95444.0
1997,6,UT,9994.0
1997,6,VA,22161.0
1997,6,VT,
1997,6,WA,26067.0
1997,6,WI,16815.0
1997,6,WV,3775.0
1997,6,WY,1827.0
1997,7,AK,2734.0
1997,7,AL,399.0
1997,7,AR,11334.0
1997,7,AZ,26758.0
1997,7,CA,136449.0
1997,7,CO,12101.0
1997,7,CT,12188.0
1997,7,DC,12.0
1997,7,DE,3204.0
1997,7,FL,4.0
1997,7,GA,37497.0
1997,7,HI,6197.0
1997,7,IA,9237.0
1997,7,ID,4514.0
1997,7,IL,28333.0
1997,7,IN,19299.0
1997,7,KS,4042.0
1997,7,KY,5656.0
1997,7,LA,24007.0
1997,7,MA,21570.0
1997,7,MD,26202.0
1997,7,ME,3838.0
1997,7,MI,41434.0
1997,7,MN,14545.0
1997,7,MO,23269.0
1997,7,MS,8471.0
1997,7,MT,1774.0
1997,7,NC,36542.0
1997,7,ND,1740.0
1997,7,NE,6794.0
1997,7,NH,467.0
1997,7,NJ,30778.0
1997,7,NM,9116.0
1997,7,NV,8619.0
1997,7,NY,64376.0
1997,7,OH,33116.0
1997,7,OK,17459.0
1997,7,OR,17179.0
1997,7,PA,33245.0
1997,7,RI,3511.0
1997,7,SC,21800.0
1997,7,SD,1494.0
1997,7,TN,22236.0
1997,7,TX,98287.0
1997,7,UT,10462.0
1997,7,VA,24718.0
1997,7,VT,
1997,7,WA,28396.0
1997,7,WI,18824.0
1997,7,WV,4232.0
1997,7,WY,1970.0
1997,8,AK,2793.0
1997,8,AL,332.0
1997,8,AR,10848.0
1997,8,AZ,25702.0
1997,8,CA,132892.0
1997,8,CO,12354.0
1997,8,CT,12304.0
1997,8,DC,12.0
1997,8,DE,3309.0
1997,8,FL,
1997,8,GA,36397.0
1997,8,HI,6045.0
1997,8,IA,8968.0
1997,8,ID,4475.0
1997,8,IL,28270.0
1997,8,IN,18612.0
1997,8,KS,4073.0
1997,8,KY,5949.0
1997,8,LA,22575.0
1997,8,MA,21009.0
1997,8,MD,26414.0
1997,8,ME,3898.0
1997,8,MI,41429.0
1997,8,MN,15033.0
1997,8,MO,22655.0
1997,8,MS,7282.0
1997,8,MT,1914.0
1997,8,NC,36586.0
1997,8,ND,1801.0
1997,8,NE,6606.0
1997,8,NH,522.0
1997,8,NJ,31417.0
1997,8,NM,8958.0
1997,8,NV,8531.0
1997,8,NY,63136.0
1997,8,OH,33017.0
1997,8,OK,16874.0
1997,8,OR,17403.0
1997,8,PA,33012.0
1997,8,RI,3517.0
1997,8,SC,21753.0
1997,8,SD,1595.0
1997,8,TN,21956.0
1997,8,TX,95253.0
1997,8,UT,11514.0
1997,8,VA,24467.0
1997,8,VT,
1997,8,WA,28568.0
1997,8,WI,19483.0
1997,8,WV,4000.0
1997,8,WY,1881.0
1997,9,AK,2495.0
1997,9,AL,347.0
1997,9,AR,10580.0
1997,9,AZ,26107.0
1997,9,CA,127474.0
1997,9,CO,11563.0
1997,9,CT,11209.0
1997,9,DC,12.0
1997,9,DE,3174.0
1997,9,FL,
1997,9,GA,33808.0
1997,9,HI,5871.0
1997,9,IA,8333.0
1997,9,ID,4043.0
1997,9,IL,26698.0
1997,9,IN,18137.0
1997,9,KS,3620.0
1997,9,KY,5502.0
1997,9,LA,22133.0
1997,9,MA,19251.0
1997,9,MD,24496.0
1997,9,ME,3535.0
1997,9,MI,38515.0
1997,9,MN,13404.0
1997,9,MO,21841.0
1997,9,MS,6803.0
1997,9,MT,1593.0
1997,9,NC,35507.0
1997,9,ND,1497.0
1997,9,NE,6285.0
1997,9,NH,482.0
1997,9,NJ,28408.0
1997,9,NM,8533.0
1997,9,NV,8409.0
1997,9,NY,60718.0
1997,9,OH,30500.0
1997,9,OK,16440.0
1997,9,OR,17294.0
1997,9,PA,31398.0
1997,9,RI,3106.0
1997,9,SC,20002.0
1997,9,SD,1234.0
1997,9,TN,20860.0
1997,9,TX,90128.0
1997,9,UT,10799.0
1997,9,VA,22913.0
1997,9,VT,
1997,9,WA,27351.0
1997,9,WI,17581.0
1997,9,WV,3933.0
1997,9,WY,1758.0
1997,10,AK,2000.0
1997,10,AL,358.0
1997,10,AR,10132.0
1997,10,AZ,26880.0
1997,10,CA,132911.0
1997,10,CO,11194.0
1997,10,CT,11625.0
1997,10,DC,10.0
1997,10,DE,2955.0
1997,10,FL,
1997,10,GA,33634.0
1997,10,HI,5796.0
1997,10,IA,8156.0
1997,10,ID,4254.0
1997,10,IL,27089.0
1997,10,IN,18340.0
1997,10,KS,3686.0
1997,10,KY,4327.0
1997,10,LA,21906.0
1997,10,MA,18752.0
1997,10,MD,25866.0
1997,10,ME,3652.0
1997,10,MI,39766.0
1997,10,MN,13613.0
1997,10,MO,22605.0
1997,10,MS,6938.0
1997,10,MT,1686.0
1997,10,NC,35686.0
1997,10,ND,1568.0
1997,10,NE,6282.0
1997,10,NH,462.0
1997,10,NJ,27897.0
1997,10,NM,8875.0
1997,10,NV,8887.0
1997,10,NY,61284.0
1997,10,OH,32545.0
1997,10,OK,16177.0
1997,10,OR,17971.0
1997,10,PA,32095.0
1997,10,RI,3061.0
1997,10,SC,19902.0
1997,10,SD,1247.0
1997,10,TN,20598.0
1997,10,TX,92046.0
1997,10,UT,10968.0
1997,10,VA,22743.0
1997,10,VT,
1997,10,WA,27802.0
1997,10,WI,18084.0
1997,10,WV,4157.0
1997,10,WY,1728.0
1997,11,AK,1782.0
1997,11,AL,314.0
1997,11,AR,9413.0
1997,11,AZ,24833.0
1997,11,CA,123216.0
1997,11,CO,10483.0
1997,11,CT,10037.0
1997,11,DC,10.0
1997,11,DE,2555.0
1997,11,FL,
1997,11,GA,36035.0
1997,11,HI,5316.0
1997,11,IA,7260.0
1997,11,ID,3979.0
1997,11,IL,24001.0
1997,11,IN,15714.0
1997,11,KS,3461.0
1997,11,KY,3850.0
1997,11,LA,19971.0
1997,11,MA,17020.0
1997,11,MD,22122.0
1997,11,ME,2802.0
1997,11,MI,35897.0
1997,11,MN,11032.0
1997,11,MO,19494.0
1997,11,MS,6117.0
1997,11,MT,1322.0
1997,11,NC,33048.0
1997,11,ND,1238.0
1997,11,NE,5681.0
1997,11,NH,377.0
1997,11,NJ,24622.0
1997,11,NM,8037.0
1997,11,NV,3520.0
1997,11,NY,50676.0
1997,11,OH,30281.0
1997,11,OK,14206.0
1997,11,OR,17355.0
1997,11,PA,27078.0
1997,11,RI,2691.0
1997,11,SC,18243.0
1997,11,SD,1047.0
1997,11,TN,19639.0
1997,11,TX,82795.0
1997,11,UT,9287.0
1997,11,VA,20383.0
1997,11,VT,
1997,11,WA,26430.0
1997,11,WI,15101.0
1997,11,WV,3861.0
1997,11,WY,1471.0
1997,12,AK,2108.0
1997,12,AL,173366.0
1997,12,AR,9518.0
1997,12,AZ,26591.0
1997,12,CA,131382.0
1997,12,CO,50834.0
1997,12,CT,10141.0
1997,12,DC,52000.0
1997,12,DE,1933.0
1997,12,FL,999558.0
1997,12,GA,32592.0
1997,12,HI,5955.0
1997,12,IA,7053.0
1997,12,ID,3923.0
1997,12,IL,24209.0
1997,12,IN,16329.0
1997,12,KS,3552.0
1997,12,KY,5037.0
1997,12,LA,20373.0
1997,12,MA,18139.0
1997,12,MD,23479.0
1997,12,ME,2877.0
1997,12,MI,33255.0
1997,12,MN,74578.0
1997,12,MO,21338.0
1997,12,MS,6579.0
1997,12,MT,8340.0
1997,12,NC,32575.0
1997,12,ND,1780.0
1997,12,NE,5744.0
1997,12,NH,357.0
1997,12,NJ,25555.0
1997,12,NM,8260.0
1997,12,NV,3530.0
1997,12,NY,55226.0
1997,12,OH,32168.0
1997,12,OK,14717.0
1997,12,OR,18255.0
1997,12,PA,25281.0
1997,12,RI,2661.0
1997,12,SC,18791.0
1997,12,SD,1101.0
1997,12,TN,22047.0
1997,12,TX,88338.0
1997,12,UT,8847.0
1997,12,VA,21590.0
1997,12,VT,
1997,12,WA,27323.0
1997,12,WI,14731.0
1997,12,WV,3748.0
1997,12,WY,1403.0
1998,1,AK,1856.0
1998,1,AL,2002.0
1998,1,AR,9380.0
1998,1,AZ,28060.0
1998,1,CA,130448.0
1998,1,CO,5765.0
1998,1,CT,10119.0
1998,1,DC,4319.0
1998,1,DE,3444.0
1998,1,FL,
1998,1,GA,33318.0
1998,1,HI,5819.0
1998,1,IA,6804.0
1998,1,ID,3664.0
1998,1,IL,23358.0
1998,1,IN,16201.0
1998,1,KS,3332.0
1998,1,KY,5607.0
1998,1,LA,21116.0
1998,1,MA,16163.0
1998,1,MD,22308.0
1998,1,ME,2703.0
1998,1,MI,39158.0
1998,1,MN,9627.0
1998,1,MO,19889.0
1998,1,MS,6825.0
1998,1,MT,1226.0
1998,1,NC,33342.0
1998,1,ND,1107.0
1998,1,NE,5516.0
1998,1,NH,921.0
1998,1,NJ,25945.0
1998,1,NM,9334.0
1998,1,NV,8734.0
1998,1,NY,54790.0
1998,1,OH,29846.0
1998,1,OK,14173.0
1998,1,OR,15757.0
1998,1,PA,30532.0
1998,1,RI,2879.0
1998,1,SC,18809.0
1998,1,SD,1024.0
1998,1,TN,21263.0
1998,1,TX,88076.0
1998,1,UT,9628.0
1998,1,VA,20984.0
1998,1,VT,582.0
1998,1,WA,27693.0
1998,1,WI,4322.0
1998,1,WV,3882.0
1998,1,WY,1445.0
1998,2,AK,1728.0
1998,2,AL,1706.0
1998,2,AR,7996.0
1998,2,AZ,24941.0
1998,2,CA,119384.0
1998,2,CO,5309.0
1998,2,CT,9407.0
1998,2,DC,3681.0
1998,2,DE,2847.0
1998,2,FL,
1998,2,GA,28955.0
1998,2,HI,5225.0
1998,2,IA,6363.0
1998,2,ID,3374.0
1998,2,IL,20586.0
1998,2,IN,14640.0
1998,2,KS,3042.0
1998,2,KY,4407.0
1998,2,LA,18565.0
1998,2,MA,14657.0
1998,2,MD,20760.0
1998,2,ME,2400.0
1998,2,MI,32673.0
1998,2,MN,9973.0
1998,2,MO,17438.0
1998,2,MS,5544.0
1998,2,MT,1104.0
1998,2,NC,27955.0
1998,2,ND,1189.0
1998,2,NE,5460.0
1998,2,NH,954.0
1998,2,NJ,22056.0
1998,2,NM,8011.0
1998,2,NV,7453.0
1998,2,NY,47725.0
1998,2,OH,24889.0
1998,2,OK,12119.0
1998,2,OR,15138.0
1998,2,PA,26812.0
1998,2,RI,2477.0
1998,2,SC,15741.0
1998,2,SD,1119.0
1998,2,TN,17405.0
1998,2,TX,74134.0
1998,2,UT,8257.0
1998,2,VA,18043.0
1998,2,VT,623.0
1998,2,WA,25540.0
1998,2,WI,3823.0
1998,2,WV,3554.0
1998,2,WY,1278.0
1998,3,AK,2008.0
1998,3,AL,1898.0
1998,3,AR,8521.0
1998,3,AZ,26332.0
1998,3,CA,130742.0
1998,3,CO,5490.0
1998,3,CT,9755.0
1998,3,DC,3121.0
1998,3,DE,3161.0
1998,3,FL,
1998,3,GA,32401.0
1998,3,HI,5949.0
1998,3,IA,7017.0
1998,3,ID,4142.0
1998,3,IL,23008.0
1998,3,IN,15656.0
1998,3,KS,3086.0
1998,3,KY,5073.0
1998,3,LA,21002.0
1998,3,MA,16226.0
1998,3,MD,21566.0
1998,3,ME,2798.0
1998,3,MI,34423.0
1998,3,MN,10831.0
1998,3,MO,18814.0
1998,3,MS,6145.0
1998,3,MT,1203.0
1998,3,NC,31571.0
1998,3,ND,1124.0
1998,3,NE,5405.0
1998,3,NH,941.0
1998,3,NJ,23885.0
1998,3,NM,8730.0
1998,3,NV,8044.0
1998,3,NY,51413.0
1998,3,OH,27925.0
1998,3,OK,13448.0
1998,3,OR,16376.0
1998,3,PA,29263.0
1998,3,RI,2633.0
1998,3,SC,17639.0
1998,3,SD,1119.0
1998,3,TN,19430.0
1998,3,TX,83195.0
1998,3,UT,9136.0
1998,3,VA,19774.0
1998,3,VT,835.0
1998,3,WA,28321.0
1998,3,WI,4245.0
1998,3,WV,4010.0
1998,3,WY,1532.0
1998,4,AK,2228.0
1998,4,AL,1813.0
1998,4,AR,8705.0
1998,4,AZ,25711.0
1998,4,CA,119590.0
1998,4,CO,5552.0
1998,4,CT,9798.0
1998,4,DC,3830.0
1998,4,DE,3158.0
1998,4,FL,
1998,4,GA,32741.0
1998,4,HI,5815.0
1998,4,IA,7152.0
1998,4,ID,3846.0
1998,4,IL,22827.0
1998,4,IN,16166.0
1998,4,KS,3123.0
1998,4,KY,4869.0
1998,4,LA,20735.0
1998,4,MA,16450.0
1998,4,MD,22002.0
1998,4,ME,2989.0
1998,4,MI,35713.0
1998,4,MN,10815.0
1998,4,MO,19528.0
1998,4,MS,6204.0
1998,4,MT,1320.0
1998,4,NC,31553.0
1998,4,ND,1364.0
1998,4,NE,5746.0
1998,4,NH,1011.0
1998,4,NJ,22408.0
1998,4,NM,8001.0
1998,4,NV,7610.0
1998,4,NY,50632.0
1998,4,OH,27338.0
1998,4,OK,13525.0
1998,4,OR,15624.0
1998,4,PA,28966.0
1998,4,RI,2774.0
1998,4,SC,18270.0
1998,4,SD,1247.0
1998,4,TN,19631.0
1998,4,TX,82544.0
1998,4,UT,8973.0
1998,4,VA,19550.0
1998,4,VT,870.0
1998,4,WA,27063.0
1998,4,WI,4556.0
1998,4,WV,3843.0
1998,4,WY,1388.0
1998,5,AK,2302.0
1998,5,AL,1930.0
1998,5,AR,9649.0
1998,5,AZ,24989.0
1998,5,CA,121542.0
1998,5,CO,5778.0
1998,5,CT,10315.0
1998,5,DC,3009.0
1998,5,DE,3525.0
1998,5,FL,
1998,5,GA,36529.0
1998,5,HI,5494.0
1998,5,IA,7367.0
1998,5,ID,4013.0
1998,5,IL,24138.0
1998,5,IN,16589.0
1998,5,KS,3155.0
1998,5,KY,5425.0
1998,5,LA,22097.0
1998,5,MA,17199.0
1998,5,MD,21989.0
1998,5,ME,3350.0
1998,5,MI,37995.0
1998,5,MN,11997.0
1998,5,MO,20553.0
1998,5,MS,6631.0
1998,5,MT,1437.0
1998,5,NC,34241.0
1998,5,ND,1386.0
1998,5,NE,5951.0
1998,5,NH,1220.0
1998,5,NJ,24313.0
1998,5,NM,8202.0
1998,5,NV,7736.0
1998,5,NY,50734.0
1998,5,OH,29087.0
1998,5,OK,14266.0
1998,5,OR,15517.0
1998,5,PA,29713.0
1998,5,RI,2978.0
1998,5,SC,19916.0
1998,5,SD,1443.0
1998,5,TN,21662.0
1998,5,TX,86823.0
1998,5,UT,9643.0
1998,5,VA,20521.0
1998,5,VT,913.0
1998,5,WA,27759.0
1998,5,WI,4859.0
1998,5,WV,3674.0
1998,5,WY,1583.0
1998,6,AK,2228.0
1998,6,AL,26933.0
1998,6,AR,9510.0
1998,6,AZ,24181.0
1998,6,CA,118338.0
1998,6,CO,5601.0
1998,6,CT,10303.0
1998,6,DC,3811.0
1998,6,DE,3299.0
1998,6,FL,
1998,6,GA,36352.0
1998,6,HI,5088.0
1998,6,IA,7843.0
1998,6,ID,3985.0
1998,6,IL,25361.0
1998,6,IN,17643.0
1998,6,KS,3190.0
1998,6,KY,5565.0
1998,6,LA,21108.0
1998,6,MA,17018.0
1998,6,MD,23440.0
1998,6,ME,3337.0
1998,6,MI,39472.0
1998,6,MN,12908.0
1998,6,MO,20998.0
1998,6,MS,6670.0
1998,6,MT,1399.0
1998,6,NC,34146.0
1998,6,ND,1549.0
1998,6,NE,6241.0
1998,6,NH,1142.0
1998,6,NJ,25932.0
1998,6,NM,7872.0
1998,6,NV,7850.0
1998,6,NY,52013.0
1998,6,OH,29452.0
1998,6,OK,14519.0
1998,6,OR,15049.0
1998,6,PA,30664.0
1998,6,RI,2755.0
1998,6,SC,19049.0
1998,6,SD,1486.0
1998,6,TN,21346.0
1998,6,TX,86215.0
1998,6,UT,9997.0
1998,6,VA,21317.0
1998,6,VT,1017.0
1998,6,WA,28048.0
1998,6,WI,4804.0
1998,6,WV,3775.0
1998,6,WY,1577.0
1998,7,AK,2364.0
1998,7,AL,1944.0
1998,7,AR,10050.0
1998,7,AZ,25146.0
1998,7,CA,119137.0
1998,7,CO,6117.0
1998,7,CT,11441.0
1998,7,DC,3956.0
1998,7,DE,3453.0
1998,7,FL,
1998,7,GA,35594.0
1998,7,HI,5349.0
1998,7,IA,8402.0
1998,7,ID,4328.0
1998,7,IL,28201.0
1998,7,IN,18243.0
1998,7,KS,3567.0
1998,7,KY,5792.0
1998,7,LA,22743.0
1998,7,MA,18514.0
1998,7,MD,25549.0
1998,7,ME,3722.0
1998,7,MI,41421.0
1998,7,MN,13651.0
1998,7,MO,23098.0
1998,7,MS,7062.0
1998,7,MT,1407.0
1998,7,NC,37076.0
1998,7,ND,1691.0
1998,7,NE,6646.0
1998,7,NH,1253.0
1998,7,NJ,28506.0
1998,7,NM,8310.0
1998,7,NV,7904.0
1998,7,NY,56224.0
1998,7,OH,33144.0
1998,7,OK,15875.0
1998,7,OR,14891.0
1998,7,PA,34335.0
1998,7,RI,3165.0
1998,7,SC,20881.0
1998,7,SD,1606.0
1998,7,TN,23548.0
1998,7,TX,88837.0
1998,7,UT,9660.0
1998,7,VA,21959.0
1998,7,VT,1042.0
1998,7,WA,28599.0
1998,7,WI,5974.0
1998,7,WV,3943.0
1998,7,WY,1847.0
1998,8,AK,2375.0
1998,8,AL,1935.0
1998,8,AR,9652.0
1998,8,AZ,24683.0
1998,8,CA,118918.0
1998,8,CO,6111.0
1998,8,CT,12194.0
1998,8,DC,4536.0
1998,8,DE,3732.0
1998,8,FL,
1998,8,GA,35536.0
1998,8,HI,5299.0
1998,8,IA,8367.0
1998,8,ID,4246.0
1998,8,IL,28028.0
1998,8,IN,18669.0
1998,8,KS,3565.0
1998,8,KY,5658.0
1998,8,LA,23120.0
1998,8,MA,19426.0
1998,8,MD,26058.0
1998,8,ME,3713.0
1998,8,MI,43919.0
1998,8,MN,13327.0
1998,8,MO,22750.0
1998,8,MS,7292.0
1998,8,MT,1332.0
1998,8,NC,36690.0
1998,8,ND,1637.0
1998,8,NE,6966.0
1998,8,NH,1219.0
1998,8,NJ,28795.0
1998,8,NM,8789.0
1998,8,NV,8065.0
1998,8,NY,56236.0
1998,8,OH,34118.0
1998,8,OK,15112.0
1998,8,OR,14363.0
1998,8,PA,35533.0
1998,8,RI,3447.0
1998,8,SC,20336.0
1998,8,SD,1601.0
1998,8,TN,21977.0
1998,8,TX,89099.0
1998,8,UT,10097.0
1998,8,VA,22661.0
1998,8,VT,1055.0
1998,8,WA,28279.0
1998,8,WI,5716.0
1998,8,WV,4062.0
1998,8,WY,1788.0
1998,9,AK,2094.0
1998,9,AL,1817.0
1998,9,AR,9328.0
1998,9,AZ,24579.0
1998,9,CA,113488.0
1998,9,CO,5673.0
1998,9,CT,11061.0
1998,9,DC,4074.0
1998,9,DE,3308.0
1998,9,FL,
1998,9,GA,34639.0
1998,9,HI,5074.0
1998,9,IA,7726.0
1998,9,ID,3686.0
1998,9,IL,26333.0
1998,9,IN,17133.0
1998,9,KS,3253.0
1998,9,KY,5371.0
1998,9,LA,21085.0
1998,9,MA,17601.0
1998,9,MD,23933.0
1998,9,ME,3217.0
1998,9,MI,40129.0
1998,9,MN,11779.0
1998,9,MO,21668.0
1998,9,MS,6797.0
1998,9,MT,1222.0
1998,9,NC,34335.0
1998,9,ND,1404.0
1998,9,NE,6370.0
1998,9,NH,1051.0
1998,9,NJ,26001.0
1998,9,NM,8312.0
1998,9,NV,7363.0
1998,9,NY,51913.0
1998,9,OH,29180.0
1998,9,OK,14836.0
1998,9,OR,13727.0
1998,9,PA,31405.0
1998,9,RI,3162.0
1998,9,SC,18617.0
1998,9,SD,1350.0
1998,9,TN,20075.0
1998,9,TX,84990.0
1998,9,UT,8984.0
1998,9,VA,20931.0
1998,9,VT,904.0
1998,9,WA,25949.0
1998,9,WI,5243.0
1998,9,WV,3912.0
1998,9,WY,1549.0
1998,10,AK,1728.0
1998,10,AL,1671.0
1998,10,AR,9011.0
1998,10,AZ,25045.0
1998,10,CA,115357.0
1998,10,CO,5681.0
1998,10,CT,10876.0
1998,10,DC,3929.0
1998,10,DE,3570.0
1998,10,FL,
1998,10,GA,34324.0
1998,10,HI,5109.0
1998,10,IA,7571.0
1998,10,ID,3704.0
1998,10,IL,25413.0
1998,10,IN,16666.0
1998,10,KS,3132.0
1998,10,KY,4998.0
1998,10,LA,21385.0
1998,10,MA,17753.0
1998,10,MD,23579.0
1998,10,ME,3467.0
1998,10,MI,40025.0
1998,10,MN,11952.0
1998,10,MO,21925.0
1998,10,MS,6961.0
1998,10,MT,1139.0
1998,10,NC,34900.0
1998,10,ND,1419.0
1998,10,NE,6392.0
1998,10,NH,1146.0
1998,10,NJ,25024.0
1998,10,NM,8577.0
1998,10,NV,7921.0
1998,10,NY,49204.0
1998,10,OH,30673.0
1998,10,OK,14473.0
1998,10,OR,14456.0
1998,10,PA,31552.0
1998,10,RI,3294.0
1998,10,SC,19344.0
1998,10,SD,1280.0
1998,10,TN,20522.0
1998,10,TX,86769.0
1998,10,UT,9572.0
1998,10,VA,21020.0
1998,10,VT,927.0
1998,10,WA,26916.0
1998,10,WI,5597.0
1998,10,WV,4063.0
1998,10,WY,1554.0
1998,11,AK,1576.0
1998,11,AL,1564.0
1998,11,AR,8486.0
1998,11,AZ,24027.0
1998,11,CA,109570.0
1998,11,CO,4885.0
1998,11,CT,9787.0
1998,11,DC,3907.0
1998,11,DE,3180.0
1998,11,FL,8884.0
1998,11,GA,31134.0
1998,11,HI,4732.0
1998,11,IA,6756.0
1998,11,ID,3481.0
1998,11,IL,22877.0
1998,11,IN,14695.0
1998,11,KS,3224.0
1998,11,KY,4555.0
1998,11,LA,19964.0
1998,11,MA,15628.0
1998,11,MD,21204.0
1998,11,ME,3068.0
1998,11,MI,36558.0
1998,11,MN,9811.0
1998,11,MO,20447.0
1998,11,MS,6049.0
1998,11,MT,987.0
1998,11,NC,32274.0
1998,11,ND,1168.0
1998,11,NE,5626.0
1998,11,NH,986.0
1998,11,NJ,22414.0
1998,11,NM,7844.0
1998,11,NV,6950.0
1998,11,NY,45752.0
1998,11,OH,28018.0
1998,11,OK,13024.0
1998,11,OR,13593.0
1998,11,PA,29257.0
1998,11,RI,2782.0
1998,11,SC,17613.0
1998,11,SD,944.0
1998,11,TN,19375.0
1998,11,TX,82235.0
1998,11,UT,8598.0
1998,11,VA,19520.0
1998,11,VT,851.0
1998,11,WA,25190.0
1998,11,WI,5364.0
1998,11,WV,3793.0
1998,11,WY,1342.0
1998,12,AK,1831.0
1998,12,AL,146548.0
1998,12,AR,8468.0
1998,12,AZ,22771.0
1998,12,CA,115511.0
1998,12,CO,105365.0
1998,12,CT,9819.0
1998,12,DC,4117.0
1998,12,DE,3199.0
1998,12,FL,1018843.0
1998,12,GA,32434.0
1998,12,HI,5044.0
1998,12,IA,6302.0
1998,12,ID,3172.0
1998,12,IL,22568.0
1998,12,IN,14969.0
1998,12,KS,3135.0
1998,12,KY,4818.0
1998,12,LA,21292.0
1998,12,MA,15331.0
1998,12,MD,24468.0
1998,12,ME,3136.0
1998,12,MI,34787.0
1998,12,MN,65039.0
1998,12,MO,20321.0
1998,12,MS,12559.0
1998,12,MT,4368.0
1998,12,NC,32430.0
1998,12,ND,1620.0
1998,12,NE,5563.0
1998,12,NH,982.0
1998,12,NJ,23403.0
1998,12,NM,8055.0
1998,12,NV,7290.0
1998,12,NY,48730.0
1998,12,OH,28128.0
1998,12,OK,13206.0
1998,12,OR,20551.0
1998,12,PA,30453.0
1998,12,RI,2840.0
1998,12,SC,17838.0
1998,12,SD,975.0
1998,12,TN,19283.0
1998,12,TX,84298.0
1998,12,UT,8038.0
1998,12,VA,20008.0
1998,12,VT,7771.0
1998,12,WA,25372.0
1998,12,WI,5376.0
1998,12,WV,3757.0
1998,12,WY,1266.0
1999,1,AK,1806.0
1999,1,AL,262.0
1999,1,AR,8198.0
1999,1,AZ,23526.0
1999,1,CA,117737.0
1999,1,CO,12509.0
1999,1,CT,8307.0
1999,1,DC,4277.0
1999,1,DE,2950.0
1999,1,FL,
1999,1,GA,33519.0
1999,1,HI,5021.0
1999,1,IA,5837.0
1999,1,ID,3211.0
1999,1,IL,19356.0
1999,1,IN,12768.0
1999,1,KS,2710.0
1999,1,KY,4288.0
1999,1,LA,19991.0
1999,1,MA,14182.0
1999,1,MD,15387.0
1999,1,ME,2429.0
1999,1,MI,30272.0
1999,1,MN,8318.0
1999,1,MO,17139.0
1999,1,MS,8467.0
1999,1,MT,1319.0
1999,1,NC,31923.0
1999,1,ND,942.0
1999,1,NE,5031.0
1999,1,NH,893.0
1999,1,NJ,20993.0
1999,1,NM,7938.0
1999,1,NV,7075.0
1999,1,NY,40964.0
1999,1,OH,24025.0
1999,1,OK,12894.0
1999,1,OR,14661.0
1999,1,PA,27299.0
1999,1,RI,2628.0
1999,1,SC,17618.0
1999,1,SD,1053.0
1999,1,TN,20150.0
1999,1,TX,81512.0
1999,1,UT,8345.0
1999,1,VA,18906.0
1999,1,VT,890.0
1999,1,WA,24692.0
1999,1,WI,10578.0
1999,1,WV,2786.0
1999,1,WY,1215.0
1999,2,AK,1528.0
1999,2,AL,254.0
1999,2,AR,6957.0
1999,2,AZ,20870.0
1999,2,CA,102994.0
1999,2,CO,10831.0
1999,2,CT,7868.0
1999,2,DC,3349.0
1999,2,DE,2737.0
1999,2,FL,
1999,2,GA,28670.0
1999,2,HI,4659.0
1999,2,IA,5739.0
1999,2,ID,2687.0
1999,2,IL,18191.0
1999,2,IN,12198.0
1999,2,KS,2517.0
1999,2,KY,3759.0
1999,2,LA,17748.0
1999,2,MA,12917.0
1999,2,MD,13071.0
1999,2,ME,2441.0
1999,2,MI,29375.0
1999,2,MN,7745.0
1999,2,MO,16178.0
1999,2,MS,6210.0
1999,2,MT,1282.0
1999,2,NC,26270.0
1999,2,ND,974.0
1999,2,NE,4626.0
1999,2,NH,945.0
1999,2,NJ,19932.0
1999,2,NM,6588.0
1999,2,NV,6965.0
1999,2,NY,39220.0
1999,2,OH,24114.0
1999,2,OK,11188.0
1999,2,OR,12307.0
1999,2,PA,25526.0
1999,2,RI,2359.0
1999,2,SC,15132.0
1999,2,SD,1203.0
1999,2,TN,16613.0
1999,2,TX,70553.0
1999,2,UT,7745.0
1999,2,VA,15552.0
1999,2,VT,879.0
1999,2,WA,22644.0
1999,2,WI,10816.0
1999,2,WV,2440.0
1999,2,WY,1177.0
1999,3,AK,1869.0
1999,3,AL,260.0
1999,3,AR,7543.0
1999,3,AZ,23028.0
1999,3,CA,113097.0
1999,3,CO,12169.0
1999,3,CT,8872.0
1999,3,DC,3355.0
1999,3,DE,2738.0
1999,3,FL,
1999,3,GA,29765.0
1999,3,HI,4895.0
1999,3,IA,6524.0
1999,3,ID,3152.0
1999,3,IL,20447.0
1999,3,IN,13286.0
1999,3,KS,2712.0
1999,3,KY,4143.0
1999,3,LA,19869.0
1999,3,MA,14660.0
1999,3,MD,14358.0
1999,3,ME,2488.0
1999,3,MI,31322.0
1999,3,MN,9302.0
1999,3,MO,18479.0
1999,3,MS,7169.0
1999,3,MT,1535.0
1999,3,NC,30014.0
1999,3,ND,1111.0
1999,3,NE,5241.0
1999,3,NH,1009.0
1999,3,NJ,21400.0
1999,3,NM,7740.0
1999,3,NV,7303.0
1999,3,NY,42478.0
1999,3,OH,26526.0
1999,3,OK,12064.0
1999,3,OR,13445.0
1999,3,PA,27735.0
1999,3,RI,2748.0
1999,3,SC,16239.0
1999,3,SD,1390.0
1999,3,TN,18916.0
1999,3,TX,81127.0
1999,3,UT,8695.0
1999,3,VA,16609.0
1999,3,VT,843.0
1999,3,WA,24729.0
1999,3,WI,14091.0
1999,3,WV,2918.0
1999,3,WY,1389.0
1999,4,AK,1885.0
1999,4,AL,302.0
1999,4,AR,8028.0
1999,4,AZ,22108.0
1999,4,CA,103831.0
1999,4,CO,11461.0
1999,4,CT,8771.0
1999,4,DC,3128.0
1999,4,DE,2771.0
1999,4,FL,
1999,4,GA,32065.0
1999,4,HI,4489.0
1999,4,IA,6801.0
1999,4,ID,3198.0
1999,4,IL,21801.0
1999,4,IN,14087.0
1999,4,KS,2610.0
1999,4,KY,4437.0
1999,4,LA,20185.0
1999,4,MA,15066.0
1999,4,MD,14575.0
1999,4,ME,2748.0
1999,4,MI,32762.0
1999,4,MN,9951.0
1999,4,MO,18432.0
1999,4,MS,7261.0
1999,4,MT,1465.0
1999,4,NC,30123.0
1999,4,ND,1295.0
1999,4,NE,5228.0
1999,4,NH,1050.0
1999,4,NJ,20914.0
1999,4,NM,7510.0
1999,4,NV,6752.0
1999,4,NY,42098.0
1999,4,OH,28377.0
1999,4,OK,12464.0
1999,4,OR,12823.0
1999,4,PA,27123.0
1999,4,RI,2747.0
1999,4,SC,17903.0
1999,4,SD,1343.0
1999,4,TN,19507.0
1999,4,TX,82963.0
1999,4,UT,7986.0
1999,4,VA,17283.0
1999,4,VT,952.0
1999,4,WA,23379.0
1999,4,WI,13884.0
1999,4,WV,2956.0
1999,4,WY,1195.0
1999,5,AK,1974.0
1999,5,AL,271.0
1999,5,AR,8415.0
1999,5,AZ,23001.0
1999,5,CA,104303.0
1999,5,CO,11686.0
1999,5,CT,9264.0
1999,5,DC,3481.0
1999,5,DE,3103.0
1999,5,FL,
1999,5,GA,32730.0
1999,5,HI,4502.0
1999,5,IA,7177.0
1999,5,ID,3377.0
1999,5,IL,23967.0
1999,5,IN,15119.0
1999,5,KS,2725.0
1999,5,KY,4730.0
1999,5,LA,20916.0
1999,5,MA,15960.0
1999,5,MD,15522.0
1999,5,ME,3057.0
1999,5,MI,35490.0
1999,5,MN,10444.0
1999,5,MO,19369.0
1999,5,MS,7969.0
1999,5,MT,1600.0
1999,5,NC,33189.0
1999,5,ND,1287.0
1999,5,NE,5592.0
1999,5,NH,1197.0
1999,5,NJ,22274.0
1999,5,NM,8016.0
1999,5,NV,6565.0
1999,5,NY,45684.0
1999,5,OH,29701.0
1999,5,OK,13153.0
1999,5,OR,13923.0
1999,5,PA,28975.0
1999,5,RI,2964.0
1999,5,SC,19052.0
1999,5,SD,1242.0
1999,5,TN,20814.0
1999,5,TX,86461.0
1999,5,UT,8198.0
1999,5,VA,18504.0
1999,5,VT,1108.0
1999,5,WA,24030.0
1999,5,WI,14817.0
1999,5,WV,3109.0
1999,5,WY,1411.0
1999,6,AK,2288.0
1999,6,AL,286.0
1999,6,AR,9003.0
1999,6,AZ,22112.0
1999,6,CA,104619.0
1999,6,CO,12340.0
1999,6,CT,9914.0
1999,6,DC,3222.0
1999,6,DE,3263.0
1999,6,FL,
1999,6,GA,32355.0
1999,6,HI,4545.0
1999,6,IA,7666.0
1999,6,ID,3465.0
1999,6,IL,24155.0
1999,6,IN,15834.0
1999,6,KS,2917.0
1999,6,KY,4925.0
1999,6,LA,21058.0
1999,6,MA,17706.0
1999,6,MD,16223.0
1999,6,ME,3164.0
1999,6,MI,36452.0
1999,6,MN,11454.0
1999,6,MO,20687.0
1999,6,MS,7976.0
1999,6,MT,1806.0
1999,6,NC,33591.0
1999,6,ND,1320.0
1999,6,NE,5977.0
1999,6,NH,1198.0
1999,6,NJ,24126.0
1999,6,NM,7905.0
1999,6,NV,6810.0
1999,6,NY,47971.0
1999,6,OH,31626.0
1999,6,OK,13670.0
1999,6,OR,13521.0
1999,6,PA,30060.0
1999,6,RI,3049.0
1999,6,SC,18238.0
1999,6,SD,1506.0
1999,6,TN,22685.0
1999,6,TX,87502.0
1999,6,UT,8761.0
1999,6,VA,18486.0
1999,6,VT,1124.0
1999,6,WA,24761.0
1999,6,WI,15202.0
1999,6,WV,3379.0
1999,6,WY,1568.0
1999,7,AK,2449.0
1999,7,AL,300.0
1999,7,AR,10009.0
1999,7,AZ,23059.0
1999,7,CA,108620.0
1999,7,CO,12692.0
1999,7,CT,10323.0
1999,7,DC,3553.0
1999,7,DE,3605.0
1999,7,FL,
1999,7,GA,33995.0
1999,7,HI,4641.0
1999,7,IA,8551.0
1999,7,ID,3817.0
1999,7,IL,26390.0
1999,7,IN,16500.0
1999,7,KS,3066.0
1999,7,KY,5608.0
1999,7,LA,22189.0
1999,7,MA,18544.0
1999,7,MD,17271.0
1999,7,ME,3703.0
1999,7,MI,39915.0
1999,7,MN,11509.0
1999,7,MO,22100.0
1999,7,MS,8267.0
1999,7,MT,1690.0
1999,7,NC,35067.0
1999,7,ND,1489.0
1999,7,NE,6322.0
1999,7,NH,1210.0
1999,7,NJ,26742.0
1999,7,NM,8151.0
1999,7,NV,7409.0
1999,7,NY,49620.0
1999,7,OH,34292.0
1999,7,OK,14733.0
1999,7,OR,13658.0
1999,7,PA,32055.0
1999,7,RI,3361.0
1999,7,SC,20100.0
1999,7,SD,1561.0
1999,7,TN,22835.0
1999,7,TX,91338.0
1999,7,UT,9600.0
1999,7,VA,19905.0
1999,7,VT,1286.0
1999,7,WA,25676.0
1999,7,WI,16976.0
1999,7,WV,3554.0
1999,7,WY,1561.0
1999,8,AK,2531.0
1999,8,AL,347.0
1999,8,AR,10018.0
1999,8,AZ,24319.0
1999,8,CA,107906.0
1999,8,CO,12536.0
1999,8,CT,10781.0
1999,8,DC,3588.0
1999,8,DE,3511.0
1999,8,FL,
1999,8,GA,34669.0
1999,8,HI,4964.0
1999,8,IA,8809.0
1999,8,ID,3801.0
1999,8,IL,26014.0
1999,8,IN,17335.0
1999,8,KS,3433.0
1999,8,KY,5360.0
1999,8,LA,21720.0
1999,8,MA,18459.0
1999,8,MD,18012.0
1999,8,ME,3433.0
1999,8,MI,39125.0
1999,8,MN,11859.0
1999,8,MO,22710.0
1999,8,MS,8289.0
1999,8,MT,1852.0
1999,8,NC,36276.0
1999,8,ND,1499.0
1999,8,NE,6529.0
1999,8,NH,1181.0
1999,8,NJ,27863.0
1999,8,NM,7882.0
1999,8,NV,7098.0
1999,8,NY,50974.0
1999,8,OH,35325.0
1999,8,OK,14286.0
1999,8,OR,14056.0
1999,8,PA,33195.0
1999,8,RI,3324.0
1999,8,SC,18962.0
1999,8,SD,1605.0
1999,8,TN,22979.0
1999,8,TX,89436.0
1999,8,UT,9548.0
1999,8,VA,21678.0
1999,8,VT,1266.0
1999,8,WA,26709.0
1999,8,WI,17115.0
1999,8,WV,3520.0
1999,8,WY,1680.0
1999,9,AK,2156.0
1999,9,AL,338.0
1999,9,AR,9185.0
1999,9,AZ,23946.0
1999,9,CA,100222.0
1999,9,CO,12008.0
1999,9,CT,9582.0
1999,9,DC,3165.0
1999,9,DE,3007.0
1999,9,FL,
1999,9,GA,33148.0
1999,9,HI,4971.0
1999,9,IA,7953.0
1999,9,ID,3238.0
1999,9,IL,23590.0
1999,9,IN,15812.0
1999,9,KS,3009.0
1999,9,KY,5098.0
1999,9,LA,20164.0
1999,9,MA,16729.0
1999,9,MD,16668.0
1999,9,ME,2979.0
1999,9,MI,36056.0
1999,9,MN,9951.0
1999,9,MO,21203.0
1999,9,MS,7810.0
1999,9,MT,1527.0
1999,9,NC,33483.0
1999,9,ND,1157.0
1999,9,NE,5965.0
1999,9,NH,1155.0
1999,9,NJ,23947.0
1999,9,NM,7854.0
1999,9,NV,7153.0
1999,9,NY,47059.0
1999,9,OH,31932.0
1999,9,OK,13430.0
1999,9,OR,13324.0
1999,9,PA,29723.0
1999,9,RI,3332.0
1999,9,SC,16876.0
1999,9,SD,1446.0
1999,9,TN,21969.0
1999,9,TX,84948.0
1999,9,UT,9246.0
1999,9,VA,17787.0
1999,9,VT,1149.0
1999,9,WA,24795.0
1999,9,WI,15380.0
1999,9,WV,3135.0
1999,9,WY,1396.0
1999,10,AK,1777.0
1999,10,AL,293.0
1999,10,AR,8822.0
1999,10,AZ,25647.0
1999,10,CA,104985.0
1999,10,CO,12325.0
1999,10,CT,9944.0
1999,10,DC,3971.0
1999,10,DE,3114.0
1999,10,FL,
1999,10,GA,32531.0
1999,10,HI,4952.0
1999,10,IA,8307.0
1999,10,ID,3590.0
1999,10,IL,23518.0
1999,10,IN,15853.0
1999,10,KS,2995.0
1999,10,KY,5252.0
1999,10,LA,20577.0
1999,10,MA,16678.0
1999,10,MD,16690.0
1999,10,ME,3213.0
1999,10,MI,36194.0
1999,10,MN,10421.0
1999,10,MO,21152.0
1999,10,MS,7210.0
1999,10,MT,1631.0
1999,10,NC,33681.0
1999,10,ND,1394.0
1999,10,NE,5782.0
1999,10,NH,1219.0
1999,10,NJ,24474.0
1999,10,NM,7878.0
1999,10,NV,7419.0
1999,10,NY,46664.0
1999,10,OH,32271.0
1999,10,OK,13941.0
1999,10,OR,14343.0
1999,10,PA,30673.0
1999,10,RI,3349.0
1999,10,SC,17527.0
1999,10,SD,1380.0
1999,10,TN,21565.0
1999,10,TX,85656.0
1999,10,UT,9257.0
1999,10,VA,18184.0
1999,10,VT,1184.0
1999,10,WA,25665.0
1999,10,WI,16142.0
1999,10,WV,3436.0
1999,10,WY,1493.0
1999,11,AK,1678.0
1999,11,AL,309.0
1999,11,AR,8250.0
1999,11,AZ,23978.0
1999,11,CA,101336.0
1999,11,CO,11297.0
1999,11,CT,9284.0
1999,11,DC,3577.0
1999,11,DE,2826.0
1999,11,FL,6709.0
1999,11,GA,31459.0
1999,11,HI,4802.0
1999,11,IA,7385.0
1999,11,ID,3276.0
1999,11,IL,20461.0
1999,11,IN,14913.0
1999,11,KS,2787.0
1999,11,KY,4705.0
1999,11,LA,19191.0
1999,11,MA,15246.0
1999,11,MD,15927.0
1999,11,ME,3038.0
1999,11,MI,33619.0
1999,11,MN,9645.0
1999,11,MO,19400.0
1999,11,MS,6677.0
1999,11,MT,1465.0
1999,11,NC,31633.0
1999,11,ND,1173.0
1999,11,NE,5703.0
1999,11,NH,1141.0
1999,11,NJ,23111.0
1999,11,NM,7476.0
1999,11,NV,7068.0
1999,11,NY,44483.0
1999,11,OH,30360.0
1999,11,OK,13524.0
1999,11,OR,13838.0
1999,11,PA,28775.0
1999,11,RI,3133.0
1999,11,SC,16143.0
1999,11,SD,1233.0
1999,11,TN,20718.0
1999,11,TX,82925.0
1999,11,UT,8609.0
1999,11,VA,17134.0
1999,11,VT,1094.0
1999,11,WA,24492.0
1999,11,WI,14012.0
1999,11,WV,3167.0
1999,11,WY,1231.0
1999,12,AK,2524.0
1999,12,AL,181859.0
1999,12,AR,8347.0
1999,12,AZ,24364.0
1999,12,CA,105493.0
1999,12,CO,27291.0
1999,12,CT,8992.0
1999,12,DC,3279.0
1999,12,DE,2800.0
1999,12,FL,929010.0
1999,12,GA,31042.0
1999,12,HI,5235.0
1999,12,IA,6926.0
1999,12,ID,3147.0
1999,12,IL,20581.0
1999,12,IN,14905.0
1999,12,KS,2846.0
1999,12,KY,4891.0
1999,12,LA,19619.0
1999,12,MA,20158.0
1999,12,MD,15665.0
1999,12,ME,2967.0
1999,12,MI,30408.0
1999,12,MN,60525.0
1999,12,MO,19961.0
1999,12,MS,7452.0
1999,12,MT,1587.0
1999,12,NC,31295.0
1999,12,ND,1050.0
1999,12,NE,5502.0
1999,12,NH,1176.0
1999,12,NJ,23111.0
1999,12,NM,8097.0
1999,12,NV,7192.0
1999,12,NY,41884.0
1999,12,OH,29500.0
1999,12,OK,13245.0
1999,12,OR,16705.0
1999,12,PA,29576.0
1999,12,RI,3143.0
1999,12,SC,16271.0
1999,12,SD,1308.0
1999,12,TN,21583.0
1999,12,TX,86235.0
1999,12,UT,8755.0
1999,12,VA,17091.0
1999,12,VT,4437.0
1999,12,WA,26070.0
1999,12,WI,13179.0
1999,12,WV,3328.0
1999,12,WY,1270.0
2000,1,AK,1722.0
2000,1,AL,240.0
2000,1,AR,7602.0
2000,1,AZ,24528.0
2000,1,CA,108012.0
2000,1,CO,12844.0
2000,1,CT,8263.0
2000,1,DC,3574.0
2000,1,DE,2544.0
2000,1,FL,
2000,1,GA,29062.0
2000,1,HI,5185.0
2000,1,IA,6858.0
2000,1,ID,3254.0
2000,1,IL,18936.0
2000,1,IN,14340.0
2000,1,KS,7094.0
2000,1,KY,4692.0
2000,1,LA,18618.0
2000,1,MA,14217.0
2000,1,MD,19103.0
2000,1,ME,2312.0
2000,1,MI,30795.0
2000,1,MN,8736.0
2000,1,MO,18719.0
2000,1,MS,7462.0
2000,1,MT,1434.0
2000,1,NC,29243.0
2000,1,ND,1020.0
2000,1,NE,5028.0
2000,1,NH,1295.0
2000,1,NJ,19780.0
2000,1,NM,8184.0
2000,1,NV,7276.0
2000,1,NY,39824.0
2000,1,OH,27526.0
2000,1,OK,12078.0
2000,1,OR,13047.0
2000,1,PA,25436.0
2000,1,RI,204.0
2000,1,SC,15849.0
2000,1,SD,1238.0
2000,1,TN,21046.0
2000,1,TX,82853.0
2000,1,UT,8489.0
2000,1,VA,15719.0
2000,1,VT,919.0
2000,1,WA,24369.0
2000,1,WI,11676.0
2000,1,WV,3366.0
2000,1,WY,1139.0
2000,2,AK,1755.0
2000,2,AL,271.0
2000,2,AR,7687.0
2000,2,AZ,23531.0
2000,2,CA,101618.0
2000,2,CO,11340.0
2000,2,CT,7634.0
2000,2,DC,3052.0
2000,2,DE,2511.0
2000,2,FL,
2000,2,GA,26584.0
2000,2,HI,5013.0
2000,2,IA,6388.0
2000,2,ID,3282.0
2000,2,IL,17058.0
2000,2,IN,13087.0
2000,2,KS,6828.0
2000,2,KY,4008.0
2000,2,LA,16860.0
2000,2,MA,13291.0
2000,2,MD,18450.0
2000,2,ME,2105.0
2000,2,MI,27313.0
2000,2,MN,8942.0
2000,2,MO,16528.0
2000,2,MS,6191.0
2000,2,MT,1347.0
2000,2,NC,28114.0
2000,2,ND,961.0
2000,2,NE,4823.0
2000,2,NH,1298.0
2000,2,NJ,19425.0
2000,2,NM,7320.0
2000,2,NV,6968.0
2000,2,NY,37235.0
2000,2,OH,25342.0
2000,2,OK,12102.0
2000,2,OR,12554.0
2000,2,PA,24507.0
2000,2,RI,178.0
2000,2,SC,15130.0
2000,2,SD,1164.0
2000,2,TN,19306.0
2000,2,TX,76261.0
2000,2,UT,7945.0
2000,2,VA,15039.0
2000,2,VT,925.0
2000,2,WA,23583.0
2000,2,WI,10731.0
2000,2,WV,3203.0
2000,2,WY,1123.0
2000,3,AK,1932.0
2000,3,AL,260.0
2000,3,AR,8502.0
2000,3,AZ,26144.0
2000,3,CA,108256.0
2000,3,CO,11936.0
2000,3,CT,8925.0
2000,3,DC,3088.0
2000,3,DE,2715.0
2000,3,FL,
2000,3,GA,30570.0
2000,3,HI,5222.0
2000,3,IA,7460.0
2000,3,ID,3298.0
2000,3,IL,20348.0
2000,3,IN,15042.0
2000,3,KS,7313.0
2000,3,KY,4799.0
2000,3,LA,19475.0
2000,3,MA,15257.0
2000,3,MD,21158.0
2000,3,ME,2660.0
2000,3,MI,32324.0
2000,3,MN,9881.0
2000,3,MO,18947.0
2000,3,MS,7446.0
2000,3,MT,1535.0
2000,3,NC,31457.0
2000,3,ND,1132.0
2000,3,NE,5552.0
2000,3,NH,1404.0
2000,3,NJ,21407.0
2000,3,NM,8051.0
2000,3,NV,7389.0
2000,3,NY,42196.0
2000,3,OH,28740.0
2000,3,OK,12551.0
2000,3,OR,13266.0
2000,3,PA,27742.0
2000,3,RI,7895.0
2000,3,SC,17470.0
2000,3,SD,1255.0
2000,3,TN,21850.0
2000,3,TX,84925.0
2000,3,UT,8344.0
2000,3,VA,15665.0
2000,3,VT,1058.0
2000,3,WA,25628.0
2000,3,WI,13299.0
2000,3,WV,3788.0
2000,3,WY,1318.0
2000,4,AK,2000.0
2000,4,AL,235.0
2000,4,AR,8602.0
2000,4,AZ,24255.0
2000,4,CA,101007.0
2000,4,CO,11112.0
2000,4,CT,8536.0
2000,4,DC,3366.0
2000,4,DE,2825.0
2000,4,FL,
2000,4,GA,29342.0
2000,4,HI,5052.0
2000,4,IA,7170.0
2000,4,ID,3315.0
2000,4,IL,19611.0
2000,4,IN,14642.0
2000,4,KS,7113.0
2000,4,KY,4579.0
2000,4,LA,19115.0
2000,4,MA,14951.0
2000,4,MD,20424.0
2000,4,ME,2512.0
2000,4,MI,31202.0
2000,4,MN,9540.0
2000,4,MO,17784.0
2000,4,MS,7661.0
2000,4,MT,1662.0
2000,4,NC,31203.0
2000,4,ND,1085.0
2000,4,NE,5076.0
2000,4,NH,1357.0
2000,4,NJ,20485.0
2000,4,NM,7657.0
2000,4,NV,6958.0
2000,4,NY,40359.0
2000,4,OH,28167.0
2000,4,OK,12360.0
2000,4,OR,12789.0
2000,4,PA,27221.0
2000,4,RI,170.0
2000,4,SC,17521.0
2000,4,SD,1272.0
2000,4,TN,21626.0
2000,4,TX,83507.0
2000,4,UT,7954.0
2000,4,VA,17180.0
2000,4,VT,1137.0
2000,4,WA,23848.0
2000,4,WI,12743.0
2000,4,WV,3689.0
2000,4,WY,1258.0
2000,5,AK,2192.0
2000,5,AL,291.0
2000,5,AR,9571.0
2000,5,AZ,25163.0
2000,5,CA,107754.0
2000,5,CO,11906.0
2000,5,CT,9544.0
2000,5,DC,3249.0
2000,5,DE,3226.0
2000,5,FL,
2000,5,GA,32457.0
2000,5,HI,5400.0
2000,5,IA,7751.0
2000,5,ID,3482.0
2000,5,IL,21929.0
2000,5,IN,16140.0
2000,5,KS,8292.0
2000,5,KY,5391.0
2000,5,LA,20679.0
2000,5,MA,16739.0
2000,5,MD,22275.0
2000,5,ME,2882.0
2000,5,MI,34497.0
2000,5,MN,11005.0
2000,5,MO,19398.0
2000,5,MS,8379.0
2000,5,MT,1829.0
2000,5,NC,33557.0
2000,5,ND,1305.0
2000,5,NE,5641.0
2000,5,NH,1516.0
2000,5,NJ,22839.0
2000,5,NM,7911.0
2000,5,NV,7141.0
2000,5,NY,44634.0
2000,5,OH,31275.0
2000,5,OK,13721.0
2000,5,OR,13431.0
2000,5,PA,28528.0
2000,5,RI,193.0
2000,5,SC,19285.0
2000,5,SD,1433.0
2000,5,TN,23704.0
2000,5,TX,92235.0
2000,5,UT,8653.0
2000,5,VA,18355.0
2000,5,VT,1247.0
2000,5,WA,25318.0
2000,5,WI,14848.0
2000,5,WV,3834.0
2000,5,WY,1418.0
2000,6,AK,2412.0
2000,6,AL,33273.0
2000,6,AR,9470.0
2000,6,AZ,23774.0
2000,6,CA,105435.0
2000,6,CO,11625.0
2000,6,CT,9895.0
2000,6,DC,3197.0
2000,6,DE,3153.0
2000,6,FL,109127.0
2000,6,GA,32258.0
2000,6,HI,5088.0
2000,6,IA,8311.0
2000,6,ID,3649.0
2000,6,IL,22004.0
2000,6,IN,16356.0
2000,6,KS,8575.0
2000,6,KY,5198.0
2000,6,LA,20529.0
2000,6,MA,17485.0
2000,6,MD,21874.0
2000,6,ME,2885.0
2000,6,MI,35686.0
2000,6,MN,34283.0
2000,6,MO,21770.0
2000,6,MS,8036.0
2000,6,MT,1825.0
2000,6,NC,32482.0
2000,6,ND,1266.0
2000,6,NE,6167.0
2000,6,NH,1587.0
2000,6,NJ,23342.0
2000,6,NM,8072.0
2000,6,NV,6955.0
2000,6,NY,46716.0
2000,6,OH,32563.0
2000,6,OK,14084.0
2000,6,OR,12711.0
2000,6,PA,28827.0
2000,6,RI,8610.0
2000,6,SC,18998.0
2000,6,SD,1576.0
2000,6,TN,23748.0
2000,6,TX,90545.0
2000,6,UT,8309.0
2000,6,VA,18148.0
2000,6,VT,1229.0
2000,6,WA,24518.0
2000,6,WI,15342.0
2000,6,WV,3920.0
2000,6,WY,1520.0
2000,7,AK,2541.0
2000,7,AL,271.0
2000,7,AR,10665.0
2000,7,AZ,25835.0
2000,7,CA,109707.0
2000,7,CO,12495.0
2000,7,CT,10661.0
2000,7,DC,3903.0
2000,7,DE,3291.0
2000,7,FL,
2000,7,GA,32956.0
2000,7,HI,5570.0
2000,7,IA,8937.0
2000,7,ID,3743.0
2000,7,IL,23971.0
2000,7,IN,17690.0
2000,7,KS,9068.0
2000,7,KY,4416.0
2000,7,LA,21106.0
2000,7,MA,18374.0
2000,7,MD,23871.0
2000,7,ME,3182.0
2000,7,MI,39365.0
2000,7,MN,12541.0
2000,7,MO,20873.0
2000,7,MS,8567.0
2000,7,MT,1908.0
2000,7,NC,35265.0
2000,7,ND,1394.0
2000,7,NE,6836.0
2000,7,NH,1648.0
2000,7,NJ,25919.0
2000,7,NM,8349.0
2000,7,NV,7217.0
2000,7,NY,49682.0
2000,7,OH,33921.0
2000,7,OK,15252.0
2000,7,OR,13935.0
2000,7,PA,31518.0
2000,7,RI,246.0
2000,7,SC,19514.0
2000,7,SD,1701.0
2000,7,TN,25965.0
2000,7,TX,94453.0
2000,7,UT,8935.0
2000,7,VA,19894.0
2000,7,VT,1335.0
2000,7,WA,26000.0
2000,7,WI,16541.0
2000,7,WV,4279.0
2000,7,WY,1670.0
2000,8,AK,2534.0
2000,8,AL,281.0
2000,8,AR,10689.0
2000,8,AZ,26334.0
2000,8,CA,111216.0
2000,8,CO,12595.0
2000,8,CT,10762.0
2000,8,DC,4371.0
2000,8,DE,3337.0
2000,8,FL,
2000,8,GA,33455.0
2000,8,HI,5232.0
2000,8,IA,8867.0
2000,8,ID,3877.0
2000,8,IL,24309.0
2000,8,IN,17449.0
2000,8,KS,8906.0
2000,8,KY,4176.0
2000,8,LA,20124.0
2000,8,MA,18612.0
2000,8,MD,24220.0
2000,8,ME,3273.0
2000,8,MI,38193.0
2000,8,MN,12555.0
2000,8,MO,23646.0
2000,8,MS,8530.0
2000,8,MT,1904.0
2000,8,NC,34805.0
2000,8,ND,1314.0
2000,8,NE,6873.0
2000,8,NH,1604.0
2000,8,NJ,25971.0
2000,8,NM,8178.0
2000,8,NV,7185.0
2000,8,NY,51058.0
2000,8,OH,35195.0
2000,8,OK,14803.0
2000,8,OR,14412.0
2000,8,PA,31875.0
2000,8,RI,261.0
2000,8,SC,18854.0
2000,8,SD,1589.0
2000,8,TN,24599.0
2000,8,TX,91385.0
2000,8,UT,7009.0
2000,8,VA,19909.0
2000,8,VT,1400.0
2000,8,WA,26773.0
2000,8,WI,16192.0
2000,8,WV,3951.0
2000,8,WY,1677.0
2000,9,AK,2096.0
2000,9,AL,238.0
2000,9,AR,9838.0
2000,9,AZ,24846.0
2000,9,CA,102901.0
2000,9,CO,12142.0
2000,9,CT,9626.0
2000,9,DC,3219.0
2000,9,DE,2976.0
2000,9,FL,
2000,9,GA,30963.0
2000,9,HI,5081.0
2000,9,IA,8613.0
2000,9,ID,3614.0
2000,9,IL,23207.0
2000,9,IN,16434.0
2000,9,KS,8502.0
2000,9,KY,3968.0
2000,9,LA,18331.0
2000,9,MA,16286.0
2000,9,MD,22583.0
2000,9,ME,2961.0
2000,9,MI,35010.0
2000,9,MN,10960.0
2000,9,MO,22272.0
2000,9,MS,7881.0
2000,9,MT,1784.0
2000,9,NC,32774.0
2000,9,ND,1263.0
2000,9,NE,6169.0
2000,9,NH,1410.0
2000,9,NJ,22776.0
2000,9,NM,6930.0
2000,9,NV,6990.0
2000,9,NY,46515.0
2000,9,OH,31568.0
2000,9,OK,13509.0
2000,9,OR,14882.0
2000,9,PA,28539.0
2000,9,RI,10059.0
2000,9,SC,18440.0
2000,9,SD,1403.0
2000,9,TN,24682.0
2000,9,TX,85249.0
2000,9,UT,6826.0
2000,9,VA,17586.0
2000,9,VT,1249.0
2000,9,WA,24770.0
2000,9,WI,15130.0
2000,9,WV,3748.0
2000,9,WY,1349.0
2000,10,AK,1735.0
2000,10,AL,207.0
2000,10,AR,9944.0
2000,10,AZ,25992.0
2000,10,CA,107927.0
2000,10,CO,11907.0
2000,10,CT,9935.0
2000,10,DC,3555.0
2000,10,DE,2880.0
2000,10,FL,
2000,10,GA,31220.0
2000,10,HI,5538.0
2000,10,IA,8310.0
2000,10,ID,3480.0
2000,10,IL,22705.0
2000,10,IN,16983.0
2000,10,KS,8297.0
2000,10,KY,4091.0
2000,10,LA,18907.0
2000,10,MA,17205.0
2000,10,MD,23236.0
2000,10,ME,3133.0
2000,10,MI,36210.0
2000,10,MN,11364.0
2000,10,MO,20721.0
2000,10,MS,7914.0
2000,10,MT,1678.0
2000,10,NC,33402.0
2000,10,ND,1352.0
2000,10,NE,6160.0
2000,10,NH,1553.0
2000,10,NJ,23419.0
2000,10,NM,7385.0
2000,10,NV,7262.0
2000,10,NY,47331.0
2000,10,OH,32729.0
2000,10,OK,13991.0
2000,10,OR,14385.0
2000,10,PA,30494.0
2000,10,RI,231.0
2000,10,SC,17685.0
2000,10,SD,1324.0
2000,10,TN,25550.0
2000,10,TX,87935.0
2000,10,UT,7237.0
2000,10,VA,18797.0
2000,10,VT,1259.0
2000,10,WA,24940.0
2000,10,WI,15991.0
2000,10,WV,3855.0
2000,10,WY,1499.0
2000,11,AK,1710.0
2000,11,AL,233.0
2000,11,AR,8922.0
2000,11,AZ,24657.0
2000,11,CA,105528.0
2000,11,CO,10430.0
2000,11,CT,8722.0
2000,11,DC,3990.0
2000,11,DE,2858.0
2000,11,FL,
2000,11,GA,28897.0
2000,11,HI,5459.0
2000,11,IA,7079.0
2000,11,ID,3003.0
2000,11,IL,20112.0
2000,11,IN,15467.0
2000,11,KS,7514.0
2000,11,KY,3805.0
2000,11,LA,17766.0
2000,11,MA,15118.0
2000,11,MD,20489.0
2000,11,ME,2890.0
2000,11,MI,32059.0
2000,11,MN,8885.0
2000,11,MO,19242.0
2000,11,MS,7378.0
2000,11,MT,1275.0
2000,11,NC,31145.0
2000,11,ND,1004.0
2000,11,NE,5446.0
2000,11,NH,1399.0
2000,11,NJ,21676.0
2000,11,NM,6923.0
2000,11,NV,7166.0
2000,11,NY,42703.0
2000,11,OH,30045.0
2000,11,OK,12691.0
2000,11,OR,13079.0
2000,11,PA,26800.0
2000,11,RI,185.0
2000,11,SC,16263.0
2000,11,SD,1065.0
2000,11,TN,23587.0
2000,11,TX,82507.0
2000,11,UT,6164.0
2000,11,VA,16170.0
2000,11,VT,1163.0
2000,11,WA,23762.0
2000,11,WI,13937.0
2000,11,WV,3622.0
2000,11,WY,1120.0
2000,12,AK,1807.0
2000,12,AL,133954.0
2000,12,AR,8343.0
2000,12,AZ,24810.0
2000,12,CA,109559.0
2000,12,CO,29401.0
2000,12,CT,8479.0
2000,12,DC,3146.0
2000,12,DE,2630.0
2000,12,FL,790166.0
2000,12,GA,28534.0
2000,12,HI,5552.0
2000,12,IA,5960.0
2000,12,ID,3196.0
2000,12,IL,17117.0
2000,12,IN,13376.0
2000,12,KS,6855.0
2000,12,KY,3574.0
2000,12,LA,18253.0
2000,12,MA,14423.0
2000,12,MD,20938.0
2000,12,ME,2672.0
2000,12,MI,26946.0
2000,12,MN,31631.0
2000,12,MO,16473.0
2000,12,MS,7335.0
2000,12,MT,1270.0
2000,12,NC,30835.0
2000,12,ND,939.0
2000,12,NE,4508.0
2000,12,NH,1428.0
2000,12,NJ,20775.0
2000,12,NM,6939.0
2000,12,NV,7372.0
2000,12,NY,41007.0
2000,12,OH,27938.0
2000,12,OK,11454.0
2000,12,OR,17002.0
2000,12,PA,30350.0
2000,12,RI,8901.0
2000,12,SC,15984.0
2000,12,SD,1030.0
2000,12,TN,23084.0
2000,12,TX,84977.0
2000,12,UT,6749.0
2000,12,VA,16293.0
2000,12,VT,3882.0
2000,12,WA,23933.0
2000,12,WI,10873.0
2000,12,WV,3332.0
2000,12,WY,1234.0
2001,1,AK,1862.0
2001,1,AL,245.0
2001,1,AR,8918.0
2001,1,AZ,25324.0
2001,1,CA,112417.0
2001,1,CO,11161.0
2001,1,CT,7858.0
2001,1,DC,3349.0
2001,1,DE,2684.0
2001,1,FL,
2001,1,GA,30808.0
2001,1,HI,5845.0
2001,1,IA,6562.0
2001,1,ID,3102.0
2001,1,IL,17861.0
2001,1,IN,14644.0
2001,1,KS,8037.0
2001,1,KY,4356.0
2001,1,LA,17817.0
2001,1,MA,13986.0
2001,1,MD,21532.0
2001,1,ME,2379.0
2001,1,MI,29932.0
2001,1,MN,9086.0
2001,1,MO,19907.0
2001,1,MS,7742.0
2001,1,MT,1624.0
2001,1,NC,32179.0
2001,1,ND,944.0
2001,1,NE,4902.0
2001,1,NH,1371.0
2001,1,NJ,19562.0
2001,1,NM,7256.0
2001,1,NV,7338.0
2001,1,NY,40149.0
2001,1,OH,29820.0
2001,1,OK,12511.0
2001,1,OR,14940.0
2001,1,PA,25176.0
2001,1,RI,230.0
2001,1,SC,17195.0
2001,1,SD,965.0
2001,1,TN,23241.0
2001,1,TX,84699.0
2001,1,UT,8003.0
2001,1,VA,16831.0
2001,1,VT,1151.0
2001,1,WA,24756.0
2001,1,WI,12626.0
2001,1,WV,3598.0
2001,1,WY,1151.0
2001,2,AK,1731.0
2001,2,AL,188.0
2001,2,AR,7598.0
2001,2,AZ,23573.0
2001,2,CA,99513.0
2001,2,CO,10226.0
2001,2,CT,6971.0
2001,2,DC,3105.0
2001,2,DE,2185.0
2001,2,FL,
2001,2,GA,25956.0
2001,2,HI,4935.0
2001,2,IA,5494.0
2001,2,ID,2737.0
2001,2,IL,15499.0
2001,2,IN,12523.0
2001,2,KS,6379.0
2001,2,KY,3862.0
2001,2,LA,15829.0
2001,2,MA,12400.0
2001,2,MD,18294.0
2001,2,ME,2113.0
2001,2,MI,26244.0
2001,2,MN,7470.0
2001,2,MO,17264.0
2001,2,MS,6290.0
2001,2,MT,1290.0
2001,2,NC,26293.0
2001,2,ND,766.0
2001,2,NE,3762.0
2001,2,NH,1134.0
2001,2,NJ,18004.0
2001,2,NM,6594.0
2001,2,NV,6468.0
2001,2,NY,34113.0
2001,2,OH,26739.0
2001,2,OK,10575.0
2001,2,OR,12294.0
2001,2,PA,22150.0
2001,2,RI,163.0
2001,2,SC,14081.0
2001,2,SD,842.0
2001,2,TN,19740.0
2001,2,TX,75579.0
2001,2,UT,7013.0
2001,2,VA,14406.0
2001,2,VT,986.0
2001,2,WA,20585.0
2001,2,WI,10187.0
2001,2,WV,2993.0
2001,2,WY,1038.0
2001,3,AK,1941.0
2001,3,AL,243.0
2001,3,AR,8516.0
2001,3,AZ,26678.0
2001,3,CA,111264.0
2001,3,CO,12462.0
2001,3,CT,8257.0
2001,3,DC,3839.0
2001,3,DE,2590.0
2001,3,FL,
2001,3,GA,29628.0
2001,3,HI,5388.0
2001,3,IA,7109.0
2001,3,ID,3256.0
2001,3,IL,18511.0
2001,3,IN,15009.0
2001,3,KS,7840.0
2001,3,KY,4751.0
2001,3,LA,17862.0
2001,3,MA,14110.0
2001,3,MD,20636.0
2001,3,ME,1995.0
2001,3,MI,30246.0
2001,3,MN,8674.0
2001,3,MO,20287.0
2001,3,MS,7327.0
2001,3,MT,1662.0
2001,3,NC,30804.0
2001,3,ND,996.0
2001,3,NE,5418.0
2001,3,NH,1214.0
2001,3,NJ,20429.0
2001,3,NM,7811.0
2001,3,NV,7530.0
2001,3,NY,37692.0
2001,3,OH,31122.0
2001,3,OK,12740.0
2001,3,OR,13495.0
2001,3,PA,24172.0
2001,3,RI,7634.0
2001,3,SC,17127.0
2001,3,SD,1136.0
2001,3,TN,23627.0
2001,3,TX,85886.0
2001,3,UT,8006.0
2001,3,VA,17089.0
2001,3,VT,938.0
2001,3,WA,23791.0
2001,3,WI,12529.0
2001,3,WV,3868.0
2001,3,WY,1403.0
2001,4,AK,2035.0
2001,4,AL,297.0
2001,4,AR,9119.0
2001,4,AZ,26333.0
2001,4,CA,106337.0
2001,4,CO,11967.0
2001,4,CT,8448.0
2001,4,DC,3515.0
2001,4,DE,2714.0
2001,4,FL,
2001,4,GA,30410.0
2001,4,HI,5289.0
2001,4,IA,7419.0
2001,4,ID,3378.0
2001,4,IL,18804.0
2001,4,IN,15526.0
2001,4,KS,8239.0
2001,4,KY,4780.0
2001,4,LA,19254.0
2001,4,MA,14964.0
2001,4,MD,20384.0
2001,4,ME,2551.0
2001,4,MI,32430.0
2001,4,MN,9911.0
2001,4,MO,21040.0
2001,4,MS,7734.0
2001,4,MT,1568.0
2001,4,NC,31821.0
2001,4,ND,1088.0
2001,4,NE,5766.0
2001,4,NH,1347.0
2001,4,NJ,21006.0
2001,4,NM,7286.0
2001,4,NV,7169.0
2001,4,NY,39191.0
2001,4,OH,31591.0
2001,4,OK,13171.0
2001,4,OR,12746.0
2001,4,PA,25196.0
2001,4,RI,194.0
2001,4,SC,17434.0
2001,4,SD,1161.0
2001,4,TN,24153.0
2001,4,TX,90942.0
2001,4,UT,7724.0
2001,4,VA,17167.0
2001,4,VT,985.0
2001,4,WA,23451.0
2001,4,WI,13301.0
2001,4,WV,4034.0
2001,4,WY,1300.0
2001,5,AK,2183.0
2001,5,AL,249.0
2001,5,AR,9480.0
2001,5,AZ,27397.0
2001,5,CA,112535.0
2001,5,CO,12740.0
2001,5,CT,8975.0
2001,5,DC,3481.0
2001,5,DE,2875.0
2001,5,FL,
2001,5,GA,32084.0
2001,5,HI,5702.0
2001,5,IA,7973.0
2001,5,ID,3551.0
2001,5,IL,20337.0
2001,5,IN,17463.0
2001,5,KS,8828.0
2001,5,KY,5315.0
2001,5,LA,19753.0
2001,5,MA,15912.0
2001,5,MD,23306.0
2001,5,ME,2995.0
2001,5,MI,33847.0
2001,5,MN,11267.0
2001,5,MO,22013.0
2001,5,MS,8059.0
2001,5,MT,1683.0
2001,5,NC,34973.0
2001,5,ND,1248.0
2001,5,NE,5947.0
2001,5,NH,1495.0
2001,5,NJ,22982.0
2001,5,NM,7564.0
2001,5,NV,7581.0
2001,5,NY,43006.0
2001,5,OH,34858.0
2001,5,OK,14040.0
2001,5,OR,14208.0
2001,5,PA,26926.0
2001,5,RI,183.0
2001,5,SC,19429.0
2001,5,SD,1412.0
2001,5,TN,25927.0
2001,5,TX,95766.0
2001,5,UT,8292.0
2001,5,VA,18591.0
2001,5,VT,1194.0
2001,5,WA,25276.0
2001,5,WI,14860.0
2001,5,WV,4020.0
2001,5,WY,1541.0
2001,6,AK,2314.0
2001,6,AL,28953.0
2001,6,AR,9388.0
2001,6,AZ,26080.0
2001,6,CA,109874.0
2001,6,CO,13062.0
2001,6,CT,9463.0
2001,6,DC,3698.0
2001,6,DE,2705.0
2001,6,FL,117175.0
2001,6,GA,31413.0
2001,6,HI,5338.0
2001,6,IA,8364.0
2001,6,ID,3707.0
2001,6,IL,20687.0
2001,6,IN,17791.0
2001,6,KS,8936.0
2001,6,KY,5220.0
2001,6,LA,19224.0
2001,6,MA,16802.0
2001,6,MD,23109.0
2001,6,ME,3193.0
2001,6,MI,35005.0
2001,6,MN,31940.0
2001,6,MO,22154.0
2001,6,MS,8141.0
2001,6,MT,1767.0
2001,6,NC,33814.0
2001,6,ND,1418.0
2001,6,NE,6070.0
2001,6,NH,1520.0
2001,6,NJ,23760.0
2001,6,NM,7211.0
2001,6,NV,7308.0
2001,6,NY,43562.0
2001,6,OH,35878.0
2001,6,OK,13763.0
2001,6,OR,13763.0
2001,6,PA,27981.0
2001,6,RI,9194.0
2001,6,SC,19540.0
2001,6,SD,1359.0
2001,6,TN,26455.0
2001,6,TX,94251.0
2001,6,UT,7824.0
2001,6,VA,19054.0
2001,6,VT,1258.0
2001,6,WA,24817.0
2001,6,WI,15742.0
2001,6,WV,3861.0
2001,6,WY,1662.0
2001,7,AK,2450.0
2001,7,AL,269.0
2001,7,AR,10039.0
2001,7,AZ,27506.0
2001,7,CA,118055.0
2001,7,CO,13408.0
2001,7,CT,10041.0
2001,7,DC,4039.0
2001,7,DE,3081.0
2001,7,FL,
2001,7,GA,33625.0
2001,7,HI,5508.0
2001,7,IA,8916.0
2001,7,ID,3912.0
2001,7,IL,23295.0
2001,7,IN,19125.0
2001,7,KS,9241.0
2001,7,KY,5749.0
2001,7,LA,21683.0
2001,7,MA,18360.0
2001,7,MD,24200.0
2001,7,ME,3294.0
2001,7,MI,38540.0
2001,7,MN,12457.0
2001,7,MO,22986.0
2001,7,MS,8634.0
2001,7,MT,2040.0
2001,7,NC,36587.0
2001,7,ND,1551.0
2001,7,NE,6895.0
2001,7,NH,1697.0
2001,7,NJ,26776.0
2001,7,NM,7680.0
2001,7,NV,7354.0
2001,7,NY,47522.0
2001,7,OH,39148.0
2001,7,OK,14975.0
2001,7,OR,15215.0
2001,7,PA,28712.0
2001,7,RI,231.0
2001,7,SC,20197.0
2001,7,SD,1570.0
2001,7,TN,27683.0
2001,7,TX,97915.0
2001,7,UT,8412.0
2001,7,VA,20107.0
2001,7,VT,1333.0
2001,7,WA,26310.0
2001,7,WI,17236.0
2001,7,WV,3923.0
2001,7,WY,1820.0
2001,8,AK,2491.0
2001,8,AL,251.0
2001,8,AR,9778.0
2001,8,AZ,26581.0
2001,8,CA,117459.0
2001,8,CO,13374.0
2001,8,CT,10259.0
2001,8,DC,4296.0
2001,8,DE,2942.0
2001,8,FL,
2001,8,GA,33558.0
2001,8,HI,5709.0
2001,8,IA,8767.0
2001,8,ID,3902.0
2001,8,IL,22997.0
2001,8,IN,19026.0
2001,8,KS,8770.0
2001,8,KY,5578.0
2001,8,LA,19873.0
2001,8,MA,19273.0
2001,8,MD,24111.0
2001,8,ME,3569.0
2001,8,MI,39382.0
2001,8,MN,12884.0
2001,8,MO,22972.0
2001,8,MS,8381.0
2001,8,MT,1967.0
2001,8,NC,35594.0
2001,8,ND,1587.0
2001,8,NE,7058.0
2001,8,NH,1638.0
2001,8,NJ,26141.0
2001,8,NM,7436.0
2001,8,NV,7704.0
2001,8,NY,47200.0
2001,8,OH,40303.0
2001,8,OK,14603.0
2001,8,OR,14711.0
2001,8,PA,29639.0
2001,8,RI,231.0
2001,8,SC,19942.0
2001,8,SD,1705.0
2001,8,TN,26819.0
2001,8,TX,95732.0
2001,8,UT,7739.0
2001,8,VA,20780.0
2001,8,VT,1355.0
2001,8,WA,27058.0
2001,8,WI,17838.0
2001,8,WV,3996.0
2001,8,WY,1642.0
2001,9,AK,2199.0
2001,9,AL,275.0
2001,9,AR,8915.0
2001,9,AZ,25661.0
2001,9,CA,111992.0
2001,9,CO,13317.0
2001,9,CT,9298.0
2001,9,DC,4232.0
2001,9,DE,2686.0
2001,9,FL,
2001,9,GA,31278.0
2001,9,HI,5225.0
2001,9,IA,8212.0
2001,9,ID,3492.0
2001,9,IL,21845.0
2001,9,IN,17124.0
2001,9,KS,8091.0
2001,9,KY,5184.0
2001,9,LA,18982.0
2001,9,MA,17478.0
2001,9,MD,23756.0
2001,9,ME,3074.0
2001,9,MI,35803.0
2001,9,MN,11229.0
2001,9,MO,22588.0
2001,9,MS,7905.0
2001,9,MT,1931.0
2001,9,NC,33874.0
2001,9,ND,1267.0
2001,9,NE,6262.0
2001,9,NH,1411.0
2001,9,NJ,24129.0
2001,9,NM,7556.0
2001,9,NV,7546.0
2001,9,NY,41565.0
2001,9,OH,35286.0
2001,9,OK,13339.0
2001,9,OR,14550.0
2001,9,PA,26874.0
2001,9,RI,10686.0
2001,9,SC,18287.0
2001,9,SD,1291.0
2001,9,TN,25143.0
2001,9,TX,93069.0
2001,9,UT,7556.0
2001,9,VA,18743.0
2001,9,VT,1177.0
2001,9,WA,25104.0
2001,9,WI,16168.0
2001,9,WV,3381.0
2001,9,WY,1462.0
2001,10,AK,1688.0
2001,10,AL,254.0
2001,10,AR,8860.0
2001,10,AZ,29100.0
2001,10,CA,124161.0
2001,10,CO,14198.0
2001,10,CT,9639.0
2001,10,DC,4401.0
2001,10,DE,2985.0
2001,10,FL,
2001,10,GA,33429.0
2001,10,HI,5976.0
2001,10,IA,8660.0
2001,10,ID,3801.0
2001,10,IL,22865.0
2001,10,IN,18426.0
2001,10,KS,8922.0
2001,10,KY,5638.0
2001,10,LA,19992.0
2001,10,MA,18363.0
2001,10,MD,25130.0
2001,10,ME,3314.0
2001,10,MI,37826.0
2001,10,MN,11613.0
2001,10,MO,23580.0
2001,10,MS,8004.0
2001,10,MT,1932.0
2001,10,NC,36266.0
2001,10,ND,1304.0
2001,10,NE,6768.0
2001,10,NH,1751.0
2001,10,NJ,25611.0
2001,10,NM,8402.0
2001,10,NV,8333.0
2001,10,NY,44946.0
2001,10,OH,38545.0
2001,10,OK,14375.0
2001,10,OR,16679.0
2001,10,PA,29023.0
2001,10,RI,233.0
2001,10,SC,19464.0
2001,10,SD,1328.0
2001,10,TN,26244.0
2001,10,TX,99216.0
2001,10,UT,8517.0
2001,10,VA,20080.0
2001,10,VT,1305.0
2001,10,WA,28650.0
2001,10,WI,17645.0
2001,10,WV,2971.0
2001,10,WY,1621.0
2001,11,AK,1556.0
2001,11,AL,255.0
2001,11,AR,8404.0
2001,11,AZ,27375.0
2001,11,CA,115254.0
2001,11,CO,12945.0
2001,11,CT,9326.0
2001,11,DC,3896.0
2001,11,DE,2803.0
2001,11,FL,
2001,11,GA,30373.0
2001,11,HI,5436.0
2001,11,IA,8069.0
2001,11,ID,3377.0
2001,11,IL,19997.0
2001,11,IN,16776.0
2001,11,KS,7938.0
2001,11,KY,4958.0
2001,11,LA,18375.0
2001,11,MA,16482.0
2001,11,MD,22806.0
2001,11,ME,3145.0
2001,11,MI,35168.0
2001,11,MN,10492.0
2001,11,MO,21621.0
2001,11,MS,7660.0
2001,11,MT,1627.0
2001,11,NC,33669.0
2001,11,ND,1173.0
2001,11,NE,5939.0
2001,11,NH,1490.0
2001,11,NJ,23681.0
2001,11,NM,7207.0
2001,11,NV,8002.0
2001,11,NY,42731.0
2001,11,OH,35402.0
2001,11,OK,13380.0
2001,11,OR,16012.0
2001,11,PA,26813.0
2001,11,RI,272.0
2001,11,SC,17851.0
2001,11,SD,1269.0
2001,11,TN,23700.0
2001,11,TX,91883.0
2001,11,UT,7797.0
2001,11,VA,18459.0
2001,11,VT,1158.0
2001,11,WA,27180.0
2001,11,WI,15713.0
2001,11,WV,3109.0
2001,11,WY,1353.0
2001,12,AK,2456.0
2001,12,AL,133944.0
2001,12,AR,8140.0
2001,12,AZ,29204.0
2001,12,CA,121973.0
2001,12,CO,31799.0
2001,12,CT,9063.0
2001,12,DC,4190.0
2001,12,DE,2846.0
2001,12,FL,798420.0
2001,12,GA,29883.0
2001,12,HI,6104.0
2001,12,IA,7208.0
2001,12,ID,3248.0
2001,12,IL,18663.0
2001,12,IN,19272.0
2001,12,KS,8078.0
2001,12,KY,5225.0
2001,12,LA,18934.0
2001,12,MA,17166.0
2001,12,MD,21965.0
2001,12,ME,3073.0
2001,12,MI,31145.0
2001,12,MN,35714.0
2001,12,MO,19180.0
2001,12,MS,8034.0
2001,12,MT,1494.0
2001,12,NC,33335.0
2001,12,ND,1064.0
2001,12,NE,5824.0
2001,12,NH,1335.0
2001,12,NJ,23350.0
2001,12,NM,6969.0
2001,12,NV,8024.0
2001,12,NY,38930.0
2001,12,OH,35286.0
2001,12,OK,13047.0
2001,12,OR,16775.0
2001,12,PA,26624.0
2001,12,RI,10476.0
2001,12,SC,17760.0
2001,12,SD,1195.0
2001,12,TN,24142.0
2001,12,TX,94933.0
2001,12,UT,7673.0
2001,12,VA,18268.0
2001,12,VT,2774.0
2001,12,WA,27455.0
2001,12,WI,13952.0
2001,12,WV,2389.0
2001,12,WY,1427.0
2002,1,AK,1853.0
2002,1,AL,245.0
2002,1,AR,8419.0
2002,1,AZ,33144.0
2002,1,CA,125629.0
2002,1,CO,13622.0
2002,1,CT,8798.0
2002,1,DC,3613.0
2002,1,DE,2338.0
2002,1,FL,
2002,1,GA,30864.0
2002,1,HI,5944.0
2002,1,IA,7731.0
2002,1,ID,3239.0
2002,1,IL,18347.0
2002,1,IN,15553.0
2002,1,KS,7480.0
2002,1,KY,5126.0
2002,1,LA,17141.0
2002,1,MA,15065.0
2002,1,MD,21652.0
2002,1,ME,2618.0
2002,1,MI,31973.0
2002,1,MN,9956.0
2002,1,MO,20937.0
2002,1,MS,7688.0
2002,1,MT,1634.0
2002,1,NC,31043.0
2002,1,ND,1068.0
2002,1,NE,5734.0
2002,1,NH,1570.0
2002,1,NJ,21196.0
2002,1,NM,7297.0
2002,1,NV,8550.0
2002,1,NY,42631.0
2002,1,OH,33579.0
2002,1,OK,13063.0
2002,1,OR,14765.0
2002,1,PA,26104.0
2002,1,RI,246.0
2002,1,SC,17364.0
2002,1,SD,1169.0
2002,1,TN,22566.0
2002,1,TX,92339.0
2002,1,UT,7836.0
2002,1,VA,17812.0
2002,1,VT,1152.0
2002,1,WA,26485.0
2002,1,WI,13221.0
2002,1,WV,2816.0
2002,1,WY,1365.0
2002,2,AK,1665.0
2002,2,AL,185.0
2002,2,AR,6863.0
2002,2,AZ,27332.0
2002,2,CA,108398.0
2002,2,CO,11738.0
2002,2,CT,7417.0
2002,2,DC,3462.0
2002,2,DE,2153.0
2002,2,FL,
2002,2,GA,25574.0
2002,2,HI,5624.0
2002,2,IA,6430.0
2002,2,ID,2921.0
2002,2,IL,15082.0
2002,2,IN,12964.0
2002,2,KS,6684.0
2002,2,KY,4259.0
2002,2,LA,15020.0
2002,2,MA,13557.0
2002,2,MD,18518.0
2002,2,ME,2175.0
2002,2,MI,24270.0
2002,2,MN,9064.0
2002,2,MO,17883.0
2002,2,MS,6153.0
2002,2,MT,1442.0
2002,2,NC,26098.0
2002,2,ND,975.0
2002,2,NE,4676.0
2002,2,NH,1297.0
2002,2,NJ,18247.0
2002,2,NM,6528.0
2002,2,NV,7310.0
2002,2,NY,35684.0
2002,2,OH,28117.0
2002,2,OK,10910.0
2002,2,OR,13091.0
2002,2,PA,23007.0
2002,2,RI,206.0
2002,2,SC,14366.0
2002,2,SD,975.0
2002,2,TN,18789.0
2002,2,TX,77416.0
2002,2,UT,7164.0
2002,2,VA,15476.0
2002,2,VT,1001.0
2002,2,WA,22658.0
2002,2,WI,12022.0
2002,2,WV,2375.0
2002,2,WY,1084.0
2002,3,AK,1752.0
2002,3,AL,239.0
2002,3,AR,8369.0
2002,3,AZ,28070.0
2002,3,CA,116642.0
2002,3,CO,13146.0
2002,3,CT,8512.0
2002,3,DC,3581.0
2002,3,DE,2454.0
2002,3,FL,
2002,3,GA,28458.0
2002,3,HI,6161.0
2002,3,IA,7372.0
2002,3,ID,3366.0
2002,3,IL,17497.0
2002,3,IN,14456.0
2002,3,KS,7661.0
2002,3,KY,4866.0
2002,3,LA,17075.0
2002,3,MA,15553.0
2002,3,MD,19655.0
2002,3,ME,2498.0
2002,3,MI,28596.0
2002,3,MN,9147.0
2002,3,MO,20446.0
2002,3,MS,6944.0
2002,3,MT,1747.0
2002,3,NC,30509.0
2002,3,ND,999.0
2002,3,NE,5444.0
2002,3,NH,1565.0
2002,3,NJ,19878.0
2002,3,NM,7205.0
2002,3,NV,7545.0
2002,3,NY,38343.0
2002,3,OH,31465.0
2002,3,OK,12405.0
2002,3,OR,13497.0
2002,3,PA,25116.0
2002,3,RI,9053.0
2002,3,SC,17381.0
2002,3,SD,1053.0
2002,3,TN,22933.0
2002,3,TX,90628.0
2002,3,UT,8185.0
2002,3,VA,17657.0
2002,3,VT,1092.0
2002,3,WA,24520.0
2002,3,WI,12057.0
2002,3,WV,3402.0
2002,3,WY,1250.0
2002,4,AK,1830.0
2002,4,AL,256.0
2002,4,AR,8916.0
2002,4,AZ,27581.0
2002,4,CA,114194.0
2002,4,CO,12576.0
2002,4,CT,8185.0
2002,4,DC,3562.0
2002,4,DE,2258.0
2002,4,FL,
2002,4,GA,30225.0
2002,4,HI,6218.0
2002,4,IA,7853.0
2002,4,ID,3546.0
2002,4,IL,18476.0
2002,4,IN,15945.0
2002,4,KS,8136.0
2002,4,KY,5005.0
2002,4,LA,18283.0
2002,4,MA,15475.0
2002,4,MD,21468.0
2002,4,ME,2834.0
2002,4,MI,30468.0
2002,4,MN,10160.0
2002,4,MO,20767.0
2002,4,MS,7768.0
2002,4,MT,1672.0
2002,4,NC,31771.0
2002,4,ND,1112.0
2002,4,NE,5733.0
2002,4,NH,1569.0
2002,4,NJ,20067.0
2002,4,NM,7114.0
2002,4,NV,8233.0
2002,4,NY,40667.0
2002,4,OH,31656.0
2002,4,OK,13259.0
2002,4,OR,13656.0
2002,4,PA,25480.0
2002,4,RI,290.0
2002,4,SC,18111.0
2002,4,SD,1254.0
2002,4,TN,24156.0
2002,4,TX,93507.0
2002,4,UT,8204.0
2002,4,VA,18590.0
2002,4,VT,1094.0
2002,4,WA,25017.0
2002,4,WI,12967.0
2002,4,WV,3167.0
2002,4,WY,1399.0
2002,5,AK,2158.0
2002,5,AL,315.0
2002,5,AR,9475.0
2002,5,AZ,28607.0
2002,5,CA,117901.0
2002,5,CO,13415.0
2002,5,CT,9120.0
2002,5,DC,3575.0
2002,5,DE,2276.0
2002,5,FL,
2002,5,GA,32321.0
2002,5,HI,6463.0
2002,5,IA,8313.0
2002,5,ID,3827.0
2002,5,IL,20030.0
2002,5,IN,17204.0
2002,5,KS,8548.0
2002,5,KY,5566.0
2002,5,LA,18770.0
2002,5,MA,16866.0
2002,5,MD,22508.0
2002,5,ME,2989.0
2002,5,MI,32371.0
2002,5,MN,11392.0
2002,5,MO,21764.0
2002,5,MS,8012.0
2002,5,MT,1887.0
2002,5,NC,33587.0
2002,5,ND,1201.0
2002,5,NE,5958.0
2002,5,NH,1711.0
2002,5,NJ,21637.0
2002,5,NM,7397.0
2002,5,NV,7799.0
2002,5,NY,43777.0
2002,5,OH,34891.0
2002,5,OK,14237.0
2002,5,OR,14908.0
2002,5,PA,26347.0
2002,5,RI,214.0
2002,5,SC,19352.0
2002,5,SD,1337.0
2002,5,TN,26313.0
2002,5,TX,97841.0
2002,5,UT,8450.0
2002,5,VA,19667.0
2002,5,VT,1321.0
2002,5,WA,26019.0
2002,5,WI,14601.0
2002,5,WV,3565.0
2002,5,WY,1590.0
2002,6,AK,2313.0
2002,6,AL,33528.0
2002,6,AR,9250.0
2002,6,AZ,26911.0
2002,6,CA,112150.0
2002,6,CO,13054.0
2002,6,CT,8735.0
2002,6,DC,3429.0
2002,6,DE,2827.0
2002,6,FL,113724.0
2002,6,GA,31035.0
2002,6,HI,6367.0
2002,6,IA,8991.0
2002,6,ID,3735.0
2002,6,IL,20785.0
2002,6,IN,17140.0
2002,6,KS,9125.0
2002,6,KY,5294.0
2002,6,LA,18466.0
2002,6,MA,16675.0
2002,6,MD,22440.0
2002,6,ME,3093.0
2002,6,MI,33632.0
2002,6,MN,32277.0
2002,6,MO,22132.0
2002,6,MS,7760.0
2002,6,MT,2008.0
2002,6,NC,33029.0
2002,6,ND,1476.0
2002,6,NE,6179.0
2002,6,NH,1804.0
2002,6,NJ,22127.0
2002,6,NM,7363.0
2002,6,NV,7529.0
2002,6,NY,43324.0
2002,6,OH,36449.0
2002,6,OK,14652.0
2002,6,OR,13713.0
2002,6,PA,26539.0
2002,6,RI,9155.0
2002,6,SC,19573.0
2002,6,SD,1423.0
2002,6,TN,25674.0
2002,6,TX,95961.0
2002,6,UT,8642.0
2002,6,VA,19869.0
2002,6,VT,1209.0
2002,6,WA,24396.0
2002,6,WI,15210.0
2002,6,WV,3625.0
2002,6,WY,1660.0
2002,7,AK,2811.0
2002,7,AL,280.0
2002,7,AR,10324.0
2002,7,AZ,28388.0
2002,7,CA,118621.0
2002,7,CO,13595.0
2002,7,CT,10030.0
2002,7,DC,4407.0
2002,7,DE,3227.0
2002,7,FL,
2002,7,GA,33722.0
2002,7,HI,6388.0
2002,7,IA,9697.0
2002,7,ID,3962.0
2002,7,IL,23231.0
2002,7,IN,21040.0
2002,7,KS,9545.0
2002,7,KY,5947.0
2002,7,LA,19707.0
2002,7,MA,18687.0
2002,7,MD,25341.0
2002,7,ME,3432.0
2002,7,MI,37086.0
2002,7,MN,13474.0
2002,7,MO,24500.0
2002,7,MS,8275.0
2002,7,MT,2215.0
2002,7,NC,35264.0
2002,7,ND,1646.0
2002,7,NE,6902.0
2002,7,NH,2053.0
2002,7,NJ,25178.0
2002,7,NM,7940.0
2002,7,NV,8527.0
2002,7,NY,25531.0
2002,7,OH,39293.0
2002,7,OK,15839.0
2002,7,OR,14473.0
2002,7,PA,29304.0
2002,7,RI,221.0
2002,7,SC,21134.0
2002,7,SD,1609.0
2002,7,TN,27470.0
2002,7,TX,104070.0
2002,7,UT,9087.0
2002,7,VA,21674.0
2002,7,VT,1362.0
2002,7,WA,26272.0
2002,7,WI,17598.0
2002,7,WV,3884.0
2002,7,WY,1805.0
2002,8,AK,2809.0
2002,8,AL,296.0
2002,8,AR,9714.0
2002,8,AZ,28819.0
2002,8,CA,116199.0
2002,8,CO,14236.0
2002,8,CT,9921.0
2002,8,DC,3787.0
2002,8,DE,3317.0
2002,8,FL,
2002,8,GA,33198.0
2002,8,HI,6940.0
2002,8,IA,9915.0
2002,8,ID,4051.0
2002,8,IL,23267.0
2002,8,IN,19099.0
2002,8,KS,9702.0
2002,8,KY,5814.0
2002,8,LA,19391.0
2002,8,MA,18282.0
2002,8,MD,23923.0
2002,8,ME,3613.0
2002,8,MI,38161.0
2002,8,MN,13549.0
2002,8,MO,22959.0
2002,8,MS,8343.0
2002,8,MT,2233.0
2002,8,NC,34269.0
2002,8,ND,1427.0
2002,8,NE,6800.0
2002,8,NH,2053.0
2002,8,NJ,25566.0
2002,8,NM,7542.0
2002,8,NV,8687.0
2002,8,NY,26962.0
2002,8,OH,39960.0
2002,8,OK,15758.0
2002,8,OR,14820.0
2002,8,PA,30789.0
2002,8,RI,256.0
2002,8,SC,20125.0
2002,8,SD,1651.0
2002,8,TN,26946.0
2002,8,TX,101462.0
2002,8,UT,9394.0
2002,8,VA,21155.0
2002,8,VT,1480.0
2002,8,WA,25903.0
2002,8,WI,17315.0
2002,8,WV,3869.0
2002,8,WY,1877.0
2002,9,AK,2426.0
2002,9,AL,293.0
2002,9,AR,9574.0
2002,9,AZ,28637.0
2002,9,CA,113865.0
2002,9,CO,13518.0
2002,9,CT,9132.0
2002,9,DC,4284.0
2002,9,DE,3037.0
2002,9,FL,
2002,9,GA,32197.0
2002,9,HI,6347.0
2002,9,IA,9008.0
2002,9,ID,3638.0
2002,9,IL,21902.0
2002,9,IN,18184.0
2002,9,KS,8875.0
2002,9,KY,5380.0
2002,9,LA,18266.0
2002,9,MA,16808.0
2002,9,MD,23374.0
2002,9,ME,3154.0
2002,9,MI,36144.0
2002,9,MN,11985.0
2002,9,MO,24803.0
2002,9,MS,7927.0
2002,9,MT,2115.0
2002,9,NC,33714.0
2002,9,ND,1367.0
2002,9,NE,6340.0
2002,9,NH,1903.0
2002,9,NJ,23017.0
2002,9,NM,7418.0
2002,9,NV,8771.0
2002,9,NY,90472.0
2002,9,OH,36308.0
2002,9,OK,14533.0
2002,9,OR,14340.0
2002,9,PA,28322.0
2002,9,RI,10179.0
2002,9,SC,19013.0
2002,9,SD,1444.0
2002,9,TN,25150.0
2002,9,TX,96484.0
2002,9,UT,9223.0
2002,9,VA,19893.0
2002,9,VT,1282.0
2002,9,WA,24848.0
2002,9,WI,16181.0
2002,9,WV,3728.0
2002,9,WY,1581.0
2002,10,AK,2037.0
2002,10,AL,252.0
2002,10,AR,9452.0
2002,10,AZ,30388.0
2002,10,CA,119882.0
2002,10,CO,13585.0
2002,10,CT,8473.0
2002,10,DC,4269.0
2002,10,DE,3198.0
2002,10,FL,
2002,10,GA,33032.0
2002,10,HI,6803.0
2002,10,IA,8669.0
2002,10,ID,3728.0
2002,10,IL,21664.0
2002,10,IN,18105.0
2002,10,KS,8429.0
2002,10,KY,5432.0
2002,10,LA,17644.0
2002,10,MA,16954.0
2002,10,MD,25357.0
2002,10,ME,2939.0
2002,10,MI,34777.0
2002,10,MN,11849.0
2002,10,MO,23776.0
2002,10,MS,7806.0
2002,10,MT,1989.0
2002,10,NC,33013.0
2002,10,ND,1132.0
2002,10,NE,6031.0
2002,10,NH,1854.0
2002,10,NJ,22803.0
2002,10,NM,7019.0
2002,10,NV,8979.0
2002,10,NY,24322.0
2002,10,OH,37551.0
2002,10,OK,14751.0
2002,10,OR,15033.0
2002,10,PA,29203.0
2002,10,RI,240.0
2002,10,SC,18765.0
2002,10,SD,1303.0
2002,10,TN,25413.0
2002,10,TX,98178.0
2002,10,UT,9386.0
2002,10,VA,19042.0
2002,10,VT,1184.0
2002,10,WA,26822.0
2002,10,WI,16008.0
2002,10,WV,3780.0
2002,10,WY,1515.0
2002,11,AK,2149.0
2002,11,AL,202.0
2002,11,AR,8725.0
2002,11,AZ,27823.0
2002,11,CA,114420.0
2002,11,CO,12335.0
2002,11,CT,7339.0
2002,11,DC,4262.0
2002,11,DE,2815.0
2002,11,FL,
2002,11,GA,29793.0
2002,11,HI,6107.0
2002,11,IA,7578.0
2002,11,ID,3474.0
2002,11,IL,19119.0
2002,11,IN,16236.0
2002,11,KS,7370.0
2002,11,KY,4962.0
2002,11,LA,16325.0
2002,11,MA,14915.0
2002,11,MD,20125.0
2002,11,ME,2576.0
2002,11,MI,30467.0
2002,11,MN,9838.0
2002,11,MO,20110.0
2002,11,MS,6727.0
2002,11,MT,2004.0
2002,11,NC,30366.0
2002,11,ND,916.0
2002,11,NE,5647.0
2002,11,NH,1621.0
2002,11,NJ,20761.0
2002,11,NM,6240.0
2002,11,NV,7660.0
2002,11,NY,21583.0
2002,11,OH,34425.0
2002,11,OK,13672.0
2002,11,OR,13822.0
2002,11,PA,25794.0
2002,11,RI,203.0
2002,11,SC,16951.0
2002,11,SD,1184.0
2002,11,TN,23926.0
2002,11,TX,91233.0
2002,11,UT,8642.0
2002,11,VA,17759.0
2002,11,VT,974.0
2002,11,WA,25125.0
2002,11,WI,14106.0
2002,11,WV,3545.0
2002,11,WY,1256.0
2002,12,AK,2840.0
2002,12,AL,146558.0
2002,12,AR,9167.0
2002,12,AZ,28514.0
2002,12,CA,118919.0
2002,12,CO,36586.0
2002,12,CT,7426.0
2002,12,DC,3757.0
2002,12,DE,2866.0
2002,12,FL,789748.0
2002,12,GA,31498.0
2002,12,HI,6403.0
2002,12,IA,7523.0
2002,12,ID,3482.0
2002,12,IL,18622.0
2002,12,IN,16453.0
2002,12,KS,7687.0
2002,12,KY,5207.0
2002,12,LA,16936.0
2002,12,MA,14666.0
2002,12,MD,20006.0
2002,12,ME,2542.0
2002,12,MI,31468.0
2002,12,MN,34756.0
2002,12,MO,21155.0
2002,12,MS,7160.0
2002,12,MT,1762.0
2002,12,NC,30419.0
2002,12,ND,1006.0
2002,12,NE,5879.0
2002,12,NH,1508.0
2002,12,NJ,20856.0
2002,12,NM,6422.0
2002,12,NV,8813.0
2002,12,NY,105663.0
2002,12,OH,32431.0
2002,12,OK,13815.0
2002,12,OR,13875.0
2002,12,PA,25377.0
2002,12,RI,8737.0
2002,12,SC,17686.0
2002,12,SD,1277.0
2002,12,TN,23771.0
2002,12,TX,95818.0
2002,12,UT,9028.0
2002,12,VA,18151.0
2002,12,VT,2602.0
2002,12,WA,26181.0
2002,12,WI,13359.0
2002,12,WV,3289.0
2002,12,WY,1327.0
2003,1,AK,2267.0
2003,1,AL,250.0
2003,1,AR,7743.0
2003,1,AZ,28772.0
2003,1,CA,121871.0
2003,1,CO,15050.0
2003,1,CT,7063.0
2003,1,DC,3408.0
2003,1,DE,2550.0
2003,1,FL,
2003,1,GA,32076.0
2003,1,HI,6358.0
2003,1,IA,7071.0
2003,1,ID,3314.0
2003,1,IL,17110.0
2003,1,IN,15192.0
2003,1,KS,7791.0
2003,1,KY,4799.0
2003,1,LA,16546.0
2003,1,MA,14547.0
2003,1,MD,19831.0
2003,1,ME,2317.0
2003,1,MI,28409.0
2003,1,MN,9128.0
2003,1,MO,20527.0
2003,1,MS,7451.0
2003,1,MT,1721.0
2003,1,NC,30139.0
2003,1,ND,898.0
2003,1,NE,5407.0
2003,1,NH,1321.0
2003,1,NJ,20036.0
2003,1,NM,6891.0
2003,1,NV,9368.0
2003,1,NY,18960.0
2003,1,OH,28428.0
2003,1,OK,13739.0
2003,1,OR,14387.0
2003,1,PA,24790.0
2003,1,RI,232.0
2003,1,SC,16812.0
2003,1,SD,1101.0
2003,1,TN,22444.0
2003,1,TX,92505.0
2003,1,UT,8869.0
2003,1,VA,17478.0
2003,1,VT,924.0
2003,1,WA,26369.0
2003,1,WI,12178.0
2003,1,WV,3250.0
2003,1,WY,1380.0
2003,2,AK,2072.0
2003,2,AL,203.0
2003,2,AR,5992.0
2003,2,AZ,25519.0
2003,2,CA,107010.0
2003,2,CO,11826.0
2003,2,CT,5802.0
2003,2,DC,2862.0
2003,2,DE,1968.0
2003,2,FL,
2003,2,GA,26731.0
2003,2,HI,5320.0
2003,2,IA,5726.0
2003,2,ID,2896.0
2003,2,IL,14520.0
2003,2,IN,12363.0
2003,2,KS,5223.0
2003,2,KY,3946.0
2003,2,LA,13127.0
2003,2,MA,11659.0
2003,2,MD,14917.0
2003,2,ME,2106.0
2003,2,MI,23467.0
2003,2,MN,7804.0
2003,2,MO,17439.0
2003,2,MS,6051.0
2003,2,MT,1420.0
2003,2,NC,25425.0
2003,2,ND,724.0
2003,2,NE,4359.0
2003,2,NH,1278.0
2003,2,NJ,15223.0
2003,2,NM,5870.0
2003,2,NV,7679.0
2003,2,NY,16130.0
2003,2,OH,24062.0
2003,2,OK,11490.0
2003,2,OR,13061.0
2003,2,PA,19407.0
2003,2,RI,145.0
2003,2,SC,13924.0
2003,2,SD,814.0
2003,2,TN,19123.0
2003,2,TX,76803.0
2003,2,UT,7567.0
2003,2,VA,14264.0
2003,2,VT,895.0
2003,2,WA,22728.0
2003,2,WI,10203.0
2003,2,WV,2606.0
2003,2,WY,1031.0
2003,3,AK,2274.0
2003,3,AL,287.0
2003,3,AR,8013.0
2003,3,AZ,28670.0
2003,3,CA,119727.0
2003,3,CO,13446.0
2003,3,CT,7500.0
2003,3,DC,3210.0
2003,3,DE,2663.0
2003,3,FL,
2003,3,GA,31396.0
2003,3,HI,6125.0
2003,3,IA,7106.0
2003,3,ID,3509.0
2003,3,IL,17915.0
2003,3,IN,15700.0
2003,3,KS,7528.0
2003,3,KY,4795.0
2003,3,LA,16571.0
2003,3,MA,15179.0
2003,3,MD,19715.0
2003,3,ME,2639.0
2003,3,MI,27629.0
2003,3,MN,9164.0
2003,3,MO,20977.0
2003,3,MS,7481.0
2003,3,MT,1674.0
2003,3,NC,31939.0
2003,3,ND,834.0
2003,3,NE,5760.0
2003,3,NH,1514.0
2003,3,NJ,19567.0
2003,3,NM,6958.0
2003,3,NV,9311.0
2003,3,NY,74055.0
2003,3,OH,31196.0
2003,3,OK,14111.0
2003,3,OR,14927.0
2003,3,PA,24430.0
2003,3,RI,7344.0
2003,3,SC,17502.0
2003,3,SD,1127.0
2003,3,TN,24015.0
2003,3,TX,93994.0
2003,3,UT,8687.0
2003,3,VA,17958.0
2003,3,VT,1022.0
2003,3,WA,25586.0
2003,3,WI,12530.0
2003,3,WV,3458.0
2003,3,WY,1262.0
2003,4,AK,2339.0
2003,4,AL,300.0
2003,4,AR,8272.0
2003,4,AZ,28051.0
2003,4,CA,118239.0
2003,4,CO,13007.0
2003,4,CT,7622.0
2003,4,DC,3459.0
2003,4,DE,2576.0
2003,4,FL,
2003,4,GA,31833.0
2003,4,HI,6136.0
2003,4,IA,7616.0
2003,4,ID,3506.0
2003,4,IL,18543.0
2003,4,IN,16210.0
2003,4,KS,7694.0
2003,4,KY,5440.0
2003,4,LA,17434.0
2003,4,MA,15178.0
2003,4,MD,21060.0
2003,4,ME,2802.0
2003,4,MI,29835.0
2003,4,MN,9995.0
2003,4,MO,20528.0
2003,4,MS,7685.0
2003,4,MT,1945.0
2003,4,NC,31670.0
2003,4,ND,1069.0
2003,4,NE,5662.0
2003,4,NH,1495.0
2003,4,NJ,20222.0
2003,4,NM,7057.0
2003,4,NV,9256.0
2003,4,NY,20703.0
2003,4,OH,32902.0
2003,4,OK,14283.0
2003,4,OR,14552.0
2003,4,PA,25950.0
2003,4,RI,
2003,4,SC,18209.0
2003,4,SD,1230.0
2003,4,TN,24573.0
2003,4,TX,97332.0
2003,4,UT,8718.0
2003,4,VA,17906.0
2003,4,VT,1104.0
2003,4,WA,25897.0
2003,4,WI,13128.0
2003,4,WV,3645.0
2003,4,WY,1432.0
2003,5,AK,2474.0
2003,5,AL,264.0
2003,5,AR,8759.0
2003,5,AZ,27842.0
2003,5,CA,120796.0
2003,5,CO,13686.0
2003,5,CT,8099.0
2003,5,DC,3812.0
2003,5,DE,2700.0
2003,5,FL,
2003,5,GA,33096.0
2003,5,HI,6206.0
2003,5,IA,8208.0
2003,5,ID,3905.0
2003,5,IL,19356.0
2003,5,IN,17861.0
2003,5,KS,8206.0
2003,5,KY,5195.0
2003,5,LA,17845.0
2003,5,MA,16284.0
2003,5,MD,22192.0
2003,5,ME,2973.0
2003,5,MI,32138.0
2003,5,MN,11000.0
2003,5,MO,22386.0
2003,5,MS,8201.0
2003,5,MT,2132.0
2003,5,NC,33581.0
2003,5,ND,1286.0
2003,5,NE,6067.0
2003,5,NH,1668.0
2003,5,NJ,20961.0
2003,5,NM,7173.0
2003,5,NV,9023.0
2003,5,NY,23003.0
2003,5,OH,34976.0
2003,5,OK,15386.0
2003,5,OR,15379.0
2003,5,PA,27149.0
2003,5,RI,
2003,5,SC,20229.0
2003,5,SD,1576.0
2003,5,TN,25757.0
2003,5,TX,101061.0
2003,5,UT,8659.0
2003,5,VA,19577.0
2003,5,VT,1128.0
2003,5,WA,26978.0
2003,5,WI,14522.0
2003,5,WV,3719.0
2003,5,WY,1641.0
2003,6,AK,2522.0
2003,6,AL,34177.0
2003,6,AR,8680.0
2003,6,AZ,26863.0
2003,6,CA,115960.0
2003,6,CO,13439.0
2003,6,CT,8505.0
2003,6,DC,3762.0
2003,6,DE,2890.0
2003,6,FL,112574.0
2003,6,GA,32508.0
2003,6,HI,5909.0
2003,6,IA,8416.0
2003,6,ID,3590.0
2003,6,IL,19810.0
2003,6,IN,19079.0
2003,6,KS,8246.0
2003,6,KY,4828.0
2003,6,LA,18082.0
2003,6,MA,16812.0
2003,6,MD,22151.0
2003,6,ME,3110.0
2003,6,MI,35206.0
2003,6,MN,31612.0
2003,6,MO,23014.0
2003,6,MS,7948.0
2003,6,MT,2068.0
2003,6,NC,32771.0
2003,6,ND,1163.0
2003,6,NE,5994.0
2003,6,NH,1704.0
2003,6,NJ,21915.0
2003,6,NM,6780.0
2003,6,NV,9101.0
2003,6,NY,78027.0
2003,6,OH,34606.0
2003,6,OK,15279.0
2003,6,OR,14823.0
2003,6,PA,26902.0
2003,6,RI,9290.0
2003,6,SC,19197.0
2003,6,SD,1560.0
2003,6,TN,25716.0
2003,6,TX,99257.0
2003,6,UT,8418.0
2003,6,VA,18334.0
2003,6,VT,1157.0
2003,6,WA,25638.0
2003,6,WI,14741.0
2003,6,WV,3607.0
2003,6,WY,1715.0
2003,7,AK,2787.0
2003,7,AL,248.0
2003,7,AR,9430.0
2003,7,AZ,28421.0
2003,7,CA,119252.0
2003,7,CO,14676.0
2003,7,CT,9220.0
2003,7,DC,4017.0
2003,7,DE,3212.0
2003,7,FL,
2003,7,GA,34462.0
2003,7,HI,5896.0
2003,7,IA,9189.0
2003,7,ID,4094.0
2003,7,IL,22494.0
2003,7,IN,20276.0
2003,7,KS,9147.0
2003,7,KY,6395.0
2003,7,LA,19225.0
2003,7,MA,18503.0
2003,7,MD,23781.0
2003,7,ME,3389.0
2003,7,MI,37061.0
2003,7,MN,12277.0
2003,7,MO,24767.0
2003,7,MS,8390.0
2003,7,MT,2121.0
2003,7,NC,34899.0
2003,7,ND,1328.0
2003,7,NE,6343.0
2003,7,NH,1987.0
2003,7,NJ,24397.0
2003,7,NM,7419.0
2003,7,NV,9376.0
2003,7,NY,24922.0
2003,7,OH,39278.0
2003,7,OK,15674.0
2003,7,OR,15772.0
2003,7,PA,30376.0
2003,7,RI,
2003,7,SC,20668.0
2003,7,SD,1603.0
2003,7,TN,27836.0
2003,7,TX,102857.0
2003,7,UT,8847.0
2003,7,VA,19969.0
2003,7,VT,1299.0
2003,7,WA,26954.0
2003,7,WI,17039.0
2003,7,WV,3632.0
2003,7,WY,1835.0
2003,8,AK,2596.0
2003,8,AL,282.0
2003,8,AR,9278.0
2003,8,AZ,28121.0
2003,8,CA,117901.0
2003,8,CO,14330.0
2003,8,CT,9313.0
2003,8,DC,3877.0
2003,8,DE,3405.0
2003,8,FL,
2003,8,GA,34294.0
2003,8,HI,5753.0
2003,8,IA,9142.0
2003,8,ID,4144.0
2003,8,IL,22041.0
2003,8,IN,19670.0
2003,8,KS,8658.0
2003,8,KY,6308.0
2003,8,LA,17903.0
2003,8,MA,18275.0
2003,8,MD,22901.0
2003,8,ME,3325.0
2003,8,MI,36993.0
2003,8,MN,12005.0
2003,8,MO,24542.0
2003,8,MS,7777.0
2003,8,MT,1989.0
2003,8,NC,35045.0
2003,8,ND,1323.0
2003,8,NE,6371.0
2003,8,NH,2020.0
2003,8,NJ,24220.0
2003,8,NM,6917.0
2003,8,NV,9126.0
2003,8,NY,25050.0
2003,8,OH,38921.0
2003,8,OK,14918.0
2003,8,OR,15243.0
2003,8,PA,30082.0
2003,8,RI,
2003,8,SC,20744.0
2003,8,SD,1616.0
2003,8,TN,27297.0
2003,8,TX,98306.0
2003,8,UT,9045.0
2003,8,VA,20799.0
2003,8,VT,1253.0
2003,8,WA,26835.0
2003,8,WI,16628.0
2003,8,WV,3874.0
2003,8,WY,1823.0
2003,9,AK,2344.0
2003,9,AL,212.0
2003,9,AR,8738.0
2003,9,AZ,29029.0
2003,9,CA,117764.0
2003,9,CO,13638.0
2003,9,CT,9190.0
2003,9,DC,3380.0
2003,9,DE,3153.0
2003,9,FL,
2003,9,GA,34133.0
2003,9,HI,5407.0
2003,9,IA,8487.0
2003,9,ID,3668.0
2003,9,IL,20649.0
2003,9,IN,18402.0
2003,9,KS,8062.0
2003,9,KY,6105.0
2003,9,LA,18158.0
2003,9,MA,17140.0
2003,9,MD,21173.0
2003,9,ME,2816.0
2003,9,MI,35744.0
2003,9,MN,10737.0
2003,9,MO,23251.0
2003,9,MS,7386.0
2003,9,MT,1931.0
2003,9,NC,32707.0
2003,9,ND,1194.0
2003,9,NE,5925.0
2003,9,NH,1739.0
2003,9,NJ,22839.0
2003,9,NM,6789.0
2003,9,NV,9270.0
2003,9,NY,86463.0
2003,9,OH,35431.0
2003,9,OK,14311.0
2003,9,OR,14977.0
2003,9,PA,28357.0
2003,9,RI,9946.0
2003,9,SC,19375.0
2003,9,SD,1492.0
2003,9,TN,26076.0
2003,9,TX,96173.0
2003,9,UT,8672.0
2003,9,VA,19614.0
2003,9,VT,1117.0
2003,9,WA,26454.0
2003,9,WI,15026.0
2003,9,WV,3636.0
2003,9,WY,1585.0
2003,10,AK,2040.0
2003,10,AL,252.0
2003,10,AR,8909.0
2003,10,AZ,30955.0
2003,10,CA,121845.0
2003,10,CO,14470.0
2003,10,CT,8925.0
2003,10,DC,3029.0
2003,10,DE,3114.0
2003,10,FL,
2003,10,GA,33774.0
2003,10,HI,5509.0
2003,10,IA,8389.0
2003,10,ID,3904.0
2003,10,IL,20555.0
2003,10,IN,18190.0
2003,10,KS,8326.0
2003,10,KY,5497.0
2003,10,LA,17288.0
2003,10,MA,16876.0
2003,10,MD,23890.0
2003,10,ME,3143.0
2003,10,MI,34611.0
2003,10,MN,10447.0
2003,10,MO,21792.0
2003,10,MS,7461.0
2003,10,MT,1890.0
2003,10,NC,33759.0
2003,10,ND,1214.0
2003,10,NE,6210.0
2003,10,NH,1811.0
2003,10,NJ,22735.0
2003,10,NM,7344.0
2003,10,NV,9884.0
2003,10,NY,22731.0
2003,10,OH,36814.0
2003,10,OK,14715.0
2003,10,OR,16288.0
2003,10,PA,28870.0
2003,10,RI,
2003,10,SC,19325.0
2003,10,SD,1410.0
2003,10,TN,26944.0
2003,10,TX,98992.0
2003,10,UT,8628.0
2003,10,VA,18445.0
2003,10,VT,1196.0
2003,10,WA,28265.0
2003,10,WI,15474.0
2003,10,WV,3655.0
2003,10,WY,1487.0
2003,11,AK,1747.0
2003,11,AL,234.0
2003,11,AR,8120.0
2003,11,AZ,28066.0
2003,11,CA,116946.0
2003,11,CO,12876.0
2003,11,CT,8133.0
2003,11,DC,3337.0
2003,11,DE,2872.0
2003,11,FL,
2003,11,GA,29829.0
2003,11,HI,5508.0
2003,11,IA,7577.0
2003,11,ID,3352.0
2003,11,IL,18350.0
2003,11,IN,16858.0
2003,11,KS,7431.0
2003,11,KY,5535.0
2003,11,LA,16518.0
2003,11,MA,15408.0
2003,11,MD,19903.0
2003,11,ME,2720.0
2003,11,MI,31165.0
2003,11,MN,8470.0
2003,11,MO,20424.0
2003,11,MS,6475.0
2003,11,MT,1602.0
2003,11,NC,28969.0
2003,11,ND,961.0
2003,11,NE,5354.0
2003,11,NH,1673.0
2003,11,NJ,20664.0
2003,11,NM,6196.0
2003,11,NV,9191.0
2003,11,NY,20755.0
2003,11,OH,32754.0
2003,11,OK,12829.0
2003,11,OR,14235.0
2003,11,PA,26052.0
2003,11,RI,
2003,11,SC,18011.0
2003,11,SD,1109.0
2003,11,TN,24575.0
2003,11,TX,90507.0
2003,11,UT,7954.0
2003,11,VA,16905.0
2003,11,VT,1044.0
2003,11,WA,24659.0
2003,11,WI,13570.0
2003,11,WV,3344.0
2003,11,WY,1246.0
2003,12,AK,2371.0
2003,12,AL,154906.0
2003,12,AR,8728.0
2003,12,AZ,28678.0
2003,12,CA,129848.0
2003,12,CO,30990.0
2003,12,CT,6915.0
2003,12,DC,3578.0
2003,12,DE,2729.0
2003,12,FL,772382.0
2003,12,GA,30395.0
2003,12,HI,5649.0
2003,12,IA,6789.0
2003,12,ID,3516.0
2003,12,IL,17864.0
2003,12,IN,16567.0
2003,12,KS,7058.0
2003,12,KY,5068.0
2003,12,LA,17290.0
2003,12,MA,15421.0
2003,12,MD,18859.0
2003,12,ME,2333.0
2003,12,MI,28344.0
2003,12,MN,29048.0
2003,12,MO,23660.0
2003,12,MS,6680.0
2003,12,MT,1673.0
2003,12,NC,28472.0
2003,12,ND,888.0
2003,12,NE,5346.0
2003,12,NH,1543.0
2003,12,NJ,20183.0
2003,12,NM,6778.0
2003,12,NV,9933.0
2003,12,NY,100749.0
2003,12,OH,31599.0
2003,12,OK,13455.0
2003,12,OR,14588.0
2003,12,PA,25536.0
2003,12,RI,8808.0
2003,12,SC,17747.0
2003,12,SD,1202.0
2003,12,TN,23889.0
2003,12,TX,97160.0
2003,12,UT,8118.0
2003,12,VA,16909.0
2003,12,VT,2175.0
2003,12,WA,25646.0
2003,12,WI,12835.0
2003,12,WV,2925.0
2003,12,WY,1255.0
2004,1,AK,1832.0
2004,1,AL,267.0
2004,1,AR,8935.0
2004,1,AZ,30445.0
2004,1,CA,124689.0
2004,1,CO,14665.0
2004,1,CT,7770.0
2004,1,DC,3060.0
2004,1,DE,2559.0
2004,1,FL,
2004,1,GA,28292.0
2004,1,HI,5567.0
2004,1,IA,6499.0
2004,1,ID,2932.0
2004,1,IL,15800.0
2004,1,IN,15560.0
2004,1,KS,7070.0
2004,1,KY,7911.0
2004,1,LA,17560.0
2004,1,MA,14399.0
2004,1,MD,19324.0
2004,1,ME,2242.0
2004,1,MI,25775.0
2004,1,MN,10464.0
2004,1,MO,17559.0
2004,1,MS,7344.0
2004,1,MT,1763.0
2004,1,NC,29321.0
2004,1,ND,753.0
2004,1,NE,4893.0
2004,1,NH,1633.0
2004,1,NJ,18624.0
2004,1,NM,7160.0
2004,1,NV,10246.0
2004,1,NY,18167.0
2004,1,OH,30925.0
2004,1,OK,13577.0
2004,1,OR,13847.0
2004,1,PA,23975.0
2004,1,RI,
2004,1,SC,17286.0
2004,1,SD,1145.0
2004,1,TN,23320.0
2004,1,TX,94476.0
2004,1,UT,8089.0
2004,1,VA,16794.0
2004,1,VT,1034.0
2004,1,WA,24855.0
2004,1,WI,10754.0
2004,1,WV,3581.0
2004,1,WY,1409.0
2004,2,AK,1840.0
2004,2,AL,246.0
2004,2,AR,7410.0
2004,2,AZ,26432.0
2004,2,CA,111772.0
2004,2,CO,12773.0
2004,2,CT,7293.0
2004,2,DC,2500.0
2004,2,DE,2329.0
2004,2,FL,
2004,2,GA,24745.0
2004,2,HI,5306.0
2004,2,IA,5727.0
2004,2,ID,2853.0
2004,2,IL,14599.0
2004,2,IN,13700.0
2004,2,KS,5996.0
2004,2,KY,6807.0
2004,2,LA,14774.0
2004,2,MA,12989.0
2004,2,MD,17483.0
2004,2,ME,2185.0
2004,2,MI,23810.0
2004,2,MN,9377.0
2004,2,MO,16871.0
2004,2,MS,6128.0
2004,2,MT,1703.0
2004,2,NC,25462.0
2004,2,ND,791.0
2004,2,NE,4070.0
2004,2,NH,1503.0
2004,2,NJ,17340.0
2004,2,NM,6375.0
2004,2,NV,8913.0
2004,2,NY,16853.0
2004,2,OH,27622.0
2004,2,OK,11604.0
2004,2,OR,13196.0
2004,2,PA,22227.0
2004,2,RI,
2004,2,SC,14802.0
2004,2,SD,1071.0
2004,2,TN,20571.0
2004,2,TX,80704.0
2004,2,UT,7145.0
2004,2,VA,15225.0
2004,2,VT,1000.0
2004,2,WA,23970.0
2004,2,WI,10272.0
2004,2,WV,3060.0
2004,2,WY,1171.0
2004,3,AK,2037.0
2004,3,AL,275.0
2004,3,AR,8967.0
2004,3,AZ,29108.0
2004,3,CA,124746.0
2004,3,CO,14343.0
2004,3,CT,8428.0
2004,3,DC,3217.0
2004,3,DE,2533.0
2004,3,FL,
2004,3,GA,28894.0
2004,3,HI,5370.0
2004,3,IA,7114.0
2004,3,ID,3438.0
2004,3,IL,17557.0
2004,3,IN,17163.0
2004,3,KS,7244.0
2004,3,KY,8070.0
2004,3,LA,17966.0
2004,3,MA,14951.0
2004,3,MD,20251.0
2004,3,ME,2548.0
2004,3,MI,28255.0
2004,3,MN,10955.0
2004,3,MO,20450.0
2004,3,MS,6992.0
2004,3,MT,1833.0
2004,3,NC,31394.0
2004,3,ND,898.0
2004,3,NE,5398.0
2004,3,NH,1789.0
2004,3,NJ,18757.0
2004,3,NM,7258.0
2004,3,NV,10032.0
2004,3,NY,73666.0
2004,3,OH,32550.0
2004,3,OK,13720.0
2004,3,OR,14570.0
2004,3,PA,26007.0
2004,3,RI,7700.0
2004,3,SC,17864.0
2004,3,SD,1122.0
2004,3,TN,23521.0
2004,3,TX,95270.0
2004,3,UT,8225.0
2004,3,VA,17316.0
2004,3,VT,1137.0
2004,3,WA,26208.0
2004,3,WI,12545.0
2004,3,WV,3823.0
2004,3,WY,1417.0
2004,4,AK,1860.0
2004,4,AL,296.0
2004,4,AR,9256.0
2004,4,AZ,27231.0
2004,4,CA,120114.0
2004,4,CO,13957.0
2004,4,CT,8660.0
2004,4,DC,3095.0
2004,4,DE,2634.0
2004,4,FL,
2004,4,GA,29388.0
2004,4,HI,5451.0
2004,4,IA,7328.0
2004,4,ID,3465.0
2004,4,IL,16870.0
2004,4,IN,17280.0
2004,4,KS,7518.0
2004,4,KY,8344.0
2004,4,LA,17539.0
2004,4,MA,14798.0
2004,4,MD,18998.0
2004,4,ME,2623.0
2004,4,MI,29232.0
2004,4,MN,11355.0
2004,4,MO,21276.0
2004,4,MS,7243.0
2004,4,MT,1952.0
2004,4,NC,30619.0
2004,4,ND,1054.0
2004,4,NE,5059.0
2004,4,NH,1772.0
2004,4,NJ,18608.0
2004,4,NM,6771.0
2004,4,NV,9329.0
2004,4,NY,19755.0
2004,4,OH,33365.0
2004,4,OK,13603.0
2004,4,OR,13730.0
2004,4,PA,25203.0
2004,4,RI,
2004,4,SC,18177.0
2004,4,SD,1167.0
2004,4,TN,23929.0
2004,4,TX,93804.0
2004,4,UT,8247.0
2004,4,VA,17614.0
2004,4,VT,1031.0
2004,4,WA,24930.0
2004,4,WI,12410.0
2004,4,WV,3718.0
2004,4,WY,1428.0
2004,5,AK,2368.0
2004,5,AL,271.0
2004,5,AR,9179.0
2004,5,AZ,27833.0
2004,5,CA,122027.0
2004,5,CO,15096.0
2004,5,CT,9023.0
2004,5,DC,3266.0
2004,5,DE,2735.0
2004,5,FL,
2004,5,GA,30458.0
2004,5,HI,5539.0
2004,5,IA,7996.0
2004,5,ID,3673.0
2004,5,IL,18623.0
2004,5,IN,18202.0
2004,5,KS,8009.0
2004,5,KY,8690.0
2004,5,LA,18778.0
2004,5,MA,15649.0
2004,5,MD,21072.0
2004,5,ME,2981.0
2004,5,MI,30467.0
2004,5,MN,12749.0
2004,5,MO,21220.0
2004,5,MS,7683.0
2004,5,MT,2192.0
2004,5,NC,33265.0
2004,5,ND,1044.0
2004,5,NE,5824.0
2004,5,NH,1916.0
2004,5,NJ,20513.0
2004,5,NM,7129.0
2004,5,NV,9453.0
2004,5,NY,21759.0
2004,5,OH,36111.0
2004,5,OK,14484.0
2004,5,OR,14494.0
2004,5,PA,26830.0
2004,5,RI,
2004,5,SC,20161.0
2004,5,SD,1234.0
2004,5,TN,26080.0
2004,5,TX,97939.0
2004,5,UT,8890.0
2004,5,VA,18993.0
2004,5,VT,1161.0
2004,5,WA,27072.0
2004,5,WI,13810.0
2004,5,WV,4004.0
2004,5,WY,1465.0
2004,6,AK,2489.0
2004,6,AL,32028.0
2004,6,AR,9569.0
2004,6,AZ,27174.0
2004,6,CA,117916.0
2004,6,CO,14638.0
2004,6,CT,9240.0
2004,6,DC,3438.0
2004,6,DE,2681.0
2004,6,FL,146224.0
2004,6,GA,30370.0
2004,6,HI,5381.0
2004,6,IA,8268.0
2004,6,ID,3662.0
2004,6,IL,19457.0
2004,6,IN,18868.0
2004,6,KS,8443.0
2004,6,KY,9297.0
2004,6,LA,18007.0
2004,6,MA,16223.0
2004,6,MD,21264.0
2004,6,ME,3112.0
2004,6,MI,31762.0
2004,6,MN,20235.0
2004,6,MO,22083.0
2004,6,MS,7549.0
2004,6,MT,2184.0
2004,6,NC,33006.0
2004,6,ND,1150.0
2004,6,NE,5963.0
2004,6,NH,1872.0
2004,6,NJ,21648.0
2004,6,NM,7185.0
2004,6,NV,9003.0
2004,6,NY,76851.0
2004,6,OH,36801.0
2004,6,OK,14230.0
2004,6,OR,14171.0
2004,6,PA,29020.0
2004,6,RI,8395.0
2004,6,SC,19717.0
2004,6,SD,1420.0
2004,6,TN,25665.0
2004,6,TX,97897.0
2004,6,UT,8691.0
2004,6,VA,19304.0
2004,6,VT,1234.0
2004,6,WA,26924.0
2004,6,WI,14331.0
2004,6,WV,4211.0
2004,6,WY,1723.0
2004,7,AK,2678.0
2004,7,AL,284.0
2004,7,AR,10619.0
2004,7,AZ,27258.0
2004,7,CA,120233.0
2004,7,CO,14791.0
2004,7,CT,9215.0
2004,7,DC,2955.0
2004,7,DE,3062.0
2004,7,FL,
2004,7,GA,31388.0
2004,7,HI,5269.0
2004,7,IA,8954.0
2004,7,ID,3998.0
2004,7,IL,21690.0
2004,7,IN,19483.0
2004,7,KS,8573.0
2004,7,KY,9889.0
2004,7,LA,18867.0
2004,7,MA,17241.0
2004,7,MD,21873.0
2004,7,ME,3169.0
2004,7,MI,34759.0
2004,7,MN,14146.0
2004,7,MO,24073.0
2004,7,MS,8306.0
2004,7,MT,2294.0
2004,7,NC,34305.0
2004,7,ND,1163.0
2004,7,NE,6109.0
2004,7,NH,1984.0
2004,7,NJ,22585.0
2004,7,NM,7703.0
2004,7,NV,9219.0
2004,7,NY,25123.0
2004,7,OH,38671.0
2004,7,OK,15319.0
2004,7,OR,14672.0
2004,7,PA,30789.0
2004,7,RI,
2004,7,SC,20911.0
2004,7,SD,1509.0
2004,7,TN,27771.0
2004,7,TX,100182.0
2004,7,UT,9438.0
2004,7,VA,20162.0
2004,7,VT,1403.0
2004,7,WA,27302.0
2004,7,WI,15409.0
2004,7,WV,4447.0
2004,7,WY,1723.0
2004,8,AK,2621.0
2004,8,AL,295.0
2004,8,AR,10331.0
2004,8,AZ,27645.0
2004,8,CA,119549.0
2004,8,CO,15066.0
2004,8,CT,8507.0
2004,8,DC,2393.0
2004,8,DE,3193.0
2004,8,FL,
2004,8,GA,29934.0
2004,8,HI,5727.0
2004,8,IA,8676.0
2004,8,ID,3979.0
2004,8,IL,21310.0
2004,8,IN,19850.0
2004,8,KS,8249.0
2004,8,KY,9433.0
2004,8,LA,18672.0
2004,8,MA,17240.0
2004,8,MD,22632.0
2004,8,ME,3247.0
2004,8,MI,34164.0
2004,8,MN,14066.0
2004,8,MO,23342.0
2004,8,MS,7785.0
2004,8,MT,2205.0
2004,8,NC,32726.0
2004,8,ND,1261.0
2004,8,NE,6057.0
2004,8,NH,2155.0
2004,8,NJ,23439.0
2004,8,NM,7317.0
2004,8,NV,9288.0
2004,8,NY,25054.0
2004,8,OH,38647.0
2004,8,OK,15429.0
2004,8,OR,15366.0
2004,8,PA,31582.0
2004,8,RI,
2004,8,SC,20464.0
2004,8,SD,1560.0
2004,8,TN,26703.0
2004,8,TX,98317.0
2004,8,UT,8582.0
2004,8,VA,20040.0
2004,8,VT,1550.0
2004,8,WA,28770.0
2004,8,WI,14853.0
2004,8,WV,4395.0
2004,8,WY,1693.0
2004,9,AK,2054.0
2004,9,AL,283.0
2004,9,AR,10146.0
2004,9,AZ,26607.0
2004,9,CA,112475.0
2004,9,CO,14165.0
2004,9,CT,8261.0
2004,9,DC,2527.0
2004,9,DE,2855.0
2004,9,FL,
2004,9,GA,26891.0
2004,9,HI,5134.0
2004,9,IA,8029.0
2004,9,ID,3676.0
2004,9,IL,19568.0
2004,9,IN,19033.0
2004,9,KS,8231.0
2004,9,KY,8772.0
2004,9,LA,17973.0
2004,9,MA,15563.0
2004,9,MD,20337.0
2004,9,ME,2868.0
2004,9,MI,31650.0
2004,9,MN,13442.0
2004,9,MO,21307.0
2004,9,MS,7360.0
2004,9,MT,2053.0
2004,9,NC,31825.0
2004,9,ND,1121.0
2004,9,NE,5658.0
2004,9,NH,1804.0
2004,9,NJ,21108.0
2004,9,NM,6904.0
2004,9,NV,9386.0
2004,9,NY,82457.0
2004,9,OH,36506.0
2004,9,OK,14242.0
2004,9,OR,14824.0
2004,9,PA,28843.0
2004,9,RI,9321.0
2004,9,SC,19904.0
2004,9,SD,1198.0
2004,9,TN,25327.0
2004,9,TX,95979.0
2004,9,UT,8393.0
2004,9,VA,18555.0
2004,9,VT,1509.0
2004,9,WA,26818.0
2004,9,WI,12713.0
2004,9,WV,4048.0
2004,9,WY,1494.0
2004,10,AK,1874.0
2004,10,AL,242.0
2004,10,AR,10113.0
2004,10,AZ,27682.0
2004,10,CA,117716.0
2004,10,CO,15209.0
2004,10,CT,7985.0
2004,10,DC,2563.0
2004,10,DE,3006.0
2004,10,FL,
2004,10,GA,30322.0
2004,10,HI,5241.0
2004,10,IA,8371.0
2004,10,ID,3934.0
2004,10,IL,19436.0
2004,10,IN,19061.0
2004,10,KS,8420.0
2004,10,KY,8968.0
2004,10,LA,17941.0
2004,10,MA,15888.0
2004,10,MD,20552.0
2004,10,ME,3123.0
2004,10,MI,32695.0
2004,10,MN,14014.0
2004,10,MO,21947.0
2004,10,MS,7546.0
2004,10,MT,2210.0
2004,10,NC,32533.0
2004,10,ND,1150.0
2004,10,NE,6076.0
2004,10,NH,1844.0
2004,10,NJ,21124.0
2004,10,NM,7508.0
2004,10,NV,9320.0
2004,10,NY,23332.0
2004,10,OH,37846.0
2004,10,OK,14775.0
2004,10,OR,16330.0
2004,10,PA,29820.0
2004,10,RI,
2004,10,SC,19909.0
2004,10,SD,1200.0
2004,10,TN,26721.0
2004,10,TX,97619.0
2004,10,UT,8934.0
2004,10,VA,19385.0
2004,10,VT,1420.0
2004,10,WA,28924.0
2004,10,WI,14843.0
2004,10,WV,4363.0
2004,10,WY,1467.0
2004,11,AK,1711.0
2004,11,AL,547.0
2004,11,AR,9411.0
2004,11,AZ,26910.0
2004,11,CA,117601.0
2004,11,CO,13885.0
2004,11,CT,7989.0
2004,11,DC,2660.0
2004,11,DE,2533.0
2004,11,FL,
2004,11,GA,28202.0
2004,11,HI,5099.0
2004,11,IA,7752.0
2004,11,ID,3412.0
2004,11,IL,17616.0
2004,11,IN,17583.0
2004,11,KS,7572.0
2004,11,KY,8124.0
2004,11,LA,16967.0
2004,11,MA,14942.0
2004,11,MD,20091.0
2004,11,ME,2673.0
2004,11,MI,29112.0
2004,11,MN,12009.0
2004,11,MO,21714.0
2004,11,MS,7283.0
2004,11,MT,1975.0
2004,11,NC,29748.0
2004,11,ND,960.0
2004,11,NE,5269.0
2004,11,NH,1781.0
2004,11,NJ,19930.0
2004,11,NM,7155.0
2004,11,NV,9321.0
2004,11,NY,21385.0
2004,11,OH,34935.0
2004,11,OK,13810.0
2004,11,OR,15482.0
2004,11,PA,27016.0
2004,11,RI,
2004,11,SC,17836.0
2004,11,SD,1193.0
2004,11,TN,24357.0
2004,11,TX,91883.0
2004,11,UT,8435.0
2004,11,VA,17650.0
2004,11,VT,1285.0
2004,11,WA,27284.0
2004,11,WI,13140.0
2004,11,WV,3846.0
2004,11,WY,1419.0
2004,12,AK,2507.0
2004,12,AL,159641.0
2004,12,AR,9416.0
2004,12,AZ,27577.0
2004,12,CA,124491.0
2004,12,CO,31629.0
2004,12,CT,7244.0
2004,12,DC,2886.0
2004,12,DE,2609.0
2004,12,FL,707512.0
2004,12,GA,56877.0
2004,12,HI,5110.0
2004,12,IA,7453.0
2004,12,ID,3491.0
2004,12,IL,16490.0
2004,12,IN,17010.0
2004,12,KS,30254.0
2004,12,KY,9223.0
2004,12,LA,16730.0
2004,12,MA,14348.0
2004,12,MD,19736.0
2004,12,ME,2526.0
2004,12,MI,26773.0
2004,12,MN,26793.0
2004,12,MO,21657.0
2004,12,MS,6703.0
2004,12,MT,1915.0
2004,12,NC,30439.0
2004,12,ND,928.0
2004,12,NE,5406.0
2004,12,NH,1637.0
2004,12,NJ,20152.0
2004,12,NM,7393.0
2004,12,NV,9779.0
2004,12,NY,96938.0
2004,12,OH,31599.0
2004,12,OK,13463.0
2004,12,OR,16053.0
2004,12,PA,26627.0
2004,12,RI,8724.0
2004,12,SC,17378.0
2004,12,SD,1141.0
2004,12,TN,23501.0
2004,12,TX,91772.0
2004,12,UT,8757.0
2004,12,VA,17951.0
2004,12,VT,1006.0
2004,12,WA,28727.0
2004,12,WI,12270.0
2004,12,WV,3969.0
2004,12,WY,1397.0
2005,1,AK,1876.0
2005,1,AL,212.0
2005,1,AR,9330.0
2005,1,AZ,26911.0
2005,1,CA,124220.0
2005,1,CO,15836.0
2005,1,CT,7078.0
2005,1,DC,2554.0
2005,1,DE,2373.0
2005,1,FL,
2005,1,GA,31218.0
2005,1,HI,5809.0
2005,1,IA,6132.0
2005,1,ID,3203.0
2005,1,IL,14636.0
2005,1,IN,15036.0
2005,1,KS,6053.0
2005,1,KY,8595.0
2005,1,LA,16047.0
2005,1,MA,12385.0
2005,1,MD,17952.0
2005,1,ME,2166.0
2005,1,MI,25892.0
2005,1,MN,10005.0
2005,1,MO,19275.0
2005,1,MS,6855.0
2005,1,MT,2135.0
2005,1,NC,29961.0
2005,1,ND,848.0
2005,1,NE,4589.0
2005,1,NH,1586.0
2005,1,NJ,17226.0
2005,1,NM,7525.0
2005,1,NV,9598.0
2005,1,NY,19418.0
2005,1,OH,30270.0
2005,1,OK,12819.0
2005,1,OR,14338.0
2005,1,PA,24247.0
2005,1,RI,1477.0
2005,1,SC,16960.0
2005,1,SD,892.0
2005,1,TN,22783.0
2005,1,TX,90747.0
2005,1,UT,8780.0
2005,1,VA,16279.0
2005,1,VT,1027.0
2005,1,WA,26649.0
2005,1,WI,10224.0
2005,1,WV,3769.0
2005,1,WY,1329.0
2005,2,AK,1623.0
2005,2,AL,191.0
2005,2,AR,7698.0
2005,2,AZ,24702.0
2005,2,CA,108606.0
2005,2,CO,13872.0
2005,2,CT,6589.0
2005,2,DC,2061.0
2005,2,DE,2136.0
2005,2,FL,
2005,2,GA,27073.0
2005,2,HI,4720.0
2005,2,IA,5989.0
2005,2,ID,2923.0
2005,2,IL,13291.0
2005,2,IN,12906.0
2005,2,KS,5539.0
2005,2,KY,7035.0
2005,2,LA,13626.0
2005,2,MA,12023.0
2005,2,MD,15832.0
2005,2,ME,1840.0
2005,2,MI,22651.0
2005,2,MN,9766.0
2005,2,MO,17077.0
2005,2,MS,5697.0
2005,2,MT,1984.0
2005,2,NC,24805.0
2005,2,ND,782.0
2005,2,NE,4486.0
2005,2,NH,1472.0
2005,2,NJ,15383.0
2005,2,NM,6120.0
2005,2,NV,8198.0
2005,2,NY,17411.0
2005,2,OH,26264.0
2005,2,OK,11156.0
2005,2,OR,12327.0
2005,2,PA,21383.0
2005,2,RI,1481.0
2005,2,SC,14247.0
2005,2,SD,852.0
2005,2,TN,19291.0
2005,2,TX,75861.0
2005,2,UT,7297.0
2005,2,VA,14143.0
2005,2,VT,821.0
2005,2,WA,23400.0
2005,2,WI,9616.0
2005,2,WV,2986.0
2005,2,WY,1136.0
2005,3,AK,1935.0
2005,3,AL,231.0
2005,3,AR,9715.0
2005,3,AZ,26490.0
2005,3,CA,119553.0
2005,3,CO,15931.0
2005,3,CT,7690.0
2005,3,DC,2837.0
2005,3,DE,2417.0
2005,3,FL,
2005,3,GA,31649.0
2005,3,HI,5119.0
2005,3,IA,7319.0
2005,3,ID,3273.0
2005,3,IL,15997.0
2005,3,IN,15933.0
2005,3,KS,6511.0
2005,3,KY,8159.0
2005,3,LA,16560.0
2005,3,MA,13524.0
2005,3,MD,18450.0
2005,3,ME,2275.0
2005,3,MI,27078.0
2005,3,MN,11581.0
2005,3,MO,20848.0
2005,3,MS,6875.0
2005,3,MT,2302.0
2005,3,NC,30634.0
2005,3,ND,953.0
2005,3,NE,5262.0
2005,3,NH,1739.0
2005,3,NJ,17942.0
2005,3,NM,7140.0
2005,3,NV,9494.0
2005,3,NY,71589.0
2005,3,OH,30854.0
2005,3,OK,13210.0
2005,3,OR,14174.0
2005,3,PA,24966.0
2005,3,RI,4430.0
2005,3,SC,17461.0
2005,3,SD,954.0
2005,3,TN,24169.0
2005,3,TX,88738.0
2005,3,UT,8201.0
2005,3,VA,17475.0
2005,3,VT,1025.0
2005,3,WA,26868.0
2005,3,WI,11781.0
2005,3,WV,3761.0
2005,3,WY,1308.0
2005,4,AK,2055.0
2005,4,AL,251.0
2005,4,AR,9961.0
2005,4,AZ,24816.0
2005,4,CA,114901.0
2005,4,CO,15155.0
2005,4,CT,8108.0
2005,4,DC,2566.0
2005,4,DE,2516.0
2005,4,FL,
2005,4,GA,32483.0
2005,4,HI,4848.0
2005,4,IA,7413.0
2005,4,ID,3471.0
2005,4,IL,17235.0
2005,4,IN,16972.0
2005,4,KS,6662.0
2005,4,KY,8149.0
2005,4,LA,16745.0
2005,4,MA,14492.0
2005,4,MD,19506.0
2005,4,ME,2552.0
2005,4,MI,29726.0
2005,4,MN,12148.0
2005,4,MO,21069.0
2005,4,MS,6991.0
2005,4,MT,2531.0
2005,4,NC,31732.0
2005,4,ND,1009.0
2005,4,NE,5151.0
2005,4,NH,1901.0
2005,4,NJ,18721.0
2005,4,NM,7113.0
2005,4,NV,9364.0
2005,4,NY,21202.0
2005,4,OH,32491.0
2005,4,OK,13403.0
2005,4,OR,13871.0
2005,4,PA,26578.0
2005,4,RI,1814.0
2005,4,SC,18205.0
2005,4,SD,936.0
2005,4,TN,25177.0
2005,4,TX,91603.0
2005,4,UT,8515.0
2005,4,VA,18304.0
2005,4,VT,1180.0
2005,4,WA,27135.0
2005,4,WI,12642.0
2005,4,WV,4084.0
2005,4,WY,1352.0
2005,5,AK,2378.0
2005,5,AL,233.0
2005,5,AR,10534.0
2005,5,AZ,25754.0
2005,5,CA,119294.0
2005,5,CO,15604.0
2005,5,CT,8223.0
2005,5,DC,2896.0
2005,5,DE,2821.0
2005,5,FL,
2005,5,GA,33308.0
2005,5,HI,5094.0
2005,5,IA,7708.0
2005,5,ID,3806.0
2005,5,IL,17816.0
2005,5,IN,18377.0
2005,5,KS,6936.0
2005,5,KY,8771.0
2005,5,LA,17133.0
2005,5,MA,15492.0
2005,5,MD,21056.0
2005,5,ME,2794.0
2005,5,MI,31831.0
2005,5,MN,13254.0
2005,5,MO,22550.0
2005,5,MS,7350.0
2005,5,MT,2686.0
2005,5,NC,33538.0
2005,5,ND,1096.0
2005,5,NE,5455.0
2005,5,NH,1924.0
2005,5,NJ,20121.0
2005,5,NM,7340.0
2005,5,NV,10268.0
2005,5,NY,23295.0
2005,5,OH,34995.0
2005,5,OK,14018.0
2005,5,OR,14320.0
2005,5,PA,28480.0
2005,5,RI,1900.0
2005,5,SC,19331.0
2005,5,SD,1044.0
2005,5,TN,27504.0
2005,5,TX,99115.0
2005,5,UT,8392.0
2005,5,VA,18912.0
2005,5,VT,1221.0
2005,5,WA,28322.0
2005,5,WI,13883.0
2005,5,WV,4206.0
2005,5,WY,1402.0
2005,6,AK,2522.0
2005,6,AL,31112.0
2005,6,AR,11143.0
2005,6,AZ,24875.0
2005,6,CA,115277.0
2005,6,CO,17061.0
2005,6,CT,8101.0
2005,6,DC,3013.0
2005,6,DE,2709.0
2005,6,FL,143313.0
2005,6,GA,33278.0
2005,6,HI,5418.0
2005,6,IA,8014.0
2005,6,ID,3776.0
2005,6,IL,18559.0
2005,6,IN,19363.0
2005,6,KS,7086.0
2005,6,KY,9106.0
2005,6,LA,16938.0
2005,6,MA,16040.0
2005,6,MD,21118.0
2005,6,ME,2931.0
2005,6,MI,33981.0
2005,6,MN,21430.0
2005,6,MO,22557.0
2005,6,MS,7302.0
2005,6,MT,2650.0
2005,6,NC,33700.0
2005,6,ND,1217.0
2005,6,NE,5403.0
2005,6,NH,2145.0
2005,6,NJ,20732.0
2005,6,NM,7408.0
2005,6,NV,10232.0
2005,6,NY,77028.0
2005,6,OH,35792.0
2005,6,OK,14326.0
2005,6,OR,13959.0
2005,6,PA,29556.0
2005,6,RI,4598.0
2005,6,SC,19081.0
2005,6,SD,1093.0
2005,6,TN,26495.0
2005,6,TX,98461.0
2005,6,UT,8924.0
2005,6,VA,19865.0
2005,6,VT,1494.0
2005,6,WA,28216.0
2005,6,WI,14504.0
2005,6,WV,4466.0
2005,6,WY,1468.0
2005,7,AK,2802.0
2005,7,AL,288.0
2005,7,AR,11521.0
2005,7,AZ,25714.0
2005,7,CA,118931.0
2005,7,CO,16583.0
2005,7,CT,8683.0
2005,7,DC,3260.0
2005,7,DE,3004.0
2005,7,FL,
2005,7,GA,34059.0
2005,7,HI,5638.0
2005,7,IA,9115.0
2005,7,ID,4122.0
2005,7,IL,20092.0
2005,7,IN,20942.0
2005,7,KS,7876.0
2005,7,KY,9839.0
2005,7,LA,14580.0
2005,7,MA,17292.0
2005,7,MD,22248.0
2005,7,ME,3320.0
2005,7,MI,34653.0
2005,7,MN,14871.0
2005,7,MO,24131.0
2005,7,MS,8095.0
2005,7,MT,2773.0
2005,7,NC,34423.0
2005,7,ND,1416.0
2005,7,NE,5641.0
2005,7,NH,2229.0
2005,7,NJ,22967.0
2005,7,NM,7626.0
2005,7,NV,9845.0
2005,7,NY,27037.0
2005,7,OH,39277.0
2005,7,OK,15187.0
2005,7,OR,14411.0
2005,7,PA,30912.0
2005,7,RI,2137.0
2005,7,SC,20792.0
2005,7,SD,1255.0
2005,7,TN,28298.0
2005,7,TX,100856.0
2005,7,UT,8683.0
2005,7,VA,20452.0
2005,7,VT,1627.0
2005,7,WA,28841.0
2005,7,WI,15922.0
2005,7,WV,4674.0
2005,7,WY,1633.0
2005,8,AK,2801.0
2005,8,AL,241.0
2005,8,AR,11515.0
2005,8,AZ,25450.0
2005,8,CA,116171.0
2005,8,CO,17345.0
2005,8,CT,8909.0
2005,8,DC,3427.0
2005,8,DE,3153.0
2005,8,FL,
2005,8,GA,35305.0
2005,8,HI,5753.0
2005,8,IA,9389.0
2005,8,ID,4071.0
2005,8,IL,19953.0
2005,8,IN,21462.0
2005,8,KS,7608.0
2005,8,KY,9992.0
2005,8,LA,14192.0
2005,8,MA,17400.0
2005,8,MD,23004.0
2005,8,ME,3499.0
2005,8,MI,37727.0
2005,8,MN,15992.0
2005,8,MO,24219.0
2005,8,MS,7559.0
2005,8,MT,2997.0
2005,8,NC,35703.0
2005,8,ND,1365.0
2005,8,NE,5977.0
2005,8,NH,2458.0
2005,8,NJ,23301.0
2005,8,NM,7593.0
2005,8,NV,10053.0
2005,8,NY,27772.0
2005,8,OH,40278.0
2005,8,OK,15589.0
2005,8,OR,14427.0
2005,8,PA,32927.0
2005,8,RI,2002.0
2005,8,SC,20605.0
2005,8,SD,778.0
2005,8,TN,27069.0
2005,8,TX,101044.0
2005,8,UT,9003.0
2005,8,VA,21038.0
2005,8,VT,1484.0
2005,8,WA,29694.0
2005,8,WI,16048.0
2005,8,WV,4716.0
2005,8,WY,1611.0
2005,9,AK,2555.0
2005,9,AL,179.0
2005,9,AR,10633.0
2005,9,AZ,24983.0
2005,9,CA,111183.0
2005,9,CO,17302.0
2005,9,CT,8226.0
2005,9,DC,2779.0
2005,9,DE,2965.0
2005,9,FL,
2005,9,GA,33676.0
2005,9,HI,5495.0
2005,9,IA,8718.0
2005,9,ID,3731.0
2005,9,IL,18494.0
2005,9,IN,19838.0
2005,9,KS,6807.0
2005,9,KY,9323.0
2005,9,LA,11396.0
2005,9,MA,16361.0
2005,9,MD,21550.0
2005,9,ME,3215.0
2005,9,MI,33118.0
2005,9,MN,14634.0
2005,9,MO,22887.0
2005,9,MS,6287.0
2005,9,MT,2510.0
2005,9,NC,33285.0
2005,9,ND,1148.0
2005,9,NE,5675.0
2005,9,NH,2102.0
2005,9,NJ,20797.0
2005,9,NM,7338.0
2005,9,NV,10062.0
2005,9,NY,81706.0
2005,9,OH,37239.0
2005,9,OK,13561.0
2005,9,OR,14199.0
2005,9,PA,30424.0
2005,9,RI,4833.0
2005,9,SC,19384.0
2005,9,SD,712.0
2005,9,TN,25726.0
2005,9,TX,94400.0
2005,9,UT,8542.0
2005,9,VA,19927.0
2005,9,VT,1363.0
2005,9,WA,28205.0
2005,9,WI,14385.0
2005,9,WV,4225.0
2005,9,WY,1569.0
2005,10,AK,2244.0
2005,10,AL,175.0
2005,10,AR,10918.0
2005,10,AZ,26719.0
2005,10,CA,118044.0
2005,10,CO,17134.0
2005,10,CT,8119.0
2005,10,DC,3439.0
2005,10,DE,3087.0
2005,10,FL,
2005,10,GA,33659.0
2005,10,HI,5775.0
2005,10,IA,8538.0
2005,10,ID,3639.0
2005,10,IL,19065.0
2005,10,IN,19970.0
2005,10,KS,7010.0
2005,10,KY,9412.0
2005,10,LA,11289.0
2005,10,MA,16150.0
2005,10,MD,21290.0
2005,10,ME,3229.0
2005,10,MI,34466.0
2005,10,MN,15146.0
2005,10,MO,23279.0
2005,10,MS,6426.0
2005,10,MT,2713.0
2005,10,NC,34234.0
2005,10,ND,1176.0
2005,10,NE,5898.0
2005,10,NH,2060.0
2005,10,NJ,20556.0
2005,10,NM,7551.0
2005,10,NV,10033.0
2005,10,NY,24415.0
2005,10,OH,36755.0
2005,10,OK,13952.0
2005,10,OR,15924.0
2005,10,PA,30014.0
2005,10,RI,1940.0
2005,10,SC,18898.0
2005,10,SD,681.0
2005,10,TN,26317.0
2005,10,TX,96202.0
2005,10,UT,8840.0
2005,10,VA,19802.0
2005,10,VT,1387.0
2005,10,WA,28976.0
2005,10,WI,15256.0
2005,10,WV,4412.0
2005,10,WY,1620.0
2005,11,AK,1980.0
2005,11,AL,229.0
2005,11,AR,9784.0
2005,11,AZ,24856.0
2005,11,CA,114498.0
2005,11,CO,15989.0
2005,11,CT,7788.0
2005,11,DC,2374.0
2005,11,DE,2770.0
2005,11,FL,
2005,11,GA,30928.0
2005,11,HI,5514.0
2005,11,IA,7183.0
2005,11,ID,3208.0
2005,11,IL,17221.0
2005,11,IN,17554.0
2005,11,KS,2865.0
2005,11,KY,8777.0
2005,11,LA,10783.0
2005,11,MA,14727.0
2005,11,MD,19684.0
2005,11,ME,2836.0
2005,11,MI,29761.0
2005,11,MN,12895.0
2005,11,MO,20985.0
2005,11,MS,6236.0
2005,11,MT,2286.0
2005,11,NC,32136.0
2005,11,ND,978.0
2005,11,NE,5167.0
2005,11,NH,1881.0
2005,11,NJ,19003.0
2005,11,NM,6859.0
2005,11,NV,10428.0
2005,11,NY,22567.0
2005,11,OH,34115.0
2005,11,OK,12862.0
2005,11,OR,14051.0
2005,11,PA,27514.0
2005,11,RI,1842.0
2005,11,SC,17073.0
2005,11,SD,596.0
2005,11,TN,24359.0
2005,11,TX,89329.0
2005,11,UT,8228.0
2005,11,VA,18211.0
2005,11,VT,1217.0
2005,11,WA,27405.0
2005,11,WI,13243.0
2005,11,WV,4195.0
2005,11,WY,1318.0
2005,12,AK,2979.0
2005,12,AL,127593.0
2005,12,AR,10223.0
2005,12,AZ,25511.0
2005,12,CA,116557.0
2005,12,CO,24274.0
2005,12,CT,7032.0
2005,12,DC,3012.0
2005,12,DE,2610.0
2005,12,FL,695823.0
2005,12,GA,30673.0
2005,12,HI,5543.0
2005,12,IA,6734.0
2005,12,ID,3024.0
2005,12,IL,15553.0
2005,12,IN,17131.0
2005,12,KS,38878.0
2005,12,KY,8256.0
2005,12,LA,11558.0
2005,12,MA,14440.0
2005,12,MD,18564.0
2005,12,ME,2589.0
2005,12,MI,26791.0
2005,12,MN,20317.0
2005,12,MO,20465.0
2005,12,MS,6656.0
2005,12,MT,2017.0
2005,12,NC,31158.0
2005,12,ND,942.0
2005,12,NE,4749.0
2005,12,NH,1809.0
2005,12,NJ,18940.0
2005,12,NM,7145.0
2005,12,NV,10277.0
2005,12,NY,78563.0
2005,12,OH,31986.0
2005,12,OK,12438.0
2005,12,OR,14679.0
2005,12,PA,26206.0
2005,12,RI,3594.0
2005,12,SC,17030.0
2005,12,SD,2880.0
2005,12,TN,24380.0
2005,12,TX,91233.0
2005,12,UT,7857.0
2005,12,VA,18083.0
2005,12,VT,1078.0
2005,12,WA,26247.0
2005,12,WI,11829.0
2005,12,WV,3936.0
2005,12,WY,1278.0
2006,1,AK,2318.0
2006,1,AL,552.0
2006,1,AR,10124.0
2006,1,AZ,27009.0
2006,1,CA,125342.0
2006,1,CO,16241.0
2006,1,CT,8230.0
2006,1,DC,2415.0
2006,1,DE,2761.0
2006,1,FL,
2006,1,GA,31582.0
2006,1,HI,5154.0
2006,1,IA,7339.0
2006,1,ID,3273.0
2006,1,IL,27539.0
2006,1,IN,17572.0
2006,1,KS,6360.0
2006,1,KY,9349.0
2006,1,LA,14757.0
2006,1,MA,14149.0
2006,1,MD,19890.0
2006,1,ME,2556.0
2006,1,MI,30421.0
2006,1,MN,9830.0
2006,1,MO,20946.0
2006,1,MS,6629.0
2006,1,MT,2296.0
2006,1,NC,31795.0
2006,1,ND,1068.0
2006,1,NE,5079.0
2006,1,NH,1901.0
2006,1,NJ,19225.0
2006,1,NM,7636.0
2006,1,NV,10914.0
2006,1,NY,21898.0
2006,1,OH,34818.0
2006,1,OK,12746.0
2006,1,OR,12997.0
2006,1,PA,28618.0
2006,1,RI,1735.0
2006,1,SC,17153.0
2006,1,SD,1124.0
2006,1,TN,23733.0
2006,1,TX,89319.0
2006,1,UT,8121.0
2006,1,VA,17570.0
2006,1,VT,1254.0
2006,1,WA,26055.0
2006,1,WI,13221.0
2006,1,WV,4224.0
2006,1,WY,1263.0
2006,2,AK,1883.0
2006,2,AL,352.0
2006,2,AR,7757.0
2006,2,AZ,23490.0
2006,2,CA,105534.0
2006,2,CO,12707.0
2006,2,CT,7011.0
2006,2,DC,1983.0
2006,2,DE,2380.0
2006,2,FL,
2006,2,GA,26051.0
2006,2,HI,4466.0
2006,2,IA,5727.0
2006,2,ID,2591.0
2006,2,IL,22337.0
2006,2,IN,14251.0
2006,2,KS,5291.0
2006,2,KY,7405.0
2006,2,LA,12112.0
2006,2,MA,12479.0
2006,2,MD,15348.0
2006,2,ME,2333.0
2006,2,MI,24561.0
2006,2,MN,7744.0
2006,2,MO,16366.0
2006,2,MS,5820.0
2006,2,MT,1866.0
2006,2,NC,26072.0
2006,2,ND,787.0
2006,2,NE,4193.0
2006,2,NH,1751.0
2006,2,NJ,15503.0
2006,2,NM,6367.0
2006,2,NV,9034.0
2006,2,NY,17704.0
2006,2,OH,27928.0
2006,2,OK,9944.0
2006,2,OR,11644.0
2006,2,PA,22579.0
2006,2,RI,1418.0
2006,2,SC,14007.0
2006,2,SD,830.0
2006,2,TN,18798.0
2006,2,TX,74911.0
2006,2,UT,7071.0
2006,2,VA,14771.0
2006,2,VT,1084.0
2006,2,WA,22793.0
2006,2,WI,10449.0
2006,2,WV,3266.0
2006,2,WY,1035.0
2006,3,AK,2009.0
2006,3,AL,483.0
2006,3,AR,10024.0
2006,3,AZ,25990.0
2006,3,CA,118950.0
2006,3,CO,15599.0
2006,3,CT,7810.0
2006,3,DC,3355.0
2006,3,DE,2820.0
2006,3,FL,
2006,3,GA,29287.0
2006,3,HI,4644.0
2006,3,IA,6980.0
2006,3,ID,3075.0
2006,3,IL,26667.0
2006,3,IN,17170.0
2006,3,KS,13348.0
2006,3,KY,8771.0
2006,3,LA,15178.0
2006,3,MA,13997.0
2006,3,MD,18738.0
2006,3,ME,2710.0
2006,3,MI,29471.0
2006,3,MN,8984.0
2006,3,MO,19959.0
2006,3,MS,6627.0
2006,3,MT,2252.0
2006,3,NC,31056.0
2006,3,ND,962.0
2006,3,NE,4741.0
2006,3,NH,1850.0
2006,3,NJ,17493.0
2006,3,NM,6987.0
2006,3,NV,10524.0
2006,3,NY,70061.0
2006,3,OH,33379.0
2006,3,OK,12140.0
2006,3,OR,11911.0
2006,3,PA,25983.0
2006,3,RI,1608.0
2006,3,SC,17205.0
2006,3,SD,992.0
2006,3,TN,23345.0
2006,3,TX,87814.0
2006,3,UT,7748.0
2006,3,VA,16703.0
2006,3,VT,1144.0
2006,3,WA,25724.0
2006,3,WI,12157.0
2006,3,WV,3944.0
2006,3,WY,1189.0
2006,4,AK,2158.0
2006,4,AL,467.0
2006,4,AR,10481.0
2006,4,AZ,24366.0
2006,4,CA,112849.0
2006,4,CO,13869.0
2006,4,CT,7846.0
2006,4,DC,3004.0
2006,4,DE,2853.0
2006,4,FL,
2006,4,GA,29378.0
2006,4,HI,4407.0
2006,4,IA,7357.0
2006,4,ID,3057.0
2006,4,IL,27158.0
2006,4,IN,17689.0
2006,4,KS,6650.0
2006,4,KY,8831.0
2006,4,LA,15791.0
2006,4,MA,14109.0
2006,4,MD,18300.0
2006,4,ME,2700.0
2006,4,MI,29506.0
2006,4,MN,10332.0
2006,4,MO,20391.0
2006,4,MS,7017.0
2006,4,MT,2353.0
2006,4,NC,31792.0
2006,4,ND,1139.0
2006,4,NE,4890.0
2006,4,NH,2091.0
2006,4,NJ,17312.0
2006,4,NM,7025.0
2006,4,NV,9986.0
2006,4,NY,21213.0
2006,4,OH,33621.0
2006,4,OK,12047.0
2006,4,OR,11351.0
2006,4,PA,26184.0
2006,4,RI,1668.0
2006,4,SC,17886.0
2006,4,SD,1101.0
2006,4,TN,24417.0
2006,4,TX,90224.0
2006,4,UT,7951.0
2006,4,VA,16975.0
2006,4,VT,1137.0
2006,4,WA,24551.0
2006,4,WI,13231.0
2006,4,WV,3998.0
2006,4,WY,1343.0
2006,5,AK,2532.0
2006,5,AL,487.0
2006,5,AR,10991.0
2006,5,AZ,25993.0
2006,5,CA,117912.0
2006,5,CO,14911.0
2006,5,CT,8853.0
2006,5,DC,3313.0
2006,5,DE,3217.0
2006,5,FL,
2006,5,GA,32848.0
2006,5,HI,4432.0
2006,5,IA,7741.0
2006,5,ID,3254.0
2006,5,IL,30472.0
2006,5,IN,19300.0
2006,5,KS,7617.0
2006,5,KY,9570.0
2006,5,LA,17447.0
2006,5,MA,15669.0
2006,5,MD,19522.0
2006,5,ME,2944.0
2006,5,MI,33885.0
2006,5,MN,11947.0
2006,5,MO,22606.0
2006,5,MS,8076.0
2006,5,MT,2712.0
2006,5,NC,35026.0
2006,5,ND,1268.0
2006,5,NE,5358.0
2006,5,NH,2207.0
2006,5,NJ,19918.0
2006,5,NM,7684.0
2006,5,NV,10770.0
2006,5,NY,23641.0
2006,5,OH,36464.0
2006,5,OK,13059.0
2006,5,OR,12038.0
2006,5,PA,29699.0
2006,5,RI,1772.0
2006,5,SC,19531.0
2006,5,SD,1762.0
2006,5,TN,26467.0
2006,5,TX,97536.0
2006,5,UT,8398.0
2006,5,VA,18667.0
2006,5,VT,1319.0
2006,5,WA,26161.0
2006,5,WI,14889.0
2006,5,WV,4342.0
2006,5,WY,1531.0
2006,6,AK,2623.0
2006,6,AL,32130.0
2006,6,AR,11070.0
2006,6,AZ,24725.0
2006,6,CA,110258.0
2006,6,CO,15881.0
2006,6,CT,9149.0
2006,6,DC,3389.0
2006,6,DE,3025.0
2006,6,FL,140002.0
2006,6,GA,31881.0
2006,6,HI,4270.0
2006,6,IA,8128.0
2006,6,ID,3384.0
2006,6,IL,30830.0
2006,6,IN,19283.0
2006,6,KS,15816.0
2006,6,KY,9341.0
2006,6,LA,17191.0
2006,6,MA,15854.0
2006,6,MD,20734.0
2006,6,ME,3266.0
2006,6,MI,34074.0
2006,6,MN,33644.0
2006,6,MO,22730.0
2006,6,MS,7498.0
2006,6,MT,2856.0
2006,6,NC,34644.0
2006,6,ND,1431.0
2006,6,NE,5613.0
2006,6,NH,2338.0
2006,6,NJ,20594.0
2006,6,NM,7557.0
2006,6,NV,9967.0
2006,6,NY,74154.0
2006,6,OH,37487.0
2006,6,OK,13323.0
2006,6,OR,11664.0
2006,6,PA,29928.0
2006,6,RI,6491.0
2006,6,SC,19085.0
2006,6,SD,1195.0
2006,6,TN,26107.0
2006,6,TX,93780.0
2006,6,UT,7619.0
2006,6,VA,18957.0
2006,6,VT,1367.0
2006,6,WA,25342.0
2006,6,WI,15797.0
2006,6,WV,4495.0
2006,6,WY,1590.0
2006,7,AK,2718.0
2006,7,AL,552.0
2006,7,AR,11897.0
2006,7,AZ,25527.0
2006,7,CA,115200.0
2006,7,CO,15422.0
2006,7,CT,9256.0
2006,7,DC,3695.0
2006,7,DE,3316.0
2006,7,FL,
2006,7,GA,34033.0
2006,7,HI,4667.0
2006,7,IA,8606.0
2006,7,ID,3509.0
2006,7,IL,33413.0
2006,7,IN,21702.0
2006,7,KS,7872.0
2006,7,KY,10231.0
2006,7,LA,17810.0
2006,7,MA,17532.0
2006,7,MD,21426.0
2006,7,ME,3438.0
2006,7,MI,37369.0
2006,7,MN,12669.0
2006,7,MO,24354.0
2006,7,MS,7932.0
2006,7,MT,2943.0
2006,7,NC,36711.0
2006,7,ND,1490.0
2006,7,NE,5818.0
2006,7,NH,2577.0
2006,7,NJ,22641.0
2006,7,NM,7665.0
2006,7,NV,10190.0
2006,7,NY,26228.0
2006,7,OH,39296.0
2006,7,OK,13828.0
2006,7,OR,12450.0
2006,7,PA,31422.0
2006,7,RI,2645.0
2006,7,SC,20436.0
2006,7,SD,1350.0
2006,7,TN,27353.0
2006,7,TX,98634.0
2006,7,UT,7936.0
2006,7,VA,19043.0
2006,7,VT,1606.0
2006,7,WA,26853.0
2006,7,WI,16920.0
2006,7,WV,4577.0
2006,7,WY,1658.0
2006,8,AK,2693.0
2006,8,AL,483.0
2006,8,AR,11505.0
2006,8,AZ,25790.0
2006,8,CA,114789.0
2006,8,CO,15522.0
2006,8,CT,9349.0
2006,8,DC,3033.0
2006,8,DE,3523.0
2006,8,FL,
2006,8,GA,33925.0
2006,8,HI,4753.0
2006,8,IA,8945.0
2006,8,ID,3721.0
2006,8,IL,33088.0
2006,8,IN,20773.0
2006,8,KS,7646.0
2006,8,KY,10107.0
2006,8,LA,17226.0
2006,8,MA,17280.0
2006,8,MD,22107.0
2006,8,ME,3403.0
2006,8,MI,37162.0
2006,8,MN,12583.0
2006,8,MO,24837.0
2006,8,MS,7944.0
2006,8,MT,2891.0
2006,8,NC,36371.0
2006,8,ND,1438.0
2006,8,NE,5900.0
2006,8,NH,2670.0
2006,8,NJ,22414.0
2006,8,NM,7670.0
2006,8,NV,10173.0
2006,8,NY,27390.0
2006,8,OH,39644.0
2006,8,OK,13210.0
2006,8,OR,13366.0
2006,8,PA,32653.0
2006,8,RI,2843.0
2006,8,SC,19691.0
2006,8,SD,1356.0
2006,8,TN,27380.0
2006,8,TX,95691.0
2006,8,UT,8060.0
2006,8,VA,19387.0
2006,8,VT,1567.0
2006,8,WA,27958.0
2006,8,WI,17483.0
2006,8,WV,4620.0
2006,8,WY,1637.0
2006,9,AK,2832.0
2006,9,AL,480.0
2006,9,AR,10542.0
2006,9,AZ,25775.0
2006,9,CA,107312.0
2006,9,CO,15193.0
2006,9,CT,8525.0
2006,9,DC,2701.0
2006,9,DE,3070.0
2006,9,FL,
2006,9,GA,32166.0
2006,9,HI,4626.0
2006,9,IA,8150.0
2006,9,ID,3280.0
2006,9,IL,29983.0
2006,9,IN,18585.0
2006,9,KS,15851.0
2006,9,KY,9449.0
2006,9,LA,16033.0
2006,9,MA,15712.0
2006,9,MD,19916.0
2006,9,ME,2939.0
2006,9,MI,32936.0
2006,9,MN,10598.0
2006,9,MO,22638.0
2006,9,MS,6926.0
2006,9,MT,2677.0
2006,9,NC,34018.0
2006,9,ND,1243.0
2006,9,NE,5399.0
2006,9,NH,2148.0
2006,9,NJ,19038.0
2006,9,NM,7371.0
2006,9,NV,9741.0
2006,9,NY,77607.0
2006,9,OH,35506.0
2006,9,OK,12217.0
2006,9,OR,12173.0
2006,9,PA,29947.0
2006,9,RI,2808.0
2006,9,SC,19110.0
2006,9,SD,1032.0
2006,9,TN,26050.0
2006,9,TX,89089.0
2006,9,UT,7844.0
2006,9,VA,18096.0
2006,9,VT,1387.0
2006,9,WA,26398.0
2006,9,WI,15114.0
2006,9,WV,4275.0
2006,9,WY,1364.0
2006,10,AK,2431.0
2006,10,AL,455.0
2006,10,AR,10823.0
2006,10,AZ,27279.0
2006,10,CA,112795.0
2006,10,CO,14801.0
2006,10,CT,8909.0
2006,10,DC,2313.0
2006,10,DE,3202.0
2006,10,FL,
2006,10,GA,32488.0
2006,10,HI,5105.0
2006,10,IA,7645.0
2006,10,ID,3392.0
2006,10,IL,30104.0
2006,10,IN,19024.0
2006,10,KS,7058.0
2006,10,KY,9830.0
2006,10,LA,16660.0
2006,10,MA,16227.0
2006,10,MD,20993.0
2006,10,ME,3107.0
2006,10,MI,33522.0
2006,10,MN,11102.0
2006,10,MO,23134.0
2006,10,MS,7332.0
2006,10,MT,2480.0
2006,10,NC,34842.0
2006,10,ND,1303.0
2006,10,NE,5406.0
2006,10,NH,2216.0
2006,10,NJ,19116.0
2006,10,NM,7734.0
2006,10,NV,10234.0
2006,10,NY,24807.0
2006,10,OH,35750.0
2006,10,OK,12660.0
2006,10,OR,13160.0
2006,10,PA,30817.0
2006,10,RI,2703.0
2006,10,SC,18899.0
2006,10,SD,1107.0
2006,10,TN,25475.0
2006,10,TX,92423.0
2006,10,UT,7881.0
2006,10,VA,18017.0
2006,10,VT,1403.0
2006,10,WA,28136.0
2006,10,WI,15708.0
2006,10,WV,4151.0
2006,10,WY,1389.0
2006,11,AK,1666.0
2006,11,AL,536.0
2006,11,AR,10300.0
2006,11,AZ,26354.0
2006,11,CA,110067.0
2006,11,CO,13564.0
2006,11,CT,8150.0
2006,11,DC,2749.0
2006,11,DE,3045.0
2006,11,FL,
2006,11,GA,30215.0
2006,11,HI,4846.0
2006,11,IA,7333.0
2006,11,ID,3336.0
2006,11,IL,28148.0
2006,11,IN,17694.0
2006,11,KS,6545.0
2006,11,KY,9342.0
2006,11,LA,15354.0
2006,11,MA,15307.0
2006,11,MD,19224.0
2006,11,ME,2907.0
2006,11,MI,30622.0
2006,11,MN,9916.0
2006,11,MO,19369.0
2006,11,MS,6428.0
2006,11,MT,2199.0
2006,11,NC,32916.0
2006,11,ND,951.0
2006,11,NE,4680.0
2006,11,NH,2131.0
2006,11,NJ,18469.0
2006,11,NM,7182.0
2006,11,NV,10119.0
2006,11,NY,22816.0
2006,11,OH,33206.0
2006,11,OK,11736.0
2006,11,OR,12458.0
2006,11,PA,27522.0
2006,11,RI,2350.0
2006,11,SC,17391.0
2006,11,SD,995.0
2006,11,TN,24185.0
2006,11,TX,87375.0
2006,11,UT,7812.0
2006,11,VA,16926.0
2006,11,VT,1339.0
2006,11,WA,25108.0
2006,11,WI,14288.0
2006,11,WV,3817.0
2006,11,WY,1235.0
2006,12,AK,2547.0
2006,12,AL,119870.0
2006,12,AR,10580.0
2006,12,AZ,26420.0
2006,12,CA,116193.0
2006,12,CO,19237.0
2006,12,CT,8160.0
2006,12,DC,3896.0
2006,12,DE,2837.0
2006,12,FL,712397.0
2006,12,GA,31632.0
2006,12,HI,4955.0
2006,12,IA,7486.0
2006,12,ID,3141.0
2006,12,IL,27426.0
2006,12,IN,17887.0
2006,12,KS,14815.0
2006,12,KY,9232.0
2006,12,LA,16309.0
2006,12,MA,15744.0
2006,12,MD,19892.0
2006,12,ME,3077.0
2006,12,MI,28706.0
2006,12,MN,32633.0
2006,12,MO,20493.0
2006,12,MS,7040.0
2006,12,MT,2197.0
2006,12,NC,32082.0
2006,12,ND,953.0
2006,12,NE,5047.0
2006,12,NH,2096.0
2006,12,NJ,19164.0
2006,12,NM,7295.0
2006,12,NV,10194.0
2006,12,NY,75343.0
2006,12,OH,34864.0
2006,12,OK,11808.0
2006,12,OR,12689.0
2006,12,PA,28716.0
2006,12,RI,2539.0
2006,12,SC,18317.0
2006,12,SD,981.0
2006,12,TN,23798.0
2006,12,TX,89798.0
2006,12,UT,7918.0
2006,12,VA,16929.0
2006,12,VT,1078.0
2006,12,WA,26725.0
2006,12,WI,13791.0
2006,12,WV,4104.0
2006,12,WY,1238.0
2007,1,AK,2163.0
2007,1,AL,435.0
2007,1,AR,9624.0
2007,1,AZ,26737.0
2007,1,CA,115870.0
2007,1,CO,12425.0
2007,1,CT,7954.0
2007,1,DC,3117.0
2007,1,DE,2735.0
2007,1,FL,
2007,1,GA,31675.0
2007,1,HI,5275.0
2007,1,IA,6448.0
2007,1,ID,2844.0
2007,1,IL,25596.0
2007,1,IN,17064.0
2007,1,KS,5735.0
2007,1,KY,9012.0
2007,1,LA,16233.0
2007,1,MA,14751.0
2007,1,MD,18928.0
2007,1,ME,2534.0
2007,1,MI,27807.0
2007,1,MN,9305.0
2007,1,MO,19823.0
2007,1,MS,6344.0
2007,1,MT,2067.0
2007,1,NC,31703.0
2007,1,ND,947.0
2007,1,NE,4442.0
2007,1,NH,1890.0
2007,1,NJ,17726.0
2007,1,NM,7292.0
2007,1,NV,10173.0
2007,1,NY,20627.0
2007,1,OH,32477.0
2007,1,OK,10953.0
2007,1,OR,12508.0
2007,1,PA,27672.0
2007,1,RI,2453.0
2007,1,SC,16883.0
2007,1,SD,998.0
2007,1,TN,22579.0
2007,1,TX,86335.0
2007,1,UT,7391.0
2007,1,VA,16586.0
2007,1,VT,1048.0
2007,1,WA,25084.0
2007,1,WI,13760.0
2007,1,WV,3681.0
2007,1,WY,1112.0
2007,2,AK,1861.0
2007,2,AL,392.0
2007,2,AR,8227.0
2007,2,AZ,23663.0
2007,2,CA,101484.0
2007,2,CO,11539.0
2007,2,CT,6179.0
2007,2,DC,2163.0
2007,2,DE,2232.0
2007,2,FL,
2007,2,GA,26980.0
2007,2,HI,4520.0
2007,2,IA,5288.0
2007,2,ID,2653.0
2007,2,IL,19408.0
2007,2,IN,12071.0
2007,2,KS,4911.0
2007,2,KY,6903.0
2007,2,LA,13709.0
2007,2,MA,11601.0
2007,2,MD,14161.0
2007,2,ME,1952.0
2007,2,MI,20137.0
2007,2,MN,7510.0
2007,2,MO,16644.0
2007,2,MS,5435.0
2007,2,MT,1897.0
2007,2,NC,25890.0
2007,2,ND,781.0
2007,2,NE,3758.0
2007,2,NH,1580.0
2007,2,NJ,13426.0
2007,2,NM,6453.0
2007,2,NV,8973.0
2007,2,NY,15597.0
2007,2,OH,23546.0
2007,2,OK,9938.0
2007,2,OR,11051.0
2007,2,PA,20564.0
2007,2,RI,1961.0
2007,2,SC,14385.0
2007,2,SD,804.0
2007,2,TN,19246.0
2007,2,TX,75700.0
2007,2,UT,6765.0
2007,2,VA,13770.0
2007,2,VT,851.0
2007,2,WA,21850.0
2007,2,WI,9869.0
2007,2,WV,2806.0
2007,2,WY,1048.0
2007,3,AK,2055.0
2007,3,AL,474.0
2007,3,AR,10011.0
2007,3,AZ,25369.0
2007,3,CA,111759.0
2007,3,CO,13974.0
2007,3,CT,7281.0
2007,3,DC,2764.0
2007,3,DE,2668.0
2007,3,FL,
2007,3,GA,32176.0
2007,3,HI,4854.0
2007,3,IA,7199.0
2007,3,ID,3116.0
2007,3,IL,26414.0
2007,3,IN,17582.0
2007,3,KS,13949.0
2007,3,KY,8784.0
2007,3,LA,17120.0
2007,3,MA,14088.0
2007,3,MD,17676.0
2007,3,ME,2246.0
2007,3,MI,27140.0
2007,3,MN,9071.0
2007,3,MO,20844.0
2007,3,MS,6633.0
2007,3,MT,2380.0
2007,3,NC,30708.0
2007,3,ND,1026.0
2007,3,NE,5107.0
2007,3,NH,1964.0
2007,3,NJ,16371.0
2007,3,NM,7100.0
2007,3,NV,10200.0
2007,3,NY,66278.0
2007,3,OH,32340.0
2007,3,OK,12349.0
2007,3,OR,12750.0
2007,3,PA,25155.0
2007,3,RI,1981.0
2007,3,SC,18238.0
2007,3,SD,1091.0
2007,3,TN,24925.0
2007,3,TX,90570.0
2007,3,UT,8204.0
2007,3,VA,16502.0
2007,3,VT,1036.0
2007,3,WA,24540.0
2007,3,WI,12843.0
2007,3,WV,3802.0
2007,3,WY,1280.0
2007,4,AK,2297.0
2007,4,AL,417.0
2007,4,AR,10390.0
2007,4,AZ,24846.0
2007,4,CA,109900.0
2007,4,CO,12807.0
2007,4,CT,7633.0
2007,4,DC,3096.0
2007,4,DE,2662.0
2007,4,FL,
2007,4,GA,31774.0
2007,4,HI,5257.0
2007,4,IA,7231.0
2007,4,ID,3137.0
2007,4,IL,26715.0
2007,4,IN,17742.0
2007,4,KS,6585.0
2007,4,KY,8793.0
2007,4,LA,16859.0
2007,4,MA,14569.0
2007,4,MD,18207.0
2007,4,ME,2469.0
2007,4,MI,28707.0
2007,4,MN,10063.0
2007,4,MO,20821.0
2007,4,MS,6582.0
2007,4,MT,2465.0
2007,4,NC,31372.0
2007,4,ND,1095.0
2007,4,NE,5189.0
2007,4,NH,1975.0
2007,4,NJ,16574.0
2007,4,NM,7356.0
2007,4,NV,10116.0
2007,4,NY,19444.0
2007,4,OH,32353.0
2007,4,OK,12650.0
2007,4,OR,12496.0
2007,4,PA,26969.0
2007,4,RI,2393.0
2007,4,SC,18395.0
2007,4,SD,1185.0
2007,4,TN,24806.0
2007,4,TX,91838.0
2007,4,UT,8071.0
2007,4,VA,17024.0
2007,4,VT,1136.0
2007,4,WA,23752.0
2007,4,WI,13846.0
2007,4,WV,3962.0
2007,4,WY,1346.0
2007,5,AK,2505.0
2007,5,AL,460.0
2007,5,AR,11458.0
2007,5,AZ,26124.0
2007,5,CA,114559.0
2007,5,CO,13359.0
2007,5,CT,8476.0
2007,5,DC,3352.0
2007,5,DE,3058.0
2007,5,FL,
2007,5,GA,35127.0
2007,5,HI,5394.0
2007,5,IA,8102.0
2007,5,ID,3330.0
2007,5,IL,30672.0
2007,5,IN,20030.0
2007,5,KS,7655.0
2007,5,KY,9606.0
2007,5,LA,18109.0
2007,5,MA,15956.0
2007,5,MD,20065.0
2007,5,ME,2968.0
2007,5,MI,32998.0
2007,5,MN,11262.0
2007,5,MO,23374.0
2007,5,MS,6942.0
2007,5,MT,2682.0
2007,5,NC,34146.0
2007,5,ND,1261.0
2007,5,NE,5610.0
2007,5,NH,2285.0
2007,5,NJ,19411.0
2007,5,NM,7742.0
2007,5,NV,10350.0
2007,5,NY,22888.0
2007,5,OH,36063.0
2007,5,OK,13379.0
2007,5,OR,12672.0
2007,5,PA,30291.0
2007,5,RI,2607.0
2007,5,SC,20311.0
2007,5,SD,1321.0
2007,5,TN,27287.0
2007,5,TX,100629.0
2007,5,UT,8322.0
2007,5,VA,19041.0
2007,5,VT,1249.0
2007,5,WA,25051.0
2007,5,WI,15741.0
2007,5,WV,4559.0
2007,5,WY,1446.0
2007,6,AK,2635.0
2007,6,AL,33793.0
2007,6,AR,11492.0
2007,6,AZ,24395.0
2007,6,CA,107538.0
2007,6,CO,13882.0
2007,6,CT,8665.0
2007,6,DC,3345.0
2007,6,DE,3173.0
2007,6,FL,151040.0
2007,6,GA,34794.0
2007,6,HI,4852.0
2007,6,IA,8056.0
2007,6,ID,3413.0
2007,6,IL,31209.0
2007,6,IN,19780.0
2007,6,KS,15232.0
2007,6,KY,9330.0
2007,6,LA,17856.0
2007,6,MA,16128.0
2007,6,MD,20952.0
2007,6,ME,3110.0
2007,6,MI,33093.0
2007,6,MN,31007.0
2007,6,MO,22652.0
2007,6,MS,6932.0
2007,6,MT,2872.0
2007,6,NC,34165.0
2007,6,ND,1321.0
2007,6,NE,5747.0
2007,6,NH,2350.0
2007,6,NJ,20018.0
2007,6,NM,7499.0
2007,6,NV,9801.0
2007,6,NY,71592.0
2007,6,OH,35867.0
2007,6,OK,13010.0
2007,6,OR,11649.0
2007,6,PA,30348.0
2007,6,RI,2694.0
2007,6,SC,19867.0
2007,6,SD,1348.0
2007,6,TN,26376.0
2007,6,TX,97252.0
2007,6,UT,8512.0
2007,6,VA,19272.0
2007,6,VT,1422.0
2007,6,WA,23700.0
2007,6,WI,15896.0
2007,6,WV,4378.0
2007,6,WY,1468.0
2007,7,AK,2764.0
2007,7,AL,500.0
2007,7,AR,12005.0
2007,7,AZ,25164.0
2007,7,CA,112512.0
2007,7,CO,14041.0
2007,7,CT,9235.0
2007,7,DC,3375.0
2007,7,DE,3419.0
2007,7,FL,
2007,7,GA,36903.0
2007,7,HI,4865.0
2007,7,IA,8538.0
2007,7,ID,3648.0
2007,7,IL,33381.0
2007,7,IN,21292.0
2007,7,KS,8155.0
2007,7,KY,10111.0
2007,7,LA,18591.0
2007,7,MA,17275.0
2007,7,MD,21269.0
2007,7,ME,3587.0
2007,7,MI,35441.0
2007,7,MN,13059.0
2007,7,MO,24526.0
2007,7,MS,7388.0
2007,7,MT,3285.0
2007,7,NC,35985.0
2007,7,ND,1365.0
2007,7,NE,5823.0
2007,7,NH,2678.0
2007,7,NJ,21665.0
2007,7,NM,7631.0
2007,7,NV,10186.0
2007,7,NY,25956.0
2007,7,OH,38148.0
2007,7,OK,13820.0
2007,7,OR,12651.0
2007,7,PA,31434.0
2007,7,RI,2820.0
2007,7,SC,21224.0
2007,7,SD,1519.0
2007,7,TN,27876.0
2007,7,TX,102174.0
2007,7,UT,8728.0
2007,7,VA,19528.0
2007,7,VT,1624.0
2007,7,WA,24839.0
2007,7,WI,17263.0
2007,7,WV,4478.0
2007,7,WY,1654.0
2007,8,AK,2629.0
2007,8,AL,495.0
2007,8,AR,11610.0
2007,8,AZ,24595.0
2007,8,CA,111417.0
2007,8,CO,13690.0
2007,8,CT,9386.0
2007,8,DC,3441.0
2007,8,DE,3237.0
2007,8,FL,
2007,8,GA,36748.0
2007,8,HI,4467.0
2007,8,IA,8050.0
2007,8,ID,3488.0
2007,8,IL,32918.0
2007,8,IN,20522.0
2007,8,KS,7908.0
2007,8,KY,9812.0
2007,8,LA,17936.0
2007,8,MA,17448.0
2007,8,MD,20619.0
2007,8,ME,3598.0
2007,8,MI,35358.0
2007,8,MN,12481.0
2007,8,MO,24330.0
2007,8,MS,7227.0
2007,8,MT,3082.0
2007,8,NC,34127.0
2007,8,ND,1529.0
2007,8,NE,5378.0
2007,8,NH,2691.0
2007,8,NJ,21457.0
2007,8,NM,7733.0
2007,8,NV,10094.0
2007,8,NY,26652.0
2007,8,OH,38427.0
2007,8,OK,13554.0
2007,8,OR,11704.0
2007,8,PA,31283.0
2007,8,RI,2815.0
2007,8,SC,20547.0
2007,8,SD,1473.0
2007,8,TN,26773.0
2007,8,TX,99374.0
2007,8,UT,8973.0
2007,8,VA,19504.0
2007,8,VT,1573.0
2007,8,WA,24504.0
2007,8,WI,17320.0
2007,8,WV,4329.0
2007,8,WY,1589.0
2007,9,AK,2441.0
2007,9,AL,477.0
2007,9,AR,10620.0
2007,9,AZ,23582.0
2007,9,CA,104868.0
2007,9,CO,13147.0
2007,9,CT,8509.0
2007,9,DC,3153.0
2007,9,DE,3023.0
2007,9,FL,
2007,9,GA,34454.0
2007,9,HI,4360.0
2007,9,IA,7625.0
2007,9,ID,3137.0
2007,9,IL,30210.0
2007,9,IN,18853.0
2007,9,KS,16161.0
2007,9,KY,9759.0
2007,9,LA,17321.0
2007,9,MA,15953.0
2007,9,MD,20415.0
2007,9,ME,3043.0
2007,9,MI,32020.0
2007,9,MN,10988.0
2007,9,MO,22300.0
2007,9,MS,6781.0
2007,9,MT,2727.0
2007,9,NC,31781.0
2007,9,ND,1230.0
2007,9,NE,5053.0
2007,9,NH,2381.0
2007,9,NJ,19160.0
2007,9,NM,7021.0
2007,9,NV,9281.0
2007,9,NY,76623.0
2007,9,OH,34756.0
2007,9,OK,12817.0
2007,9,OR,11338.0
2007,9,PA,29151.0
2007,9,RI,2678.0
2007,9,SC,19069.0
2007,9,SD,1322.0
2007,9,TN,25547.0
2007,9,TX,93322.0
2007,9,UT,8753.0
2007,9,VA,18041.0
2007,9,VT,1471.0
2007,9,WA,22697.0
2007,9,WI,15693.0
2007,9,WV,3931.0
2007,9,WY,1489.0
2007,10,AK,2018.0
2007,10,AL,492.0
2007,10,AR,10524.0
2007,10,AZ,25756.0
2007,10,CA,111543.0
2007,10,CO,13271.0
2007,10,CT,9117.0
2007,10,DC,3363.0
2007,10,DE,3230.0
2007,10,FL,
2007,10,GA,35181.0
2007,10,HI,4532.0
2007,10,IA,7606.0
2007,10,ID,3348.0
2007,10,IL,31551.0
2007,10,IN,19534.0
2007,10,KS,7402.0
2007,10,KY,9515.0
2007,10,LA,17200.0
2007,10,MA,16581.0
2007,10,MD,21078.0
2007,10,ME,3087.0
2007,10,MI,33112.0
2007,10,MN,11276.0
2007,10,MO,23373.0
2007,10,MS,6770.0
2007,10,MT,2764.0
2007,10,NC,33085.0
2007,10,ND,1247.0
2007,10,NE,5084.0
2007,10,NH,2507.0
2007,10,NJ,19995.0
2007,10,NM,7531.0
2007,10,NV,10040.0
2007,10,NY,23875.0
2007,10,OH,35282.0
2007,10,OK,12897.0
2007,10,OR,11816.0
2007,10,PA,31051.0
2007,10,RI,2835.0
2007,10,SC,19689.0
2007,10,SD,1370.0
2007,10,TN,25670.0
2007,10,TX,93936.0
2007,10,UT,8798.0
2007,10,VA,18578.0
2007,10,VT,1439.0
2007,10,WA,24026.0
2007,10,WI,17373.0
2007,10,WV,4055.0
2007,10,WY,1450.0
2007,11,AK,1822.0
2007,11,AL,469.0
2007,11,AR,9971.0
2007,11,AZ,23759.0
2007,11,CA,105128.0
2007,11,CO,12163.0
2007,11,CT,7986.0
2007,11,DC,3231.0
2007,11,DE,3204.0
2007,11,FL,
2007,11,GA,33325.0
2007,11,HI,4111.0
2007,11,IA,6750.0
2007,11,ID,3100.0
2007,11,IL,28170.0
2007,11,IN,18288.0
2007,11,KS,6436.0
2007,11,KY,9256.0
2007,11,LA,16104.0
2007,11,MA,15096.0
2007,11,MD,19103.0
2007,11,ME,2920.0
2007,11,MI,29034.0
2007,11,MN,10117.0
2007,11,MO,20466.0
2007,11,MS,6256.0
2007,11,MT,2360.0
2007,11,NC,30153.0
2007,11,ND,1050.0
2007,11,NE,4478.0
2007,11,NH,2133.0
2007,11,NJ,18241.0
2007,11,NM,6642.0
2007,11,NV,8823.0
2007,11,NY,22108.0
2007,11,OH,32638.0
2007,11,OK,11546.0
2007,11,OR,10546.0
2007,11,PA,27810.0
2007,11,RI,2508.0
2007,11,SC,18179.0
2007,11,SD,1153.0
2007,11,TN,24093.0
2007,11,TX,88759.0
2007,11,UT,8159.0
2007,11,VA,17941.0
2007,11,VT,1338.0
2007,11,WA,22464.0
2007,11,WI,14717.0
2007,11,WV,3681.0
2007,11,WY,1293.0
2007,12,AK,2297.0
2007,12,AL,139786.0
2007,12,AR,10112.0
2007,12,AZ,24614.0
2007,12,CA,108903.0
2007,12,CO,18544.0
2007,12,CT,7155.0
2007,12,DC,2887.0
2007,12,DE,2990.0
2007,12,FL,728723.0
2007,12,GA,33550.0
2007,12,HI,4479.0
2007,12,IA,5777.0
2007,12,ID,3064.0
2007,12,IL,26195.0
2007,12,IN,17452.0
2007,12,KS,13441.0
2007,12,KY,8756.0
2007,12,LA,16422.0
2007,12,MA,13366.0
2007,12,MD,18601.0
2007,12,ME,2547.0
2007,12,MI,25007.0
2007,12,MN,31120.0
2007,12,MO,20484.0
2007,12,MS,7352.0
2007,12,MT,2309.0
2007,12,NC,29302.0
2007,12,ND,877.0
2007,12,NE,3770.0
2007,12,NH,1839.0
2007,12,NJ,18077.0
2007,12,NM,6988.0
2007,12,NV,9084.0
2007,12,NY,72628.0
2007,12,OH,32421.0
2007,12,OK,11153.0
2007,12,OR,12061.0
2007,12,PA,27021.0
2007,12,RI,2418.0
2007,12,SC,17901.0
2007,12,SD,1066.0
2007,12,TN,24557.0
2007,12,TX,92065.0
2007,12,UT,8058.0
2007,12,VA,18042.0
2007,12,VT,1114.0
2007,12,WA,22356.0
2007,12,WI,11745.0
2007,12,WV,3690.0
2007,12,WY,1136.0
2008,1,AK,1707.0
2008,1,AL,412.0
2008,1,AR,9434.0
2008,1,AZ,24170.0
2008,1,CA,111297.0
2008,1,CO,12119.0
2008,1,CT,7761.0
2008,1,DC,3025.0
2008,1,DE,3004.0
2008,1,FL,
2008,1,GA,33379.0
2008,1,HI,4495.0
2008,1,IA,5570.0
2008,1,ID,2401.0
2008,1,IL,25358.0
2008,1,IN,16553.0
2008,1,KS,6122.0
2008,1,KY,9409.0
2008,1,LA,15346.0
2008,1,MA,14234.0
2008,1,MD,18851.0
2008,1,ME,2456.0
2008,1,MI,26107.0
2008,1,MN,8955.0
2008,1,MO,19391.0
2008,1,MS,6045.0
2008,1,MT,2234.0
2008,1,NC,32580.0
2008,1,ND,878.0
2008,1,NE,4044.0
2008,1,NH,2033.0
2008,1,NJ,18365.0
2008,1,NM,7349.0
2008,1,NV,9195.0
2008,1,NY,20604.0
2008,1,OH,30776.0
2008,1,OK,11080.0
2008,1,OR,10989.0
2008,1,PA,27452.0
2008,1,RI,2563.0
2008,1,SC,17347.0
2008,1,SD,1047.0
2008,1,TN,22296.0
2008,1,TX,88725.0
2008,1,UT,7674.0
2008,1,VA,17350.0
2008,1,VT,1165.0
2008,1,WA,21851.0
2008,1,WI,12837.0
2008,1,WV,3730.0
2008,1,WY,1114.0
2008,2,AK,1694.0
2008,2,AL,355.0
2008,2,AR,8126.0
2008,2,AZ,22067.0
2008,2,CA,101320.0
2008,2,CO,10763.0
2008,2,CT,6587.0
2008,2,DC,2810.0
2008,2,DE,2591.0
2008,2,FL,
2008,2,GA,26432.0
2008,2,HI,4036.0
2008,2,IA,4775.0
2008,2,ID,2329.0
2008,2,IL,20921.0
2008,2,IN,13663.0
2008,2,KS,5159.0
2008,2,KY,7765.0
2008,2,LA,14073.0
2008,2,MA,12294.0
2008,2,MD,15972.0
2008,2,ME,1962.0
2008,2,MI,20297.0
2008,2,MN,7576.0
2008,2,MO,15507.0
2008,2,MS,5215.0
2008,2,MT,2023.0
2008,2,NC,27742.0
2008,2,ND,765.0
2008,2,NE,3427.0
2008,2,NH,1902.0
2008,2,NJ,15321.0
2008,2,NM,6457.0
2008,2,NV,8065.0
2008,2,NY,16841.0
2008,2,OH,24214.0
2008,2,OK,9311.0
2008,2,OR,9861.0
2008,2,PA,23066.0
2008,2,RI,2145.0
2008,2,SC,15242.0
2008,2,SD,919.0
2008,2,TN,19396.0
2008,2,TX,76631.0
2008,2,UT,6769.0
2008,2,VA,15167.0
2008,2,VT,909.0
2008,2,WA,20309.0
2008,2,WI,9931.0
2008,2,WV,3271.0
2008,2,WY,1048.0
2008,3,AK,1920.0
2008,3,AL,460.0
2008,3,AR,9524.0
2008,3,AZ,24260.0
2008,3,CA,108345.0
2008,3,CO,12283.0
2008,3,CT,7553.0
2008,3,DC,2924.0
2008,3,DE,2953.0
2008,3,FL,
2008,3,GA,32912.0
2008,3,HI,4029.0
2008,3,IA,6117.0
2008,3,ID,2792.0
2008,3,IL,25970.0
2008,3,IN,16664.0
2008,3,KS,12485.0
2008,3,KY,9062.0
2008,3,LA,15868.0
2008,3,MA,14017.0
2008,3,MD,18676.0
2008,3,ME,2292.0
2008,3,MI,25726.0
2008,3,MN,8080.0
2008,3,MO,19227.0
2008,3,MS,5977.0
2008,3,MT,2344.0
2008,3,NC,32154.0
2008,3,ND,1037.0
2008,3,NE,4395.0
2008,3,NH,2065.0
2008,3,NJ,17395.0
2008,3,NM,7150.0
2008,3,NV,9084.0
2008,3,NY,66268.0
2008,3,OH,28720.0
2008,3,OK,11380.0
2008,3,OR,10331.0
2008,3,PA,26353.0
2008,3,RI,2420.0
2008,3,SC,17895.0
2008,3,SD,1009.0
2008,3,TN,23639.0
2008,3,TX,87081.0
2008,3,UT,7619.0
2008,3,VA,17125.0
2008,3,VT,1096.0
2008,3,WA,22377.0
2008,3,WI,11898.0
2008,3,WV,4081.0
2008,3,WY,1105.0
2008,4,AK,1890.0
2008,4,AL,443.0
2008,4,AR,10144.0
2008,4,AZ,24149.0
2008,4,CA,106426.0
2008,4,CO,12083.0
2008,4,CT,7815.0
2008,4,DC,3060.0
2008,4,DE,3040.0
2008,4,FL,
2008,4,GA,34116.0
2008,4,HI,3929.0
2008,4,IA,6892.0
2008,4,ID,2919.0
2008,4,IL,28188.0
2008,4,IN,17963.0
2008,4,KS,6389.0
2008,4,KY,9798.0
2008,4,LA,16412.0
2008,4,MA,14639.0
2008,4,MD,19297.0
2008,4,ME,2710.0
2008,4,MI,28877.0
2008,4,MN,9304.0
2008,4,MO,19752.0
2008,4,MS,6551.0
2008,4,MT,2421.0
2008,4,NC,34902.0
2008,4,ND,1115.0
2008,4,NE,4577.0
2008,4,NH,2108.0
2008,4,NJ,18089.0
2008,4,NM,7612.0
2008,4,NV,9483.0
2008,4,NY,21375.0
2008,4,OH,31740.0
2008,4,OK,11937.0
2008,4,OR,10846.0
2008,4,PA,28309.0
2008,4,RI,2565.0
2008,4,SC,18393.0
2008,4,SD,1140.0
2008,4,TN,24658.0
2008,4,TX,89670.0
2008,4,UT,7676.0
2008,4,VA,17456.0
2008,4,VT,1257.0
2008,4,WA,21349.0
2008,4,WI,13942.0
2008,4,WV,4070.0
2008,4,WY,1276.0
2008,5,AK,2355.0
2008,5,AL,484.0
2008,5,AR,10510.0
2008,5,AZ,23744.0
2008,5,CA,106017.0
2008,5,CO,12127.0
2008,5,CT,8344.0
2008,5,DC,3459.0
2008,5,DE,3132.0
2008,5,FL,
2008,5,GA,36409.0
2008,5,HI,4091.0
2008,5,IA,7435.0
2008,5,ID,3274.0
2008,5,IL,30015.0
2008,5,IN,18904.0
2008,5,KS,6683.0
2008,5,KY,10591.0
2008,5,LA,17603.0
2008,5,MA,15259.0
2008,5,MD,20200.0
2008,5,ME,2965.0
2008,5,MI,31054.0
2008,5,MN,10564.0
2008,5,MO,21347.0
2008,5,MS,6941.0
2008,5,MT,2476.0
2008,5,NC,36012.0
2008,5,ND,1263.0
2008,5,NE,4661.0
2008,5,NH,2594.0
2008,5,NJ,18927.0
2008,5,NM,7533.0
2008,5,NV,9484.0
2008,5,NY,23025.0
2008,5,OH,34256.0
2008,5,OK,12875.0
2008,5,OR,11074.0
2008,5,PA,28662.0
2008,5,RI,2843.0
2008,5,SC,19993.0
2008,5,SD,1353.0
2008,5,TN,26502.0
2008,5,TX,94096.0
2008,5,UT,7867.0
2008,5,VA,18916.0
2008,5,VT,1203.0
2008,5,WA,22835.0
2008,5,WI,15635.0
2008,5,WV,4018.0
2008,5,WY,1383.0
2008,6,AK,2230.0
2008,6,AL,31096.0
2008,6,AR,10907.0
2008,6,AZ,23134.0
2008,6,CA,102839.0
2008,6,CO,12823.0
2008,6,CT,8881.0
2008,6,DC,3588.0
2008,6,DE,3380.0
2008,6,FL,151804.0
2008,6,GA,36056.0
2008,6,HI,3940.0
2008,6,IA,7342.0
2008,6,ID,3278.0
2008,6,IL,31172.0
2008,6,IN,20294.0
2008,6,KS,13985.0
2008,6,KY,10936.0
2008,6,LA,16472.0
2008,6,MA,16159.0
2008,6,MD,20542.0
2008,6,ME,3240.0
2008,6,MI,31601.0
2008,6,MN,29619.0
2008,6,MO,22254.0
2008,6,MS,7026.0
2008,6,MT,2549.0
2008,6,NC,35686.0
2008,6,ND,1455.0
2008,6,NE,4808.0
2008,6,NH,2626.0
2008,6,NJ,20181.0
2008,6,NM,7221.0
2008,6,NV,8890.0
2008,6,NY,70933.0
2008,6,OH,35485.0
2008,6,OK,13038.0
2008,6,OR,11092.0
2008,6,PA,31141.0
2008,6,RI,2928.0
2008,6,SC,19744.0
2008,6,SD,1427.0
2008,6,TN,26348.0
2008,6,TX,93065.0
2008,6,UT,9299.0
2008,6,VA,18477.0
2008,6,VT,1441.0
2008,6,WA,23182.0
2008,6,WI,15723.0
2008,6,WV,3985.0
2008,6,WY,1522.0
2008,7,AK,2359.0
2008,7,AL,486.0
2008,7,AR,11890.0
2008,7,AZ,23382.0
2008,7,CA,108857.0
2008,7,CO,13316.0
2008,7,CT,9406.0
2008,7,DC,3807.0
2008,7,DE,3451.0
2008,7,FL,
2008,7,GA,39107.0
2008,7,HI,3990.0
2008,7,IA,8170.0
2008,7,ID,3580.0
2008,7,IL,34212.0
2008,7,IN,21647.0
2008,7,KS,7230.0
2008,7,KY,11292.0
2008,7,LA,17427.0
2008,7,MA,17827.0
2008,7,MD,21925.0
2008,7,ME,3674.0
2008,7,MI,35503.0
2008,7,MN,12716.0
2008,7,MO,23566.0
2008,7,MS,7625.0
2008,7,MT,2887.0
2008,7,NC,35965.0
2008,7,ND,1490.0
2008,7,NE,5141.0
2008,7,NH,2852.0
2008,7,NJ,22342.0
2008,7,NM,7442.0
2008,7,NV,9304.0
2008,7,NY,26685.0
2008,7,OH,38745.0
2008,7,OK,13303.0
2008,7,OR,11548.0
2008,7,PA,33101.0
2008,7,RI,3206.0
2008,7,SC,20563.0
2008,7,SD,1585.0
2008,7,TN,27275.0
2008,7,TX,103497.0
2008,7,UT,8310.0
2008,7,VA,19897.0
2008,7,VT,1963.0
2008,7,WA,24457.0
2008,7,WI,17705.0
2008,7,WV,4232.0
2008,7,WY,1631.0
2008,8,AK,2603.0
2008,8,AL,512.0
2008,8,AR,11621.0
2008,8,AZ,23597.0
2008,8,CA,106874.0
2008,8,CO,13253.0
2008,8,CT,9523.0
2008,8,DC,3366.0
2008,8,DE,3692.0
2008,8,FL,
2008,8,GA,39531.0
2008,8,HI,3921.0
2008,8,IA,7828.0
2008,8,ID,3478.0
2008,8,IL,33996.0
2008,8,IN,21192.0
2008,8,KS,7160.0
2008,8,KY,11150.0
2008,8,LA,16126.0
2008,8,MA,17745.0
2008,8,MD,21828.0
2008,8,ME,3593.0
2008,8,MI,34571.0
2008,8,MN,12316.0
2008,8,MO,24033.0
2008,8,MS,7004.0
2008,8,MT,2763.0
2008,8,NC,35177.0
2008,8,ND,1497.0
2008,8,NE,5305.0
2008,8,NH,2866.0
2008,8,NJ,22355.0
2008,8,NM,7639.0
2008,8,NV,9045.0
2008,8,NY,26463.0
2008,8,OH,38825.0
2008,8,OK,13281.0
2008,8,OR,11455.0
2008,8,PA,32916.0
2008,8,RI,3056.0
2008,8,SC,19421.0
2008,8,SD,1551.0
2008,8,TN,27186.0
2008,8,TX,100076.0
2008,8,UT,8651.0
2008,8,VA,20297.0
2008,8,VT,1838.0
2008,8,WA,24495.0
2008,8,WI,17174.0
2008,8,WV,4365.0
2008,8,WY,1482.0
2008,9,AK,2061.0
2008,9,AL,488.0
2008,9,AR,11458.0
2008,9,AZ,24012.0
2008,9,CA,105390.0
2008,9,CO,14215.0
2008,9,CT,8741.0
2008,9,DC,3206.0
2008,9,DE,3423.0
2008,9,FL,
2008,9,GA,37674.0
2008,9,HI,4069.0
2008,9,IA,7608.0
2008,9,ID,3031.0
2008,9,IL,31462.0
2008,9,IN,20090.0
2008,9,KS,14167.0
2008,9,KY,11127.0
2008,9,LA,15997.0
2008,9,MA,16675.0
2008,9,MD,20075.0
2008,9,ME,3114.0
2008,9,MI,31295.0
2008,9,MN,11252.0
2008,9,MO,22662.0
2008,9,MS,7003.0
2008,9,MT,2570.0
2008,9,NC,33593.0
2008,9,ND,1287.0
2008,9,NE,4998.0
2008,9,NH,2442.0
2008,9,NJ,19603.0
2008,9,NM,7719.0
2008,9,NV,9124.0
2008,9,NY,76155.0
2008,9,OH,35905.0
2008,9,OK,13089.0
2008,9,OR,11565.0
2008,9,PA,31193.0
2008,9,RI,2777.0
2008,9,SC,19519.0
2008,9,SD,1284.0
2008,9,TN,26386.0
2008,9,TX,91020.0
2008,9,UT,8448.0
2008,9,VA,18736.0
2008,9,VT,1761.0
2008,9,WA,23704.0
2008,9,WI,16382.0
2008,9,WV,4211.0
2008,9,WY,1434.0
2008,10,AK,1640.0
2008,10,AL,447.0
2008,10,AR,11497.0
2008,10,AZ,24064.0
2008,10,CA,109245.0
2008,10,CO,13481.0
2008,10,CT,8494.0
2008,10,DC,3492.0
2008,10,DE,3404.0
2008,10,FL,
2008,10,GA,36695.0
2008,10,HI,4465.0
2008,10,IA,7725.0
2008,10,ID,3321.0
2008,10,IL,32108.0
2008,10,IN,19649.0
2008,10,KS,6939.0
2008,10,KY,10880.0
2008,10,LA,15256.0
2008,10,MA,16567.0
2008,10,MD,21140.0
2008,10,ME,3165.0
2008,10,MI,31366.0
2008,10,MN,11435.0
2008,10,MO,21974.0
2008,10,MS,6663.0
2008,10,MT,2597.0
2008,10,NC,34547.0
2008,10,ND,1407.0
2008,10,NE,5049.0
2008,10,NH,2720.0
2008,10,NJ,19747.0
2008,10,NM,7643.0
2008,10,NV,9556.0
2008,10,NY,24085.0
2008,10,OH,34586.0
2008,10,OK,13201.0
2008,10,OR,11693.0
2008,10,PA,31732.0
2008,10,RI,3162.0
2008,10,SC,19178.0
2008,10,SD,1330.0
2008,10,TN,25976.0
2008,10,TX,97068.0
2008,10,UT,9236.0
2008,10,VA,19614.0
2008,10,VT,1642.0
2008,10,WA,24772.0
2008,10,WI,16373.0
2008,10,WV,4200.0
2008,10,WY,1408.0
2008,11,AK,1871.0
2008,11,AL,445.0
2008,11,AR,9491.0
2008,11,AZ,21832.0
2008,11,CA,102375.0
2008,11,CO,12574.0
2008,11,CT,8093.0
2008,11,DC,3019.0
2008,11,DE,3032.0
2008,11,FL,
2008,11,GA,33461.0
2008,11,HI,4452.0
2008,11,IA,6348.0
2008,11,ID,2782.0
2008,11,IL,27161.0
2008,11,IN,16695.0
2008,11,KS,6095.0
2008,11,KY,9328.0
2008,11,LA,14266.0
2008,11,MA,14795.0
2008,11,MD,18540.0
2008,11,ME,2672.0
2008,11,MI,26495.0
2008,11,MN,9278.0
2008,11,MO,19360.0
2008,11,MS,5699.0
2008,11,MT,2305.0
2008,11,NC,31242.0
2008,11,ND,1100.0
2008,11,NE,4339.0
2008,11,NH,2394.0
2008,11,NJ,17952.0
2008,11,NM,7055.0
2008,11,NV,9015.0
2008,11,NY,21214.0
2008,11,OH,30529.0
2008,11,OK,12371.0
2008,11,OR,11118.0
2008,11,PA,27271.0
2008,11,RI,2670.0
2008,11,SC,17427.0
2008,11,SD,1162.0
2008,11,TN,23603.0
2008,11,TX,86174.0
2008,11,UT,8482.0
2008,11,VA,17566.0
2008,11,VT,1409.0
2008,11,WA,22431.0
2008,11,WI,13484.0
2008,11,WV,3469.0
2008,11,WY,1221.0
2008,12,AK,2199.0
2008,12,AL,163372.0
2008,12,AR,9714.0
2008,12,AZ,22522.0
2008,12,CA,108037.0
2008,12,CO,17862.0
2008,12,CT,7252.0
2008,12,DC,2984.0
2008,12,DE,2832.0
2008,12,FL,734860.0
2008,12,GA,34602.0
2008,12,HI,4546.0
2008,12,IA,5260.0
2008,12,ID,2641.0
2008,12,IL,24278.0
2008,12,IN,15942.0
2008,12,KS,10469.0
2008,12,KY,9515.0
2008,12,LA,14647.0
2008,12,MA,14677.0
2008,12,MD,18794.0
2008,12,ME,2362.0
2008,12,MI,21567.0
2008,12,MN,29368.0
2008,12,MO,18581.0
2008,12,MS,6609.0
2008,12,MT,1944.0
2008,12,NC,30883.0
2008,12,ND,870.0
2008,12,NE,4116.0
2008,12,NH,2101.0
2008,12,NJ,18318.0
2008,12,NM,7530.0
2008,12,NV,9335.0
2008,12,NY,72368.0
2008,12,OH,32140.0
2008,12,OK,11953.0
2008,12,OR,12482.0
2008,12,PA,27040.0
2008,12,RI,2420.0
2008,12,SC,17259.0
2008,12,SD,1080.0
2008,12,TN,23116.0
2008,12,TX,91759.0
2008,12,UT,7931.0
2008,12,VA,17640.0
2008,12,VT,1097.0
2008,12,WA,20416.0
2008,12,WI,10466.0
2008,12,WV,3772.0
2008,12,WY,1167.0
2009,1,AK,1795.0
2009,1,AL,378.0
2009,1,AR,9107.0
2009,1,AZ,22503.0
2009,1,CA,106842.0
2009,1,CO,12115.0
2009,1,CT,6718.0
2009,1,DC,2988.0
2009,1,DE,2757.0
2009,1,FL,
2009,1,GA,32016.0
2009,1,HI,4539.0
2009,1,IA,5308.0
2009,1,ID,2528.0
2009,1,IL,22789.0
2009,1,IN,13923.0
2009,1,KS,5902.0
2009,1,KY,9064.0
2009,1,LA,14610.0
2009,1,MA,12805.0
2009,1,MD,16744.0
2009,1,ME,2122.0
2009,1,MI,21750.0
2009,1,MN,7834.0
2009,1,MO,17620.0
2009,1,MS,6261.0
2009,1,MT,1981.0
2009,1,NC,29244.0
2009,1,ND,831.0
2009,1,NE,4010.0
2009,1,NH,1896.0
2009,1,NJ,15784.0
2009,1,NM,7104.0
2009,1,NV,9306.0
2009,1,NY,18635.0
2009,1,OH,26398.0
2009,1,OK,11059.0
2009,1,OR,11033.0
2009,1,PA,24045.0
2009,1,RI,2037.0
2009,1,SC,16352.0
2009,1,SD,980.0
2009,1,TN,21075.0
2009,1,TX,89253.0
2009,1,UT,7673.0
2009,1,VA,16335.0
2009,1,VT,1061.0
2009,1,WA,22712.0
2009,1,WI,10753.0
2009,1,WV,3189.0
2009,1,WY,1056.0
2009,2,AK,1586.0
2009,2,AL,344.0
2009,2,AR,7529.0
2009,2,AZ,18946.0
2009,2,CA,92180.0
2009,2,CO,10610.0
2009,2,CT,5881.0
2009,2,DC,2638.0
2009,2,DE,2389.0
2009,2,FL,
2009,2,GA,26070.0
2009,2,HI,3898.0
2009,2,IA,4983.0
2009,2,ID,2460.0
2009,2,IL,20629.0
2009,2,IN,12322.0
2009,2,KS,5149.0
2009,2,KY,7422.0
2009,2,LA,12897.0
2009,2,MA,11940.0
2009,2,MD,14596.0
2009,2,ME,1823.0
2009,2,MI,19536.0
2009,2,MN,7068.0
2009,2,MO,15288.0
2009,2,MS,5058.0
2009,2,MT,1728.0
2009,2,NC,23862.0
2009,2,ND,748.0
2009,2,NE,3541.0
2009,2,NH,1636.0
2009,2,NJ,13808.0
2009,2,NM,6011.0
2009,2,NV,7430.0
2009,2,NY,16600.0
2009,2,OH,23732.0
2009,2,OK,9751.0
2009,2,OR,9083.0
2009,2,PA,21123.0
2009,2,RI,1884.0
2009,2,SC,13612.0
2009,2,SD,903.0
2009,2,TN,18171.0
2009,2,TX,74754.0
2009,2,UT,6390.0
2009,2,VA,14168.0
2009,2,VT,1006.0
2009,2,WA,19413.0
2009,2,WI,9927.0
2009,2,WV,2954.0
2009,2,WY,982.0
2009,3,AK,1808.0
2009,3,AL,395.0
2009,3,AR,9300.0
2009,3,AZ,21091.0
2009,3,CA,102183.0
2009,3,CO,11741.0
2009,3,CT,6970.0
2009,3,DC,2776.0
2009,3,DE,2716.0
2009,3,FL,
2009,3,GA,30262.0
2009,3,HI,4326.0
2009,3,IA,5989.0
2009,3,ID,2752.0
2009,3,IL,25559.0
2009,3,IN,15327.0
2009,3,KS,11032.0
2009,3,KY,9060.0
2009,3,LA,15414.0
2009,3,MA,14395.0
2009,3,MD,17022.0
2009,3,ME,2329.0
2009,3,MI,24677.0
2009,3,MN,8291.0
2009,3,MO,17798.0
2009,3,MS,6354.0
2009,3,MT,1882.0
2009,3,NC,27935.0
2009,3,ND,832.0
2009,3,NE,4193.0
2009,3,NH,2109.0
2009,3,NJ,15625.0
2009,3,NM,6615.0
2009,3,NV,8702.0
2009,3,NY,63497.0
2009,3,OH,30353.0
2009,3,OK,11639.0
2009,3,OR,9793.0
2009,3,PA,25039.0
2009,3,RI,2416.0
2009,3,SC,15908.0
2009,3,SD,1089.0
2009,3,TN,22075.0
2009,3,TX,88951.0
2009,3,UT,7325.0
2009,3,VA,16956.0
2009,3,VT,1111.0
2009,3,WA,21628.0
2009,3,WI,11981.0
2009,3,WV,3686.0
2009,3,WY,1109.0
2009,4,AK,1866.0
2009,4,AL,373.0
2009,4,AR,10164.0
2009,4,AZ,20080.0
2009,4,CA,98459.0
2009,4,CO,11506.0
2009,4,CT,7442.0
2009,4,DC,3072.0
2009,4,DE,3035.0
2009,4,FL,
2009,4,GA,32002.0
2009,4,HI,4097.0
2009,4,IA,6335.0
2009,4,ID,2857.0
2009,4,IL,25965.0
2009,4,IN,16246.0
2009,4,KS,6042.0
2009,4,KY,9458.0
2009,4,LA,15985.0
2009,4,MA,14466.0
2009,4,MD,17280.0
2009,4,ME,2690.0
2009,4,MI,26485.0
2009,4,MN,9383.0
2009,4,MO,18154.0
2009,4,MS,6893.0
2009,4,MT,2281.0
2009,4,NC,30912.0
2009,4,ND,1103.0
2009,4,NE,4408.0
2009,4,NH,2477.0
2009,4,NJ,16453.0
2009,4,NM,6828.0
2009,4,NV,8136.0
2009,4,NY,20224.0
2009,4,OH,31499.0
2009,4,OK,12320.0
2009,4,OR,9607.0
2009,4,PA,25706.0
2009,4,RI,2570.0
2009,4,SC,17243.0
2009,4,SD,1149.0
2009,4,TN,23632.0
2009,4,TX,92158.0
2009,4,UT,7390.0
2009,4,VA,17588.0
2009,4,VT,1307.0
2009,4,WA,21762.0
2009,4,WI,12805.0
2009,4,WV,3988.0
2009,4,WY,1210.0
2009,5,AK,2202.0
2009,5,AL,502.0
2009,5,AR,10530.0
2009,5,AZ,21029.0
2009,5,CA,100784.0
2009,5,CO,12794.0
2009,5,CT,8119.0
2009,5,DC,3436.0
2009,5,DE,3040.0
2009,5,FL,
2009,5,GA,33636.0
2009,5,HI,4115.0
2009,5,IA,6769.0
2009,5,ID,3140.0
2009,5,IL,28424.0
2009,5,IN,18026.0
2009,5,KS,6839.0
2009,5,KY,10442.0
2009,5,LA,17142.0
2009,5,MA,15440.0
2009,5,MD,18607.0
2009,5,ME,3063.0
2009,5,MI,29604.0
2009,5,MN,10650.0
2009,5,MO,19605.0
2009,5,MS,6916.0
2009,5,MT,2500.0
2009,5,NC,32578.0
2009,5,ND,1289.0
2009,5,NE,4824.0
2009,5,NH,2488.0
2009,5,NJ,18086.0
2009,5,NM,7096.0
2009,5,NV,8749.0
2009,5,NY,22433.0
2009,5,OH,32919.0
2009,5,OK,13467.0
2009,5,OR,10302.0
2009,5,PA,28436.0
2009,5,RI,2714.0
2009,5,SC,18561.0
2009,5,SD,1382.0
2009,5,TN,25043.0
2009,5,TX,98818.0
2009,5,UT,7934.0
2009,5,VA,18078.0
2009,5,VT,1415.0
2009,5,WA,22089.0
2009,5,WI,14642.0
2009,5,WV,4034.0
2009,5,WY,1485.0
2009,6,AK,2345.0
2009,6,AL,28849.0
2009,6,AR,10709.0
2009,6,AZ,20943.0
2009,6,CA,98549.0
2009,6,CO,13366.0
2009,6,CT,8063.0
2009,6,DC,3407.0
2009,6,DE,3197.0
2009,6,FL,137729.0
2009,6,GA,34637.0
2009,6,HI,4094.0
2009,6,IA,7004.0
2009,6,ID,3109.0
2009,6,IL,28898.0
2009,6,IN,19003.0
2009,6,KS,13330.0
2009,6,KY,10447.0
2009,6,LA,16897.0
2009,6,MA,15887.0
2009,6,MD,19317.0
2009,6,ME,3102.0
2009,6,MI,30939.0
2009,6,MN,27077.0
2009,6,MO,20475.0
2009,6,MS,7355.0
2009,6,MT,2542.0
2009,6,NC,33333.0
2009,6,ND,1291.0
2009,6,NE,4897.0
2009,6,NH,2849.0
2009,6,NJ,18314.0
2009,6,NM,7468.0
2009,6,NV,8309.0
2009,6,NY,67961.0
2009,6,OH,34291.0
2009,6,OK,13265.0
2009,6,OR,10171.0
2009,6,PA,28462.0
2009,6,RI,2637.0
2009,6,SC,17459.0
2009,6,SD,1510.0
2009,6,TN,24968.0
2009,6,TX,97659.0
2009,6,UT,8064.0
2009,6,VA,18836.0
2009,6,VT,1460.0
2009,6,WA,22268.0
2009,6,WI,14993.0
2009,6,WV,4258.0
2009,6,WY,1454.0
2009,7,AK,2624.0
2009,7,AL,496.0
2009,7,AR,11308.0
2009,7,AZ,21033.0
2009,7,CA,101390.0
2009,7,CO,13491.0
2009,7,CT,8923.0
2009,7,DC,3502.0
2009,7,DE,3286.0
2009,7,FL,
2009,7,GA,36040.0
2009,7,HI,4392.0
2009,7,IA,7701.0
2009,7,ID,3398.0
2009,7,IL,31532.0
2009,7,IN,20085.0
2009,7,KS,7310.0
2009,7,KY,10819.0
2009,7,LA,17504.0
2009,7,MA,17276.0
2009,7,MD,20346.0
2009,7,ME,3354.0
2009,7,MI,33235.0
2009,7,MN,11919.0
2009,7,MO,21948.0
2009,7,MS,7603.0
2009,7,MT,2789.0
2009,7,NC,33654.0
2009,7,ND,1552.0
2009,7,NE,5266.0
2009,7,NH,2779.0
2009,7,NJ,20685.0
2009,7,NM,7973.0
2009,7,NV,8739.0
2009,7,NY,25975.0
2009,7,OH,35941.0
2009,7,OK,13983.0
2009,7,OR,10967.0
2009,7,PA,30632.0
2009,7,RI,2768.0
2009,7,SC,19644.0
2009,7,SD,1576.0
2009,7,TN,26255.0
2009,7,TX,101912.0
2009,7,UT,8786.0
2009,7,VA,19641.0
2009,7,VT,1480.0
2009,7,WA,23079.0
2009,7,WI,16187.0
2009,7,WV,4421.0
2009,7,WY,1511.0
2009,8,AK,2629.0
2009,8,AL,437.0
2009,8,AR,11181.0
2009,8,AZ,20966.0
2009,8,CA,100080.0
2009,8,CO,13063.0
2009,8,CT,9199.0
2009,8,DC,3455.0
2009,8,DE,3390.0
2009,8,FL,
2009,8,GA,35341.0
2009,8,HI,4437.0
2009,8,IA,7715.0
2009,8,ID,3416.0
2009,8,IL,31029.0
2009,8,IN,19728.0
2009,8,KS,7036.0
2009,8,KY,10628.0
2009,8,LA,16488.0
2009,8,MA,17730.0
2009,8,MD,20097.0
2009,8,ME,3341.0
2009,8,MI,33341.0
2009,8,MN,11422.0
2009,8,MO,22261.0
2009,8,MS,7394.0
2009,8,MT,2866.0
2009,8,NC,33565.0
2009,8,ND,1612.0
2009,8,NE,5041.0
2009,8,NH,2836.0
2009,8,NJ,20622.0
2009,8,NM,7376.0
2009,8,NV,8580.0
2009,8,NY,26209.0
2009,8,OH,36484.0
2009,8,OK,13828.0
2009,8,OR,10804.0
2009,8,PA,30988.0
2009,8,RI,2952.0
2009,8,SC,19241.0
2009,8,SD,1568.0
2009,8,TN,25663.0
2009,8,TX,100205.0
2009,8,UT,8856.0
2009,8,VA,19842.0
2009,8,VT,1498.0
2009,8,WA,22912.0
2009,8,WI,16293.0
2009,8,WV,4466.0
2009,8,WY,1440.0
2009,9,AK,2228.0
2009,9,AL,422.0
2009,9,AR,10138.0
2009,9,AZ,20911.0
2009,9,CA,95920.0
2009,9,CO,12575.0
2009,9,CT,8480.0
2009,9,DC,3225.0
2009,9,DE,2993.0
2009,9,FL,
2009,9,GA,32990.0
2009,9,HI,4250.0
2009,9,IA,7012.0
2009,9,ID,3030.0
2009,9,IL,28335.0
2009,9,IN,18182.0
2009,9,KS,13864.0
2009,9,KY,10140.0
2009,9,LA,16493.0
2009,9,MA,16919.0
2009,9,MD,19029.0
2009,9,ME,3133.0
2009,9,MI,30226.0
2009,9,MN,10684.0
2009,9,MO,20953.0
2009,9,MS,6987.0
2009,9,MT,2559.0
2009,9,NC,31215.0
2009,9,ND,1372.0
2009,9,NE,4530.0
2009,9,NH,2520.0
2009,9,NJ,18726.0
2009,9,NM,7161.0
2009,9,NV,7916.0
2009,9,NY,74357.0
2009,9,OH,33635.0
2009,9,OK,13228.0
2009,9,OR,10315.0
2009,9,PA,29053.0
2009,9,RI,2752.0
2009,9,SC,18094.0
2009,9,SD,1378.0
2009,9,TN,24251.0
2009,9,TX,95350.0
2009,9,UT,8218.0
2009,9,VA,18033.0
2009,9,VT,1528.0
2009,9,WA,22312.0
2009,9,WI,14688.0
2009,9,WV,4021.0
2009,9,WY,1479.0
2009,10,AK,1895.0
2009,10,AL,412.0
2009,10,AR,10358.0
2009,10,AZ,21066.0
2009,10,CA,98638.0
2009,10,CO,11877.0
2009,10,CT,8593.0
2009,10,DC,3217.0
2009,10,DE,3163.0
2009,10,FL,
2009,10,GA,34284.0
2009,10,HI,4552.0
2009,10,IA,6845.0
2009,10,ID,2944.0
2009,10,IL,28101.0
2009,10,IN,18012.0
2009,10,KS,6244.0
2009,10,KY,10157.0
2009,10,LA,15732.0
2009,10,MA,16635.0
2009,10,MD,19482.0
2009,10,ME,3052.0
2009,10,MI,29949.0
2009,10,MN,9753.0
2009,10,MO,20184.0
2009,10,MS,7312.0
2009,10,MT,2291.0
2009,10,NC,31984.0
2009,10,ND,1218.0
2009,10,NE,4328.0
2009,10,NH,2606.0
2009,10,NJ,17775.0
2009,10,NM,7271.0
2009,10,NV,8448.0
2009,10,NY,23683.0
2009,10,OH,33982.0
2009,10,OK,13326.0
2009,10,OR,10736.0
2009,10,PA,28668.0
2009,10,RI,2809.0
2009,10,SC,18552.0
2009,10,SD,1140.0
2009,10,TN,24418.0
2009,10,TX,96858.0
2009,10,UT,8159.0
2009,10,VA,18727.0
2009,10,VT,1470.0
2009,10,WA,22565.0
2009,10,WI,14494.0
2009,10,WV,4305.0
2009,10,WY,1271.0
2009,11,AK,1677.0
2009,11,AL,186.0
2009,11,AR,9941.0
2009,11,AZ,19540.0
2009,11,CA,95339.0
2009,11,CO,11787.0
2009,11,CT,7704.0
2009,11,DC,2782.0
2009,11,DE,2875.0
2009,11,FL,
2009,11,GA,32304.0
2009,11,HI,4564.0
2009,11,IA,6624.0
2009,11,ID,2832.0
2009,11,IL,26576.0
2009,11,IN,17095.0
2009,11,KS,4516.0
2009,11,KY,9414.0
2009,11,LA,15460.0
2009,11,MA,15286.0
2009,11,MD,17747.0
2009,11,ME,2881.0
2009,11,MI,28004.0
2009,11,MN,9545.0
2009,11,MO,19556.0
2009,11,MS,6646.0
2009,11,MT,2107.0
2009,11,NC,30410.0
2009,11,ND,1051.0
2009,11,NE,4303.0
2009,11,NH,2366.0
2009,11,NJ,16860.0
2009,11,NM,6814.0
2009,11,NV,7868.0
2009,11,NY,21583.0
2009,11,OH,32361.0
2009,11,OK,13181.0
2009,11,OR,10206.0
2009,11,PA,27379.0
2009,11,RI,2443.0
2009,11,SC,16844.0
2009,11,SD,1358.0
2009,11,TN,22581.0
2009,11,TX,92031.0
2009,11,UT,7415.0
2009,11,VA,17775.0
2009,11,VT,1328.0
2009,11,WA,21952.0
2009,11,WI,13725.0
2009,11,WV,3990.0
2009,11,WY,1250.0
2009,12,AK,2286.0
2009,12,AL,160598.0
2009,12,AR,9701.0
2009,12,AZ,19794.0
2009,12,CA,100262.0
2009,12,CO,15880.0
2009,12,CT,7508.0
2009,12,DC,2141.0
2009,12,DE,2815.0
2009,12,FL,689183.0
2009,12,GA,32734.0
2009,12,HI,4303.0
2009,12,IA,5421.0
2009,12,ID,2671.0
2009,12,IL,24298.0
2009,12,IN,17461.0
2009,12,KS,10359.0
2009,12,KY,9433.0
2009,12,LA,15221.0
2009,12,MA,14212.0
2009,12,MD,17417.0
2009,12,ME,2676.0
2009,12,MI,24235.0
2009,12,MN,28244.0
2009,12,MO,18637.0
2009,12,MS,7151.0
2009,12,MT,2040.0
2009,12,NC,29880.0
2009,12,ND,974.0
2009,12,NE,3879.0
2009,12,NH,2155.0
2009,12,NJ,16147.0
2009,12,NM,7187.0
2009,12,NV,7971.0
2009,12,NY,71001.0
2009,12,OH,31867.0
2009,12,OK,12540.0
2009,12,OR,12105.0
2009,12,PA,25765.0
2009,12,RI,2487.0
2009,12,SC,16831.0
2009,12,SD,1067.0
2009,12,TN,22203.0
2009,12,TX,93928.0
2009,12,UT,11086.0
2009,12,VA,17115.0
2009,12,VT,1174.0
2009,12,WA,21927.0
2009,12,WI,11970.0
2009,12,WV,3621.0
2009,12,WY,1103.0
2010,1,AK,1900.0
2010,1,AL,216.0
2010,1,AR,8321.0
2010,1,AZ,19515.0
2010,1,CA,99536.0
2010,1,CO,12034.0
2010,1,CT,7082.0
2010,1,DC,2577.0
2010,1,DE,2701.0
2010,1,FL,
2010,1,GA,28968.0
2010,1,HI,4369.0
2010,1,IA,4751.0
2010,1,ID,2740.0
2010,1,IL,28984.0
2010,1,IN,14714.0
2010,1,KS,5317.0
2010,1,KY,8348.0
2010,1,LA,14891.0
2010,1,MA,13564.0
2010,1,MD,16913.0
2010,1,ME,2298.0
2010,1,MI,22708.0
2010,1,MN,7442.0
2010,1,MO,16344.0
2010,1,MS,6285.0
2010,1,MT,2037.0
2010,1,NC,27030.0
2010,1,ND,934.0
2010,1,NE,3545.0
2010,1,NH,2139.0
2010,1,NJ,15735.0
2010,1,NM,7268.0
2010,1,NV,8045.0
2010,1,NY,19257.0
2010,1,OH,27328.0
2010,1,OK,11441.0
2010,1,OR,10695.0
2010,1,PA,24346.0
2010,1,RI,2307.0
2010,1,SC,15699.0
2010,1,SD,1026.0
2010,1,TN,19733.0
2010,1,TX,88138.0
2010,1,UT,7367.0
2010,1,VA,15978.0
2010,1,VT,1217.0
2010,1,WA,23664.0
2010,1,WI,11026.0
2010,1,WV,3129.0
2010,1,WY,1157.0
2010,2,AK,1645.0
2010,2,AL,174.0
2010,2,AR,7074.0
2010,2,AZ,16879.0
2010,2,CA,89457.0
2010,2,CO,9976.0
2010,2,CT,5646.0
2010,2,DC,1894.0
2010,2,DE,1746.0
2010,2,FL,
2010,2,GA,23412.0
2010,2,HI,3680.0
2010,2,IA,4187.0
2010,2,ID,2270.0
2010,2,IL,23294.0
2010,2,IN,11579.0
2010,2,KS,4387.0
2010,2,KY,6629.0
2010,2,LA,12029.0
2010,2,MA,11691.0
2010,2,MD,10451.0
2010,2,ME,2079.0
2010,2,MI,17951.0
2010,2,MN,6560.0
2010,2,MO,13272.0
2010,2,MS,5187.0
2010,2,MT,1617.0
2010,2,NC,21506.0
2010,2,ND,813.0
2010,2,NE,3147.0
2010,2,NH,1922.0
2010,2,NJ,11833.0
2010,2,NM,5958.0
2010,2,NV,6851.0
2010,2,NY,15368.0
2010,2,OH,20656.0
2010,2,OK,9619.0
2010,2,OR,9033.0
2010,2,PA,18222.0
2010,2,RI,2022.0
2010,2,SC,12703.0
2010,2,SD,844.0
2010,2,TN,16712.0
2010,2,TX,72285.0
2010,2,UT,6333.0
2010,2,VA,12534.0
2010,2,VT,1011.0
2010,2,WA,19665.0
2010,2,WI,9224.0
2010,2,WV,2480.0
2010,2,WY,976.0
2010,3,AK,1859.0
2010,3,AL,226.0
2010,3,AR,9120.0
2010,3,AZ,19721.0
2010,3,CA,99399.0
2010,3,CO,12030.0
2010,3,CT,7018.0
2010,3,DC,2824.0
2010,3,DE,2882.0
2010,3,FL,
2010,3,GA,30045.0
2010,3,HI,4336.0
2010,3,IA,5847.0
2010,3,ID,2642.0
2010,3,IL,31025.0
2010,3,IN,16341.0
2010,3,KS,11297.0
2010,3,KY,9170.0
2010,3,LA,14906.0
2010,3,MA,14342.0
2010,3,MD,15932.0
2010,3,ME,2706.0
2010,3,MI,24073.0
2010,3,MN,8795.0
2010,3,MO,17687.0
2010,3,MS,6445.0
2010,3,MT,2257.0
2010,3,NC,28408.0
2010,3,ND,1027.0
2010,3,NE,4174.0
2010,3,NH,2356.0
2010,3,NJ,16129.0
2010,3,NM,6363.0
2010,3,NV,7721.0
2010,3,NY,64348.0
2010,3,OH,28724.0
2010,3,OK,11725.0
2010,3,OR,10233.0
2010,3,PA,25086.0
2010,3,RI,2410.0
2010,3,SC,16483.0
2010,3,SD,1313.0
2010,3,TN,21680.0
2010,3,TX,89002.0
2010,3,UT,7260.0
2010,3,VA,16914.0
2010,3,VT,1209.0
2010,3,WA,22236.0
2010,3,WI,12197.0
2010,3,WV,3258.0
2010,3,WY,1200.0
2010,4,AK,2012.0
2010,4,AL,253.0
2010,4,AR,9896.0
2010,4,AZ,19173.0
2010,4,CA,94859.0
2010,4,CO,11709.0
2010,4,CT,7027.0
2010,4,DC,3013.0
2010,4,DE,2771.0
2010,4,FL,
2010,4,GA,31848.0
2010,4,HI,4175.0
2010,4,IA,6597.0
2010,4,ID,2826.0
2010,4,IL,32696.0
2010,4,IN,17328.0
2010,4,KS,6271.0
2010,4,KY,9892.0
2010,4,LA,16030.0
2010,4,MA,15013.0
2010,4,MD,17235.0
2010,4,ME,2801.0
2010,4,MI,26449.0
2010,4,MN,9401.0
2010,4,MO,19440.0
2010,4,MS,6987.0
2010,4,MT,2305.0
2010,4,NC,29594.0
2010,4,ND,1108.0
2010,4,NE,4186.0
2010,4,NH,2519.0
2010,4,NJ,16418.0
2010,4,NM,6812.0
2010,4,NV,7428.0
2010,4,NY,21050.0
2010,4,OH,31163.0
2010,4,OK,12117.0
2010,4,OR,9935.0
2010,4,PA,26236.0
2010,4,RI,2600.0
2010,4,SC,17692.0
2010,4,SD,1451.0
2010,4,TN,22978.0
2010,4,TX,91589.0
2010,4,UT,7601.0
2010,4,VA,17291.0
2010,4,VT,1271.0
2010,4,WA,22053.0
2010,4,WI,12903.0
2010,4,WV,3129.0
2010,4,WY,1248.0
2010,5,AK,2315.0
2010,5,AL,333.0
2010,5,AR,10332.0
2010,5,AZ,19769.0
2010,5,CA,97864.0
2010,5,CO,12867.0
2010,5,CT,7901.0
2010,5,DC,3350.0
2010,5,DE,3158.0
2010,5,FL,
2010,5,GA,34034.0
2010,5,HI,4147.0
2010,5,IA,6868.0
2010,5,ID,3111.0
2010,5,IL,35093.0
2010,5,IN,18046.0
2010,5,KS,6782.0
2010,5,KY,10678.0
2010,5,LA,16471.0
2010,5,MA,15863.0
2010,5,MD,17585.0
2010,5,ME,3174.0
2010,5,MI,28475.0
2010,5,MN,10057.0
2010,5,MO,20353.0
2010,5,MS,7415.0
2010,5,MT,2523.0
2010,5,NC,30511.0
2010,5,ND,1279.0
2010,5,NE,4411.0
2010,5,NH,2610.0
2010,5,NJ,18226.0
2010,5,NM,7291.0
2010,5,NV,7886.0
2010,5,NY,23115.0
2010,5,OH,33468.0
2010,5,OK,12716.0
2010,5,OR,10305.0
2010,5,PA,27844.0
2010,5,RI,2603.0
2010,5,SC,18646.0
2010,5,SD,1431.0
2010,5,TN,24319.0
2010,5,TX,95716.0
2010,5,UT,7754.0
2010,5,VA,18041.0
2010,5,VT,1444.0
2010,5,WA,23114.0
2010,5,WI,14112.0
2010,5,WV,2460.0
2010,5,WY,1369.0
2010,6,AK,2332.0
2010,6,AL,29187.0
2010,6,AR,10033.0
2010,6,AZ,19066.0
2010,6,CA,95030.0
2010,6,CO,13325.0
2010,6,CT,7930.0
2010,6,DC,3379.0
2010,6,DE,3339.0
2010,6,FL,129121.0
2010,6,GA,32803.0
2010,6,HI,3957.0
2010,6,IA,6743.0
2010,6,ID,3317.0
2010,6,IL,36172.0
2010,6,IN,19488.0
2010,6,KS,13354.0
2010,6,KY,10646.0
2010,6,LA,16161.0
2010,6,MA,16332.0
2010,6,MD,18280.0
2010,6,ME,3223.0
2010,6,MI,29360.0
2010,6,MN,27509.0
2010,6,MO,20866.0
2010,6,MS,7514.0
2010,6,MT,2657.0
2010,6,NC,30944.0
2010,6,ND,1267.0
2010,6,NE,4570.0
2010,6,NH,2732.0
2010,6,NJ,19446.0
2010,6,NM,6997.0
2010,6,NV,7813.0
2010,6,NY,68360.0
2010,6,OH,34439.0
2010,6,OK,13085.0
2010,6,OR,10334.0
2010,6,PA,29600.0
2010,6,RI,2494.0
2010,6,SC,18326.0
2010,6,SD,1617.0
2010,6,TN,24679.0
2010,6,TX,92695.0
2010,6,UT,9091.0
2010,6,VA,17966.0
2010,6,VT,1303.0
2010,6,WA,23360.0
2010,6,WI,14597.0
2010,6,WV,4235.0
2010,6,WY,1400.0
2010,7,AK,2573.0
2010,7,AL,297.0
2010,7,AR,10806.0
2010,7,AZ,19884.0
2010,7,CA,99228.0
2010,7,CO,13730.0
2010,7,CT,8165.0
2010,7,DC,3547.0
2010,7,DE,3650.0
2010,7,FL,
2010,7,GA,34349.0
2010,7,HI,4356.0
2010,7,IA,7498.0
2010,7,ID,3406.0
2010,7,IL,38483.0
2010,7,IN,20104.0
2010,7,KS,7016.0
2010,7,KY,11493.0
2010,7,LA,16622.0
2010,7,MA,18493.0
2010,7,MD,19834.0
2010,7,ME,3717.0
2010,7,MI,32179.0
2010,7,MN,11759.0
2010,7,MO,21268.0
2010,7,MS,7886.0
2010,7,MT,2804.0
2010,7,NC,31217.0
2010,7,ND,1387.0
2010,7,NE,5031.0
2010,7,NH,2926.0
2010,7,NJ,21050.0
2010,7,NM,7105.0
2010,7,NV,7946.0
2010,7,NY,25687.0
2010,7,OH,38001.0
2010,7,OK,13991.0
2010,7,OR,10983.0
2010,7,PA,31221.0
2010,7,RI,2793.0
2010,7,SC,19434.0
2010,7,SD,1713.0
2010,7,TN,25654.0
2010,7,TX,96463.0
2010,7,UT,8220.0
2010,7,VA,18944.0
2010,7,VT,1440.0
2010,7,WA,23546.0
2010,7,WI,15679.0
2010,7,WV,4187.0
2010,7,WY,1300.0
2010,8,AK,2530.0
2010,8,AL,245.0
2010,8,AR,10631.0
2010,8,AZ,19994.0
2010,8,CA,99353.0
2010,8,CO,13247.0
2010,8,CT,8556.0
2010,8,DC,3471.0
2010,8,DE,3819.0
2010,8,FL,
2010,8,GA,34749.0
2010,8,HI,4463.0
2010,8,IA,7464.0
2010,8,ID,3514.0
2010,8,IL,38763.0
2010,8,IN,20014.0
2010,8,KS,6761.0
2010,8,KY,11124.0
2010,8,LA,16614.0
2010,8,MA,18019.0
2010,8,MD,20022.0
2010,8,ME,3641.0
2010,8,MI,32154.0
2010,8,MN,11525.0
2010,8,MO,21382.0
2010,8,MS,7415.0
2010,8,MT,2782.0
2010,8,NC,31747.0
2010,8,ND,1283.0
2010,8,NE,5021.0
2010,8,NH,3037.0
2010,8,NJ,21451.0
2010,8,NM,7195.0
2010,8,NV,8127.0
2010,8,NY,26234.0
2010,8,OH,37138.0
2010,8,OK,13314.0
2010,8,OR,11335.0
2010,8,PA,31590.0
2010,8,RI,2798.0
2010,8,SC,18701.0
2010,8,SD,1738.0
2010,8,TN,25143.0
2010,8,TX,92858.0
2010,8,UT,7927.0
2010,8,VA,19126.0
2010,8,VT,1222.0
2010,8,WA,24445.0
2010,8,WI,15455.0
2010,8,WV,3836.0
2010,8,WY,1285.0
2010,9,AK,2390.0
2010,9,AL,272.0
2010,9,AR,9611.0
2010,9,AZ,19572.0
2010,9,CA,93521.0
2010,9,CO,13595.0
2010,9,CT,7785.0
2010,9,DC,3453.0
2010,9,DE,3267.0
2010,9,FL,
2010,9,GA,32918.0
2010,9,HI,4073.0
2010,9,IA,6756.0
2010,9,ID,2981.0
2010,9,IL,35242.0
2010,9,IN,18556.0
2010,9,KS,13150.0
2010,9,KY,10454.0
2010,9,LA,15391.0
2010,9,MA,16416.0
2010,9,MD,18662.0
2010,9,ME,2901.0
2010,9,MI,28226.0
2010,9,MN,9963.0
2010,9,MO,20442.0
2010,9,MS,7135.0
2010,9,MT,2450.0
2010,9,NC,29404.0
2010,9,ND,1212.0
2010,9,NE,4797.0
2010,9,NH,2610.0
2010,9,NJ,18892.0
2010,9,NM,6856.0
2010,9,NV,7894.0
2010,9,NY,73777.0
2010,9,OH,33513.0
2010,9,OK,12275.0
2010,9,OR,11071.0
2010,9,PA,29245.0
2010,9,RI,2489.0
2010,9,SC,18056.0
2010,9,SD,1381.0
2010,9,TN,24158.0
2010,9,TX,87081.0
2010,9,UT,7624.0
2010,9,VA,17672.0
2010,9,VT,1085.0
2010,9,WA,22895.0
2010,9,WI,13520.0
2010,9,WV,3682.0
2010,9,WY,1380.0
2010,10,AK,1995.0
2010,10,AL,250.0
2010,10,AR,10065.0
2010,10,AZ,20632.0
2010,10,CA,94778.0
2010,10,CO,12806.0
2010,10,CT,7568.0
2010,10,DC,3392.0
2010,10,DE,3555.0
2010,10,FL,
2010,10,GA,33403.0
2010,10,HI,4149.0
2010,10,IA,6960.0
2010,10,ID,3081.0
2010,10,IL,35655.0
2010,10,IN,17638.0
2010,10,KS,6557.0
2010,10,KY,10978.0
2010,10,LA,15456.0
2010,10,MA,15785.0
2010,10,MD,18434.0
2010,10,ME,2736.0
2010,10,MI,28023.0
2010,10,MN,10057.0
2010,10,MO,20515.0
2010,10,MS,6795.0
2010,10,MT,2548.0
2010,10,NC,30007.0
2010,10,ND,1266.0
2010,10,NE,4929.0
2010,10,NH,2594.0
2010,10,NJ,18415.0
2010,10,NM,7149.0
2010,10,NV,8161.0
2010,10,NY,23933.0
2010,10,OH,33678.0
2010,10,OK,12767.0
2010,10,OR,11034.0
2010,10,PA,28419.0
2010,10,RI,2724.0
2010,10,SC,18234.0
2010,10,SD,1550.0
2010,10,TN,23998.0
2010,10,TX,89839.0
2010,10,UT,8041.0
2010,10,VA,17936.0
2010,10,VT,1328.0
2010,10,WA,23060.0
2010,10,WI,13705.0
2010,10,WV,3859.0
2010,10,WY,1366.0
2010,11,AK,1652.0
2010,11,AL,242.0
2010,11,AR,9675.0
2010,11,AZ,19840.0
2010,11,CA,91297.0
2010,11,CO,11731.0
2010,11,CT,7432.0
2010,11,DC,3130.0
2010,11,DE,3249.0
2010,11,FL,
2010,11,GA,31955.0
2010,11,HI,3912.0
2010,11,IA,6180.0
2010,11,ID,2528.0
2010,11,IL,31430.0
2010,11,IN,16673.0
2010,11,KS,5867.0
2010,11,KY,10128.0
2010,11,LA,14423.0
2010,11,MA,14480.0
2010,11,MD,16639.0
2010,11,ME,2757.0
2010,11,MI,25282.0
2010,11,MN,8471.0
2010,11,MO,18961.0
2010,11,MS,6583.0
2010,11,MT,1981.0
2010,11,NC,28065.0
2010,11,ND,952.0
2010,11,NE,4401.0
2010,11,NH,2204.0
2010,11,NJ,16901.0
2010,11,NM,6472.0
2010,11,NV,7718.0
2010,11,NY,21162.0
2010,11,OH,31024.0
2010,11,OK,11824.0
2010,11,OR,10258.0
2010,11,PA,25940.0
2010,11,RI,2449.0
2010,11,SC,16901.0
2010,11,SD,1314.0
2010,11,TN,22222.0
2010,11,TX,86572.0
2010,11,UT,7093.0
2010,11,VA,17372.0
2010,11,VT,1164.0
2010,11,WA,20667.0
2010,11,WI,12607.0
2010,11,WV,3318.0
2010,11,WY,1174.0
2010,12,AK,1598.0
2010,12,AL,132645.0
2010,12,AR,9661.0
2010,12,AZ,20420.0
2010,12,CA,99315.0
2010,12,CO,12758.0
2010,12,CT,6667.0
2010,12,DC,2825.0
2010,12,DE,2849.0
2010,12,FL,643456.0
2010,12,GA,32174.0
2010,12,HI,4094.0
2010,12,IA,5354.0
2010,12,ID,2511.0
2010,12,IL,28722.0
2010,12,IN,15242.0
2010,12,KS,12072.0
2010,12,KY,9388.0
2010,12,LA,14959.0
2010,12,MA,13658.0
2010,12,MD,16529.0
2010,12,ME,2790.0
2010,12,MI,22085.0
2010,12,MN,26533.0
2010,12,MO,18031.0
2010,12,MS,6502.0
2010,12,MT,2027.0
2010,12,NC,24596.0
2010,12,ND,827.0
2010,12,NE,4183.0
2010,12,NH,2207.0
2010,12,NJ,16221.0
2010,12,NM,6913.0
2010,12,NV,6964.0
2010,12,NY,68736.0
2010,12,OH,28617.0
2010,12,OK,12236.0
2010,12,OR,10448.0
2010,12,PA,24764.0
2010,12,RI,2220.0
2010,12,SC,16900.0
2010,12,SD,1087.0
2010,12,TN,21508.0
2010,12,TX,86329.0
2010,12,UT,9288.0
2010,12,VA,15984.0
2010,12,VT,1068.0
2010,12,WA,21526.0
2010,12,WI,10764.0
2010,12,WV,2680.0
2010,12,WY,1066.0
2011,1,AK,1611.0
2011,1,AL,12869.0
2011,1,AR,9011.0
2011,1,AZ,20604.0
2011,1,CA,96950.0
2011,1,CO,11609.0
2011,1,CT,5433.0
2011,1,DC,2533.0
2011,1,DE,2613.0
2011,1,FL,
2011,1,GA,28925.0
2011,1,HI,4182.0
2011,1,IA,5228.0
2011,1,ID,2497.0
2011,1,IL,27496.0
2011,1,IN,14292.0
2011,1,KS,5190.0
2011,1,KY,9225.0
2011,1,LA,13765.0
2011,1,MA,11485.0
2011,1,MD,15210.0
2011,1,ME,2275.0
2011,1,MI,21078.0
2011,1,MN,7210.0
2011,1,MO,15924.0
2011,1,MS,5957.0
2011,1,MT,1787.0
2011,1,NC,26379.0
2011,1,ND,964.0
2011,1,NE,3761.0
2011,1,NH,1936.0
2011,1,NJ,14675.0
2011,1,NM,6787.0
2011,1,NV,7462.0
2011,1,NY,17053.0
2011,1,OH,26629.0
2011,1,OK,11658.0
2011,1,OR,9775.0
2011,1,PA,23240.0
2011,1,RI,1997.0
2011,1,SC,15467.0
2011,1,SD,1087.0
2011,1,TN,19391.0
2011,1,TX,81896.0
2011,1,UT,6505.0
2011,1,VA,15466.0
2011,1,VT,1087.0
2011,1,WA,21035.0
2011,1,WI,10422.0
2011,1,WV,2330.0
2011,1,WY,1050.0
2011,2,AK,1427.0
2011,2,AL,10831.0
2011,2,AR,7094.0
2011,2,AZ,17015.0
2011,2,CA,80602.0
2011,2,CO,9546.0
2011,2,CT,4910.0
2011,2,DC,2356.0
2011,2,DE,2299.0
2011,2,FL,
2011,2,GA,24555.0
2011,2,HI,3525.0
2011,2,IA,4428.0
2011,2,ID,2092.0
2011,2,IL,21964.0
2011,2,IN,11106.0
2011,2,KS,4185.0
2011,2,KY,7691.0
2011,2,LA,11362.0
2011,2,MA,10056.0
2011,2,MD,12941.0
2011,2,ME,1776.0
2011,2,MI,15167.0
2011,2,MN,5965.0
2011,2,MO,12935.0
2011,2,MS,4685.0
2011,2,MT,1374.0
2011,2,NC,22921.0
2011,2,ND,830.0
2011,2,NE,3172.0
2011,2,NH,1720.0
2011,2,NJ,13058.0
2011,2,NM,5253.0
2011,2,NV,6102.0
2011,2,NY,14052.0
2011,2,OH,21507.0
2011,2,OK,8250.0
2011,2,OR,8578.0
2011,2,PA,20037.0
2011,2,RI,1714.0
2011,2,SC,13499.0
2011,2,SD,853.0
2011,2,TN,16961.0
2011,2,TX,64625.0
2011,2,UT,5793.0
2011,2,VA,12822.0
2011,2,VT,823.0
2011,2,WA,17376.0
2011,2,WI,8140.0
2011,2,WV,1257.0
2011,2,WY,876.0
2011,3,AK,1611.0
2011,3,AL,13395.0
2011,3,AR,9236.0
2011,3,AZ,19630.0
2011,3,CA,91653.0
2011,3,CO,12205.0
2011,3,CT,6621.0
2011,3,DC,2786.0
2011,3,DE,2833.0
2011,3,FL,
2011,3,GA,29955.0
2011,3,HI,4041.0
2011,3,IA,5851.0
2011,3,ID,2657.0
2011,3,IL,28983.0
2011,3,IN,15136.0
2011,3,KS,10484.0
2011,3,KY,9880.0
2011,3,LA,14599.0
2011,3,MA,13143.0
2011,3,MD,15203.0
2011,3,ME,2397.0
2011,3,MI,21257.0
2011,3,MN,7335.0
2011,3,MO,17700.0
2011,3,MS,6082.0
2011,3,MT,1987.0
2011,3,NC,27424.0
2011,3,ND,881.0
2011,3,NE,4089.0
2011,3,NH,2029.0
2011,3,NJ,16057.0
2011,3,NM,6638.0
2011,3,NV,7157.0
2011,3,NY,61975.0
2011,3,OH,28216.0
2011,3,OK,11208.0
2011,3,OR,9903.0
2011,3,PA,24155.0
2011,3,RI,2361.0
2011,3,SC,16389.0
2011,3,SD,1071.0
2011,3,TN,20976.0
2011,3,TX,80763.0
2011,3,UT,6936.0
2011,3,VA,14943.0
2011,3,VT,1063.0
2011,3,WA,20511.0
2011,3,WI,10551.0
2011,3,WV,2804.0
2011,3,WY,1123.0
2011,4,AK,1856.0
2011,4,AL,14312.0
2011,4,AR,10194.0
2011,4,AZ,18895.0
2011,4,CA,91136.0
2011,4,CO,11807.0
2011,4,CT,7113.0
2011,4,DC,2699.0
2011,4,DE,2921.0
2011,4,FL,
2011,4,GA,31535.0
2011,4,HI,3957.0
2011,4,IA,6360.0
2011,4,ID,2786.0
2011,4,IL,31071.0
2011,4,IN,16464.0
2011,4,KS,6016.0
2011,4,KY,10223.0
2011,4,LA,15872.0
2011,4,MA,13892.0
2011,4,MD,15173.0
2011,4,ME,2838.0
2011,4,MI,23016.0
2011,4,MN,8635.0
2011,4,MO,18753.0
2011,4,MS,6306.0
2011,4,MT,2024.0
2011,4,NC,29408.0
2011,4,ND,1121.0
2011,4,NE,4407.0
2011,4,NH,2307.0
2011,4,NJ,16954.0
2011,4,NM,6841.0
2011,4,NV,7096.0
2011,4,NY,19708.0
2011,4,OH,30372.0
2011,4,OK,11943.0
2011,4,OR,10184.0
2011,4,PA,25555.0
2011,4,RI,2029.0
2011,4,SC,17862.0
2011,4,SD,1268.0
2011,4,TN,22537.0
2011,4,TX,85173.0
2011,4,UT,6530.0
2011,4,VA,16281.0
2011,4,VT,1210.0
2011,4,WA,20633.0
2011,4,WI,11626.0
2011,4,WV,3309.0
2011,4,WY,1035.0
2011,5,AK,2267.0
2011,5,AL,15044.0
2011,5,AR,11133.0
2011,5,AZ,19554.0
2011,5,CA,97360.0
2011,5,CO,12448.0
2011,5,CT,7680.0
2011,5,DC,3135.0
2011,5,DE,3142.0
2011,5,FL,
2011,5,GA,33492.0
2011,5,HI,3889.0
2011,5,IA,7213.0
2011,5,ID,3089.0
2011,5,IL,34643.0
2011,5,IN,19056.0
2011,5,KS,6429.0
2011,5,KY,10864.0
2011,5,LA,17131.0
2011,5,MA,15612.0
2011,5,MD,17454.0
2011,5,ME,3176.0
2011,5,MI,25828.0
2011,5,MN,9916.0
2011,5,MO,20092.0
2011,5,MS,7022.0
2011,5,MT,2363.0
2011,5,NC,31988.0
2011,5,ND,1197.0
2011,5,NE,4781.0
2011,5,NH,2583.0
2011,5,NJ,18857.0
2011,5,NM,7174.0
2011,5,NV,7264.0
2011,5,NY,22238.0
2011,5,OH,33425.0
2011,5,OK,13241.0
2011,5,OR,10934.0
2011,5,PA,28454.0
2011,5,RI,2733.0
2011,5,SC,19017.0
2011,5,SD,1511.0
2011,5,TN,23797.0
2011,5,TX,90773.0
2011,5,UT,7278.0
2011,5,VA,17470.0
2011,5,VT,1234.0
2011,5,WA,22370.0
2011,5,WI,13327.0
2011,5,WV,2470.0
2011,5,WY,1186.0
2011,6,AK,2270.0
2011,6,AL,22171.0
2011,6,AR,11038.0
2011,6,AZ,20136.0
2011,6,CA,94278.0
2011,6,CO,13171.0
2011,6,CT,7818.0
2011,6,DC,3289.0
2011,6,DE,3280.0
2011,6,FL,235436.0
2011,6,GA,33523.0
2011,6,HI,3660.0
2011,6,IA,7125.0
2011,6,ID,3404.0
2011,6,IL,36881.0
2011,6,IN,19312.0
2011,6,KS,12578.0
2011,6,KY,11051.0
2011,6,LA,16462.0
2011,6,MA,15130.0
2011,6,MD,17683.0
2011,6,ME,3190.0
2011,6,MI,27684.0
2011,6,MN,27197.0
2011,6,MO,21118.0
2011,6,MS,7037.0
2011,6,MT,2431.0
2011,6,NC,31537.0
2011,6,ND,1296.0
2011,6,NE,4817.0
2011,6,NH,2726.0
2011,6,NJ,20362.0
2011,6,NM,7297.0
2011,6,NV,7376.0
2011,6,NY,67246.0
2011,6,OH,34892.0
2011,6,OK,13422.0
2011,6,OR,11239.0
2011,6,PA,29554.0
2011,6,RI,2914.0
2011,6,SC,18629.0
2011,6,SD,1677.0
2011,6,TN,23739.0
2011,6,TX,87977.0
2011,6,UT,8423.0
2011,6,VA,17791.0
2011,6,VT,1507.0
2011,6,WA,22458.0
2011,6,WI,14073.0
2011,6,WV,3081.0
2011,6,WY,1331.0
2011,7,AK,2449.0
2011,7,AL,15619.0
2011,7,AR,11697.0
2011,7,AZ,20392.0
2011,7,CA,96651.0
2011,7,CO,13170.0
2011,7,CT,8480.0
2011,7,DC,3475.0
2011,7,DE,3532.0
2011,7,FL,
2011,7,GA,35950.0
2011,7,HI,4016.0
2011,7,IA,7514.0
2011,7,ID,3796.0
2011,7,IL,38910.0
2011,7,IN,20764.0
2011,7,KS,7128.0
2011,7,KY,12065.0
2011,7,LA,16818.0
2011,7,MA,16670.0
2011,7,MD,18300.0
2011,7,ME,3743.0
2011,7,MI,30336.0
2011,7,MN,11522.0
2011,7,MO,21730.0
2011,7,MS,7067.0
2011,7,MT,2746.0
2011,7,NC,32926.0
2011,7,ND,1539.0
2011,7,NE,5300.0
2011,7,NH,3037.0
2011,7,NJ,21496.0
2011,7,NM,7860.0
2011,7,NV,6677.0
2011,7,NY,25521.0
2011,7,OH,37533.0
2011,7,OK,13305.0
2011,7,OR,11489.0
2011,7,PA,31046.0
2011,7,RI,3068.0
2011,7,SC,19621.0
2011,7,SD,1802.0
2011,7,TN,25186.0
2011,7,TX,90001.0
2011,7,UT,7748.0
2011,7,VA,18521.0
2011,7,VT,1719.0
2011,7,WA,23370.0
2011,7,WI,15867.0
2011,7,WV,4029.0
2011,7,WY,1518.0
2011,8,AK,2502.0
2011,8,AL,15449.0
2011,8,AR,11486.0
2011,8,AZ,20876.0
2011,8,CA,98772.0
2011,8,CO,13402.0
2011,8,CT,8660.0
2011,8,DC,3318.0
2011,8,DE,3340.0
2011,8,FL,
2011,8,GA,34993.0
2011,8,HI,4183.0
2011,8,IA,7720.0
2011,8,ID,3463.0
2011,8,IL,38490.0
2011,8,IN,21358.0
2011,8,KS,6887.0
2011,8,KY,12188.0
2011,8,LA,16907.0
2011,8,MA,17102.0
2011,8,MD,18230.0
2011,8,ME,3664.0
2011,8,MI,30947.0
2011,8,MN,11579.0
2011,8,MO,21694.0
2011,8,MS,6937.0
2011,8,MT,2723.0
2011,8,NC,32734.0
2011,8,ND,1588.0
2011,8,NE,5433.0
2011,8,NH,3333.0
2011,8,NJ,20866.0
2011,8,NM,8089.0
2011,8,NV,6914.0
2011,8,NY,25898.0
2011,8,OH,37956.0
2011,8,OK,13215.0
2011,8,OR,11936.0
2011,8,PA,32180.0
2011,8,RI,3133.0
2011,8,SC,19369.0
2011,8,SD,1712.0
2011,8,TN,25752.0
2011,8,TX,88762.0
2011,8,UT,8296.0
2011,8,VA,18842.0
2011,8,VT,1793.0
2011,8,WA,24553.0
2011,8,WI,15654.0
2011,8,WV,4228.0
2011,8,WY,1452.0
2011,9,AK,2259.0
2011,9,AL,14577.0
2011,9,AR,10758.0
2011,9,AZ,20831.0
2011,9,CA,93914.0
2011,9,CO,13396.0
2011,9,CT,7841.0
2011,9,DC,3276.0
2011,9,DE,3155.0
2011,9,FL,
2011,9,GA,33145.0
2011,9,HI,3894.0
2011,9,IA,6909.0
2011,9,ID,3426.0
2011,9,IL,34487.0
2011,9,IN,18391.0
2011,9,KS,13838.0
2011,9,KY,11600.0
2011,9,LA,15784.0
2011,9,MA,16024.0
2011,9,MD,17015.0
2011,9,ME,3434.0
2011,9,MI,26707.0
2011,9,MN,9928.0
2011,9,MO,19699.0
2011,9,MS,6241.0
2011,9,MT,2497.0
2011,9,NC,31193.0
2011,9,ND,1392.0
2011,9,NE,4840.0
2011,9,NH,2917.0
2011,9,NJ,19188.0
2011,9,NM,7490.0
2011,9,NV,6613.0
2011,9,NY,75514.0
2011,9,OH,35040.0
2011,9,OK,12594.0
2011,9,OR,11444.0
2011,9,PA,29986.0
2011,9,RI,2809.0
2011,9,SC,18357.0
2011,9,SD,1472.0
2011,9,TN,23811.0
2011,9,TX,82971.0
2011,9,UT,7668.0
2011,9,VA,17043.0
2011,9,VT,1517.0
2011,9,WA,23282.0
2011,9,WI,14068.0
2011,9,WV,4057.0
2011,9,WY,1226.0
2011,10,AK,1933.0
2011,10,AL,15199.0
2011,10,AR,10881.0
2011,10,AZ,21717.0
2011,10,CA,96040.0
2011,10,CO,12522.0
2011,10,CT,7703.0
2011,10,DC,3616.0
2011,10,DE,3407.0
2011,10,FL,
2011,10,GA,33343.0
2011,10,HI,4108.0
2011,10,IA,7014.0
2011,10,ID,3355.0
2011,10,IL,35238.0
2011,10,IN,18642.0
2011,10,KS,6817.0
2011,10,KY,11751.0
2011,10,LA,15410.0
2011,10,MA,15356.0
2011,10,MD,17202.0
2011,10,ME,3301.0
2011,10,MI,26268.0
2011,10,MN,10291.0
2011,10,MO,20108.0
2011,10,MS,6477.0
2011,10,MT,2466.0
2011,10,NC,31306.0
2011,10,ND,1472.0
2011,10,NE,4866.0
2011,10,NH,2896.0
2011,10,NJ,18893.0
2011,10,NM,7370.0
2011,10,NV,6290.0
2011,10,NY,23509.0
2011,10,OH,35373.0
2011,10,OK,12717.0
2011,10,OR,12136.0
2011,10,PA,29243.0
2011,10,RI,2725.0
2011,10,SC,17927.0
2011,10,SD,1473.0
2011,10,TN,23308.0
2011,10,TX,85115.0
2011,10,UT,8083.0
2011,10,VA,17002.0
2011,10,VT,1456.0
2011,10,WA,23028.0
2011,10,WI,13800.0
2011,10,WV,4032.0
2011,10,WY,1187.0
2011,11,AK,1657.0
2011,11,AL,14610.0
2011,11,AR,10293.0
2011,11,AZ,19922.0
2011,11,CA,96159.0
2011,11,CO,12180.0
2011,11,CT,7607.0
2011,11,DC,3320.0
2011,11,DE,3111.0
2011,11,FL,
2011,11,GA,33359.0
2011,11,HI,3936.0
2011,11,IA,6518.0
2011,11,ID,2835.0
2011,11,IL,32115.0
2011,11,IN,17510.0
2011,11,KS,6209.0
2011,11,KY,10702.0
2011,11,LA,14736.0
2011,11,MA,14691.0
2011,11,MD,16253.0
2011,11,ME,2925.0
2011,11,MI,24855.0
2011,11,MN,9195.0
2011,11,MO,19108.0
2011,11,MS,6093.0
2011,11,MT,1961.0
2011,11,NC,31969.0
2011,11,ND,1211.0
2011,11,NE,4353.0
2011,11,NH,2764.0
2011,11,NJ,18157.0
2011,11,NM,6971.0
2011,11,NV,6504.0
2011,11,NY,22062.0
2011,11,OH,33965.0
2011,11,OK,12059.0
2011,11,OR,11820.0
2011,11,PA,27777.0
2011,11,RI,2544.0
2011,11,SC,17580.0
2011,11,SD,1337.0
2011,11,TN,22541.0
2011,11,TX,81028.0
2011,11,UT,7077.0
2011,11,VA,16536.0
2011,11,VT,1192.0
2011,11,WA,22146.0
2011,11,WI,12455.0
2011,11,WV,3884.0
2011,11,WY,1054.0
2011,12,AK,1734.0
2011,12,AL,25236.0
2011,12,AR,10401.0
2011,12,AZ,20650.0
2011,12,CA,101892.0
2011,12,CO,12689.0
2011,12,CT,7623.0
2011,12,DC,3345.0
2011,12,DE,2968.0
2011,12,FL,535618.0
2011,12,GA,33193.0
2011,12,HI,4306.0
2011,12,IA,6269.0
2011,12,ID,2808.0
2011,12,IL,32231.0
2011,12,IN,17672.0
2011,12,KS,12106.0
2011,12,KY,11090.0
2011,12,LA,15083.0
2011,12,MA,14700.0
2011,12,MD,16334.0
2011,12,ME,3017.0
2011,12,MI,23430.0
2011,12,MN,29372.0
2011,12,MO,18548.0
2011,12,MS,6059.0
2011,12,MT,2161.0
2011,12,NC,31172.0
2011,12,ND,1199.0
2011,12,NE,4022.0
2011,12,NH,2771.0
2011,12,NJ,18440.0
2011,12,NM,7047.0
2011,12,NV,6608.0
2011,12,NY,73734.0
2011,12,OH,33925.0
2011,12,OK,12205.0
2011,12,OR,12242.0
2011,12,PA,28470.0
2011,12,RI,2724.0
2011,12,SC,17712.0
2011,12,SD,1386.0
2011,12,TN,22933.0
2011,12,TX,82525.0
2011,12,UT,8631.0
2011,12,VA,17363.0
2011,12,VT,1236.0
2011,12,WA,21826.0
2011,12,WI,12438.0
2011,12,WV,3946.0
2011,12,WY,930.0
2012,1,AK,1609.0
2012,1,AL,12233.0
2012,1,AR,9636.0
2012,1,AZ,20235.0
2012,1,CA,102319.0
2012,1,CO,12582.0
2012,1,CT,6984.0
2012,1,DC,3367.0
2012,1,DE,2785.0
2012,1,FL,
2012,1,GA,30947.0
2012,1,HI,4074.0
2012,1,IA,5772.0
2012,1,ID,2736.0
2012,1,IL,28281.0
2012,1,IN,16075.0
2012,1,KS,6387.0
2012,1,KY,10519.0
2012,1,LA,13744.0
2012,1,MA,13426.0
2012,1,MD,15333.0
2012,1,ME,2546.0
2012,1,MI,22308.0
2012,1,MN,8002.0
2012,1,MO,17915.0
2012,1,MS,6002.0
2012,1,MT,2077.0
2012,1,NC,29418.0
2012,1,ND,1115.0
2012,1,NE,4130.0
2012,1,NH,2398.0
2012,1,NJ,17130.0
2012,1,NM,7279.0
2012,1,NV,7879.0
2012,1,NY,19900.0
2012,1,OH,29002.0
2012,1,OK,12261.0
2012,1,OR,11605.0
2012,1,PA,25662.0
2012,1,RI,2270.0
2012,1,SC,16658.0
2012,1,SD,1339.0
2012,1,TN,20978.0
2012,1,TX,81835.0
2012,1,UT,6454.0
2012,1,VA,15454.0
2012,1,VT,1210.0
2012,1,WA,21322.0
2012,1,WI,11139.0
2012,1,WV,3518.0
2012,1,WY,1018.0
2012,2,AK,1598.0
2012,2,AL,9498.0
2012,2,AR,7868.0
2012,2,AZ,17256.0
2012,2,CA,90719.0
2012,2,CO,10115.0
2012,2,CT,6005.0
2012,2,DC,2661.0
2012,2,DE,2361.0
2012,2,FL,
2012,2,GA,25148.0
2012,2,HI,3463.0
2012,2,IA,5008.0
2012,2,ID,2536.0
2012,2,IL,24098.0
2012,2,IN,14145.0
2012,2,KS,5378.0
2012,2,KY,8721.0
2012,2,LA,11014.0
2012,2,MA,11578.0
2012,2,MD,13005.0
2012,2,ME,2252.0
2012,2,MI,18844.0
2012,2,MN,7126.0
2012,2,MO,14694.0
2012,2,MS,4652.0
2012,2,MT,1750.0
2012,2,NC,23490.0
2012,2,ND,1022.0
2012,2,NE,3365.0
2012,2,NH,2193.0
2012,2,NJ,14391.0
2012,2,NM,5882.0
2012,2,NV,6719.0
2012,2,NY,16986.0
2012,2,OH,24129.0
2012,2,OK,10093.0
2012,2,OR,10343.0
2012,2,PA,22143.0
2012,2,RI,1982.0
2012,2,SC,13796.0
2012,2,SD,1196.0
2012,2,TN,17462.0
2012,2,TX,67704.0
2012,2,UT,5909.0
2012,2,VA,13384.0
2012,2,VT,1065.0
2012,2,WA,19661.0
2012,2,WI,9624.0
2012,2,WV,3003.0
2012,2,WY,839.0
2012,3,AK,1836.0
2012,3,AL,11512.0
2012,3,AR,9736.0
2012,3,AZ,18735.0
2012,3,CA,95880.0
2012,3,CO,12075.0
2012,3,CT,6887.0
2012,3,DC,2754.0
2012,3,DE,2797.0
2012,3,FL,
2012,3,GA,29829.0
2012,3,HI,3755.0
2012,3,IA,6179.0
2012,3,ID,2694.0
2012,3,IL,29289.0
2012,3,IN,16239.0
2012,3,KS,11444.0
2012,3,KY,9796.0
2012,3,LA,13286.0
2012,3,MA,13049.0
2012,3,MD,14739.0
2012,3,ME,2661.0
2012,3,MI,22821.0
2012,3,MN,8758.0
2012,3,MO,17744.0
2012,3,MS,5512.0
2012,3,MT,2220.0
2012,3,NC,28642.0
2012,3,ND,1221.0
2012,3,NE,4261.0
2012,3,NH,2395.0
2012,3,NJ,16185.0
2012,3,NM,6979.0
2012,3,NV,7490.0
2012,3,NY,66228.0
2012,3,OH,28849.0
2012,3,OK,11767.0
2012,3,OR,10121.0
2012,3,PA,25002.0
2012,3,RI,2353.0
2012,3,SC,16587.0
2012,3,SD,1493.0
2012,3,TN,21727.0
2012,3,TX,78413.0
2012,3,UT,6351.0
2012,3,VA,15389.0
2012,3,VT,1283.0
2012,3,WA,21874.0
2012,3,WI,12059.0
2012,3,WV,3776.0
2012,3,WY,1132.0
2012,4,AK,2009.0
2012,4,AL,12285.0
2012,4,AR,10382.0
2012,4,AZ,18593.0
2012,4,CA,96732.0
2012,4,CO,12504.0
2012,4,CT,6925.0
2012,4,DC,2849.0
2012,4,DE,2885.0
2012,4,FL,
2012,4,GA,30581.0
2012,4,HI,3789.0
2012,4,IA,6365.0
2012,4,ID,2967.0
2012,4,IL,29973.0
2012,4,IN,16946.0
2012,4,KS,6332.0
2012,4,KY,10211.0
2012,4,LA,13970.0
2012,4,MA,13165.0
2012,4,MD,14823.0
2012,4,ME,3004.0
2012,4,MI,23700.0
2012,4,MN,9522.0
2012,4,MO,18865.0
2012,4,MS,6063.0
2012,4,MT,2321.0
2012,4,NC,29436.0
2012,4,ND,1295.0
2012,4,NE,4274.0
2012,4,NH,2680.0
2012,4,NJ,16043.0
2012,4,NM,7137.0
2012,4,NV,7664.0
2012,4,NY,20525.0
2012,4,OH,29970.0
2012,4,OK,12631.0
2012,4,OR,10597.0
2012,4,PA,25845.0
2012,4,RI,2497.0
2012,4,SC,17028.0
2012,4,SD,1552.0
2012,4,TN,22015.0
2012,4,TX,81788.0
2012,4,UT,6875.0
2012,4,VA,15525.0
2012,4,VT,1328.0
2012,4,WA,22038.0
2012,4,WI,12989.0
2012,4,WV,4006.0
2012,4,WY,1084.0
2012,5,AK,2274.0
2012,5,AL,12780.0
2012,5,AR,11118.0
2012,5,AZ,20075.0
2012,5,CA,104568.0
2012,5,CO,12819.0
2012,5,CT,7563.0
2012,5,DC,3274.0
2012,5,DE,3396.0
2012,5,FL,
2012,5,GA,33243.0
2012,5,HI,4137.0
2012,5,IA,6818.0
2012,5,ID,3035.0
2012,5,IL,33604.0
2012,5,IN,18878.0
2012,5,KS,6860.0
2012,5,KY,10595.0
2012,5,LA,14988.0
2012,5,MA,14381.0
2012,5,MD,16332.0
2012,5,ME,3220.0
2012,5,MI,26290.0
2012,5,MN,9941.0
2012,5,MO,20533.0
2012,5,MS,6531.0
2012,5,MT,2579.0
2012,5,NC,32774.0
2012,5,ND,1418.0
2012,5,NE,4541.0
2012,5,NH,2871.0
2012,5,NJ,18020.0
2012,5,NM,7475.0
2012,5,NV,8024.0
2012,5,NY,22715.0
2012,5,OH,33366.0
2012,5,OK,13614.0
2012,5,OR,11660.0
2012,5,PA,28071.0
2012,5,RI,2735.0
2012,5,SC,19325.0
2012,5,SD,1762.0
2012,5,TN,23965.0
2012,5,TX,86707.0
2012,5,UT,7707.0
2012,5,VA,17386.0
2012,5,VT,1482.0
2012,5,WA,23125.0
2012,5,WI,13995.0
2012,5,WV,4585.0
2012,5,WY,1190.0
2012,6,AK,2382.0
2012,6,AL,17116.0
2012,6,AR,10647.0
2012,6,AZ,19266.0
2012,6,CA,99628.0
2012,6,CO,12795.0
2012,6,CT,7552.0
2012,6,DC,3348.0
2012,6,DE,3142.0
2012,6,FL,99463.0
2012,6,GA,32635.0
2012,6,HI,3781.0
2012,6,IA,6916.0
2012,6,ID,3158.0
2012,6,IL,34603.0
2012,6,IN,18577.0
2012,6,KS,12996.0
2012,6,KY,10527.0
2012,6,LA,14583.0
2012,6,MA,14218.0
2012,6,MD,16436.0
2012,6,ME,3151.0
2012,6,MI,26673.0
2012,6,MN,10727.0
2012,6,MO,20759.0
2012,6,MS,6324.0
2012,6,MT,2712.0
2012,6,NC,31601.0
2012,6,ND,1567.0
2012,6,NE,4746.0
2012,6,NH,2610.0
2012,6,NJ,18148.0
2012,6,NM,7337.0
2012,6,NV,7632.0
2012,6,NY,69116.0
2012,6,OH,33538.0
2012,6,OK,13121.0
2012,6,OR,10887.0
2012,6,PA,27933.0
2012,6,RI,2504.0
2012,6,SC,18646.0
2012,6,SD,1966.0
2012,6,TN,23101.0
2012,6,TX,84135.0
2012,6,UT,8268.0
2012,6,VA,17121.0
2012,6,VT,1558.0
2012,6,WA,22736.0
2012,6,WI,14087.0
2012,6,WV,4113.0
2012,6,WY,1309.0
2012,7,AK,2522.0
2012,7,AL,12581.0
2012,7,AR,10882.0
2012,7,AZ,20105.0
2012,7,CA,105302.0
2012,7,CO,14062.0
2012,7,CT,8116.0
2012,7,DC,3593.0
2012,7,DE,3250.0
2012,7,FL,
2012,7,GA,32721.0
2012,7,HI,4198.0
2012,7,IA,7202.0
2012,7,ID,3369.0
2012,7,IL,37402.0
2012,7,IN,20037.0
2012,7,KS,7032.0
2012,7,KY,10972.0
2012,7,LA,15105.0
2012,7,MA,16321.0
2012,7,MD,17883.0
2012,7,ME,3446.0
2012,7,MI,28624.0
2012,7,MN,11581.0
2012,7,MO,21418.0
2012,7,MS,6533.0
2012,7,MT,2733.0
2012,7,NC,31922.0
2012,7,ND,1600.0
2012,7,NE,5082.0
2012,7,NH,3113.0
2012,7,NJ,19899.0
2012,7,NM,7379.0
2012,7,NV,8456.0
2012,7,NY,25103.0
2012,7,OH,35568.0
2012,7,OK,14003.0
2012,7,OR,11519.0
2012,7,PA,29800.0
2012,7,RI,2737.0
2012,7,SC,18742.0
2012,7,SD,2114.0
2012,7,TN,23677.0
2012,7,TX,88044.0
2012,7,UT,8744.0
2012,7,VA,17911.0
2012,7,VT,1532.0
2012,7,WA,23895.0
2012,7,WI,15289.0
2012,7,WV,4373.0
2012,7,WY,1391.0
2012,8,AK,2470.0
2012,8,AL,12610.0
2012,8,AR,10705.0
2012,8,AZ,20386.0
2012,8,CA,105415.0
2012,8,CO,14691.0
2012,8,CT,8284.0
2012,8,DC,3773.0
2012,8,DE,3462.0
2012,8,FL,
2012,8,GA,33302.0
2012,8,HI,4334.0
2012,8,IA,6926.0
2012,8,ID,3498.0
2012,8,IL,35809.0
2012,8,IN,18749.0
2012,8,KS,6903.0
2012,8,KY,10837.0
2012,8,LA,14076.0
2012,8,MA,15580.0
2012,8,MD,18204.0
2012,8,ME,3507.0
2012,8,MI,27178.0
2012,8,MN,11038.0
2012,8,MO,21177.0
2012,8,MS,6627.0
2012,8,MT,2796.0
2012,8,NC,32139.0
2012,8,ND,1717.0
2012,8,NE,5169.0
2012,8,NH,2897.0
2012,8,NJ,20599.0
2012,8,NM,7087.0
2012,8,NV,8535.0
2012,8,NY,25281.0
2012,8,OH,35645.0
2012,8,OK,13241.0
2012,8,OR,11864.0
2012,8,PA,31643.0
2012,8,RI,2972.0
2012,8,SC,18515.0
2012,8,SD,1955.0
2012,8,TN,22828.0
2012,8,TX,86966.0
2012,8,UT,8872.0
2012,8,VA,18160.0
2012,8,VT,1669.0
2012,8,WA,24187.0
2012,8,WI,15119.0
2012,8,WV,4148.0
2012,8,WY,1416.0
2012,9,AK,2281.0
2012,9,AL,11553.0
2012,9,AR,10158.0
2012,9,AZ,19407.0
2012,9,CA,100757.0
2012,9,CO,13500.0
2012,9,CT,7735.0
2012,9,DC,3356.0
2012,9,DE,3185.0
2012,9,FL,
2012,9,GA,31170.0
2012,9,HI,3971.0
2012,9,IA,6383.0
2012,9,ID,3135.0
2012,9,IL,33137.0
2012,9,IN,16912.0
2012,9,KS,12987.0
2012,9,KY,9982.0
2012,9,LA,13006.0
2012,9,MA,14738.0
2012,9,MD,16465.0
2012,9,ME,2998.0
2012,9,MI,25719.0
2012,9,MN,9642.0
2012,9,MO,19145.0
2012,9,MS,5907.0
2012,9,MT,2570.0
2012,9,NC,29752.0
2012,9,ND,1440.0
2012,9,NE,4798.0
2012,9,NH,2629.0
2012,9,NJ,18433.0
2012,9,NM,7074.0
2012,9,NV,8105.0
2012,9,NY,73742.0
2012,9,OH,32542.0
2012,9,OK,12532.0
2012,9,OR,11221.0
2012,9,PA,28262.0
2012,9,RI,2695.0
2012,9,SC,17274.0
2012,9,SD,1733.0
2012,9,TN,21566.0
2012,9,TX,81905.0
2012,9,UT,7682.0
2012,9,VA,16570.0
2012,9,VT,1506.0
2012,9,WA,23148.0
2012,9,WI,13607.0
2012,9,WV,3776.0
2012,9,WY,1374.0
2012,10,AK,1944.0
2012,10,AL,12227.0
2012,10,AR,10592.0
2012,10,AZ,20676.0
2012,10,CA,107035.0
2012,10,CO,13332.0
2012,10,CT,7788.0
2012,10,DC,3470.0
2012,10,DE,2977.0
2012,10,FL,
2012,10,GA,31901.0
2012,10,HI,4001.0
2012,10,IA,6703.0
2012,10,ID,2936.0
2012,10,IL,32636.0
2012,10,IN,17240.0
2012,10,KS,6689.0
2012,10,KY,10065.0
2012,10,LA,13515.0
2012,10,MA,14597.0
2012,10,MD,16975.0
2012,10,ME,3201.0
2012,10,MI,25095.0
2012,10,MN,9973.0
2012,10,MO,19857.0
2012,10,MS,5785.0
2012,10,MT,2502.0
2012,10,NC,30519.0
2012,10,ND,1307.0
2012,10,NE,5096.0
2012,10,NH,2558.0
2012,10,NJ,17353.0
2012,10,NM,7442.0
2012,10,NV,8456.0
2012,10,NY,22110.0
2012,10,OH,32293.0
2012,10,OK,12791.0
2012,10,OR,12063.0
2012,10,PA,28712.0
2012,10,RI,2520.0
2012,10,SC,17984.0
2012,10,SD,1650.0
2012,10,TN,21954.0
2012,10,TX,86356.0
2012,10,UT,7822.0
2012,10,VA,16364.0
2012,10,VT,1373.0
2012,10,WA,23935.0
2012,10,WI,13539.0
2012,10,WV,3821.0
2012,10,WY,1205.0
2012,11,AK,1828.0
2012,11,AL,11315.0
2012,11,AR,10136.0
2012,11,AZ,19468.0
2012,11,CA,102714.0
2012,11,CO,12389.0
2012,11,CT,6840.0
2012,11,DC,3090.0
2012,11,DE,2868.0
2012,11,FL,
2012,11,GA,29962.0
2012,11,HI,3657.0
2012,11,IA,6300.0
2012,11,ID,2707.0
2012,11,IL,30272.0
2012,11,IN,15607.0
2012,11,KS,6229.0
2012,11,KY,9426.0
2012,11,LA,12329.0
2012,11,MA,13326.0
2012,11,MD,15215.0
2012,11,ME,2727.0
2012,11,MI,23512.0
2012,11,MN,8730.0
2012,11,MO,18123.0
2012,11,MS,5689.0
2012,11,MT,2351.0
2012,11,NC,28203.0
2012,11,ND,1089.0
2012,11,NE,4539.0
2012,11,NH,2277.0
2012,11,NJ,15504.0
2012,11,NM,7119.0
2012,11,NV,7966.0
2012,11,NY,20144.0
2012,11,OH,29838.0
2012,11,OK,12040.0
2012,11,OR,11347.0
2012,11,PA,25439.0
2012,11,RI,2312.0
2012,11,SC,16567.0
2012,11,SD,1494.0
2012,11,TN,20142.0
2012,11,TX,80746.0
2012,11,UT,7378.0
2012,11,VA,15795.0
2012,11,VT,1271.0
2012,11,WA,23137.0
2012,11,WI,12069.0
2012,11,WV,3853.0
2012,11,WY,1138.0
2012,12,AK,1731.0
2012,12,AL,50492.0
2012,12,AR,9821.0
2012,12,AZ,19318.0
2012,12,CA,106228.0
2012,12,CO,12153.0
2012,12,CT,7094.0
2012,12,DC,3140.0
2012,12,DE,2876.0
2012,12,FL,628344.0
2012,12,GA,30754.0
2012,12,HI,3949.0
2012,12,IA,5558.0
2012,12,ID,2599.0
2012,12,IL,29506.0
2012,12,IN,14871.0
2012,12,KS,11757.0
2012,12,KY,9482.0
2012,12,LA,28140.0
2012,12,MA,12959.0
2012,12,MD,15762.0
2012,12,ME,2547.0
2012,12,MI,21085.0
2012,12,MN,45556.0
2012,12,MO,17907.0
2012,12,MS,5529.0
2012,12,MT,2287.0
2012,12,NC,28044.0
2012,12,ND,1058.0
2012,12,NE,4091.0
2012,12,NH,2240.0
2012,12,NJ,15795.0
2012,12,NM,6845.0
2012,12,NV,7826.0
2012,12,NY,71184.0
2012,12,OH,29136.0
2012,12,OK,11501.0
2012,12,OR,11411.0
2012,12,PA,24989.0
2012,12,RI,2298.0
2012,12,SC,16310.0
2012,12,SD,1260.0
2012,12,TN,20554.0
2012,12,TX,81671.0
2012,12,UT,8180.0
2012,12,VA,16125.0
2012,12,VT,1184.0
2012,12,WA,22691.0
2012,12,WI,11052.0
2012,12,WV,3517.0
2012,12,WY,1006.0
2013,1,AK,2146.0
2013,1,AL,14566.0
2013,1,AR,9754.0
2013,1,AZ,22020.0
2013,1,CA,108195.0
2013,1,CO,13060.0
2013,1,CT,6610.0
2013,1,DC,3106.0
2013,1,DE,2947.0
2013,1,FL,90.0
2013,1,GA,31132.0
2013,1,HI,4451.0
2013,1,IA,5656.0
2013,1,ID,2482.0
2013,1,IL,27854.0
2013,1,IN,15185.0
2013,1,KS,5834.0
2013,1,KY,9473.0
2013,1,LA,15064.0
2013,1,MA,12970.0
2013,1,MD,15794.0
2013,1,ME,2406.0
2013,1,MI,21178.0
2013,1,MN,10860.0
2013,1,MO,18772.0
2013,1,MS,5553.0
2013,1,MT,2175.0
2013,1,NC,27145.0
2013,1,ND,1126.0
2013,1,NE,4049.0
2013,1,NH,2165.0
2013,1,NJ,15677.0
2013,1,NM,7067.0
2013,1,NV,7884.0
2013,1,NY,33478.0
2013,1,OH,28176.0
2013,1,OK,12122.0
2013,1,OR,11853.0
2013,1,PA,24203.0
2013,1,RI,2346.0
2013,1,SC,16299.0
2013,1,SD,1293.0
2013,1,TN,19977.0
2013,1,TX,82267.0
2013,1,UT,6504.0
2013,1,VA,15625.0
2013,1,VT,1195.0
2013,1,WA,23616.0
2013,1,WI,10606.0
2013,1,WV,3373.0
2013,1,WY,1062.0
2013,2,AK,1707.0
2013,2,AL,11993.0
2013,2,AR,7902.0
2013,2,AZ,18956.0
2013,2,CA,90110.0
2013,2,CO,11088.0
2013,2,CT,4954.0
2013,2,DC,2479.0
2013,2,DE,2267.0
2013,2,FL,72.0
2013,2,GA,24637.0
2013,2,HI,3691.0
2013,2,IA,4675.0
2013,2,ID,2221.0
2013,2,IL,21908.0
2013,2,IN,12287.0
2013,2,KS,4844.0
2013,2,KY,7201.0
2013,2,LA,12706.0
2013,2,MA,9811.0
2013,2,MD,12665.0
2013,2,ME,1921.0
2013,2,MI,16258.0
2013,2,MN,9096.0
2013,2,MO,13975.0
2013,2,MS,4374.0
2013,2,MT,1863.0
2013,2,NC,21209.0
2013,2,ND,998.0
2013,2,NE,3355.0
2013,2,NH,1759.0
2013,2,NJ,12815.0
2013,2,NM,6265.0
2013,2,NV,6753.0
2013,2,NY,27731.0
2013,2,OH,21926.0
2013,2,OK,9875.0
2013,2,OR,9558.0
2013,2,PA,20544.0
2013,2,RI,1752.0
2013,2,SC,12695.0
2013,2,SD,1142.0
2013,2,TN,16261.0
2013,2,TX,69166.0
2013,2,UT,6452.0
2013,2,VA,12570.0
2013,2,VT,1010.0
2013,2,WA,20112.0
2013,2,WI,8440.0
2013,2,WV,2103.0
2013,2,WY,901.0
2013,3,AK,1847.0
2013,3,AL,13178.0
2013,3,AR,9094.0
2013,3,AZ,20577.0
2013,3,CA,96423.0
2013,3,CO,12053.0
2013,3,CT,6218.0
2013,3,DC,2817.0
2013,3,DE,2546.0
2013,3,FL,79.0
2013,3,GA,27374.0
2013,3,HI,4087.0
2013,3,IA,5371.0
2013,3,ID,2558.0
2013,3,IL,24467.0
2013,3,IN,13307.0
2013,3,KS,10431.0
2013,3,KY,8491.0
2013,3,LA,13842.0
2013,3,MA,11925.0
2013,3,MD,13524.0
2013,3,ME,2300.0
2013,3,MI,19788.0
2013,3,MN,9639.0
2013,3,MO,15916.0
2013,3,MS,4885.0
2013,3,MT,2125.0
2013,3,NC,23209.0
2013,3,ND,1168.0
2013,3,NE,3726.0
2013,3,NH,2130.0
2013,3,NJ,13843.0
2013,3,NM,6858.0
2013,3,NV,7686.0
2013,3,NY,31000.0
2013,3,OH,25369.0
2013,3,OK,11412.0
2013,3,OR,10679.0
2013,3,PA,21910.0
2013,3,RI,1995.0
2013,3,SC,15091.0
2013,3,SD,1363.0
2013,3,TN,18799.0
2013,3,TX,75757.0
2013,3,UT,7185.0
2013,3,VA,13968.0
2013,3,VT,1121.0
2013,3,WA,22204.0
2013,3,WI,9407.0
2013,3,WV,1674.0
2013,3,WY,1042.0
2013,4,AK,1909.0
2013,4,AL,14015.0
2013,4,AR,9755.0
2013,4,AZ,20459.0
2013,4,CA,97977.0
2013,4,CO,11836.0
2013,4,CT,6449.0
2013,4,DC,2955.0
2013,4,DE,2676.0
2013,4,FL,94.0
2013,4,GA,28849.0
2013,4,HI,3930.0
2013,4,IA,6105.0
2013,4,ID,2545.0
2013,4,IL,26979.0
2013,4,IN,15639.0
2013,4,KS,5809.0
2013,4,KY,9103.0
2013,4,LA,15578.0
2013,4,MA,12923.0
2013,4,MD,14709.0
2013,4,ME,2637.0
2013,4,MI,21627.0
2013,4,MN,11035.0
2013,4,MO,17365.0
2013,4,MS,5241.0
2013,4,MT,2281.0
2013,4,NC,26127.0
2013,4,ND,1259.0
2013,4,NE,4042.0
2013,4,NH,2259.0
2013,4,NJ,15495.0
2013,4,NM,7132.0
2013,4,NV,7822.0
2013,4,NY,34136.0
2013,4,OH,27830.0
2013,4,OK,11854.0
2013,4,OR,11162.0
2013,4,PA,23993.0
2013,4,RI,2133.0
2013,4,SC,16260.0
2013,4,SD,1436.0
2013,4,TN,20451.0
2013,4,TX,80688.0
2013,4,UT,7547.0
2013,4,VA,15232.0
2013,4,VT,1124.0
2013,4,WA,22008.0
2013,4,WI,10538.0
2013,4,WV,1994.0
2013,4,WY,1039.0
2013,5,AK,2183.0
2013,5,AL,14782.0
2013,5,AR,10322.0
2013,5,AZ,21078.0
2013,5,CA,100933.0
2013,5,CO,13428.0
2013,5,CT,6992.0
2013,5,DC,3556.0
2013,5,DE,2784.0
2013,5,FL,66.0
2013,5,GA,32024.0
2013,5,HI,4035.0
2013,5,IA,6649.0
2013,5,ID,2904.0
2013,5,IL,30299.0
2013,5,IN,16894.0
2013,5,KS,6253.0
2013,5,KY,10152.0
2013,5,LA,16028.0
2013,5,MA,13910.0
2013,5,MD,16552.0
2013,5,ME,2863.0
2013,5,MI,25148.0
2013,5,MN,12853.0
2013,5,MO,19116.0
2013,5,MS,5665.0
2013,5,MT,2483.0
2013,5,NC,29157.0
2013,5,ND,1599.0
2013,5,NE,4306.0
2013,5,NH,2647.0
2013,5,NJ,16611.0
2013,5,NM,7121.0
2013,5,NV,8395.0
2013,5,NY,37491.0
2013,5,OH,30788.0
2013,5,OK,12340.0
2013,5,OR,11423.0
2013,5,PA,26046.0
2013,5,RI,2507.0
2013,5,SC,18076.0
2013,5,SD,1489.0
2013,5,TN,22265.0
2013,5,TX,85402.0
2013,5,UT,8561.0
2013,5,VA,16694.0
2013,5,VT,1143.0
2013,5,WA,23577.0
2013,5,WI,12058.0
2013,5,WV,4050.0
2013,5,WY,1196.0
2013,6,AK,2359.0
2013,6,AL,14981.0
2013,6,AR,10339.0
2013,6,AZ,20619.0
2013,6,CA,94518.0
2013,6,CO,13548.0
2013,6,CT,7126.0
2013,6,DC,3553.0
2013,6,DE,2929.0
2013,6,FL,119599.0
2013,6,GA,31521.0
2013,6,HI,4144.0
2013,6,IA,6846.0
2013,6,ID,3006.0
2013,6,IL,30715.0
2013,6,IN,16794.0
2013,6,KS,11955.0
2013,6,KY,10195.0
2013,6,LA,16007.0
2013,6,MA,14203.0
2013,6,MD,15960.0
2013,6,ME,2927.0
2013,6,MI,25444.0
2013,6,MN,13428.0
2013,6,MO,19417.0
2013,6,MS,5574.0
2013,6,MT,2613.0
2013,6,NC,28224.0
2013,6,ND,1671.0
2013,6,NE,4402.0
2013,6,NH,2623.0
2013,6,NJ,16911.0
2013,6,NM,6848.0
2013,6,NV,8082.0
2013,6,NY,37994.0
2013,6,OH,30695.0
2013,6,OK,12419.0
2013,6,OR,11108.0
2013,6,PA,26854.0
2013,6,RI,2576.0
2013,6,SC,17398.0
2013,6,SD,1906.0
2013,6,TN,22074.0
2013,6,TX,83235.0
2013,6,UT,8716.0
2013,6,VA,16614.0
2013,6,VT,1143.0
2013,6,WA,23012.0
2013,6,WI,12773.0
2013,6,WV,3839.0
2013,6,WY,1240.0
2013,7,AK,2591.0
2013,7,AL,15942.0
2013,7,AR,11114.0
2013,7,AZ,21167.0
2013,7,CA,101744.0
2013,7,CO,14670.0
2013,7,CT,7835.0
2013,7,DC,3540.0
2013,7,DE,3081.0
2013,7,FL,80.0
2013,7,GA,33176.0
2013,7,HI,1341.0
2013,7,IA,7245.0
2013,7,ID,3452.0
2013,7,IL,33633.0
2013,7,IN,18696.0
2013,7,KS,6431.0
2013,7,KY,10405.0
2013,7,LA,16946.0
2013,7,MA,16122.0
2013,7,MD,16925.0
2013,7,ME,3418.0
2013,7,MI,27557.0
2013,7,MN,15093.0
2013,7,MO,21204.0
2013,7,MS,5982.0
2013,7,MT,2703.0
2013,7,NC,28869.0
2013,7,ND,1784.0
2013,7,NE,4983.0
2013,7,NH,2972.0
2013,7,NJ,18186.0
2013,7,NM,7113.0
2013,7,NV,8573.0
2013,7,NY,41942.0
2013,7,OH,33072.0
2013,7,OK,13100.0
2013,7,OR,12166.0
2013,7,PA,28816.0
2013,7,RI,2877.0
2013,7,SC,18282.0
2013,7,SD,1871.0
2013,7,TN,22576.0
2013,7,TX,86955.0
2013,7,UT,9120.0
2013,7,VA,17513.0
2013,7,VT,1439.0
2013,7,WA,24435.0
2013,7,WI,14200.0
2013,7,WV,3714.0
2013,7,WY,1441.0
2013,8,AK,2578.0
2013,8,AL,15591.0
2013,8,AR,10702.0
2013,8,AZ,21298.0
2013,8,CA,101953.0
2013,8,CO,14323.0
2013,8,CT,7745.0
2013,8,DC,3710.0
2013,8,DE,3262.0
2013,8,FL,71.0
2013,8,GA,32759.0
2013,8,HI,1080.0
2013,8,IA,6911.0
2013,8,ID,3366.0
2013,8,IL,33877.0
2013,8,IN,18530.0
2013,8,KS,6773.0
2013,8,KY,10700.0
2013,8,LA,16620.0
2013,8,MA,15597.0
2013,8,MD,17077.0
2013,8,ME,3363.0
2013,8,MI,27358.0
2013,8,MN,14364.0
2013,8,MO,20514.0
2013,8,MS,5724.0
2013,8,MT,2857.0
2013,8,NC,29818.0
2013,8,ND,1972.0
2013,8,NE,5101.0
2013,8,NH,2976.0
2013,8,NJ,18665.0
2013,8,NM,7339.0
2013,8,NV,8535.0
2013,8,NY,41939.0
2013,8,OH,32801.0
2013,8,OK,13020.0
2013,8,OR,11943.0
2013,8,PA,29559.0
2013,8,RI,2765.0
2013,8,SC,17616.0
2013,8,SD,1874.0
2013,8,TN,22705.0
2013,8,TX,85282.0
2013,8,UT,8995.0
2013,8,VA,17615.0
2013,8,VT,1468.0
2013,8,WA,24242.0
2013,8,WI,14370.0
2013,8,WV,3584.0
2013,8,WY,1362.0
2013,9,AK,2519.0
2013,9,AL,15052.0
2013,9,AR,9479.0
2013,9,AZ,20908.0
2013,9,CA,96693.0
2013,9,CO,13337.0
2013,9,CT,7182.0
2013,9,DC,3750.0
2013,9,DE,2937.0
2013,9,FL,74.0
2013,9,GA,31775.0
2013,9,HI,997.0
2013,9,IA,6699.0
2013,9,ID,2995.0
2013,9,IL,31277.0
2013,9,IN,16766.0
2013,9,KS,12570.0
2013,9,KY,9820.0
2013,9,LA,15424.0
2013,9,MA,14326.0
2013,9,MD,16153.0
2013,9,ME,2968.0
2013,9,MI,24348.0
2013,9,MN,13380.0
2013,9,MO,19025.0
2013,9,MS,5140.0
2013,9,MT,2628.0
2013,9,NC,27594.0
2013,9,ND,1571.0
2013,9,NE,4769.0
2013,9,NH,2809.0
2013,9,NJ,16910.0
2013,9,NM,6733.0
2013,9,NV,8130.0
2013,9,NY,38926.0
2013,9,OH,31148.0
2013,9,OK,12556.0
2013,9,OR,11089.0
2013,9,PA,28084.0
2013,9,RI,2461.0
2013,9,SC,16485.0
2013,9,SD,1644.0
2013,9,TN,20746.0
2013,9,TX,80046.0
2013,9,UT,8375.0
2013,9,VA,16356.0
2013,9,VT,1356.0
2013,9,WA,23883.0
2013,9,WI,13323.0
2013,9,WV,3561.0
2013,9,WY,1110.0
2013,10,AK,2445.0
2013,10,AL,15837.0
2013,10,AR,9995.0
2013,10,AZ,21702.0
2013,10,CA,100001.0
2013,10,CO,13393.0
2013,10,CT,7226.0
2013,10,DC,3611.0
2013,10,DE,2985.0
2013,10,FL,57.0
2013,10,GA,33157.0
2013,10,HI,948.0
2013,10,IA,6416.0
2013,10,ID,3157.0
2013,10,IL,29839.0
2013,10,IN,16902.0
2013,10,KS,6783.0
2013,10,KY,9995.0
2013,10,LA,15768.0
2013,10,MA,14408.0
2013,10,MD,16926.0
2013,10,ME,2751.0
2013,10,MI,23769.0
2013,10,MN,13299.0
2013,10,MO,18756.0
2013,10,MS,5195.0
2013,10,MT,2696.0
2013,10,NC,28864.0
2013,10,ND,1613.0
2013,10,NE,4951.0
2013,10,NH,2787.0
2013,10,NJ,16660.0
2013,10,NM,6928.0
2013,10,NV,8400.0
2013,10,NY,39591.0
2013,10,OH,30441.0
2013,10,OK,12444.0
2013,10,OR,11568.0
2013,10,PA,27897.0
2013,10,RI,2697.0
2013,10,SC,16762.0
2013,10,SD,1639.0
2013,10,TN,21501.0
2013,10,TX,83327.0
2013,10,UT,8369.0
2013,10,VA,16179.0
2013,10,VT,1277.0
2013,10,WA,24559.0
2013,10,WI,13076.0
2013,10,WV,3470.0
2013,10,WY,1202.0
2013,11,AK,1872.0
2013,11,AL,13616.0
2013,11,AR,8538.0
2013,11,AZ,20016.0
2013,11,CA,92539.0
2013,11,CO,12114.0
2013,11,CT,6381.0
2013,11,DC,3236.0
2013,11,DE,2669.0
2013,11,FL,59.0
2013,11,GA,30305.0
2013,11,HI,1055.0
2013,11,IA,5988.0
2013,11,ID,2668.0
2013,11,IL,26780.0
2013,11,IN,15211.0
2013,11,KS,6065.0
2013,11,KY,9109.0
2013,11,LA,14692.0
2013,11,MA,12984.0
2013,11,MD,15155.0
2013,11,ME,2519.0
2013,11,MI,20780.0
2013,11,MN,11507.0
2013,11,MO,16646.0
2013,11,MS,4717.0
2013,11,MT,2223.0
2013,11,NC,26519.0
2013,11,ND,1486.0
2013,11,NE,4381.0
2013,11,NH,2307.0
2013,11,NJ,15451.0
2013,11,NM,6666.0
2013,11,NV,7539.0
2013,11,NY,34272.0
2013,11,OH,27486.0
2013,11,OK,11249.0
2013,11,OR,10185.0
2013,11,PA,24918.0
2013,11,RI,2301.0
2013,11,SC,15726.0
2013,11,SD,1479.0
2013,11,TN,19140.0
2013,11,TX,76919.0
2013,11,UT,7489.0
2013,11,VA,15057.0
2013,11,VT,967.0
2013,11,WA,23005.0
2013,11,WI,11376.0
2013,11,WV,3173.0
2013,11,WY,1135.0
2013,12,AK,1766.0
2013,12,AL,14047.0
2013,12,AR,8477.0
2013,12,AZ,20780.0
2013,12,CA,96944.0
2013,12,CO,12040.0
2013,12,CT,6179.0
2013,12,DC,3204.0
2013,12,DE,2714.0
2013,12,FL,578467.0
2013,12,GA,31004.0
2013,12,HI,1072.0
2013,12,IA,5349.0
2013,12,ID,2466.0
2013,12,IL,24747.0
2013,12,IN,14590.0
2013,12,KS,10555.0
2013,12,KY,8860.0
2013,12,LA,15096.0
2013,12,MA,13311.0
2013,12,MD,11477.0
2013,12,ME,2206.0
2013,12,MI,17570.0
2013,12,MN,10038.0
2013,12,MO,16187.0
2013,12,MS,4939.0
2013,12,MT,1998.0
2013,12,NC,27300.0
2013,12,ND,1106.0
2013,12,NE,4147.0
2013,12,NH,2088.0
2013,12,NJ,15210.0
2013,12,NM,6604.0
2013,12,NV,8071.0
2013,12,NY,34713.0
2013,12,OH,26657.0
2013,12,OK,11075.0
2013,12,OR,10365.0
2013,12,PA,23893.0
2013,12,RI,2215.0
2013,12,SC,16073.0
2013,12,SD,1373.0
2013,12,TN,19184.0
2013,12,TX,79161.0
2013,12,UT,6959.0
2013,12,VA,15397.0
2013,12,VT,923.0
2013,12,WA,23296.0
2013,12,WI,9902.0
2013,12,WV,3176.0
2013,12,WY,953.0
2014,1,AK,2029.0
2014,1,AL,13800.0
2014,1,AR,8447.0
2014,1,AZ,21482.0
2014,1,CA,99032.0
2014,1,CO,12601.0
2014,1,CT,5870.0
2014,1,DC,3198.0
2014,1,DE,2472.0
2014,1,FL,
2014,1,GA,30047.0
2014,1,HI,4362.0
2014,1,IA,5110.0
2014,1,ID,2605.0
2014,1,IL,20952.0
2014,1,IN,12846.0
2014,1,KS,5494.0
2014,1,KY,8763.0
2014,1,LA,14741.0
2014,1,MA,11631.0
2014,1,MD,13433.0
2014,1,ME,2103.0
2014,1,MI,16598.0
2014,1,MN,9566.0
2014,1,MO,15703.0
2014,1,MS,5022.0
2014,1,MT,2102.0
2014,1,NC,24880.0
2014,1,ND,1183.0
2014,1,NE,4138.0
2014,1,NH,2079.0
2014,1,NJ,13850.0
2014,1,NM,7314.0
2014,1,NV,8334.0
2014,1,NY,31625.0
2014,1,OH,23612.0
2014,1,OK,11020.0
2014,1,OR,11027.0
2014,1,PA,22526.0
2014,1,RI,2007.0
2014,1,SC,15215.0
2014,1,SD,1410.0
2014,1,TN,18733.0
2014,1,TX,81087.0
2014,1,UT,6903.0
2014,1,VA,13829.0
2014,1,VT,850.0
2014,1,WA,23994.0
2014,1,WI,8948.0
2014,1,WV,2960.0
2014,1,WY,977.0
2014,2,AK,1620.0
2014,2,AL,11684.0
2014,2,AR,6629.0
2014,2,AZ,17625.0
2014,2,CA,83508.0
2014,2,CO,10563.0
2014,2,CT,4415.0
2014,2,DC,2468.0
2014,2,DE,1950.0
2014,2,FL,1.0
2014,2,GA,24959.0
2014,2,HI,3815.0
2014,2,IA,4077.0
2014,2,ID,2210.0
2014,2,IL,17945.0
2014,2,IN,10449.0
2014,2,KS,4491.0
2014,2,KY,6718.0
2014,2,LA,12770.0
2014,2,MA,9016.0
2014,2,MD,11561.0
2014,2,ME,1726.0
2014,2,MI,13993.0
2014,2,MN,7974.0
2014,2,MO,12206.0
2014,2,MS,4064.0
2014,2,MT,1700.0
2014,2,NC,20513.0
2014,2,ND,1078.0
2014,2,NE,3294.0
2014,2,NH,1630.0
2014,2,NJ,10896.0
2014,2,NM,6259.0
2014,2,NV,7032.0
2014,2,NY,26262.0
2014,2,OH,18320.0
2014,2,OK,8941.0
2014,2,OR,8711.0
2014,2,PA,17229.0
2014,2,RI,1440.0
2014,2,SC,12619.0
2014,2,SD,1241.0
2014,2,TN,15549.0
2014,2,TX,66046.0
2014,2,UT,6477.0
2014,2,VA,11570.0
2014,2,VT,768.0
2014,2,WA,19632.0
2014,2,WI,7626.0
2014,2,WV,2499.0
2014,2,WY,868.0
2014,3,AK,1777.0
2014,3,AL,13538.0
2014,3,AR,7974.0
2014,3,AZ,18963.0
2014,3,CA,90912.0
2014,3,CO,12016.0
2014,3,CT,5650.0
2014,3,DC,2693.0
2014,3,DE,2299.0
2014,3,FL,
2014,3,GA,28936.0
2014,3,HI,1339.0
2014,3,IA,5056.0
2014,3,ID,2664.0
2014,3,IL,22272.0
2014,3,IN,12763.0
2014,3,KS,9137.0
2014,3,KY,8176.0
2014,3,LA,14325.0
2014,3,MA,10801.0
2014,3,MD,12404.0
2014,3,ME,1954.0
2014,3,MI,17231.0
2014,3,MN,9603.0
2014,3,MO,15189.0
2014,3,MS,4575.0
2014,3,MT,2069.0
2014,3,NC,23910.0
2014,3,ND,1166.0
2014,3,NE,3902.0
2014,3,NH,1895.0
2014,3,NJ,13370.0
2014,3,NM,6866.0
2014,3,NV,7753.0
2014,3,NY,29885.0
2014,3,OH,23517.0
2014,3,OK,10191.0
2014,3,OR,9672.0
2014,3,PA,20827.0
2014,3,RI,1946.0
2014,3,SC,14456.0
2014,3,SD,1377.0
2014,3,TN,18358.0
2014,3,TX,73000.0
2014,3,UT,6663.0
2014,3,VA,12647.0
2014,3,VT,795.0
2014,3,WA,23426.0
2014,3,WI,9335.0
2014,3,WV,3002.0
2014,3,WY,902.0
2014,4,AK,1878.0
2014,4,AL,14116.0
2014,4,AR,8766.0
2014,4,AZ,18890.0
2014,4,CA,90854.0
2014,4,CO,12069.0
2014,4,CT,6216.0
2014,4,DC,3097.0
2014,4,DE,2599.0
2014,4,FL,
2014,4,GA,30267.0
2014,4,HI,1267.0
2014,4,IA,5770.0
2014,4,ID,2645.0
2014,4,IL,24777.0
2014,4,IN,14489.0
2014,4,KS,5434.0
2014,4,KY,8846.0
2014,4,LA,15381.0
2014,4,MA,11686.0
2014,4,MD,14195.0
2014,4,ME,2257.0
2014,4,MI,20389.0
2014,4,MN,10541.0
2014,4,MO,16235.0
2014,4,MS,4904.0
2014,4,MT,2171.0
2014,4,NC,25162.0
2014,4,ND,1331.0
2014,4,NE,4299.0
2014,4,NH,2281.0
2014,4,NJ,13755.0
2014,4,NM,6905.0
2014,4,NV,7692.0
2014,4,NY,31989.0
2014,4,OH,26520.0
2014,4,OK,11212.0
2014,4,OR,9827.0
2014,4,PA,22573.0
2014,4,RI,2052.0
2014,4,SC,15895.0
2014,4,SD,1452.0
2014,4,TN,19691.0
2014,4,TX,75734.0
2014,4,UT,6184.0
2014,4,VA,14929.0
2014,4,VT,747.0
2014,4,WA,23234.0
2014,4,WI,10348.0
2014,4,WV,2987.0
2014,4,WY,994.0
2014,5,AK,2210.0
2014,5,AL,14830.0
2014,5,AR,9386.0
2014,5,AZ,19512.0
2014,5,CA,92133.0
2014,5,CO,12741.0
2014,5,CT,7100.0
2014,5,DC,3584.0
2014,5,DE,3023.0
2014,5,FL,
2014,5,GA,32469.0
2014,5,HI,1270.0
2014,5,IA,6237.0
2014,5,ID,3041.0
2014,5,IL,27559.0
2014,5,IN,15870.0
2014,5,KS,6214.0
2014,5,KY,9528.0
2014,5,LA,16057.0
2014,5,MA,12808.0
2014,5,MD,15870.0
2014,5,ME,2537.0
2014,5,MI,22056.0
2014,5,MN,12387.0
2014,5,MO,17724.0
2014,5,MS,5295.0
2014,5,MT,2444.0
2014,5,NC,28056.0
2014,5,ND,1638.0
2014,5,NE,4630.0
2014,5,NH,2398.0
2014,5,NJ,15379.0
2014,5,NM,7259.0
2014,5,NV,8014.0
2014,5,NY,35730.0
2014,5,OH,28282.0
2014,5,OK,11970.0
2014,5,OR,10927.0
2014,5,PA,25754.0
2014,5,RI,2154.0
2014,5,SC,17759.0
2014,5,SD,1606.0
2014,5,TN,22063.0
2014,5,TX,79892.0
2014,5,UT,7604.0
2014,5,VA,16239.0
2014,5,VT,739.0
2014,5,WA,24272.0
2014,5,WI,11935.0
2014,5,WV,3329.0
2014,5,WY,997.0
2014,6,AK,2137.0
2014,6,AL,14731.0
2014,6,AR,9622.0
2014,6,AZ,19564.0
2014,6,CA,91104.0
2014,6,CO,13060.0
2014,6,CT,7200.0
2014,6,DC,3766.0
2014,6,DE,2945.0
2014,6,FL,96833.0
2014,6,GA,32436.0
2014,6,HI,1271.0
2014,6,IA,6223.0
2014,6,ID,3037.0
2014,6,IL,29177.0
2014,6,IN,16334.0
2014,6,KS,11050.0
2014,6,KY,9826.0
2014,6,LA,15347.0
2014,6,MA,13087.0
2014,6,MD,16010.0
2014,6,ME,2600.0
2014,6,MI,23078.0
2014,6,MN,13422.0
2014,6,MO,17837.0
2014,6,MS,5504.0
2014,6,MT,2545.0
2014,6,NC,25869.0
2014,6,ND,1564.0
2014,6,NE,4553.0
2014,6,NH,2462.0
2014,6,NJ,16107.0
2014,6,NM,7475.0
2014,6,NV,7767.0
2014,6,NY,37102.0
2014,6,OH,28825.0
2014,6,OK,11728.0
2014,6,OR,10299.0
2014,6,PA,26225.0
2014,6,RI,2245.0
2014,6,SC,16913.0
2014,6,SD,1581.0
2014,6,TN,20945.0
2014,6,TX,78823.0
2014,6,UT,7635.0
2014,6,VA,15753.0
2014,6,VT,787.0
2014,6,WA,24076.0
2014,6,WI,12647.0
2014,6,WV,3202.0
2014,6,WY,1132.0
2014,7,AK,2598.0
2014,7,AL,15170.0
2014,7,AR,9764.0
2014,7,AZ,20286.0
2014,7,CA,94576.0
2014,7,CO,14216.0
2014,7,CT,7759.0
2014,7,DC,4128.0
2014,7,DE,3033.0
2014,7,FL,
2014,7,GA,36216.0
2014,7,HI,1184.0
2014,7,IA,7089.0
2014,7,ID,3160.0
2014,7,IL,31536.0
2014,7,IN,16925.0
2014,7,KS,6123.0
2014,7,KY,10575.0
2014,7,LA,16231.0
2014,7,MA,14280.0
2014,7,MD,16679.0
2014,7,ME,3085.0
2014,7,MI,25040.0
2014,7,MN,14188.0
2014,7,MO,18729.0
2014,7,MS,5901.0
2014,7,MT,2983.0
2014,7,NC,26663.0
2014,7,ND,1855.0
2014,7,NE,4623.0
2014,7,NH,2754.0
2014,7,NJ,17411.0
2014,7,NM,7653.0
2014,7,NV,8019.0
2014,7,NY,39989.0
2014,7,OH,30331.0
2014,7,OK,12230.0
2014,7,OR,10997.0
2014,7,PA,27649.0
2014,7,RI,2418.0
2014,7,SC,17665.0
2014,7,SD,1783.0
2014,7,TN,22642.0
2014,7,TX,81748.0
2014,7,UT,8291.0
2014,7,VA,16531.0
2014,7,VT,1047.0
2014,7,WA,24693.0
2014,7,WI,14053.0
2014,7,WV,2879.0
2014,7,WY,1205.0
2014,8,AK,2603.0
2014,8,AL,14203.0
2014,8,AR,9729.0
2014,8,AZ,20271.0
2014,8,CA,91521.0
2014,8,CO,13974.0
2014,8,CT,7433.0
2014,8,DC,4299.0
2014,8,DE,3173.0
2014,8,FL,
2014,8,GA,33843.0
2014,8,HI,1198.0
2014,8,IA,6980.0
2014,8,ID,3158.0
2014,8,IL,30556.0
2014,8,IN,17007.0
2014,8,KS,5967.0
2014,8,KY,10023.0
2014,8,LA,15515.0
2014,8,MA,14027.0
2014,8,MD,16234.0
2014,8,ME,2862.0
2014,8,MI,24695.0
2014,8,MN,13538.0
2014,8,MO,18968.0
2014,8,MS,5577.0
2014,8,MT,2831.0
2014,8,NC,26674.0
2014,8,ND,1942.0
2014,8,NE,4646.0
2014,8,NH,2607.0
2014,8,NJ,16860.0
2014,8,NM,7283.0
2014,8,NV,7617.0
2014,8,NY,39996.0
2014,8,OH,30883.0
2014,8,OK,11928.0
2014,8,OR,10823.0
2014,8,PA,27658.0
2014,8,RI,2473.0
2014,8,SC,17025.0
2014,8,SD,1910.0
2014,8,TN,22490.0
2014,8,TX,80326.0
2014,8,UT,8673.0
2014,8,VA,16747.0
2014,8,VT,1051.0
2014,8,WA,24678.0
2014,8,WI,13490.0
2014,8,WV,2495.0
2014,8,WY,1317.0
2014,9,AK,2322.0
2014,9,AL,13790.0
2014,9,AR,9357.0
2014,9,AZ,19934.0
2014,9,CA,90929.0
2014,9,CO,13486.0
2014,9,CT,6983.0
2014,9,DC,4153.0
2014,9,DE,2853.0
2014,9,FL,
2014,9,GA,32687.0
2014,9,HI,1239.0
2014,9,IA,6807.0
2014,9,ID,3112.0
2014,9,IL,28415.0
2014,9,IN,16239.0
2014,9,KS,10714.0
2014,9,KY,9700.0
2014,9,LA,15182.0
2014,9,MA,13661.0
2014,9,MD,15981.0
2014,9,ME,2526.0
2014,9,MI,22547.0
2014,9,MN,12607.0
2014,9,MO,18553.0
2014,9,MS,5294.0
2014,9,MT,2677.0
2014,9,NC,25931.0
2014,9,ND,1678.0
2014,9,NE,4662.0
2014,9,NH,2571.0
2014,9,NJ,16069.0
2014,9,NM,7194.0
2014,9,NV,7416.0
2014,9,NY,38264.0
2014,9,OH,28542.0
2014,9,OK,11622.0
2014,9,OR,10603.0
2014,9,PA,26006.0
2014,9,RI,2287.0
2014,9,SC,16448.0
2014,9,SD,1707.0
2014,9,TN,20911.0
2014,9,TX,77420.0
2014,9,UT,8107.0
2014,9,VA,15696.0
2014,9,VT,973.0
2014,9,WA,24337.0
2014,9,WI,12900.0
2014,9,WV,2881.0
2014,9,WY,1158.0
2014,10,AK,1998.0
2014,10,AL,13609.0
2014,10,AR,8939.0
2014,10,AZ,21206.0
2014,10,CA,93470.0
2014,10,CO,13152.0
2014,10,CT,7049.0
2014,10,DC,4252.0
2014,10,DE,2906.0
2014,10,FL,1.0
2014,10,GA,30414.0
2014,10,HI,1196.0
2014,10,IA,6822.0
2014,10,ID,3058.0
2014,10,IL,28434.0
2014,10,IN,16431.0
2014,10,KS,4622.0
2014,10,KY,9631.0
2014,10,LA,15178.0
2014,10,MA,13320.0
2014,10,MD,16450.0
2014,10,ME,2512.0
2014,10,MI,21520.0
2014,10,MN,12843.0
2014,10,MO,18788.0
2014,10,MS,5637.0
2014,10,MT,2603.0
2014,10,NC,26769.0
2014,10,ND,1718.0
2014,10,NE,4491.0
2014,10,NH,2531.0
2014,10,NJ,15896.0
2014,10,NM,7140.0
2014,10,NV,7899.0
2014,10,NY,37359.0
2014,10,OH,28908.0
2014,10,OK,11752.0
2014,10,OR,10703.0
2014,10,PA,26476.0
2014,10,RI,2302.0
2014,10,SC,16348.0
2014,10,SD,1543.0
2014,10,TN,21194.0
2014,10,TX,78716.0
2014,10,UT,8121.0
2014,10,VA,15924.0
2014,10,VT,1017.0
2014,10,WA,24605.0
2014,10,WI,11974.0
2014,10,WV,3276.0
2014,10,WY,1081.0
2014,11,AK,1923.0
2014,11,AL,13229.0
2014,11,AR,7974.0
2014,11,AZ,19134.0
2014,11,CA,87672.0
2014,11,CO,11312.0
2014,11,CT,6148.0
2014,11,DC,3667.0
2014,11,DE,2776.0
2014,11,FL,
2014,11,GA,28480.0
2014,11,HI,3739.0
2014,11,IA,5854.0
2014,11,ID,2615.0
2014,11,IL,24355.0
2014,11,IN,14480.0
2014,11,KS,4490.0
2014,11,KY,8772.0
2014,11,LA,14254.0
2014,11,MA,11709.0
2014,11,MD,12028.0
2014,11,ME,1971.0
2014,11,MI,17943.0
2014,11,MN,10181.0
2014,11,MO,16612.0
2014,11,MS,5232.0
2014,11,MT,2012.0
2014,11,NC,23752.0
2014,11,ND,1453.0
2014,11,NE,3806.0
2014,11,NH,2018.0
2014,11,NJ,13954.0
2014,11,NM,6885.0
2014,11,NV,7528.0
2014,11,NY,32560.0
2014,11,OH,24840.0
2014,11,OK,10500.0
2014,11,OR,9997.0
2014,11,PA,22209.0
2014,11,RI,1986.0
2014,11,SC,14577.0
2014,11,SD,1346.0
2014,11,TN,19042.0
2014,11,TX,72590.0
2014,11,UT,7266.0
2014,11,VA,13900.0
2014,11,VT,862.0
2014,11,WA,22081.0
2014,11,WI,10058.0
2014,11,WV,2844.0
2014,11,WY,829.0
2014,12,AK,1928.0
2014,12,AL,13543.0
2014,12,AR,8877.0
2014,12,AZ,20571.0
2014,12,CA,100038.0
2014,12,CO,11919.0
2014,12,CT,6391.0
2014,12,DC,3252.0
2014,12,DE,2663.0
2014,12,FL,577953.0
2014,12,GA,30474.0
2014,12,HI,4072.0
2014,12,IA,5921.0
2014,12,ID,2747.0
2014,12,IL,25669.0
2014,12,IN,14573.0
2014,12,KS,12095.0
2014,12,KY,8822.0
2014,12,LA,15087.0
2014,12,MA,13047.0
2014,12,MD,15024.0
2014,12,ME,2005.0
2014,12,MI,18913.0
2014,12,MN,11342.0
2014,12,MO,17927.0
2014,12,MS,5488.0
2014,12,MT,2279.0
2014,12,NC,24738.0
2014,12,ND,1424.0
2014,12,NE,4138.0
2014,12,NH,2108.0
2014,12,NJ,14775.0
2014,12,NM,7136.0
2014,12,NV,7894.0
2014,12,NY,34057.0
2014,12,OH,25785.0
2014,12,OK,10952.0
2014,12,OR,12827.0
2014,12,PA,23558.0
2014,12,RI,2152.0
2014,12,SC,15351.0
2014,12,SD,1340.0
2014,12,TN,19271.0
2014,12,TX,77775.0
2014,12,UT,7525.0
2014,12,VA,15286.0
2014,12,VT,512.0
2014,12,WA,23859.0
2014,12,WI,10696.0
2014,12,WV,2852.0
2014,12,WY,866.0
2015,1,AK,2034.0
2015,1,AL,13414.0
2015,1,AR,9054.0
2015,1,AZ,21031.0
2015,1,CA,103712.0
2015,1,CO,12967.0
2015,1,CT,5425.0
2015,1,DC,3146.0
2015,1,DE,2420.0
2015,1,FL,93.0
2015,1,GA,29680.0
2015,1,HI,4170.0
2015,1,IA,5308.0
2015,1,ID,2598.0
2015,1,IL,22832.0
2015,1,IN,14042.0
2015,1,KS,5056.0
2015,1,KY,8781.0
2015,1,LA,14841.0
2015,1,MA,9987.0
2015,1,MD,13066.0
2015,1,ME,1755.0
2015,1,MI,17408.0
2015,1,MN,10226.0
2015,1,MO,17153.0
2015,1,MS,5275.0
2015,1,MT,2219.0
2015,1,NC,23271.0
2015,1,ND,1333.0
2015,1,NE,3640.0
2015,1,NH,1819.0
2015,1,NJ,12986.0
2015,1,NM,7150.0
2015,1,NV,8169.0
2015,1,NY,28920.0
2015,1,OH,23944.0
2015,1,OK,10819.0
2015,1,OR,10557.0
2015,1,PA,21034.0
2015,1,RI,1670.0
2015,1,SC,14520.0
2015,1,SD,1404.0
2015,1,TN,18451.0
2015,1,TX,74639.0
2015,1,UT,7780.0
2015,1,VA,13784.0
2015,1,VT,681.0
2015,1,WA,22706.0
2015,1,WI,9233.0
2015,1,WV,2925.0
2015,1,WY,897.0
2015,2,AK,1697.0
2015,2,AL,9837.0
2015,2,AR,6498.0
2015,2,AZ,17685.0
2015,2,CA,89925.0
2015,2,CO,10434.0
2015,2,CT,3909.0
2015,2,DC,2052.0
2015,2,DE,1801.0
2015,2,FL,83.0
2015,2,GA,21844.0
2015,2,HI,3409.0
2015,2,IA,4150.0
2015,2,ID,2313.0
2015,2,IL,16876.0
2015,2,IN,10101.0
2015,2,KS,3829.0
2015,2,KY,6138.0
2015,2,LA,11408.0
2015,2,MA,7096.0
2015,2,MD,9972.0
2015,2,ME,1350.0
2015,2,MI,12775.0
2015,2,MN,7950.0
2015,2,MO,12339.0
2015,2,MS,3891.0
2015,2,MT,1892.0
2015,2,NC,16068.0
2015,2,ND,1120.0
2015,2,NE,2877.0
2015,2,NH,1335.0
2015,2,NJ,10220.0
2015,2,NM,5782.0
2015,2,NV,6977.0
2015,2,NY,23018.0
2015,2,OH,17646.0
2015,2,OK,8198.0
2015,2,OR,9512.0
2015,2,PA,16708.0
2015,2,RI,1189.0
2015,2,SC,11334.0
2015,2,SD,1163.0
2015,2,TN,13520.0
2015,2,TX,59992.0
2015,2,UT,6773.0
2015,2,VA,10136.0
2015,2,VT,560.0
2015,2,WA,19571.0
2015,2,WI,7302.0
2015,2,WV,1908.0
2015,2,WY,779.0
2015,3,AK,1961.0
2015,3,AL,12882.0
2015,3,AR,7972.0
2015,3,AZ,18943.0
2015,3,CA,98912.0
2015,3,CO,12521.0
2015,3,CT,5113.0
2015,3,DC,2777.0
2015,3,DE,2008.0
2015,3,FL,82.0
2015,3,GA,25976.0
2015,3,HI,3673.0
2015,3,IA,5129.0
2015,3,ID,2657.0
2015,3,IL,21681.0
2015,3,IN,12886.0
2015,3,KS,9764.0
2015,3,KY,7882.0
2015,3,LA,13732.0
2015,3,MA,10040.0
2015,3,MD,11830.0
2015,3,ME,1774.0
2015,3,MI,16520.0
2015,3,MN,9824.0
2015,3,MO,15321.0
2015,3,MS,4504.0
2015,3,MT,2437.0
2015,3,NC,21824.0
2015,3,ND,1357.0
2015,3,NE,3776.0
2015,3,NH,1905.0
2015,3,NJ,11808.0
2015,3,NM,6699.0
2015,3,NV,7857.0
2015,3,NY,27974.0
2015,3,OH,22703.0
2015,3,OK,9888.0
2015,3,OR,9517.0
2015,3,PA,19047.0
2015,3,RI,1565.0
2015,3,SC,14096.0
2015,3,SD,1444.0
2015,3,TN,17846.0
2015,3,TX,69951.0
2015,3,UT,7621.0
2015,3,VA,12703.0
2015,3,VT,607.0
2015,3,WA,21626.0
2015,3,WI,9291.0
2015,3,WV,2549.0
2015,3,WY,889.0
2015,4,AK,2166.0
2015,4,AL,13578.0
2015,4,AR,8356.0
2015,4,AZ,18967.0
2015,4,CA,97251.0
2015,4,CO,12316.0
2015,4,CT,5738.0
2015,4,DC,3171.0
2015,4,DE,2277.0
2015,4,FL,92.0
2015,4,GA,26526.0
2015,4,HI,3706.0
2015,4,IA,5852.0
2015,4,ID,2422.0
2015,4,IL,23176.0
2015,4,IN,13911.0
2015,4,KS,4851.0
2015,4,KY,8831.0
2015,4,LA,14795.0
2015,4,MA,11142.0
2015,4,MD,13268.0
2015,4,ME,2122.0
2015,4,MI,18298.0
2015,4,MN,10655.0
2015,4,MO,15897.0
2015,4,MS,4864.0
2015,4,MT,2365.0
2015,4,NC,23061.0
2015,4,ND,1459.0
2015,4,NE,3830.0
2015,4,NH,2241.0
2015,4,NJ,13196.0
2015,4,NM,7034.0
2015,4,NV,7828.0
2015,4,NY,30670.0
2015,4,OH,24851.0
2015,4,OK,10477.0
2015,4,OR,5558.0
2015,4,PA,21551.0
2015,4,RI,1726.0
2015,4,SC,14560.0
2015,4,SD,1505.0
2015,4,TN,19826.0
2015,4,TX,72882.0
2015,4,UT,7293.0
2015,4,VA,13863.0
2015,4,VT,649.0
2015,4,WA,21078.0
2015,4,WI,10250.0
2015,4,WV,2827.0
2015,4,WY,971.0
2015,5,AK,2347.0
2015,5,AL,14337.0
2015,5,AR,9653.0
2015,5,AZ,19837.0
2015,5,CA,100916.0
2015,5,CO,13469.0
2015,5,CT,6327.0
2015,5,DC,3700.0
2015,5,DE,2607.0
2015,5,FL,62.0
2015,5,GA,28976.0
2015,5,HI,3862.0
2015,5,IA,6341.0
2015,5,ID,2674.0
2015,5,IL,26367.0
2015,5,IN,15482.0
2015,5,KS,5394.0
2015,5,KY,9555.0
2015,5,LA,15485.0
2015,5,MA,12348.0
2015,5,MD,15595.0
2015,5,ME,2391.0
2015,5,MI,20273.0
2015,5,MN,11830.0
2015,5,MO,17160.0
2015,5,MS,4750.0
2015,5,MT,2543.0
2015,5,NC,23647.0
2015,5,ND,1681.0
2015,5,NE,3898.0
2015,5,NH,2321.0
2015,5,NJ,14833.0
2015,5,NM,7504.0
2015,5,NV,8682.0
2015,5,NY,34692.0
2015,5,OH,27702.0
2015,5,OK,11079.0
2015,5,OR,5784.0
2015,5,PA,24041.0
2015,5,RI,1979.0
2015,5,SC,16720.0
2015,5,SD,1709.0
2015,5,TN,21332.0
2015,5,TX,77039.0
2015,5,UT,7916.0
2015,5,VA,15191.0
2015,5,VT,724.0
2015,5,WA,23054.0
2015,5,WI,11073.0
2015,5,WV,3186.0
2015,5,WY,987.0
2015,6,AK,2359.0
2015,6,AL,13816.0
2015,6,AR,9246.0
2015,6,AZ,19067.0
2015,6,CA,99440.0
2015,6,CO,13664.0
2015,6,CT,6478.0
2015,6,DC,3706.0
2015,6,DE,2687.0
2015,6,FL,96513.0
2015,6,GA,29283.0
2015,6,HI,3897.0
2015,6,IA,6353.0
2015,6,ID,2938.0
2015,6,IL,26916.0
2015,6,IN,15884.0
2015,6,KS,11384.0
2015,6,KY,9606.0
2015,6,LA,15359.0
2015,6,MA,12248.0
2015,6,MD,13567.0
2015,6,ME,2434.0
2015,6,MI,20970.0
2015,6,MN,12132.0
2015,6,MO,18154.0
2015,6,MS,4980.0
2015,6,MT,2668.0
2015,6,NC,22020.0
2015,6,ND,1813.0
2015,6,NE,3956.0
2015,6,NH,2220.0
2015,6,NJ,15143.0
2015,6,NM,7565.0
2015,6,NV,8037.0
2015,6,NY,34378.0
2015,6,OH,28249.0
2015,6,OK,11726.0
2015,6,OR,5966.0
2015,6,PA,24589.0
2015,6,RI,1966.0
2015,6,SC,15929.0
2015,6,SD,1728.0
2015,6,TN,21198.0
2015,6,TX,77308.0
2015,6,UT,8303.0
2015,6,VA,15536.0
2015,6,VT,833.0
2015,6,WA,22420.0
2015,6,WI,11549.0
2015,6,WV,3410.0
2015,6,WY,1138.0
2015,7,AK,2528.0
2015,7,AL,14777.0
2015,7,AR,10104.0
2015,7,AZ,19851.0
2015,7,CA,104525.0
2015,7,CO,14408.0
2015,7,CT,7215.0
2015,7,DC,3887.0
2015,7,DE,2962.0
2015,7,FL,77.0
2015,7,GA,30497.0
2015,7,HI,4423.0
2015,7,IA,7005.0
2015,7,ID,3157.0
2015,7,IL,29075.0
2015,7,IN,17162.0
2015,7,KS,6085.0
2015,7,KY,10164.0
2015,7,LA,16509.0
2015,7,MA,13829.0
2015,7,MD,14293.0
2015,7,ME,2847.0
2015,7,MI,22901.0
2015,7,MN,13511.0
2015,7,MO,19459.0
2015,7,MS,5466.0
2015,7,MT,2907.0
2015,7,NC,25952.0
2015,7,ND,1890.0
2015,7,NE,4393.0
2015,7,NH,2376.0
2015,7,NJ,16507.0
2015,7,NM,7783.0
2015,7,NV,8806.0
2015,7,NY,37599.0
2015,7,OH,29994.0
2015,7,OK,11812.0
2015,7,OR,6430.0
2015,7,PA,25952.0
2015,7,RI,2326.0
2015,7,SC,17271.0
2015,7,SD,1983.0
2015,7,TN,22225.0
2015,7,TX,80934.0
2015,7,UT,8777.0
2015,7,VA,16507.0
2015,7,VT,1025.0
2015,7,WA,23673.0
2015,7,WI,12377.0
2015,7,WV,3345.0
2015,7,WY,1154.0
2015,8,AK,2611.0
2015,8,AL,14356.0
2015,8,AR,9753.0
2015,8,AZ,19760.0
2015,8,CA,102904.0
2015,8,CO,15231.0
2015,8,CT,7208.0
2015,8,DC,3741.0
2015,8,DE,2943.0
2015,8,FL,61.0
2015,8,GA,29366.0
2015,8,HI,4217.0
2015,8,IA,7051.0
2015,8,ID,3157.0
2015,8,IL,29416.0
2015,8,IN,16702.0
2015,8,KS,6066.0
2015,8,KY,10069.0
2015,8,LA,16240.0
2015,8,MA,13115.0
2015,8,MD,13658.0
2015,8,ME,2775.0
2015,8,MI,23446.0
2015,8,MN,13280.0
2015,8,MO,19281.0
2015,8,MS,5126.0
2015,8,MT,3100.0
2015,8,NC,25540.0
2015,8,ND,2117.0
2015,8,NE,4209.0
2015,8,NH,2477.0
2015,8,NJ,16758.0
2015,8,NM,7797.0
2015,8,NV,8690.0
2015,8,NY,38191.0
2015,8,OH,29642.0
2015,8,OK,11698.0
2015,8,OR,6391.0
2015,8,PA,26383.0
2015,8,RI,2322.0
2015,8,SC,17186.0
2015,8,SD,1950.0
2015,8,TN,22269.0
2015,8,TX,78918.0
2015,8,UT,9056.0
2015,8,VA,16532.0
2015,8,VT,1076.0
2015,8,WA,23444.0
2015,8,WI,11942.0
2015,8,WV,3433.0
2015,8,WY,1172.0
2015,9,AK,2465.0
2015,9,AL,13921.0
2015,9,AR,9263.0
2015,9,AZ,20296.0
2015,9,CA,99369.0
2015,9,CO,14424.0
2015,9,CT,7101.0
2015,9,DC,3532.0
2015,9,DE,2610.0
2015,9,FL,66.0
2015,9,GA,30155.0
2015,9,HI,4425.0
2015,9,IA,6669.0
2015,9,ID,3103.0
2015,9,IL,27105.0
2015,9,IN,15920.0
2015,9,KS,11348.0
2015,9,KY,9208.0
2015,9,LA,15185.0
2015,9,MA,12458.0
2015,9,MD,13081.0
2015,9,ME,2487.0
2015,9,MI,21425.0
2015,9,MN,12648.0
2015,9,MO,18159.0
2015,9,MS,4876.0
2015,9,MT,3037.0
2015,9,NC,23647.0
2015,9,ND,1893.0
2015,9,NE,4176.0
2015,9,NH,2221.0
2015,9,NJ,15263.0
2015,9,NM,9076.0
2015,9,NV,8121.0
2015,9,NY,35495.0
2015,9,OH,28052.0
2015,9,OK,10940.0
2015,9,OR,5744.0
2015,9,PA,24247.0
2015,9,RI,2167.0
2015,9,SC,16402.0
2015,9,SD,1801.0
2015,9,TN,20738.0
2015,9,TX,75295.0
2015,9,UT,8552.0
2015,9,VA,15079.0
2015,9,VT,989.0
2015,9,WA,22883.0
2015,9,WI,11733.0
2015,9,WV,2972.0
2015,9,WY,1146.0
2015,10,AK,2077.0
2015,10,AL,14558.0
2015,10,AR,9255.0
2015,10,AZ,20352.0
2015,10,CA,100922.0
2015,10,CO,14590.0
2015,10,CT,6503.0
2015,10,DC,3769.0
2015,10,DE,2677.0
2015,10,FL,56.0
2015,10,GA,29404.0
2015,10,HI,4569.0
2015,10,IA,6735.0
2015,10,ID,2990.0
2015,10,IL,26913.0
2015,10,IN,15716.0
2015,10,KS,5959.0
2015,10,KY,9569.0
2015,10,LA,15740.0
2015,10,MA,12074.0
2015,10,MD,15182.0
2015,10,ME,2217.0
2015,10,MI,20889.0
2015,10,MN,12019.0
2015,10,MO,18264.0
2015,10,MS,5282.0
2015,10,MT,2667.0
2015,10,NC,23918.0
2015,10,ND,1825.0
2015,10,NE,4257.0
2015,10,NH,2180.0
2015,10,NJ,14200.0
2015,10,NM,7965.0
2015,10,NV,8488.0
2015,10,NY,34416.0
2015,10,OH,26651.0
2015,10,OK,11336.0
2015,10,OR,5889.0
2015,10,PA,23806.0
2015,10,RI,2044.0
2015,10,SC,16491.0
2015,10,SD,1610.0
2015,10,TN,20694.0
2015,10,TX,75498.0
2015,10,UT,8546.0
2015,10,VA,15827.0
2015,10,VT,922.0
2015,10,WA,23460.0
2015,10,WI,11519.0
2015,10,WV,3240.0
2015,10,WY,1149.0
2015,11,AK,1955.0
2015,11,AL,13453.0
2015,11,AR,8607.0
2015,11,AZ,19832.0
2015,11,CA,96729.0
2015,11,CO,12799.0
2015,11,CT,6223.0
2015,11,DC,3321.0
2015,11,DE,2638.0
2015,11,FL,62.0
2015,11,GA,27041.0
2015,11,HI,4540.0
2015,11,IA,5998.0
2015,11,ID,2389.0
2015,11,IL,24319.0
2015,11,IN,13952.0
2015,11,KS,5246.0
2015,11,KY,8673.0
2015,11,LA,15096.0
2015,11,MA,11705.0
2015,11,MD,14071.0
2015,11,ME,1967.0
2015,11,MI,18514.0
2015,11,MN,11054.0
2015,11,MO,16820.0
2015,11,MS,4391.0
2015,11,MT,2515.0
2015,11,NC,22536.0
2015,11,ND,1663.0
2015,11,NE,3806.0
2015,11,NH,1893.0
2015,11,NJ,13489.0
2015,11,NM,7606.0
2015,11,NV,7859.0
2015,11,NY,32515.0
2015,11,OH,23420.0
2015,11,OK,10527.0
2015,11,OR,5351.0
2015,11,PA,22208.0
2015,11,RI,1812.0
2015,11,SC,14936.0
2015,11,SD,1467.0
2015,11,TN,19515.0
2015,11,TX,73034.0
2015,11,UT,7948.0
2015,11,VA,14546.0
2015,11,VT,988.0
2015,11,WA,22544.0
2015,11,WI,10654.0
2015,11,WV,2852.0
2015,11,WY,958.0
2015,12,AK,2056.0
2015,12,AL,13497.0
2015,12,AR,8957.0
2015,12,AZ,20945.0
2015,12,CA,103490.0
2015,12,CO,13202.0
2015,12,CT,6600.0
2015,12,DC,3420.0
2015,12,DE,2840.0
2015,12,FL,566768.0
2015,12,GA,29812.0
2015,12,HI,4445.0
2015,12,IA,6026.0
2015,12,ID,2295.0
2015,12,IL,26437.0
2015,12,IN,14318.0
2015,12,KS,11671.0
2015,12,KY,9248.0
2015,12,LA,15724.0
2015,12,MA,11753.0
2015,12,MD,14209.0
2015,12,ME,1980.0
2015,12,MI,19684.0
2015,12,MN,10687.0
2015,12,MO,16956.0
2015,12,MS,4900.0
2015,12,MT,2358.0
2015,12,NC,23251.0
2015,12,ND,1506.0
2015,12,NE,4019.0
2015,12,NH,2116.0
2015,12,NJ,13782.0
2015,12,NM,7416.0
2015,12,NV,8275.0
2015,12,NY,34408.0
2015,12,OH,24095.0
2015,12,OK,10825.0
2015,12,OR,5869.0
2015,12,PA,23578.0
2015,12,RI,2009.0
2015,12,SC,15655.0
2015,12,SD,1575.0
2015,12,TN,20162.0
2015,12,TX,77535.0
2015,12,UT,7844.0
2015,12,VA,15629.0
2015,12,VT,923.0
2015,12,WA,24016.0
2015,12,WI,10603.0
2015,12,WV,3378.0
2015,12,WY,934.0
2016,1,AK,2303.0
2016,1,AL,13843.0
2016,1,AR,9126.0
2016,1,AZ,21463.0
2016,1,CA,104727.0
2016,1,CO,13916.0
2016,1,CT,5931.0
2016,1,DC,2890.0
2016,1,DE,2375.0
2016,1,FL,
2016,1,GA,28617.0
2016,1,HI,4486.0
2016,1,IA,5414.0
2016,1,ID,2505.0
2016,1,IL,23644.0
2016,1,IN,14016.0
2016,1,KS,5374.0
2016,1,KY,8451.0
2016,1,LA,15177.0
2016,1,MA,10743.0
2016,1,MD,12133.0
2016,1,ME,1636.0
2016,1,MI,17654.0
2016,1,MN,9669.0
2016,1,MO,15998.0
2016,1,MS,4682.0
2016,1,MT,2457.0
2016,1,NC,22345.0
2016,1,ND,1567.0
2016,1,NE,3693.0
2016,1,NH,1815.0
2016,1,NJ,12037.0
2016,1,NM,7986.0
2016,1,NV,8217.0
2016,1,NY,29184.0
2016,1,OH,24285.0
2016,1,OK,11037.0
2016,1,OR,10939.0
2016,1,PA,19973.0
2016,1,RI,1790.0
2016,1,SC,14812.0
2016,1,SD,1503.0
2016,1,TN,18187.0
2016,1,TX,75540.0
2016,1,UT,7553.0
2016,1,VA,12896.0
2016,1,VT,717.0
2016,1,WA,24033.0
2016,1,WI,9841.0
2016,1,WV,2814.0
2016,1,WY,870.0
2016,2,AK,2089.0
2016,2,AL,10645.0
2016,2,AR,7691.0
2016,2,AZ,18426.0
2016,2,CA,93424.0
2016,2,CO,12531.0
2016,2,CT,4702.0
2016,2,DC,2654.0
2016,2,DE,2147.0
2016,2,FL,
2016,2,GA,24291.0
2016,2,HI,4042.0
2016,2,IA,4871.0
2016,2,ID,2265.0
2016,2,IL,19979.0
2016,2,IN,11255.0
2016,2,KS,4388.0
2016,2,KY,7322.0
2016,2,LA,12934.0
2016,2,MA,8955.0
2016,2,MD,10809.0
2016,2,ME,1485.0
2016,2,MI,14884.0
2016,2,MN,8504.0
2016,2,MO,13483.0
2016,2,MS,3956.0
2016,2,MT,2247.0
2016,2,NC,19638.0
2016,2,ND,1315.0
2016,2,NE,3176.0
2016,2,NH,1395.0
2016,2,NJ,11202.0
2016,2,NM,6931.0
2016,2,NV,7294.0
2016,2,NY,25722.0
2016,2,OH,20531.0
2016,2,OK,9675.0
2016,2,OR,10121.0
2016,2,PA,18116.0
2016,2,RI,1341.0
2016,2,SC,12614.0
2016,2,SD,1329.0
2016,2,TN,15683.0
2016,2,TX,65000.0
2016,2,UT,7368.0
2016,2,VA,11829.0
2016,2,VT,680.0
2016,2,WA,21330.0
2016,2,WI,8390.0
2016,2,WV,2374.0
2016,2,WY,828.0
2016,3,AK,2253.0
2016,3,AL,12738.0
2016,3,AR,8615.0
2016,3,AZ,19299.0
2016,3,CA,97214.0
2016,3,CO,13429.0
2016,3,CT,5143.0
2016,3,DC,3210.0
2016,3,DE,2421.0
2016,3,FL,
2016,3,GA,27037.0
2016,3,HI,3841.0
2016,3,IA,5701.0
2016,3,ID,2476.0
2016,3,IL,23338.0
2016,3,IN,13555.0
2016,3,KS,8416.0
2016,3,KY,8618.0
2016,3,LA,14212.0
2016,3,MA,10272.0
2016,3,MD,12931.0
2016,3,ME,1718.0
2016,3,MI,17668.0
2016,3,MN,10042.0
2016,3,MO,15209.0
2016,3,MS,4566.0
2016,3,MT,2509.0
2016,3,NC,22623.0
2016,3,ND,1428.0
2016,3,NE,3680.0
2016,3,NH,1710.0
2016,3,NJ,11868.0
2016,3,NM,7380.0
2016,3,NV,7948.0
2016,3,NY,28696.0
2016,3,OH,24510.0
2016,3,OK,10885.0
2016,3,OR,10323.0
2016,3,PA,20303.0
2016,3,RI,1695.0
2016,3,SC,14653.0
2016,3,SD,1623.0
2016,3,TN,18406.0
2016,3,TX,71526.0
2016,3,UT,7539.0
2016,3,VA,13704.0
2016,3,VT,823.0
2016,3,WA,22356.0
2016,3,WI,9638.0
2016,3,WV,3176.0
2016,3,WY,1006.0
2016,4,AK,2324.0
2016,4,AL,13150.0
2016,4,AR,8824.0
2016,4,AZ,19431.0
2016,4,CA,96113.0
2016,4,CO,13323.0
2016,4,CT,5409.0
2016,4,DC,3221.0
2016,4,DE,2423.0
2016,4,FL,
2016,4,GA,28111.0
2016,4,HI,3622.0
2016,4,IA,5703.0
2016,4,ID,2792.0
2016,4,IL,23427.0
2016,4,IN,13686.0
2016,4,KS,5147.0
2016,4,KY,9272.0
2016,4,LA,14699.0
2016,4,MA,10314.0
2016,4,MD,13402.0
2016,4,ME,1844.0
2016,4,MI,18578.0
2016,4,MN,10025.0
2016,4,MO,16136.0
2016,4,MS,4409.0
2016,4,MT,2535.0
2016,4,NC,22948.0
2016,4,ND,1504.0
2016,4,NE,3787.0
2016,4,NH,1801.0
2016,4,NJ,12211.0
2016,4,NM,7580.0
2016,4,NV,7905.0
2016,4,NY,29668.0
2016,4,OH,24443.0
2016,4,OK,11111.0
2016,4,OR,10454.0
2016,4,PA,20125.0
2016,4,RI,1549.0
2016,4,SC,15362.0
2016,4,SD,1735.0
2016,4,TN,19613.0
2016,4,TX,73788.0
2016,4,UT,7714.0
2016,4,VA,14375.0
2016,4,VT,864.0
2016,4,WA,22442.0
2016,4,WI,9958.0
2016,4,WV,3315.0
2016,4,WY,925.0
2016,5,AK,2623.0
2016,5,AL,14444.0
2016,5,AR,9350.0
2016,5,AZ,20176.0
2016,5,CA,100993.0
2016,5,CO,14170.0
2016,5,CT,5995.0
2016,5,DC,3720.0
2016,5,DE,2852.0
2016,5,FL,
2016,5,GA,29536.0
2016,5,HI,3744.0
2016,5,IA,6208.0
2016,5,ID,2931.0
2016,5,IL,26305.0
2016,5,IN,15185.0
2016,5,KS,5435.0
2016,5,KY,9650.0
2016,5,LA,15426.0
2016,5,MA,11036.0
2016,5,MD,14941.0
2016,5,ME,2064.0
2016,5,MI,20546.0
2016,5,MN,11107.0
2016,5,MO,17122.0
2016,5,MS,4823.0
2016,5,MT,2839.0
2016,5,NC,25348.0
2016,5,ND,1566.0
2016,5,NE,4145.0
2016,5,NH,2069.0
2016,5,NJ,13642.0
2016,5,NM,7901.0
2016,5,NV,8175.0
2016,5,NY,32766.0
2016,5,OH,27009.0
2016,5,OK,11841.0
2016,5,OR,10734.0
2016,5,PA,22267.0
2016,5,RI,1742.0
2016,5,SC,16422.0
2016,5,SD,1790.0
2016,5,TN,20426.0
2016,5,TX,76087.0
2016,5,UT,8463.0
2016,5,VA,15256.0
2016,5,VT,786.0
2016,5,WA,23594.0
2016,5,WI,10845.0
2016,5,WV,3637.0
2016,5,WY,1108.0
2016,6,AK,2802.0
2016,6,AL,14169.0
2016,6,AR,9545.0
2016,6,AZ,19385.0
2016,6,CA,95582.0
2016,6,CO,14680.0
2016,6,CT,6538.0
2016,6,DC,3840.0
2016,6,DE,2869.0
2016,6,FL,94673.0
2016,6,GA,29176.0
2016,6,HI,3554.0
2016,6,IA,6540.0
2016,6,ID,2905.0
2016,6,IL,27194.0
2016,6,IN,15480.0
2016,6,KS,8815.0
2016,6,KY,9490.0
2016,6,LA,15141.0
2016,6,MA,11527.0
2016,6,MD,15071.0
2016,6,ME,2008.0
2016,6,MI,20970.0
2016,6,MN,11470.0
2016,6,MO,17380.0
2016,6,MS,4834.0
2016,6,MT,2822.0
2016,6,NC,25445.0
2016,6,ND,1579.0
2016,6,NE,4247.0
2016,6,NH,2047.0
2016,6,NJ,14054.0
2016,6,NM,7941.0
2016,6,NV,7838.0
2016,6,NY,33255.0
2016,6,OH,28195.0
2016,6,OK,11477.0
2016,6,OR,10547.0
2016,6,PA,23111.0
2016,6,RI,1926.0
2016,6,SC,16287.0
2016,6,SD,1899.0
2016,6,TN,20083.0
2016,6,TX,74971.0
2016,6,UT,8763.0
2016,6,VA,14575.0
2016,6,VT,943.0
2016,6,WA,22490.0
2016,6,WI,11580.0
2016,6,WV,3591.0
2016,6,WY,1144.0
2016,7,AK,2999.0
2016,7,AL,15095.0
2016,7,AR,10011.0
2016,7,AZ,19538.0
2016,7,CA,97641.0
2016,7,CO,15284.0
2016,7,CT,6717.0
2016,7,DC,3808.0
2016,7,DE,2690.0
2016,7,FL,
2016,7,GA,30488.0
2016,7,HI,3478.0
2016,7,IA,6880.0
2016,7,ID,3095.0
2016,7,IL,29635.0
2016,7,IN,16239.0
2016,7,KS,6049.0
2016,7,KY,9826.0
2016,7,LA,15622.0
2016,7,MA,11954.0
2016,7,MD,15033.0
2016,7,ME,2409.0
2016,7,MI,22879.0
2016,7,MN,12066.0
2016,7,MO,18511.0
2016,7,MS,5279.0
2016,7,MT,3001.0
2016,7,NC,24534.0
2016,7,ND,1784.0
2016,7,NE,4152.0
2016,7,NH,2063.0
2016,7,NJ,14742.0
2016,7,NM,8043.0
2016,7,NV,7973.0
2016,7,NY,34576.0
2016,7,OH,29366.0
2016,7,OK,12093.0
2016,7,OR,10881.0
2016,7,PA,23733.0
2016,7,RI,2034.0
2016,7,SC,16920.0
2016,7,SD,2046.0
2016,7,TN,21273.0
2016,7,TX,76584.0
2016,7,UT,8196.0
2016,7,VA,15829.0
2016,7,VT,1123.0
2016,7,WA,23137.0
2016,7,WI,12187.0
2016,7,WV,3531.0
2016,7,WY,1195.0
2016,8,AK,3159.0
2016,8,AL,14994.0
2016,8,AR,9986.0
2016,8,AZ,20998.0
2016,8,CA,101390.0
2016,8,CO,15519.0
2016,8,CT,7238.0
2016,8,DC,3543.0
2016,8,DE,2881.0
2016,8,FL,
2016,8,GA,31297.0
2016,8,HI,4057.0
2016,8,IA,7029.0
2016,8,ID,3191.0
2016,8,IL,30436.0
2016,8,IN,16521.0
2016,8,KS,6046.0
2016,8,KY,9755.0
2016,8,LA,15387.0
2016,8,MA,12217.0
2016,8,MD,15661.0
2016,8,ME,2517.0
2016,8,MI,23690.0
2016,8,MN,13145.0
2016,8,MO,19708.0
2016,8,MS,5098.0
2016,8,MT,3230.0
2016,8,NC,23840.0
2016,8,ND,1872.0
2016,8,NE,4440.0
2016,8,NH,2152.0
2016,8,NJ,15708.0
2016,8,NM,8172.0
2016,8,NV,8503.0
2016,8,NY,36415.0
2016,8,OH,29107.0
2016,8,OK,12190.0
2016,8,OR,10922.0
2016,8,PA,25481.0
2016,8,RI,2230.0
2016,8,SC,16635.0
2016,8,SD,1895.0
2016,8,TN,21350.0
2016,8,TX,77176.0
2016,8,UT,8299.0
2016,8,VA,16463.0
2016,8,VT,1153.0
2016,8,WA,23886.0
2016,8,WI,12676.0
2016,8,WV,3594.0
2016,8,WY,1239.0
2016,9,AK,2879.0
2016,9,AL,14488.0
2016,9,AR,9338.0
2016,9,AZ,19675.0
2016,9,CA,97024.0
2016,9,CO,14946.0
2016,9,CT,6636.0
2016,9,DC,3599.0
2016,9,DE,2604.0
2016,9,FL,
2016,9,GA,30008.0
2016,9,HI,3957.0
2016,9,IA,7009.0
2016,9,ID,2850.0
2016,9,IL,28741.0
2016,9,IN,15028.0
2016,9,KS,9291.0
2016,9,KY,9252.0
2016,9,LA,14602.0
2016,9,MA,11241.0
2016,9,MD,15280.0
2016,9,ME,2202.0
2016,9,MI,21246.0
2016,9,MN,11842.0
2016,9,MO,17575.0
2016,9,MS,4770.0
2016,9,MT,2822.0
2016,9,NC,23576.0
2016,9,ND,1914.0
2016,9,NE,4254.0
2016,9,NH,2035.0
2016,9,NJ,14241.0
2016,9,NM,8427.0
2016,9,NV,8355.0
2016,9,NY,33648.0
2016,9,OH,27610.0
2016,9,OK,11069.0
2016,9,OR,10961.0
2016,9,PA,23419.0
2016,9,RI,1973.0
2016,9,SC,15529.0
2016,9,SD,1723.0
2016,9,TN,20681.0
2016,9,TX,74536.0
2016,9,UT,8082.0
2016,9,VA,15012.0
2016,9,VT,982.0
2016,9,WA,22948.0
2016,9,WI,11833.0
2016,9,WV,3345.0
2016,9,WY,1163.0
2016,10,AK,2541.0
2016,10,AL,14972.0
2016,10,AR,9285.0
2016,10,AZ,20295.0
2016,10,CA,100860.0
2016,10,CO,15205.0
2016,10,CT,6718.0
2016,10,DC,3854.0
2016,10,DE,2918.0
2016,10,FL,
2016,10,GA,30626.0
2016,10,HI,4009.0
2016,10,IA,7126.0
2016,10,ID,3002.0
2016,10,IL,28579.0
2016,10,IN,14340.0
2016,10,KS,6029.0
2016,10,KY,9572.0
2016,10,LA,14922.0
2016,10,MA,10944.0
2016,10,MD,15380.0
2016,10,ME,2175.0
2016,10,MI,21159.0
2016,10,MN,12049.0
2016,10,MO,18323.0
2016,10,MS,4634.0
2016,10,MT,2777.0
2016,10,NC,24177.0
2016,10,ND,1889.0
2016,10,NE,4469.0
2016,10,NH,1810.0
2016,10,NJ,14419.0
2016,10,NM,8089.0
2016,10,NV,8192.0
2016,10,NY,32931.0
2016,10,OH,28171.0
2016,10,OK,12099.0
2016,10,OR,11562.0
2016,10,PA,23790.0
2016,10,RI,1915.0
2016,10,SC,16024.0
2016,10,SD,1779.0
2016,10,TN,20775.0
2016,10,TX,76116.0
2016,10,UT,8865.0
2016,10,VA,16055.0
2016,10,VT,969.0
2016,10,WA,24132.0
2016,10,WI,12104.0
2016,10,WV,3121.0
2016,10,WY,1158.0
2016,11,AK,2588.0
2016,11,AL,12899.0
2016,11,AR,8890.0
2016,11,AZ,19353.0
2016,11,CA,97326.0
2016,11,CO,13376.0
2016,11,CT,6359.0
2016,11,DC,3437.0
2016,11,DE,2697.0
2016,11,FL,
2016,11,GA,27916.0
2016,11,HI,3600.0
2016,11,IA,6139.0
2016,11,ID,2789.0
2016,11,IL,26380.0
2016,11,IN,13651.0
2016,11,KS,5301.0
2016,11,KY,8687.0
2016,11,LA,14751.0
2016,11,MA,10251.0
2016,11,MD,14486.0
2016,11,ME,1966.0
2016,11,MI,19581.0
2016,11,MN,10894.0
2016,11,MO,17269.0
2016,11,MS,4670.0
2016,11,MT,2597.0
2016,11,NC,22411.0
2016,11,ND,1676.0
2016,11,NE,4113.0
2016,11,NH,1699.0
2016,11,NJ,13013.0
2016,11,NM,7872.0
2016,11,NV,7912.0
2016,11,NY,30974.0
2016,11,OH,25554.0
2016,11,OK,10885.0
2016,11,OR,11238.0
2016,11,PA,22157.0
2016,11,RI,1690.0
2016,11,SC,15052.0
2016,11,SD,1527.0
2016,11,TN,19128.0
2016,11,TX,72364.0
2016,11,UT,8034.0
2016,11,VA,14518.0
2016,11,VT,643.0
2016,11,WA,23590.0
2016,11,WI,10950.0
2016,11,WV,3178.0
2016,11,WY,991.0
2016,12,AK,2302.0
2016,12,AL,14361.0
2016,12,AR,9472.0
2016,12,AZ,20667.0
2016,12,CA,101801.0
2016,12,CO,13560.0
2016,12,CT,6078.0
2016,12,DC,3394.0
2016,12,DE,2534.0
2016,12,FL,547887.0
2016,12,GA,30756.0
2016,12,HI,3900.0
2016,12,IA,5787.0
2016,12,ID,2473.0
2016,12,IL,24682.0
2016,12,IN,13131.0
2016,12,KS,9298.0
2016,12,KY,8876.0
2016,12,LA,15637.0
2016,12,MA,10349.0
2016,12,MD,14368.0
2016,12,ME,1738.0
2016,12,MI,17175.0
2016,12,MN,10211.0
2016,12,MO,16702.0
2016,12,MS,4444.0
2016,12,MT,2288.0
2016,12,NC,20795.0
2016,12,ND,1346.0
2016,12,NE,3692.0
2016,12,NH,1570.0
2016,12,NJ,13295.0
2016,12,NM,8460.0
2016,12,NV,7735.0
2016,12,NY,31058.0
2016,12,OH,24133.0
2016,12,OK,11293.0
2016,12,OR,11085.0
2016,12,PA,21171.0
2016,12,RI,1694.0
2016,12,SC,15865.0
2016,12,SD,1377.0
2016,12,TN,19962.0
2016,12,TX,76078.0
2016,12,UT,8128.0
2016,12,VA,15468.0
2016,12,VT,386.0
2016,12,WA,22336.0
2016,12,WI,9383.0
2016,12,WV,3062.0
2016,12,WY,881.0
2017,1,AK,2536.0
2017,1,AL,13625.0
2017,1,AR,9223.0
2017,1,AZ,20557.0
2017,1,CA,105211.0
2017,1,CO,13914.0
2017,1,CT,5539.0
2017,1,DC,3353.0
2017,1,DE,2441.0
2017,1,FL,71.0
2017,1,GA,24641.0
2017,1,HI,3851.0
2017,1,IA,5509.0
2017,1,ID,2275.0
2017,1,IL,24716.0
2017,1,IN,14606.0
2017,1,KS,5581.0
2017,1,KY,9262.0
2017,1,LA,15710.0
2017,1,MA,10061.0
2017,1,MD,14482.0
2017,1,ME,1603.0
2017,1,MI,17573.0
2017,1,MN,10106.0
2017,1,MO,16875.0
2017,1,MS,4729.0
2017,1,MT,2192.0
2017,1,NC,23903.0
2017,1,ND,1502.0
2017,1,NE,3519.0
2017,1,NH,1544.0
2017,1,NJ,12702.0
2017,1,NM,8307.0
2017,1,NV,8411.0
2017,1,NY,29038.0
2017,1,OH,24944.0
2017,1,OK,11654.0
2017,1,OR,10713.0
2017,1,PA,20852.0
2017,1,RI,1746.0
2017,1,SC,16040.0
2017,1,SD,1400.0
2017,1,TN,19963.0
2017,1,TX,74653.0
2017,1,UT,7406.0
2017,1,VA,14037.0
2017,1,VT,728.0
2017,1,WA,21489.0
2017,1,WI,9630.0
2017,1,WV,3200.0
2017,1,WY,831.0
2017,2,AK,2461.0
2017,2,AL,11765.0
2017,2,AR,7965.0
2017,2,AZ,18164.0
2017,2,CA,92715.0
2017,2,CO,12505.0
2017,2,CT,4734.0
2017,2,DC,2715.0
2017,2,DE,1974.0
2017,2,FL,55.0
2017,2,GA,20863.0
2017,2,HI,3264.0
2017,2,IA,5218.0
2017,2,ID,2173.0
2017,2,IL,21343.0
2017,2,IN,11372.0
2017,2,KS,5000.0
2017,2,KY,7709.0
2017,2,LA,13431.0
2017,2,MA,8040.0
2017,2,MD,12214.0
2017,2,ME,1234.0
2017,2,MI,15135.0
2017,2,MN,9341.0
2017,2,MO,14843.0
2017,2,MS,3764.0
2017,2,MT,2050.0
2017,2,NC,19138.0
2017,2,ND,1341.0
2017,2,NE,3222.0
2017,2,NH,1293.0
2017,2,NJ,11495.0
2017,2,NM,7430.0
2017,2,NV,7062.0
2017,2,NY,24571.0
2017,2,OH,20774.0
2017,2,OK,10027.0
2017,2,OR,10304.0
2017,2,PA,17897.0
2017,2,RI,1206.0
2017,2,SC,13324.0
2017,2,SD,1298.0
2017,2,TN,16515.0
2017,2,TX,64669.0
2017,2,UT,7223.0
2017,2,VA,12118.0
2017,2,VT,691.0
2017,2,WA,18309.0
2017,2,WI,8481.0
2017,2,WV,2627.0
2017,2,WY,742.0
2017,3,AK,2463.0
2017,3,AL,12635.0
2017,3,AR,8220.0
2017,3,AZ,19818.0
2017,3,CA,99489.0
2017,3,CO,13660.0
2017,3,CT,5080.0
2017,3,DC,2598.0
2017,3,DE,2005.0
2017,3,FL,68.0
2017,3,GA,23347.0
2017,3,HI,3538.0
2017,3,IA,5754.0
2017,3,ID,2508.0
2017,3,IL,21929.0
2017,3,IN,11643.0
2017,3,KS,8162.0
2017,3,KY,8035.0
2017,3,LA,14036.0
2017,3,MA,8802.0
2017,3,MD,12030.0
2017,3,ME,1452.0
2017,3,MI,16482.0
2017,3,MN,9987.0
2017,3,MO,15682.0
2017,3,MS,4127.0
2017,3,MT,2401.0
2017,3,NC,20226.0
2017,3,ND,1516.0
2017,3,NE,3559.0
2017,3,NH,1523.0
2017,3,NJ,11467.0
2017,3,NM,7478.0
2017,3,NV,7259.0
2017,3,NY,26085.0
2017,3,OH,22260.0
2017,3,OK,10813.0
2017,3,OR,11283.0
2017,3,PA,18212.0
2017,3,RI,1407.0
2017,3,SC,14140.0
2017,3,SD,1426.0
2017,3,TN,18560.0
2017,3,TX,68703.0
2017,3,UT,7738.0
2017,3,VA,12470.0
2017,3,VT,714.0
2017,3,WA,21865.0
2017,3,WI,8706.0
2017,3,WV,2773.0
2017,3,WY,945.0
2017,4,AK,2473.0
2017,4,AL,13746.0
2017,4,AR,8703.0
2017,4,AZ,19256.0
2017,4,CA,96501.0
2017,4,CO,13446.0
2017,4,CT,5602.0
2017,4,DC,2995.0
2017,4,DE,2292.0
2017,4,FL,60.0
2017,4,GA,22919.0
2017,4,HI,3586.0
2017,4,IA,5797.0
2017,4,ID,2547.0
2017,4,IL,23742.0
2017,4,IN,12832.0
2017,4,KS,5210.0
2017,4,KY,8537.0
2017,4,LA,14606.0
2017,4,MA,9505.0
2017,4,MD,13065.0
2017,4,ME,1572.0
2017,4,MI,18153.0
2017,4,MN,10662.0
2017,4,MO,15763.0
2017,4,MS,4302.0
2017,4,MT,2548.0
2017,4,NC,21366.0
2017,4,ND,1393.0
2017,4,NE,3795.0
2017,4,NH,1688.0
2017,4,NJ,12089.0
2017,4,NM,7796.0
2017,4,NV,7531.0
2017,4,NY,27887.0
2017,4,OH,23601.0
2017,4,OK,10614.0
2017,4,OR,10908.0
2017,4,PA,18967.0
2017,4,RI,1596.0
2017,4,SC,15015.0
2017,4,SD,1545.0
2017,4,TN,19200.0
2017,4,TX,69706.0
2017,4,UT,7434.0
2017,4,VA,13319.0
2017,4,VT,780.0
2017,4,WA,21134.0
2017,4,WI,9707.0
2017,4,WV,2888.0
2017,4,WY,900.0
2017,5,AK,2701.0
2017,5,AL,14544.0
2017,5,AR,9526.0
2017,5,AZ,20153.0
2017,5,CA,99280.0
2017,5,CO,15120.0
2017,5,CT,6025.0
2017,5,DC,3426.0
2017,5,DE,2425.0
2017,5,FL,53.0
2017,5,GA,24580.0
2017,5,HI,3828.0
2017,5,IA,6044.0
2017,5,ID,2749.0
2017,5,IL,26027.0
2017,5,IN,14616.0
2017,5,KS,6085.0
2017,5,KY,9281.0
2017,5,LA,15385.0
2017,5,MA,10181.0
2017,5,MD,14155.0
2017,5,ME,1939.0
2017,5,MI,19679.0
2017,5,MN,11834.0
2017,5,MO,17978.0
2017,5,MS,4411.0
2017,5,MT,2822.0
2017,5,NC,23533.0
2017,5,ND,1651.0
2017,5,NE,4055.0
2017,5,NH,1809.0
2017,5,NJ,13965.0
2017,5,NM,8340.0
2017,5,NV,8245.0
2017,5,NY,30960.0
2017,5,OH,25648.0
2017,5,OK,11397.0
2017,5,OR,11705.0
2017,5,PA,21797.0
2017,5,RI,1790.0
2017,5,SC,16121.0
2017,5,SD,1596.0
2017,5,TN,21377.0
2017,5,TX,74907.0
2017,5,UT,7860.0
2017,5,VA,14176.0
2017,5,VT,967.0
2017,5,WA,22593.0
2017,5,WI,11250.0
2017,5,WV,3171.0
2017,5,WY,1005.0
2017,6,AK,3020.0
2017,6,AL,14606.0
2017,6,AR,9477.0
2017,6,AZ,19659.0
2017,6,CA,94503.0
2017,6,CO,14760.0
2017,6,CT,6420.0
2017,6,DC,3168.0
2017,6,DE,2377.0
2017,6,FL,51.0
2017,6,GA,25090.0
2017,6,HI,3465.0
2017,6,IA,6355.0
2017,6,ID,2794.0
2017,6,IL,27891.0
2017,6,IN,14619.0
2017,6,KS,9486.0
2017,6,KY,9221.0
2017,6,LA,15793.0
2017,6,MA,10438.0
2017,6,MD,14638.0
2017,6,ME,2182.0
2017,6,MI,20281.0
2017,6,MN,12444.0
2017,6,MO,17855.0
2017,6,MS,4767.0
2017,6,MT,2741.0
2017,6,NC,22926.0
2017,6,ND,1713.0
2017,6,NE,4263.0
2017,6,NH,1869.0
2017,6,NJ,14172.0
2017,6,NM,8066.0
2017,6,NV,7614.0
2017,6,NY,31817.0
2017,6,OH,26143.0
2017,6,OK,11159.0
2017,6,OR,11525.0
2017,6,PA,21863.0
2017,6,RI,1894.0
2017,6,SC,15927.0
2017,6,SD,1760.0
2017,6,TN,21427.0
2017,6,TX,72948.0
2017,6,UT,8028.0
2017,6,VA,14826.0
2017,6,VT,912.0
2017,6,WA,21972.0
2017,6,WI,10822.0
2017,6,WV,3017.0
2017,6,WY,1024.0
2017,7,AK,3319.0
2017,7,AL,15229.0
2017,7,AR,9440.0
2017,7,AZ,20864.0
2017,7,CA,98664.0
2017,7,CO,15301.0
2017,7,CT,7059.0
2017,7,DC,3248.0
2017,7,DE,2584.0
2017,7,FL,58.0
2017,7,GA,26315.0
2017,7,HI,3922.0
2017,7,IA,6920.0
2017,7,ID,3180.0
2017,7,IL,29141.0
2017,7,IN,15500.0
2017,7,KS,6076.0
2017,7,KY,9745.0
2017,7,LA,16092.0
2017,7,MA,11671.0
2017,7,MD,14954.0
2017,7,ME,2299.0
2017,7,MI,22506.0
2017,7,MN,12943.0
2017,7,MO,18711.0
2017,7,MS,4903.0
2017,7,MT,2919.0
2017,7,NC,24590.0
2017,7,ND,1748.0
2017,7,NE,4361.0
2017,7,NH,2036.0
2017,7,NJ,15543.0
2017,7,NM,8674.0
2017,7,NV,8135.0
2017,7,NY,34358.0
2017,7,OH,27820.0
2017,7,OK,11127.0
2017,7,OR,11571.0
2017,7,PA,22740.0
2017,7,RI,2053.0
2017,7,SC,16478.0
2017,7,SD,1870.0
2017,7,TN,22472.0
2017,7,TX,73838.0
2017,7,UT,7948.0
2017,7,VA,15396.0
2017,7,VT,1006.0
2017,7,WA,22620.0
2017,7,WI,11869.0
2017,7,WV,3208.0
2017,7,WY,1090.0
2017,8,AK,3062.0
2017,8,AL,14664.0
2017,8,AR,9494.0
2017,8,AZ,20754.0
2017,8,CA,98564.0
2017,8,CO,15564.0
2017,8,CT,6974.0
2017,8,DC,3188.0
2017,8,DE,2729.0
2017,8,FL,65.0
2017,8,GA,23912.0
2017,8,HI,3746.0
2017,8,IA,7130.0
2017,8,ID,3124.0
2017,8,IL,29292.0
2017,8,IN,15007.0
2017,8,KS,6164.0
2017,8,KY,9459.0
2017,8,LA,16025.0
2017,8,MA,11729.0
2017,8,MD,15364.0
2017,8,ME,2182.0
2017,8,MI,22309.0
2017,8,MN,13068.0
2017,8,MO,18701.0
2017,8,MS,4568.0
2017,8,MT,3002.0
2017,8,NC,25291.0
2017,8,ND,1815.0
2017,8,NE,4756.0
2017,8,NH,2032.0
2017,8,NJ,15655.0
2017,8,NM,8983.0
2017,8,NV,8200.0
2017,8,NY,37920.0
2017,8,OH,27978.0
2017,8,OK,11582.0
2017,8,OR,11238.0
2017,8,PA,23472.0
2017,8,RI,1966.0
2017,8,SC,16167.0
2017,8,SD,1816.0
2017,8,TN,21684.0
2017,8,TX,72946.0
2017,8,UT,8129.0
2017,8,VA,15761.0
2017,8,VT,1017.0
2017,8,WA,22047.0
2017,8,WI,11710.0
2017,8,WV,3234.0
2017,8,WY,1192.0
2017,9,AK,3021.0
2017,9,AL,12643.0
2017,9,AR,9079.0
2017,9,AZ,19705.0
2017,9,CA,94809.0
2017,9,CO,14704.0
2017,9,CT,6374.0
2017,9,DC,3204.0
2017,9,DE,2495.0
2017,9,FL,58.0
2017,9,GA,23610.0
2017,9,HI,3754.0
2017,9,IA,6845.0
2017,9,ID,2897.0
2017,9,IL,26657.0
2017,9,IN,13668.0
2017,9,KS,9719.0
2017,9,KY,9315.0
2017,9,LA,14704.0
2017,9,MA,10908.0
2017,9,MD,13875.0
2017,9,ME,2114.0
2017,9,MI,20306.0
2017,9,MN,11883.0
2017,9,MO,17980.0
2017,9,MS,4220.0
2017,9,MT,2897.0
2017,9,NC,22723.0
2017,9,ND,1645.0
2017,9,NE,3535.0
2017,9,NH,1788.0
2017,9,NJ,14339.0
2017,9,NM,8209.0
2017,9,NV,8031.0
2017,9,NY,32374.0
2017,9,OH,26656.0
2017,9,OK,10905.0
2017,9,OR,10723.0
2017,9,PA,22377.0
2017,9,RI,1988.0
2017,9,SC,15935.0
2017,9,SD,1688.0
2017,9,TN,20874.0
2017,9,TX,67242.0
2017,9,UT,7998.0
2017,9,VA,14881.0
2017,9,VT,1022.0
2017,9,WA,20845.0
2017,9,WI,10986.0
2017,9,WV,3130.0
2017,9,WY,1002.0
2017,10,AK,2622.0
2017,10,AL,13611.0
2017,10,AR,8958.0
2017,10,AZ,21169.0
2017,10,CA,100771.0
2017,10,CO,14838.0
2017,10,CT,6778.0
2017,10,DC,3325.0
2017,10,DE,2323.0
2017,10,FL,43.0
2017,10,GA,26095.0
2017,10,HI,3890.0
2017,10,IA,7040.0
2017,10,ID,2942.0
2017,10,IL,26962.0
2017,10,IN,13809.0
2017,10,KS,5832.0
2017,10,KY,9275.0
2017,10,LA,14937.0
2017,10,MA,11008.0
2017,10,MD,14450.0
2017,10,ME,2038.0
2017,10,MI,19976.0
2017,10,MN,12178.0
2017,10,MO,18618.0
2017,10,MS,4326.0
2017,10,MT,2932.0
2017,10,NC,23553.0
2017,10,ND,1672.0
2017,10,NE,4622.0
2017,10,NH,1911.0
2017,10,NJ,14501.0
2017,10,NM,8460.0
2017,10,NV,8448.0
2017,10,NY,33019.0
2017,10,OH,26452.0
2017,10,OK,11165.0
2017,10,OR,11558.0
2017,10,PA,22680.0
2017,10,RI,2016.0
2017,10,SC,15703.0
2017,10,SD,1669.0
2017,10,TN,21326.0
2017,10,TX,69348.0
2017,10,UT,8088.0
2017,10,VA,15570.0
2017,10,VT,1045.0
2017,10,WA,22333.0
2017,10,WI,10988.0
2017,10,WV,3077.0
2017,10,WY,1070.0
2017,11,AK,2356.0
2017,11,AL,11997.0
2017,11,AR,8554.0
2017,11,AZ,19955.0
2017,11,CA,95698.0
2017,11,CO,13948.0
2017,11,CT,5953.0
2017,11,DC,2953.0
2017,11,DE,2236.0
2017,11,FL,57.0
2017,11,GA,23182.0
2017,11,HI,3702.0
2017,11,IA,5932.0
2017,11,ID,2757.0
2017,11,IL,24853.0
2017,11,IN,12692.0
2017,11,KS,5712.0
2017,11,KY,8676.0
2017,11,LA,13924.0
2017,11,MA,9776.0
2017,11,MD,12074.0
2017,11,ME,1749.0
2017,11,MI,17597.0
2017,11,MN,11297.0
2017,11,MO,17045.0
2017,11,MS,4157.0
2017,11,MT,2558.0
2017,11,NC,20814.0
2017,11,ND,1433.0
2017,11,NE,3318.0
2017,11,NH,1766.0
2017,11,NJ,12723.0
2017,11,NM,7462.0
2017,11,NV,8152.0
2017,11,NY,31352.0
2017,11,OH,23711.0
2017,11,OK,10842.0
2017,11,OR,11108.0
2017,11,PA,20591.0
2017,11,RI,1848.0
2017,11,SC,15044.0
2017,11,SD,1561.0
2017,11,TN,19876.0
2017,11,TX,67741.0
2017,11,UT,7630.0
2017,11,VA,13769.0
2017,11,VT,869.0
2017,11,WA,21446.0
2017,11,WI,10246.0
2017,11,WV,2794.0
2017,11,WY,920.0
2017,12,AK,2515.0
2017,12,AL,12103.0
2017,12,AR,8348.0
2017,12,AZ,21126.0
2017,12,CA,98027.0
2017,12,CO,14036.0
2017,12,CT,5647.0
2017,12,DC,2762.0
2017,12,DE,2036.0
2017,12,FL,613194.0
2017,12,GA,23161.0
2017,12,HI,3930.0
2017,12,IA,5740.0
2017,12,ID,2675.0
2017,12,IL,24099.0
2017,12,IN,12153.0
2017,12,KS,8675.0
2017,12,KY,8439.0
2017,12,LA,14310.0
2017,12,MA,9581.0
2017,12,MD,13204.0
2017,12,ME,1544.0
2017,12,MI,16162.0
2017,12,MN,10348.0
2017,12,MO,16610.0
2017,12,MS,3855.0
2017,12,MT,2420.0
2017,12,NC,19643.0
2017,12,ND,1409.0
2017,12,NE,4032.0
2017,12,NH,1551.0
2017,12,NJ,12619.0
2017,12,NM,7393.0
2017,12,NV,8238.0
2017,12,NY,29057.0
2017,12,OH,22644.0
2017,12,OK,10616.0
2017,12,OR,11052.0
2017,12,PA,20049.0
2017,12,RI,1678.0
2017,12,SC,14279.0
2017,12,SD,1470.0
2017,12,TN,19932.0
2017,12,TX,68857.0
2017,12,UT,7344.0
2017,12,VA,14467.0
2017,12,VT,792.0
2017,12,WA,21345.0
2017,12,WI,9419.0
2017,12,WV,2712.0
2017,12,WY,920.0
2018,1,AK,2703.0
2018,1,AL,13342.0
2018,1,AR,8237.0
2018,1,AZ,20774.0
2018,1,CA,102107.0
2018,1,CO,15165.0
2018,1,CT,5491.0
2018,1,DC,2818.0
2018,1,DE,2082.0
2018,1,FL,
2018,1,GA,25647.0
2018,1,HI,3448.0
2018,1,IA,5265.0
2018,1,ID,2524.0
2018,1,IL,22510.0
2018,1,IN,11546.0
2018,1,KS,5331.0
2018,1,KY,7834.0
2018,1,LA,13771.0
2018,1,MA,8567.0
2018,1,MD,11765.0
2018,1,ME,1382.0
2018,1,MI,16398.0
2018,1,MN,10006.0
2018,1,MO,15654.0
2018,1,MS,4096.0
2018,1,MT,2230.0
2018,1,NC,20925.0
2018,1,ND,1467.0
2018,1,NE,3517.0
2018,1,NH,1439.0
2018,1,NJ,11699.0
2018,1,NM,9149.0
2018,1,NV,8121.0
2018,1,NY,26465.0
2018,1,OH,21708.0
2018,1,OK,10449.0
2018,1,OR,12047.0
2018,1,PA,18359.0
2018,1,RI,1565.0
2018,1,SC,13824.0
2018,1,SD,1401.0
2018,1,TN,19088.0
2018,1,TX,67424.0
2018,1,UT,7441.0
2018,1,VA,12693.0
2018,1,VT,669.0
2018,1,WA,21858.0
2018,1,WI,8914.0
2018,1,WV,2703.0
2018,1,WY,930.0
2018,2,AK,2318.0
2018,2,AL,11678.0
2018,2,AR,6944.0
2018,2,AZ,17533.0
2018,2,CA,85710.0
2018,2,CO,12498.0
2018,2,CT,4803.0
2018,2,DC,2422.0
2018,2,DE,1827.0
2018,2,FL,59.0
2018,2,GA,22875.0
2018,2,HI,3782.0
2018,2,IA,4132.0
2018,2,ID,2070.0
2018,2,IL,18597.0
2018,2,IN,10032.0
2018,2,KS,4782.0
2018,2,KY,7183.0
2018,2,LA,12824.0
2018,2,MA,7844.0
2018,2,MD,10282.0
2018,2,ME,1221.0
2018,2,MI,13471.0
2018,2,MN,8453.0
2018,2,MO,13554.0
2018,2,MS,3520.0
2018,2,MT,2014.0
2018,2,NC,18769.0
2018,2,ND,1182.0
2018,2,NE,2853.0
2018,2,NH,1266.0
2018,2,NJ,10331.0
2018,2,NM,6697.0
2018,2,NV,7484.0
2018,2,NY,24314.0
2018,2,OH,18695.0
2018,2,OK,9130.0
2018,2,OR,10077.0
2018,2,PA,16718.0
2018,2,RI,1454.0
2018,2,SC,12770.0
2018,2,SD,1073.0
2018,2,TN,16719.0
2018,2,TX,59065.0
2018,2,UT,5815.0
2018,2,VA,11640.0
2018,2,VT,593.0
2018,2,WA,18295.0
2018,2,WI,7238.0
2018,2,WV,2375.0
2018,2,WY,777.0
2018,3,AK,2581.0
2018,3,AL,12243.0
2018,3,AR,7939.0
2018,3,AZ,18486.0
2018,3,CA,92606.0
2018,3,CO,14056.0
2018,3,CT,5013.0
2018,3,DC,2626.0
2018,3,DE,1859.0
2018,3,FL,12.0
2018,3,GA,22095.0
2018,3,HI,3930.0
2018,3,IA,5090.0
2018,3,ID,2404.0
2018,3,IL,21848.0
2018,3,IN,11007.0
2018,3,KS,8611.0
2018,3,KY,7663.0
2018,3,LA,13652.0
2018,3,MA,8207.0
2018,3,MD,10874.0
2018,3,ME,1433.0
2018,3,MI,15824.0
2018,3,MN,9162.0
2018,3,MO,15285.0
2018,3,MS,3797.0
2018,3,MT,2201.0
2018,3,NC,19960.0
2018,3,ND,1285.0
2018,3,NE,3389.0
2018,3,NH,1453.0
2018,3,NJ,10490.0
2018,3,NM,6997.0
2018,3,NV,7389.0
2018,3,NY,25678.0
2018,3,OH,20667.0
2018,3,OK,10764.0
2018,3,OR,10956.0
2018,3,PA,16756.0
2018,3,RI,1499.0
2018,3,SC,14353.0
2018,3,SD,1235.0
2018,3,TN,18302.0
2018,3,TX,64014.0
2018,3,UT,6435.0
2018,3,VA,12000.0
2018,3,VT,658.0
2018,3,WA,19630.0
2018,3,WI,8181.0
2018,3,WV,2398.0
2018,3,WY,893.0
2018,4,AK,2491.0
2018,4,AL,11725.0
2018,4,AR,8060.0
2018,4,AZ,18984.0
2018,4,CA,90978.0
2018,4,CO,14453.0
2018,4,CT,5147.0
2018,4,DC,2755.0
2018,4,DE,2091.0
2018,4,FL,
2018,4,GA,23551.0
2018,4,HI,3816.0
2018,4,IA,4881.0
2018,4,ID,2467.0
2018,4,IL,22439.0
2018,4,IN,10919.0
2018,4,KS,5515.0
2018,4,KY,8124.0
2018,4,LA,13854.0
2018,4,MA,8396.0
2018,4,MD,11686.0
2018,4,ME,1665.0
2018,4,MI,16233.0
2018,4,MN,8747.0
2018,4,MO,15501.0
2018,4,MS,3862.0
2018,4,MT,2377.0
2018,4,NC,20981.0
2018,4,ND,1324.0
2018,4,NE,3358.0
2018,4,NH,1567.0
2018,4,NJ,11005.0
2018,4,NM,7304.0
2018,4,NV,7477.0
2018,4,NY,26709.0
2018,4,OH,21712.0
2018,4,OK,10924.0
2018,4,OR,11176.0
2018,4,PA,18398.0
2018,4,RI,1533.0
2018,4,SC,14352.0
2018,4,SD,1360.0
2018,4,TN,18500.0
2018,4,TX,65655.0
2018,4,UT,6416.0
2018,4,VA,12531.0
2018,4,VT,605.0
2018,4,WA,19755.0
2018,4,WI,7916.0
2018,4,WV,2359.0
2018,4,WY,802.0
2018,5,AK,2598.0
2018,5,AL,13828.0
2018,5,AR,9092.0
2018,5,AZ,19593.0
2018,5,CA,96625.0
2018,5,CO,14991.0
2018,5,CT,5919.0
2018,5,DC,3095.0
2018,5,DE,2210.0
2018,5,FL,
2018,5,GA,25272.0
2018,5,HI,3725.0
2018,5,IA,5004.0
2018,5,ID,2650.0
2018,5,IL,26115.0
2018,5,IN,13122.0
2018,5,KS,5861.0
2018,5,KY,8663.0
2018,5,LA,15161.0
2018,5,MA,9576.0
2018,5,MD,13460.0
2018,5,ME,1806.0
2018,5,MI,18976.0
2018,5,MN,10574.0
2018,5,MO,16600.0
2018,5,MS,4105.0
2018,5,MT,2683.0
2018,5,NC,23135.0
2018,5,ND,1561.0
2018,5,NE,3863.0
2018,5,NH,1683.0
2018,5,NJ,12645.0
2018,5,NM,7792.0
2018,5,NV,8088.0
2018,5,NY,30333.0
2018,5,OH,24162.0
2018,5,OK,11805.0
2018,5,OR,11391.0
2018,5,PA,19763.0
2018,5,RI,1809.0
2018,5,SC,15617.0
2018,5,SD,1627.0
2018,5,TN,21168.0
2018,5,TX,69523.0
2018,5,UT,6859.0
2018,5,VA,13959.0
2018,5,VT,715.0
2018,5,WA,21621.0
2018,5,WI,9573.0
2018,5,WV,2490.0
2018,5,WY,958.0
2018,6,AK,2728.0
2018,6,AL,13752.0
2018,6,AR,9130.0
2018,6,AZ,18643.0
2018,6,CA,91043.0
2018,6,CO,14363.0
2018,6,CT,6248.0
2018,6,DC,3193.0
2018,6,DE,2371.0
2018,6,FL,47.0
2018,6,GA,24942.0
2018,6,HI,3787.0
2018,6,IA,4747.0
2018,6,ID,2598.0
2018,6,IL,26582.0
2018,6,IN,12986.0
2018,6,KS,9383.0
2018,6,KY,8822.0
2018,6,LA,15270.0
2018,6,MA,9743.0
2018,6,MD,13200.0
2018,6,ME,1893.0
2018,6,MI,19439.0
2018,6,MN,10981.0
2018,6,MO,16885.0
2018,6,MS,4031.0
2018,6,MT,2804.0
2018,6,NC,21888.0
2018,6,ND,1512.0
2018,6,NE,3951.0
2018,6,NH,1682.0
2018,6,NJ,12760.0
2018,6,NM,7081.0
2018,6,NV,7676.0
2018,6,NY,30880.0
2018,6,OH,24008.0
2018,6,OK,11552.0
2018,6,OR,11018.0
2018,6,PA,20011.0
2018,6,RI,1727.0
2018,6,SC,15317.0
2018,6,SD,1729.0
2018,6,TN,20869.0
2018,6,TX,68569.0
2018,6,UT,6573.0
2018,6,VA,14039.0
2018,6,VT,809.0
2018,6,WA,20359.0
2018,6,WI,9818.0
2018,6,WV,2294.0
2018,6,WY,960.0
2018,7,AK,2896.0
2018,7,AL,14984.0
2018,7,AR,9851.0
2018,7,AZ,19088.0
2018,7,CA,95971.0
2018,7,CO,15957.0
2018,7,CT,6453.0
2018,7,DC,3551.0
2018,7,DE,2540.0
2018,7,FL,66.0
2018,7,GA,26390.0
2018,7,HI,3999.0
2018,7,IA,4890.0
2018,7,ID,2868.0
2018,7,IL,28570.0
2018,7,IN,14480.0
2018,7,KS,5855.0
2018,7,KY,8741.0
2018,7,LA,15913.0
2018,7,MA,10589.0
2018,7,MD,13599.0
2018,7,ME,2138.0
2018,7,MI,20695.0
2018,7,MN,11826.0
2018,7,MO,17820.0
2018,7,MS,4377.0
2018,7,MT,3072.0
2018,7,NC,23748.0
2018,7,ND,1681.0
2018,7,NE,4135.0
2018,7,NH,1808.0
2018,7,NJ,13705.0
2018,7,NM,7147.0
2018,7,NV,7728.0
2018,7,NY,32884.0
2018,7,OH,25950.0
2018,7,OK,12342.0
2018,7,OR,11449.0
2018,7,PA,21152.0
2018,7,RI,1952.0
2018,7,SC,16227.0
2018,7,SD,1618.0
2018,7,TN,22107.0
2018,7,TX,69653.0
2018,7,UT,7003.0
2018,7,VA,15175.0
2018,7,VT,862.0
2018,7,WA,21189.0
2018,7,WI,10573.0
2018,7,WV,2007.0
2018,7,WY,923.0
2018,8,AK,2882.0
2018,8,AL,14299.0
2018,8,AR,9753.0
2018,8,AZ,18751.0
2018,8,CA,96368.0
2018,8,CO,15924.0
2018,8,CT,6170.0
2018,8,DC,3774.0
2018,8,DE,2669.0
2018,8,FL,61.0
2018,8,GA,26250.0
2018,8,HI,3969.0
2018,8,IA,4846.0
2018,8,ID,2758.0
2018,8,IL,28866.0
2018,8,IN,14877.0
2018,8,KS,5952.0
2018,8,KY,9101.0
2018,8,LA,15270.0
2018,8,MA,10483.0
2018,8,MD,14158.0
2018,8,ME,1876.0
2018,8,MI,20663.0
2018,8,MN,12221.0
2018,8,MO,17836.0
2018,8,MS,4187.0
2018,8,MT,3031.0
2018,8,NC,22836.0
2018,8,ND,1731.0
2018,8,NE,4165.0
2018,8,NH,1798.0
2018,8,NJ,13618.0
2018,8,NM,7198.0
2018,8,NV,7751.0
2018,8,NY,33014.0
2018,8,OH,25868.0
2018,8,OK,12046.0
2018,8,OR,11568.0
2018,8,PA,21295.0
2018,8,RI,1885.0
2018,8,SC,16623.0
2018,8,SD,1885.0
2018,8,TN,21230.0
2018,8,TX,69853.0
2018,8,UT,7124.0
2018,8,VA,14931.0
2018,8,VT,942.0
2018,8,WA,21148.0
2018,8,WI,10165.0
2018,8,WV,2404.0
2018,8,WY,995.0
2018,9,AK,2871.0
2018,9,AL,12591.0
2018,9,AR,9174.0
2018,9,AZ,18216.0
2018,9,CA,90789.0
2018,9,CO,15564.0
2018,9,CT,5683.0
2018,9,DC,3555.0
2018,9,DE,2301.0
2018,9,FL,57.0
2018,9,GA,23569.0
2018,9,HI,3612.0
2018,9,IA,4718.0
2018,9,ID,2631.0
2018,9,IL,26211.0
2018,9,IN,13159.0
2018,9,KS,9601.0
2018,9,KY,8697.0
2018,9,LA,14080.0
2018,9,MA,9725.0
2018,9,MD,13395.0
2018,9,ME,1902.0
2018,9,MI,19376.0
2018,9,MN,11236.0
2018,9,MO,16935.0
2018,9,MS,3528.0
2018,9,MT,2922.0
2018,9,NC,21079.0
2018,9,ND,1599.0
2018,9,NE,4094.0
2018,9,NH,1818.0
2018,9,NJ,12330.0
2018,9,NM,6891.0
2018,9,NV,7612.0
2018,9,NY,31290.0
2018,9,OH,23699.0
2018,9,OK,11316.0
2018,9,OR,10792.0
2018,9,PA,19579.0
2018,9,RI,1734.0
2018,9,SC,14964.0
2018,9,SD,1672.0
2018,9,TN,20798.0
2018,9,TX,65929.0
2018,9,UT,6647.0
2018,9,VA,13229.0
2018,9,VT,961.0
2018,9,WA,20209.0
2018,9,WI,9725.0
2018,9,WV,2432.0
2018,9,WY,998.0
2018,10,AK,2653.0
2018,10,AL,12955.0
2018,10,AR,9341.0
2018,10,AZ,19201.0
2018,10,CA,97712.0
2018,10,CO,15710.0
2018,10,CT,5808.0
2018,10,DC,3665.0
2018,10,DE,2341.0
2018,10,FL,
2018,10,GA,24666.0
2018,10,HI,3794.0
2018,10,IA,4526.0
2018,10,ID,2664.0
2018,10,IL,25678.0
2018,10,IN,12738.0
2018,10,KS,5593.0
2018,10,KY,8751.0
2018,10,LA,14502.0
2018,10,MA,9637.0
2018,10,MD,14151.0
2018,10,ME,1742.0
2018,10,MI,18384.0
2018,10,MN,11338.0
2018,10,MO,17320.0
2018,10,MS,3794.0
2018,10,MT,2558.0
2018,10,NC,21744.0
2018,10,ND,1556.0
2018,10,NE,4347.0
2018,10,NH,1799.0
2018,10,NJ,12480.0
2018,10,NM,6926.0
2018,10,NV,7816.0
2018,10,NY,30409.0
2018,10,OH,23368.0
2018,10,OK,11784.0
2018,10,OR,11306.0
2018,10,PA,20910.0
2018,10,RI,1792.0
2018,10,SC,15700.0
2018,10,SD,1493.0
2018,10,TN,20633.0
2018,10,TX,67727.0
2018,10,UT,7520.0
2018,10,VA,14386.0
2018,10,VT,945.0
2018,10,WA,21139.0
2018,10,WI,9877.0
2018,10,WV,1910.0
2018,10,WY,836.0
2018,11,AK,2204.0
2018,11,AL,11473.0
2018,11,AR,8416.0
2018,11,AZ,18098.0
2018,11,CA,91130.0
2018,11,CO,14070.0
2018,11,CT,5481.0
2018,11,DC,3211.0
2018,11,DE,2138.0
2018,11,FL,
2018,11,GA,23270.0
2018,11,HI,3603.0
2018,11,IA,3321.0
2018,11,ID,2282.0
2018,11,IL,22819.0
2018,11,IN,11206.0
2018,11,KS,4952.0
2018,11,KY,7826.0
2018,11,LA,13368.0
2018,11,MA,8825.0
2018,11,MD,12878.0
2018,11,ME,1374.0
2018,11,MI,16092.0
2018,11,MN,10136.0
2018,11,MO,14726.0
2018,11,MS,3506.0
2018,11,MT,2431.0
2018,11,NC,20355.0
2018,11,ND,1312.0
2018,11,NE,3781.0
2018,11,NH,1406.0
2018,11,NJ,11109.0
2018,11,NM,6731.0
2018,11,NV,7165.0
2018,11,NY,28265.0
2018,11,OH,20840.0
2018,11,OK,10705.0
2018,11,OR,10957.0
2018,11,PA,18638.0
2018,11,RI,1497.0
2018,11,SC,14789.0
2018,11,SD,1314.0
2018,11,TN,18314.0
2018,11,TX,64702.0
2018,11,UT,6801.0
2018,11,VA,12853.0
2018,11,VT,800.0
2018,11,WA,19969.0
2018,11,WI,8538.0
2018,11,WV,2082.0
2018,11,WY,783.0
2018,12,AK,2032.0
2018,12,AL,11674.0
2018,12,AR,8575.0
2018,12,AZ,18240.0
2018,12,CA,95769.0
2018,12,CO,14082.0
2018,12,CT,5758.0
2018,12,DC,3251.0
2018,12,DE,2189.0
2018,12,FL,568363.0
2018,12,GA,24108.0
2018,12,HI,3748.0
2018,12,IA,3551.0
2018,12,ID,2205.0
2018,12,IL,24730.0
2018,12,IN,11604.0
2018,12,KS,8722.0
2018,12,KY,8210.0
2018,12,LA,13993.0
2018,12,MA,8716.0
2018,12,MD,12660.0
2018,12,ME,1377.0
2018,12,MI,16838.0
2018,12,MN,9936.0
2018,12,MO,15263.0
2018,12,MS,3597.0
2018,12,MT,2455.0
2018,12,NC,19652.0
2018,12,ND,1295.0
2018,12,NE,3763.0
2018,12,NH,1448.0
2018,12,NJ,11928.0
2018,12,NM,6611.0
2018,12,NV,7366.0
2018,12,NY,28481.0
2018,12,OH,22029.0
2018,12,OK,10802.0
2018,12,OR,11104.0
2018,12,PA,19526.0
2018,12,RI,1590.0
2018,12,SC,14776.0
2018,12,SD,1268.0
2018,12,TN,19408.0
2018,12,TX,68484.0
2018,12,UT,6931.0
2018,12,VA,13561.0
2018,12,VT,809.0
2018,12,WA,20310.0
2018,12,WI,8437.0
2018,12,WV,2621.0
2018,12,WY,713.0
2019,1,AK,2181.0
2019,1,AL,9473.0
2019,1,AR,8459.0
2019,1,AZ,17567.0
2019,1,CA,94897.0
2019,1,CO,13851.0
2019,1,CT,4532.0
2019,1,DC,3062.0
2019,1,DE,2077.0
2019,1,FL,53.0
2019,1,GA,22630.0
2019,1,HI,3908.0
2019,1,IA,4811.0
2019,1,ID,2264.0
2019,1,IL,19890.0
2019,1,IN,10044.0
2019,1,KS,4950.0
2019,1,KY,7574.0
2019,1,LA,13906.0
2019,1,MA,7814.0
2019,1,MD,11708.0
2019,1,ME,1328.0
2019,1,MI,14833.0
2019,1,MN,9783.0
2019,1,MO,14686.0
2019,1,MS,3811.0
2019,1,MT,2218.0
2019,1,NC,21112.0
2019,1,ND,1224.0
2019,1,NE,3484.0
2019,1,NH,1281.0
2019,1,NJ,10915.0
2019,1,NM,6768.0
2019,1,NV,7563.0
2019,1,NY,25632.0
2019,1,OH,19289.0
2019,1,OK,10461.0
2019,1,OR,11045.0
2019,1,PA,17797.0
2019,1,RI,1515.0
2019,1,SC,14067.0
2019,1,SD,1281.0
2019,1,TN,18496.0
2019,1,TX,66723.0
2019,1,UT,6117.0
2019,1,VA,12342.0
2019,1,VT,678.0
2019,1,WA,20734.0
2019,1,WI,7053.0
2019,1,WV,2131.0
2019,1,WY,696.0
2019,2,AK,1820.0
2019,2,AL,7708.0
2019,2,AR,7134.0
2019,2,AZ,15415.0
2019,2,CA,85119.0
2019,2,CO,12128.0
2019,2,CT,4156.0
2019,2,DC,2543.0
2019,2,DE,1701.0
2019,2,FL,43.0
2019,2,GA,27102.0
2019,2,HI,3348.0
2019,2,IA,4196.0
2019,2,ID,1838.0
2019,2,IL,18888.0
2019,2,IN,9127.0
2019,2,KS,4097.0
2019,2,KY,6666.0
2019,2,LA,12456.0
2019,2,MA,6925.0
2019,2,MD,9979.0
2019,2,ME,1122.0
2019,2,MI,12448.0
2019,2,MN,7843.0
2019,2,MO,12563.0
2019,2,MS,3342.0
2019,2,MT,1755.0
2019,2,NC,18233.0
2019,2,ND,1155.0
2019,2,NE,2997.0
2019,2,NH,1216.0
2019,2,NJ,9607.0
2019,2,NM,5857.0
2019,2,NV,6190.0
2019,2,NY,22596.0
2019,2,OH,17726.0
2019,2,OK,9367.0
2019,2,OR,9413.0
2019,2,PA,15195.0
2019,2,RI,1338.0
2019,2,SC,12651.0
2019,2,SD,1037.0
2019,2,TN,15481.0
2019,2,TX,58919.0
2019,2,UT,5566.0
2019,2,VA,10843.0
2019,2,VT,627.0
2019,2,WA,15295.0
2019,2,WI,6016.0
2019,2,WV,2039.0
2019,2,WY,612.0
2019,3,AK,2121.0
2019,3,AL,8135.0
2019,3,AR,7795.0
2019,3,AZ,17485.0
2019,3,CA,91146.0
2019,3,CO,12937.0
2019,3,CT,4287.0
2019,3,DC,2678.0
2019,3,DE,1705.0
2019,3,FL,74.0
2019,3,GA,28020.0
2019,3,HI,3726.0
2019,3,IA,4872.0
2019,3,ID,2085.0
2019,3,IL,20750.0
2019,3,IN,9840.0
2019,3,KS,7490.0
2019,3,KY,7473.0
2019,3,LA,13186.0
2019,3,MA,7506.0
2019,3,MD,11168.0
2019,3,ME,1193.0
2019,3,MI,14415.0
2019,3,MN,9190.0
2019,3,MO,13887.0
2019,3,MS,3419.0
2019,3,MT,1938.0
2019,3,NC,19830.0
2019,3,ND,1273.0
2019,3,NE,3145.0
2019,3,NH,1313.0
2019,3,NJ,9752.0
2019,3,NM,6339.0
2019,3,NV,7319.0
2019,3,NY,24514.0
2019,3,OH,19279.0
2019,3,OK,10329.0
2019,3,OR,10487.0
2019,3,PA,16292.0
2019,3,RI,1312.0
2019,3,SC,13234.0
2019,3,SD,1145.0
2019,3,TN,16946.0
2019,3,TX,64162.0
2019,3,UT,6310.0
2019,3,VA,11527.0
2019,3,VT,686.0
2019,3,WA,18027.0
2019,3,WI,6908.0
2019,3,WV,2189.0
2019,3,WY,721.0
2019,4,AK,2179.0
2019,4,AL,8613.0
2019,4,AR,8209.0
2019,4,AZ,17680.0
2019,4,CA,89954.0
2019,4,CO,13868.0
2019,4,CT,4392.0
2019,4,DC,2874.0
2019,4,DE,1933.0
2019,4,FL,58.0
2019,4,GA,21903.0
2019,4,HI,3834.0
2019,4,IA,5336.0
2019,4,ID,1994.0
2019,4,IL,21769.0
2019,4,IN,10714.0
2019,4,KS,4885.0
2019,4,KY,7871.0
2019,4,LA,13511.0
2019,4,MA,8200.0
2019,4,MD,11472.0
2019,4,ME,1404.0
2019,4,MI,16075.0
2019,4,MN,10006.0
2019,4,MO,15419.0
2019,4,MS,3816.0
2019,4,MT,2396.0
2019,4,NC,21090.0
2019,4,ND,1328.0
2019,4,NE,3731.0
2019,4,NH,1459.0
2019,4,NJ,10460.0
2019,4,NM,6387.0
2019,4,NV,7130.0
2019,4,NY,26065.0
2019,4,OH,20679.0
2019,4,OK,10096.0
2019,4,OR,10572.0
2019,4,PA,17601.0
2019,4,RI,1334.0
2019,4,SC,13801.0
2019,4,SD,1384.0
2019,4,TN,18489.0
2019,4,TX,65729.0
2019,4,UT,6321.0
2019,4,VA,12566.0
2019,4,VT,815.0
2019,4,WA,18555.0
2019,4,WI,7883.0
2019,4,WV,2225.0
2019,4,WY,781.0
2019,5,AK,2595.0
2019,5,AL,8693.0
2019,5,AR,9010.0
2019,5,AZ,18056.0
2019,5,CA,93607.0
2019,5,CO,14450.0
2019,5,CT,4502.0
2019,5,DC,3082.0
2019,5,DE,2305.0
2019,5,FL,54.0
2019,5,GA,22702.0
2019,5,HI,3752.0
2019,5,IA,5599.0
2019,5,ID,2389.0
2019,5,IL,24397.0
2019,5,IN,12120.0
2019,5,KS,5627.0
2019,5,KY,8749.0
2019,5,LA,15093.0
2019,5,MA,8905.0
2019,5,MD,12574.0
2019,5,ME,1709.0
2019,5,MI,17856.0
2019,5,MN,11645.0
2019,5,MO,16389.0
2019,5,MS,4102.0
2019,5,MT,2609.0
2019,5,NC,23303.0
2019,5,ND,1642.0
2019,5,NE,3920.0
2019,5,NH,1510.0
2019,5,NJ,11906.0
2019,5,NM,6657.0
2019,5,NV,7734.0
2019,5,NY,28963.0
2019,5,OH,22288.0
2019,5,OK,11400.0
2019,5,OR,11052.0
2019,5,PA,18772.0
2019,5,RI,1534.0
2019,5,SC,15926.0
2019,5,SD,1499.0
2019,5,TN,20007.0
2019,5,TX,72653.0
2019,5,UT,6663.0
2019,5,VA,14152.0
2019,5,VT,974.0
2019,5,WA,20085.0
2019,5,WI,9132.0
2019,5,WV,2409.0
2019,5,WY,762.0
2019,6,AK,2745.0
2019,6,AL,7726.0
2019,6,AR,8670.0
2019,6,AZ,17630.0
2019,6,CA,87934.0
2019,6,CO,14900.0
2019,6,CT,4897.0
2019,6,DC,3257.0
2019,6,DE,2428.0
2019,6,FL,70.0
2019,6,GA,21504.0
2019,6,HI,3606.0
2019,6,IA,6088.0
2019,6,ID,2375.0
2019,6,IL,25560.0
2019,6,IN,9916.0
2019,6,KS,7376.0
2019,6,KY,8617.0
2019,6,LA,14590.0
2019,6,MA,9336.0
2019,6,MD,12636.0
2019,6,ME,1657.0
2019,6,MI,18315.0
2019,6,MN,11889.0
2019,6,MO,16575.0
2019,6,MS,4066.0
2019,6,MT,2538.0
2019,6,NC,23363.0
2019,6,ND,1660.0
2019,6,NE,4077.0
2019,6,NH,1556.0
2019,6,NJ,12102.0
2019,6,NM,6177.0
2019,6,NV,7433.0
2019,6,NY,28998.0
2019,6,OH,22185.0
2019,6,OK,11465.0
2019,6,OR,10658.0
2019,6,PA,19147.0
2019,6,RI,1581.0
2019,6,SC,15601.0
2019,6,SD,1663.0
2019,6,TN,20054.0
2019,6,TX,68874.0
2019,6,UT,6364.0
2019,6,VA,14014.0
2019,6,VT,900.0
2019,6,WA,19018.0
2019,6,WI,8949.0
2019,6,WV,2378.0
2019,6,WY,862.0
2019,7,AK,2761.0
2019,7,AL,6812.0
2019,7,AR,9036.0
2019,7,AZ,17518.0
2019,7,CA,94888.0
2019,7,CO,15802.0
2019,7,CT,5405.0
2019,7,DC,3486.0
2019,7,DE,2533.0
2019,7,FL,77.0
2019,7,GA,19944.0
2019,7,HI,3806.0
2019,7,IA,6264.0
2019,7,ID,2516.0
2019,7,IL,27233.0
2019,7,IN,12943.0
2019,7,KS,5783.0
2019,7,KY,8711.0
2019,7,LA,14950.0
2019,7,MA,10053.0
2019,7,MD,13824.0
2019,7,ME,1877.0
2019,7,MI,19868.0
2019,7,MN,12885.0
2019,7,MO,18140.0
2019,7,MS,4431.0
2019,7,MT,2691.0
2019,7,NC,24454.0
2019,7,ND,1659.0
2019,7,NE,4228.0
2019,7,NH,1758.0
2019,7,NJ,14019.0
2019,7,NM,6842.0
2019,7,NV,7185.0
2019,7,NY,32480.0
2019,7,OH,24281.0
2019,7,OK,11974.0
2019,7,OR,11183.0
2019,7,PA,7280.0
2019,7,RI,1685.0
2019,7,SC,16331.0
2019,7,SD,1680.0
2019,7,TN,21265.0
2019,7,TX,73569.0
2019,7,UT,6342.0
2019,7,VA,14268.0
2019,7,VT,1104.0
2019,7,WA,20282.0
2019,7,WI,10250.0
2019,7,WV,2614.0
2019,7,WY,916.0
2019,8,AK,2645.0
2019,8,AL,3431.0
2019,8,AR,9048.0
2019,8,AZ,17290.0
2019,8,CA,94195.0
2019,8,CO,15964.0
2019,8,CT,5579.0
2019,8,DC,3496.0
2019,8,DE,2663.0
2019,8,FL,77.0
2019,8,GA,20251.0
2019,8,HI,3648.0
2019,8,IA,6552.0
2019,8,ID,2538.0
2019,8,IL,27169.0
2019,8,IN,12807.0
2019,8,KS,5599.0
2019,8,KY,8787.0
2019,8,LA,14651.0
2019,8,MA,9773.0
2019,8,MD,13614.0
2019,8,ME,1891.0
2019,8,MI,19291.0
2019,8,MN,13096.0
2019,8,MO,18484.0
2019,8,MS,4346.0
2019,8,MT,2745.0
2019,8,NC,24316.0
2019,8,ND,1645.0
2019,8,NE,4147.0
2019,8,NH,1753.0
2019,8,NJ,12956.0
2019,8,NM,7133.0
2019,8,NV,7403.0
2019,8,NY,31385.0
2019,8,OH,23938.0
2019,8,OK,11803.0
2019,8,OR,11160.0
2019,8,PA,20116.0
2019,8,RI,1973.0
2019,8,SC,15793.0
2019,8,SD,1864.0
2019,8,TN,19845.0
2019,8,TX,70596.0
2019,8,UT,6292.0
2019,8,VA,14510.0
2019,8,VT,1109.0
2019,8,WA,20361.0
2019,8,WI,9973.0
2019,8,WV,2544.0
2019,8,WY,919.0
2019,9,AK,2467.0
2019,9,AL,291.0
2019,9,AR,8759.0
2019,9,AZ,17163.0
2019,9,CA,90364.0
2019,9,CO,15137.0
2019,9,CT,5122.0
2019,9,DC,3487.0
2019,9,DE,2238.0
2019,9,FL,61.0
2019,9,GA,16935.0
2019,9,HI,3514.0
2019,9,IA,5904.0
2019,9,ID,2257.0
2019,9,IL,25273.0
2019,9,IN,12045.0
2019,9,KS,7980.0
2019,9,KY,8151.0
2019,9,LA,13888.0
2019,9,MA,9621.0
2019,9,MD,12619.0
2019,9,ME,1770.0
2019,9,MI,18359.0
2019,9,MN,11989.0
2019,9,MO,17571.0
2019,9,MS,3921.0
2019,9,MT,2555.0
2019,9,NC,23408.0
2019,9,ND,1524.0
2019,9,NE,4121.0
2019,9,NH,1764.0
2019,9,NJ,12327.0
2019,9,NM,6630.0
2019,9,NV,7541.0
2019,9,NY,30374.0
2019,9,OH,22593.0
2019,9,OK,11415.0
2019,9,OR,10748.0
2019,9,PA,19648.0
2019,9,RI,1652.0
2019,9,SC,14905.0
2019,9,SD,1686.0
2019,9,TN,19370.0
2019,9,TX,67792.0
2019,9,UT,6303.0
2019,9,VA,13778.0
2019,9,VT,975.0
2019,9,WA,19256.0
2019,9,WI,9754.0
2019,9,WV,2276.0
2019,9,WY,885.0
2019,10,AK,2260.0
2019,10,AL,333.0
2019,10,AR,8648.0
2019,10,AZ,17962.0
2019,10,CA,94963.0
2019,10,CO,14736.0
2019,10,CT,5199.0
2019,10,DC,3764.0
2019,10,DE,2195.0
2019,10,FL,83.0
2019,10,GA,10384.0
2019,10,HI,3900.0
2019,10,IA,6074.0
2019,10,ID,2161.0
2019,10,IL,24297.0
2019,10,IN,11053.0
2019,10,KS,5706.0
2019,10,KY,8088.0
2019,10,LA,13677.0
2019,10,MA,9137.0
2019,10,MD,12862.0
2019,10,ME,1689.0
2019,10,MI,18246.0
2019,10,MN,11884.0
2019,10,MO,17007.0
2019,10,MS,3888.0
2019,10,MT,2475.0
2019,10,NC,24631.0
2019,10,ND,1489.0
2019,10,NE,3808.0
2019,10,NH,1715.0
2019,10,NJ,11651.0
2019,10,NM,6833.0
2019,10,NV,7232.0
2019,10,NY,29571.0
2019,10,OH,22453.0
2019,10,OK,11223.0
2019,10,OR,10832.0
2019,10,PA,19755.0
2019,10,RI,1750.0
2019,10,SC,14741.0
2019,10,SD,1866.0
2019,10,TN,18899.0
2019,10,TX,69602.0
2019,10,UT,6748.0
2019,10,VA,13923.0
2019,10,VT,914.0
2019,10,WA,19875.0
2019,10,WI,9366.0
2019,10,WV,1696.0
2019,10,WY,910.0
2019,11,AK,2167.0
2019,11,AL,309.0
2019,11,AR,8234.0
2019,11,AZ,16664.0
2019,11,CA,85925.0
2019,11,CO,13917.0
2019,11,CT,4860.0
2019,11,DC,3276.0
2019,11,DE,2145.0
2019,11,FL,84.0
2019,11,GA,9775.0
2019,11,HI,3972.0
2019,11,IA,5391.0
2019,11,ID,2050.0
2019,11,IL,21873.0
2019,11,IN,10485.0
2019,11,KS,5689.0
2019,11,KY,7691.0
2019,11,LA,12988.0
2019,11,MA,8031.0
2019,11,MD,11771.0
2019,11,ME,1455.0
2019,11,MI,15781.0
2019,11,MN,10774.0
2019,11,MO,15333.0
2019,11,MS,3734.0
2019,11,MT,2339.0
2019,11,NC,22249.0
2019,11,ND,1404.0
2019,11,NE,3561.0
2019,11,NH,1422.0
2019,11,NJ,10671.0
2019,11,NM,6320.0
2019,11,NV,7232.0
2019,11,NY,26413.0
2019,11,OH,20162.0
2019,11,OK,10426.0
2019,11,OR,10551.0
2019,11,PA,17719.0
2019,11,RI,1583.0
2019,11,SC,13357.0
2019,11,SD,1555.0
2019,11,TN,17085.0
2019,11,TX,66531.0
2019,11,UT,6106.0
2019,11,VA,13191.0
2019,11,VT,747.0
2019,11,WA,19220.0
2019,11,WI,8157.0
2019,11,WV,1810.0
2019,11,WY,795.0
2019,12,AK,1879.0
2019,12,AL,361.0
2019,12,AR,8437.0
2019,12,AZ,17934.0
2019,12,CA,94243.0
2019,12,CO,15036.0
2019,12,CT,5088.0
2019,12,DC,3379.0
2019,12,DE,2203.0
2019,12,FL,541496.0
2019,12,GA,10623.0
2019,12,HI,3937.0
2019,12,IA,5646.0
2019,12,ID,2210.0
2019,12,IL,23739.0
2019,12,IN,10965.0
2019,12,KS,7826.0
2019,12,KY,7699.0
2019,12,LA,14379.0
2019,12,MA,8105.0
2019,12,MD,12069.0
2019,12,ME,1426.0
2019,12,MI,16763.0
2019,12,MN,10571.0
2019,12,MO,16134.0
2019,12,MS,3865.0
2019,12,MT,2194.0
2019,12,NC,23573.0
2019,12,ND,1302.0
2019,12,NE,3641.0
2019,12,NH,1382.0
2019,12,NJ,11143.0
2019,12,NM,6070.0
2019,12,NV,7419.0
2019,12,NY,27092.0
2019,12,OH,21159.0
2019,12,OK,11307.0
2019,12,OR,11209.0
2019,12,PA,18167.0
2019,12,RI,1497.0
2019,12,SC,14271.0
2019,12,SD,1480.0
2019,12,TN,18893.0
2019,12,TX,69817.0
2019,12,UT,6469.0
2019,12,VA,14665.0
2019,12,VT,759.0
2019,12,WA,20126.0
2019,12,WI,8615.0
2019,12,WV,2311.0
2019,12,WY,741.0
2020,1,AK,1906.0
2020,1,AL,10826.0
2020,1,AR,8261.0
2020,1,AZ,18321.0
2020,1,CA,95830.0
2020,1,CO,14982.0
2020,1,CT,5218.0
2020,1,DC,3307.0
2020,1,DE,2183.0
2020,1,FL,78.0
2020,1,GA,12614.0
2020,1,HI,3710.0
2020,1,IA,5120.0
2020,1,ID,2101.0
2020,1,IL,21260.0
2020,1,IN,11359.0
2020,1,KS,6038.0
2020,1,KY,7679.0
2020,1,LA,14391.0
2020,1,MA,8210.0
2020,1,MD,11725.0
2020,1,ME,1377.0
2020,1,MI,15963.0
2020,1,MN,10638.0
2020,1,MO,16245.0
2020,1,MS,4502.0
2020,1,MT,2312.0
2020,1,NC,23060.0
2020,1,ND,1325.0
2020,1,NE,3335.0
2020,1,NH,1331.0
2020,1,NJ,10778.0
2020,1,NM,6788.0
2020,1,NV,7430.0
2020,1,NY,30709.0
2020,1,OH,20995.0
2020,1,OK,10683.0
2020,1,OR,11073.0
2020,1,PA,16561.0
2020,1,RI,1458.0
2020,1,SC,14555.0
2020,1,SD,1525.0
2020,1,TN,18422.0
2020,1,TX,69758.0
2020,1,UT,6330.0
2020,1,VA,13486.0
2020,1,VT,756.0
2020,1,WA,19871.0
2020,1,WI,7887.0
2020,1,WV,2474.0
2020,1,WY,780.0
2020,2,AK,1781.0
2020,2,AL,9031.0
2020,2,AR,7276.0
2020,2,AZ,17425.0
2020,2,CA,86931.0
2020,2,CO,12717.0
2020,2,CT,4612.0
2020,2,DC,2905.0
2020,2,DE,1734.0
2020,2,FL,85.0
2020,2,GA,11241.0
2020,2,HI,3210.0
2020,2,IA,4628.0
2020,2,ID,2055.0
2020,2,IL,18940.0
2020,2,IN,9578.0
2020,2,KS,5098.0
2020,2,KY,6659.0
2020,2,LA,12811.0
2020,2,MA,7078.0
2020,2,MD,10215.0
2020,2,ME,1132.0
2020,2,MI,13591.0
2020,2,MN,9524.0
2020,2,MO,13673.0
2020,2,MS,3968.0
2020,2,MT,2008.0
2020,2,NC,21403.0
2020,2,ND,1252.0
2020,2,NE,3076.0
2020,2,NH,1151.0
2020,2,NJ,9721.0
2020,2,NM,6419.0
2020,2,NV,6798.0
2020,2,NY,27195.0
2020,2,OH,17967.0
2020,2,OK,9533.0
2020,2,OR,9998.0
2020,2,PA,15152.0
2020,2,RI,1286.0
2020,2,SC,12757.0
2020,2,SD,1306.0
2020,2,TN,16043.0
2020,2,TX,63733.0
2020,2,UT,5683.0
2020,2,VA,12008.0
2020,2,VT,583.0
2020,2,WA,18279.0
2020,2,WI,7055.0
2020,2,WV,2167.0
2020,2,WY,648.0
2020,3,AK,1755.0
2020,3,AL,8805.0
2020,3,AR,7362.0
2020,3,AZ,17751.0
2020,3,CA,83579.0
2020,3,CO,13479.0
2020,3,CT,4562.0
2020,3,DC,2519.0
2020,3,DE,1817.0
2020,3,FL,51.0
2020,3,GA,12823.0
2020,3,HI,3173.0
2020,3,IA,4832.0
2020,3,ID,1978.0
2020,3,IL,17605.0
2020,3,IN,9764.0
2020,3,KS,5183.0
2020,3,KY,7130.0
2020,3,LA,12561.0
2020,3,MA,7253.0
2020,3,MD,9895.0
2020,3,ME,1180.0
2020,3,MI,14289.0
2020,3,MN,9805.0
2020,3,MO,14236.0
2020,3,MS,4146.0
2020,3,MT,2069.0
2020,3,NC,21854.0
2020,3,ND,1364.0
2020,3,NE,3479.0
2020,3,NH,1236.0
2020,3,NJ,9036.0
2020,3,NM,6621.0
2020,3,NV,6358.0
2020,3,NY,25355.0
2020,3,OH,18145.0
2020,3,OK,10021.0
2020,3,OR,9506.0
2020,3,PA,14028.0
2020,3,RI,1197.0
2020,3,SC,13483.0
2020,3,SD,1437.0
2020,3,TN,16670.0
2020,3,TX,63527.0
2020,3,UT,5942.0
2020,3,VA,11834.0
2020,3,VT,558.0
2020,3,WA,17874.0
2020,3,WI,7516.0
2020,3,WV,2040.0
2020,3,WY,724.0
2020,4,AK,1751.0
2020,4,AL,7561.0
2020,4,AR,7523.0
2020,4,AZ,16384.0
2020,4,CA,81489.0
2020,4,CO,14295.0
2020,4,CT,3900.0
2020,4,DC,1922.0
2020,4,DE,1726.0
2020,4,FL,9.0
2020,4,GA,11052.0
2020,4,HI,2817.0
2020,4,IA,4238.0
2020,4,ID,2079.0
2020,4,IL,15532.0
2020,4,IN,8819.0
2020,4,KS,4956.0
2020,4,KY,6928.0
2020,4,LA,11548.0
2020,4,MA,6714.0
2020,4,MD,8170.0
2020,4,ME,1040.0
2020,4,MI,13111.0
2020,4,MN,8990.0
2020,4,MO,13578.0
2020,4,MS,3812.0
2020,4,MT,2063.0
2020,4,NC,20069.0
2020,4,ND,1259.0
2020,4,NE,3348.0
2020,4,NH,1092.0
2020,4,NJ,7559.0
2020,4,NM,5773.0
2020,4,NV,5480.0
2020,4,NY,21265.0
2020,4,OH,17290.0
2020,4,OK,9252.0
2020,4,OR,9456.0
2020,4,PA,12681.0
2020,4,RI,873.0
2020,4,SC,12545.0
2020,4,SD,1641.0
2020,4,TN,16602.0
2020,4,TX,58381.0
2020,4,UT,5626.0
2020,4,VA,10074.0
2020,4,VT,638.0
2020,4,WA,18260.0
2020,4,WI,6841.0
2020,4,WV,1881.0
2020,4,WY,716.0
2020,5,AK,1903.0
2020,5,AL,6680.0
2020,5,AR,8073.0
2020,5,AZ,16450.0
2020,5,CA,88277.0
2020,5,CO,15357.0
2020,5,CT,4223.0
2020,5,DC,2249.0
2020,5,DE,1843.0
2020,5,FL,17.0
2020,5,GA,12828.0
2020,5,HI,2818.0
2020,5,IA,4544.0
2020,5,ID,2029.0
2020,5,IL,19293.0
2020,5,IN,10028.0
2020,5,KS,5706.0
2020,5,KY,7182.0
2020,5,LA,12279.0
2020,5,MA,6850.0
2020,5,MD,9352.0
2020,5,ME,1317.0
2020,5,MI,14235.0
2020,5,MN,10381.0
2020,5,MO,14581.0
2020,5,MS,4130.0
2020,5,MT,2201.0
2020,5,NC,21736.0
2020,5,ND,1586.0
2020,5,NE,3274.0
2020,5,NH,1189.0
2020,5,NJ,9852.0
2020,5,NM,6061.0
2020,5,NV,5911.0
2020,5,NY,25598.0
2020,5,OH,19435.0
2020,5,OK,10307.0
2020,5,OR,9524.0
2020,5,PA,14199.0
2020,5,RI,1076.0
2020,5,SC,13742.0
2020,5,SD,1688.0
2020,5,TN,17809.0
2020,5,TX,63573.0
2020,5,UT,6176.0
2020,5,VA,11027.0
2020,5,VT,738.0
2020,5,WA,18726.0
2020,5,WI,7759.0
2020,5,WV,2000.0
2020,5,WY,886.0
2020,6,AK,1948.0
2020,6,AL,3855.0
2020,6,AR,8206.0
2020,6,AZ,14502.0
2020,6,CA,89488.0
2020,6,CO,16004.0
2020,6,CT,4996.0
2020,6,DC,2691.0
2020,6,DE,2164.0
2020,6,FL,932.0
2020,6,GA,13508.0
2020,6,HI,2771.0
2020,6,IA,5318.0
2020,6,ID,2155.0
2020,6,IL,20456.0
2020,6,IN,11195.0
2020,6,KS,6012.0
2020,6,KY,8153.0
2020,6,LA,12560.0
2020,6,MA,7664.0
2020,6,MD,10307.0
2020,6,ME,1581.0
2020,6,MI,16194.0
2020,6,MN,10846.0
2020,6,MO,16494.0
2020,6,MS,4001.0
2020,6,MT,2350.0
2020,6,NC,22858.0
2020,6,ND,1672.0
2020,6,NE,3426.0
2020,6,NH,1450.0
2020,6,NJ,10692.0
2020,6,NM,5883.0
2020,6,NV,6146.0
2020,6,NY,27608.0
2020,6,OH,21086.0
2020,6,OK,11115.0
2020,6,OR,9538.0
2020,6,PA,14508.0
2020,6,RI,1335.0
2020,6,SC,14086.0
2020,6,SD,1809.0
2020,6,TN,19161.0
2020,6,TX,66505.0
2020,6,UT,6641.0
2020,6,VA,11416.0
2020,6,VT,718.0
2020,6,WA,18286.0
2020,6,WI,9353.0
2020,6,WV,2086.0
2020,6,WY,908.0
2020,7,AK,2067.0
2020,7,AL,5712.0
2020,7,AR,8708.0
2020,7,AZ,14640.0
2020,7,CA,86786.0
2020,7,CO,16877.0
2020,7,CT,5716.0
2020,7,DC,2502.0
2020,7,DE,1861.0
2020,7,FL,72.0
2020,7,GA,13744.0
2020,7,HI,3061.0
2020,7,IA,5772.0
2020,7,ID,2461.0
2020,7,IL,22469.0
2020,7,IN,12245.0
2020,7,KS,6378.0
2020,7,KY,8954.0
2020,7,LA,12248.0
2020,7,MA,8583.0
2020,7,MD,10716.0
2020,7,ME,1647.0
2020,7,MI,16943.0
2020,7,MN,13120.0
2020,7,MO,17561.0
2020,7,MS,4606.0
2020,7,MT,2605.0
2020,7,NC,23953.0
2020,7,ND,1856.0
2020,7,NE,3495.0
2020,7,NH,1475.0
2020,7,NJ,11351.0
2020,7,NM,5493.0
2020,7,NV,6246.0
2020,7,NY,31108.0
2020,7,OH,21626.0
2020,7,OK,11596.0
2020,7,OR,10826.0
2020,7,PA,13615.0
2020,7,RI,1480.0
2020,7,SC,14473.0
2020,7,SD,1976.0
2020,7,TN,20062.0
2020,7,TX,67202.0
2020,7,UT,7447.0
2020,7,VA,12353.0
2020,7,VT,884.0
2020,7,WA,19871.0
2020,7,WI,10769.0
2020,7,WV,2572.0
2020,7,WY,1067.0
2020,8,AK,2176.0
2020,8,AL,3953.0
2020,8,AR,8687.0
2020,8,AZ,15260.0
2020,8,CA,80573.0
2020,8,CO,18047.0
2020,8,CT,6341.0
2020,8,DC,2888.0
2020,8,DE,2247.0
2020,8,FL,75.0
2020,8,GA,14209.0
2020,8,HI,3173.0
2020,8,IA,6297.0
2020,8,ID,2361.0
2020,8,IL,23798.0
2020,8,IN,12133.0
2020,8,KS,6801.0
2020,8,KY,8794.0
2020,8,LA,13813.0
2020,8,MA,9272.0
2020,8,MD,10374.0
2020,8,ME,1858.0
2020,8,MI,18472.0
2020,8,MN,13440.0
2020,8,MO,17122.0
2020,8,MS,4907.0
2020,8,MT,2784.0
2020,8,NC,24882.0
2020,8,ND,1903.0
2020,8,NE,3920.0
2020,8,NH,1661.0
2020,8,NJ,10963.0
2020,8,NM,6112.0
2020,8,NV,6514.0
2020,8,NY,33102.0
2020,8,OH,22269.0
2020,8,OK,11885.0
2020,8,OR,11665.0
2020,8,PA,14635.0
2020,8,RI,1602.0
2020,8,SC,14547.0
2020,8,SD,2013.0
2020,8,TN,20052.0
2020,8,TX,69505.0
2020,8,UT,7970.0
2020,8,VA,12484.0
2020,8,VT,887.0
2020,8,WA,21244.0
2020,8,WI,10841.0
2020,8,WV,2737.0
2020,8,WY,1044.0
2020,9,AK,2040.0
2020,9,AL,859.0
2020,9,AR,8862.0
2020,9,AZ,15883.0
2020,9,CA,76732.0
2020,9,CO,17886.0
2020,9,CT,6031.0
2020,9,DC,2977.0
2020,9,DE,2350.0
2020,9,FL,74.0
2020,9,GA,13473.0
2020,9,HI,3166.0
2020,9,IA,5933.0
2020,9,ID,2401.0
2020,9,IL,21590.0
2020,9,IN,11505.0
2020,9,KS,6300.0
2020,9,KY,8381.0
2020,9,LA,12245.0
2020,9,MA,8573.0
2020,9,MD,11677.0
2020,9,ME,1660.0
2020,9,MI,17285.0
2020,9,MN,13342.0
2020,9,MO,16607.0
2020,9,MS,4506.0
2020,9,MT,2561.0
2020,9,NC,24091.0
2020,9,ND,1783.0
2020,9,NE,3872.0
2020,9,NH,1724.0
2020,9,NJ,10744.0
2020,9,NM,5560.0
2020,9,NV,6825.0
2020,9,NY,31295.0
2020,9,OH,21131.0
2020,9,OK,11302.0
2020,9,OR,12005.0
2020,9,PA,15028.0
2020,9,RI,1495.0
2020,9,SC,14420.0
2020,9,SD,1999.0
2020,9,TN,19221.0
2020,9,TX,66364.0
2020,9,UT,8159.0
2020,9,VA,12724.0
2020,9,VT,1029.0
2020,9,WA,21449.0
2020,9,WI,10248.0
2020,9,WV,2528.0
2020,9,WY,1036.0
2020,10,AK,2111.0
2020,10,AL,992.0
2020,10,AR,8999.0
2020,10,AZ,17779.0
2020,10,CA,82642.0
2020,10,CO,17926.0
2020,10,CT,6101.0
2020,10,DC,2962.0
2020,10,DE,2289.0
2020,10,FL,
2020,10,GA,16916.0
2020,10,HI,3261.0
2020,10,IA,5931.0
2020,10,ID,2446.0
2020,10,IL,22327.0
2020,10,IN,11771.0
2020,10,KS,6344.0
2020,10,KY,8480.0
2020,10,LA,13471.0
2020,10,MA,8703.0
2020,10,MD,10593.0
2020,10,ME,1738.0
2020,10,MI,17186.0
2020,10,MN,13375.0
2020,10,MO,17082.0
2020,10,MS,4507.0
2020,10,MT,2686.0
2020,10,NC,25303.0
2020,10,ND,1633.0
2020,10,NE,3190.0
2020,10,NH,1643.0
2020,10,NJ,10800.0
2020,10,NM,5904.0
2020,10,NV,7088.0
2020,10,NY,31634.0
2020,10,OH,20959.0
2020,10,OK,11075.0
2020,10,OR,11764.0
2020,10,PA,16711.0
2020,10,RI,1531.0
2020,10,SC,15009.0
2020,10,SD,1719.0
2020,10,TN,19909.0
2020,10,TX,70745.0
2020,10,UT,8104.0
2020,10,VA,13274.0
2020,10,VT,808.0
2020,10,WA,21851.0
2020,10,WI,9762.0
2020,10,WV,2549.0
2020,10,WY,966.0
2020,11,AK,1574.0
2020,11,AL,871.0
2020,11,AR,8298.0
2020,11,AZ,17225.0
2020,11,CA,84538.0
2020,11,CO,17024.0
2020,11,CT,5713.0
2020,11,DC,2719.0
2020,11,DE,1854.0
2020,11,FL,
2020,11,GA,17192.0
2020,11,HI,3478.0
2020,11,IA,5328.0
2020,11,ID,2153.0
2020,11,IL,20870.0
2020,11,IN,10885.0
2020,11,KS,6359.0
2020,11,KY,7881.0
2020,11,LA,13146.0
2020,11,MA,8034.0
2020,11,MD,10029.0
2020,11,ME,1419.0
2020,11,MI,15545.0
2020,11,MN,11546.0
2020,11,MO,16220.0
2020,11,MS,4256.0
2020,11,MT,2548.0
2020,11,NC,23449.0
2020,11,ND,1568.0
2020,11,NE,2694.0
2020,11,NH,1463.0
2020,11,NJ,9561.0
2020,11,NM,4929.0
2020,11,NV,6594.0
2020,11,NY,28495.0
2020,11,OH,18874.0
2020,11,OK,10622.0
2020,11,OR,10492.0
2020,11,PA,14464.0
2020,11,RI,1168.0
2020,11,SC,14345.0
2020,11,SD,1643.0
2020,11,TN,18371.0
2020,11,TX,67058.0
2020,11,UT,7154.0
2020,11,VA,12188.0
2020,11,VT,754.0
2020,11,WA,20391.0
2020,11,WI,8687.0
2020,11,WV,2386.0
2020,11,WY,819.0
2020,12,AK,1643.0
2020,12,AL,1301.0
2020,12,AR,8608.0
2020,12,AZ,18486.0
2020,12,CA,90237.0
2020,12,CO,17723.0
2020,12,CT,5672.0
2020,12,DC,2594.0
2020,12,DE,1829.0
2020,12,FL,466069.0
2020,12,GA,17656.0
2020,12,HI,3858.0
2020,12,IA,5143.0
2020,12,ID,2020.0
2020,12,IL,21524.0
2020,12,IN,10756.0
2020,12,KS,6471.0
2020,12,KY,8022.0
2020,12,LA,13064.0
2020,12,MA,7675.0
2020,12,MD,10223.0
2020,12,ME,1417.0
2020,12,MI,15712.0
2020,12,MN,12012.0
2020,12,MO,16109.0
2020,12,MS,3551.0
2020,12,MT,2541.0
2020,12,NC,23542.0
2020,12,ND,1795.0
2020,12,NE,3387.0
2020,12,NH,1331.0
2020,12,NJ,9555.0
2020,12,NM,5109.0
2020,12,NV,6717.0
2020,12,NY,28409.0
2020,12,OH,19633.0
2020,12,OK,10666.0
2020,12,OR,10157.0
2020,12,PA,14707.0
2020,12,RI,1235.0
2020,12,SC,14428.0
2020,12,SD,1666.0
2020,12,TN,19139.0
2020,12,TX,69122.0
2020,12,UT,7507.0
2020,12,VA,12841.0
2020,12,VT,740.0
2020,12,WA,21979.0
2020,12,WI,9048.0
2020,12,WV,2500.0
2020,12,WY,830.0
2021,1,AK,579.0
2021,1,AL,4610.0
2021,1,AR,7975.0
2021,1,AZ,6415.0
2021,1,CA,11480.0
2021,1,CO,18928.0
2021,1,CT,5044.0
2021,1,DC,40.0
2021,1,DE,1683.0
2021,1,FL,8801.0
2021,1,GA,18062.0
2021,1,HI,3624.0
2021,1,IA,4402.0
2021,1,ID,1828.0
2021,1,IL,4186.0
2021,1,IN,9901.0
2021,1,KS,6597.0
2021,1,KY,7615.0
2021,1,LA,11511.0
2021,1,MA,6741.0
2021,1,MD,4456.0
2021,1,ME,1198.0
2021,1,MI,14638.0
2021,1,MN,11123.0
2021,1,MO,15032.0
2021,1,MS,3380.0
2021,1,MT,2405.0
2021,1,NC,21094.0
2021,1,ND,1593.0
2021,1,NE,1656.0
2021,1,NH,1140.0
2021,1,NJ,3430.0
2021,1,NM,5690.0
2021,1,NV,6660.0
2021,1,NY,4536.0
2021,1,OH,18063.0
2021,1,OK,10195.0
2021,1,OR,8995.0
2021,1,PA,8913.0
2021,1,RI,1211.0
2021,1,SC,13566.0
2021,1,SD,1478.0
2021,1,TN,17995.0
2021,1,TX,64058.0
2021,1,UT,6329.0
2021,1,VA,11436.0
2021,1,VT,649.0
2021,1,WA,20674.0
2021,1,WI,7988.0
2021,1,WV,2277.0
2021,1,WY,666.0
2021,2,AK,529.0
2021,2,AL,5270.0
2021,2,AR,6425.0
2021,2,AZ,6826.0
2021,2,CA,11035.0
2021,2,CO,15930.0
2021,2,CT,4117.0
2021,2,DC,41.0
2021,2,DE,1619.0
2021,2,FL,7720.0
2021,2,GA,15590.0
2021,2,HI,3335.0
2021,2,IA,3741.0
2021,2,ID,1714.0
2021,2,IL,3806.0
2021,2,IN,7625.0
2021,2,KS,5521.0
2021,2,KY,6232.0
2021,2,LA,9702.0
2021,2,MA,5903.0
2021,2,MD,3685.0
2021,2,ME,1024.0
2021,2,MI,11518.0
2021,2,MN,9774.0
2021,2,MO,12006.0
2021,2,MS,2568.0
2021,2,MT,1952.0
2021,2,NC,18743.0
2021,2,ND,1162.0
2021,2,NE,1388.0
2021,2,NH,1021.0
2021,2,NJ,2858.0
2021,2,NM,5369.0
2021,2,NV,6405.0
2021,2,NY,4101.0
2021,2,OH,15245.0
2021,2,OK,8001.0
2021,2,OR,8690.0
2021,2,PA,6326.0
2021,2,RI,970.0
2021,2,SC,11551.0
2021,2,SD,1401.0
2021,2,TN,14419.0
2021,2,TX,53739.0
2021,2,UT,6110.0
2021,2,VA,9310.0
2021,2,VT,595.0
2021,2,WA,17889.0
2021,2,WI,6758.0
2021,2,WV,1949.0
2021,2,WY,526.0
2021,3,AK,563.0
2021,3,AL,5642.0
2021,3,AR,7488.0
2021,3,AZ,7508.0
2021,3,CA,12756.0
2021,3,CO,16475.0
2021,3,CT,4899.0
2021,3,DC,47.0
2021,3,DE,1790.0
2021,3,FL,7747.0
2021,3,GA,15758.0
2021,3,HI,3571.0
2021,3,IA,4282.0
2021,3,ID,1807.0
2021,3,IL,4628.0
2021,3,IN,9013.0
2021,3,KS,5928.0
2021,3,KY,7047.0
2021,3,LA,10104.0
2021,3,MA,6579.0
2021,3,MD,4220.0
2021,3,ME,1173.0
2021,3,MI,13735.0
2021,3,MN,10153.0
2021,3,MO,12930.0
2021,3,MS,3101.0
2021,3,MT,2164.0
2021,3,NC,19546.0
2021,3,ND,1442.0
2021,3,NE,1731.0
2021,3,NH,1302.0
2021,3,NJ,5784.0
2021,3,NM,5216.0
2021,3,NV,6611.0
2021,3,NY,4907.0
2021,3,OH,16815.0
2021,3,OK,9676.0
2021,3,OR,9758.0
2021,3,PA,7605.0
2021,3,RI,1128.0
2021,3,SC,12132.0
2021,3,SD,1434.0
2021,3,TN,15687.0
2021,3,TX,60640.0
2021,3,UT,6509.0
2021,3,VA,10433.0
2021,3,VT,725.0
2021,3,WA,19119.0
2021,3,WI,7708.0
2021,3,WV,2170.0
2021,3,WY,565.0
2021,4,AK,527.0
2021,4,AL,5406.0
2021,4,AR,7631.0
2021,4,AZ,7199.0
2021,4,CA,12973.0
2021,4,CO,16162.0
2021,4,CT,4705.0
2021,4,DC,47.0
2021,4,DE,1678.0
2021,4,FL,7323.0
2021,4,GA,14484.0
2021,4,HI,3424.0
2021,4,IA,4121.0
2021,4,ID,1759.0
2021,4,IL,5000.0
2021,4,IN,8582.0
2021,4,KS,5503.0
2021,4,KY,6588.0
2021,4,LA,10195.0
2021,4,MA,6326.0
2021,4,MD,4231.0
2021,4,ME,1285.0
2021,4,MI,13508.0
2021,4,MN,9894.0
2021,4,MO,13060.0
2021,4,MS,2845.0
2021,4,MT,2156.0
2021,4,NC,19640.0
2021,4,ND,1341.0
2021,4,NE,1871.0
2021,4,NH,1099.0
2021,4,NJ,5900.0
2021,4,NM,4930.0
2021,4,NV,6347.0
2021,4,NY,5090.0
2021,4,OH,16299.0
2021,4,OK,9595.0
2021,4,OR,9354.0
2021,4,PA,7548.0
2021,4,RI,1086.0
2021,4,SC,11813.0
2021,4,SD,1338.0
2021,4,TN,15957.0
2021,4,TX,60196.0
2021,4,UT,6136.0
2021,4,VA,10633.0
2021,4,VT,757.0
2021,4,WA,18310.0
2021,4,WI,7868.0
2021,4,WV,1996.0
2021,4,WY,594.0
2021,5,AK,672.0
2021,5,AL,6403.0
2021,5,AR,8552.0
2021,5,AZ,7846.0
2021,5,CA,15336.0
2021,5,CO,18095.0
2021,5,CT,5124.0
2021,5,DC,59.0
2021,5,DE,2035.0
2021,5,FL,8181.0
2021,5,GA,15574.0
2021,5,HI,3610.0
2021,5,IA,4597.0
2021,5,ID,2005.0
2021,5,IL,5968.0
2021,5,IN,9510.0
2021,5,KS,6657.0
2021,5,KY,7581.0
2021,5,LA,11871.0
2021,5,MA,7309.0
2021,5,MD,4742.0
2021,5,ME,1419.0
2021,5,MI,15727.0
2021,5,MN,11152.0
2021,5,MO,14772.0
2021,5,MS,3061.0
2021,5,MT,2379.0
2021,5,NC,22534.0
2021,5,ND,1542.0
2021,5,NE,1860.0
2021,5,NH,1341.0
2021,5,NJ,7325.0
2021,5,NM,5484.0
2021,5,NV,6644.0
2021,5,NY,5652.0
2021,5,OH,18599.0
2021,5,OK,10465.0
2021,5,OR,10617.0
2021,5,PA,7966.0
2021,5,RI,1205.0
2021,5,SC,13707.0
2021,5,SD,1595.0
2021,5,TN,17982.0
2021,5,TX,65272.0
2021,5,UT,6472.0
2021,5,VA,12325.0
2021,5,VT,842.0
2021,5,WA,19955.0
2021,5,WI,9574.0
2021,5,WV,2270.0
2021,5,WY,683.0
2021,6,AK,733.0
2021,6,AL,6244.0
2021,6,AR,8172.0
2021,6,AZ,6727.0
2021,6,CA,14735.0
2021,6,CO,17910.0
2021,6,CT,5247.0
2021,6,DC,69.0
2021,6,DE,2068.0
2021,6,FL,8151.0
2021,6,GA,15449.0
2021,6,HI,3497.0
2021,6,IA,5006.0
2021,6,ID,2003.0
2021,6,IL,6395.0
2021,6,IN,9844.0
2021,6,KS,6453.0
2021,6,KY,7782.0
2021,6,LA,11485.0
2021,6,MA,7987.0
2021,6,MD,4811.0
2021,6,ME,1631.0
2021,6,MI,16715.0
2021,6,MN,11910.0
2021,6,MO,14835.0
2021,6,MS,3383.0
2021,6,MT,2453.0
2021,6,NC,23517.0
2021,6,ND,1669.0
2021,6,NE,2136.0
2021,6,NH,1526.0
2021,6,NJ,6973.0
2021,6,NM,5998.0
2021,6,NV,6829.0
2021,6,NY,5678.0
2021,6,OH,19121.0
2021,6,OK,10807.0
2021,6,OR,10611.0
2021,6,PA,8637.0
2021,6,RI,1310.0
2021,6,SC,13575.0
2021,6,SD,1536.0
2021,6,TN,17370.0
2021,6,TX,63428.0
2021,6,UT,6242.0
2021,6,VA,12493.0
2021,6,VT,888.0
2021,6,WA,19841.0
2021,6,WI,9624.0
2021,6,WV,2325.0
2021,6,WY,736.0
2021,7,AK,903.0
2021,7,AL,7135.0
2021,7,AR,8730.0
2021,7,AZ,6906.0
2021,7,CA,15680.0
2021,7,CO,18237.0
2021,7,CT,6031.0
2021,7,DC,65.0
2021,7,DE,2143.0
2021,7,FL,8576.0
2021,7,GA,16418.0
2021,7,HI,3524.0
2021,7,IA,5070.0
2021,7,ID,2064.0
2021,7,IL,12993.0
2021,7,IN,10095.0
2021,7,KS,6164.0
2021,7,KY,7826.0
2021,7,LA,11814.0
2021,7,MA,8212.0
2021,7,MD,7029.0
2021,7,ME,1621.0
2021,7,MI,17597.0
2021,7,MN,12495.0
2021,7,MO,15834.0
2021,7,MS,3273.0
2021,7,MT,2725.0
2021,7,NC,23913.0
2021,7,ND,1760.0
2021,7,NE,2054.0
2021,7,NH,1573.0
2021,7,NJ,8082.0
2021,7,NM,6206.0
2021,7,NV,7026.0
2021,7,NY,6265.0
2021,7,OH,21731.0
2021,7,OK,11204.0
2021,7,OR,11484.0
2021,7,PA,9286.0
2021,7,RI,1471.0
2021,7,SC,14272.0
2021,7,SD,1421.0
2021,7,TN,18952.0
2021,7,TX,66827.0
2021,7,UT,6514.0
2021,7,VA,12727.0
2021,7,VT,989.0
2021,7,WA,21475.0
2021,7,WI,10694.0
2021,7,WV,2285.0
2021,7,WY,862.0
2021,8,AK,708.0
2021,8,AL,7264.0
2021,8,AR,8510.0
2021,8,AZ,6877.0
2021,8,CA,16003.0
2021,8,CO,17992.0
2021,8,CT,5574.0
2021,8,DC,2962.0
2021,8,DE,2111.0
2021,8,FL,9853.0
2021,8,GA,16998.0
2021,8,HI,3466.0
2021,8,IA,5193.0
2021,8,ID,2034.0
2021,8,IL,12845.0
2021,8,IN,10061.0
2021,8,KS,6674.0
2021,8,KY,7249.0
2021,8,LA,11509.0
2021,8,MA,8492.0
2021,8,MD,7204.0
2021,8,ME,1738.0
2021,8,MI,17680.0
2021,8,MN,12208.0
2021,8,MO,15593.0
2021,8,MS,3388.0
2021,8,MT,2507.0
2021,8,NC,22537.0
2021,8,ND,1805.0
2021,8,NE,2049.0
2021,8,NH,1627.0
2021,8,NJ,8209.0
2021,8,NM,6131.0
2021,8,NV,7409.0
2021,8,NY,6218.0
2021,8,OH,21108.0
2021,8,OK,10911.0
2021,8,OR,11233.0
2021,8,PA,9438.0
2021,8,RI,1448.0
2021,8,SC,13705.0
2021,8,SD,1512.0
2021,8,TN,17783.0
2021,8,TX,66928.0
2021,8,UT,7046.0
2021,8,VA,12928.0
2021,8,VT,1041.0
2021,8,WA,22546.0
2021,8,WI,10367.0
2021,8,WV,2292.0
2021,8,WY,766.0
2021,9,AK,633.0
2021,9,AL,7625.0
2021,9,AR,8446.0
2021,9,AZ,7275.0
2021,9,CA,17493.0
2021,9,CO,18117.0
2021,9,CT,5385.0
2021,9,DC,3095.0
2021,9,DE,2104.0
2021,9,FL,9959.0
2021,9,GA,17416.0
2021,9,HI,3625.0
2021,9,IA,5142.0
2021,9,ID,2060.0
2021,9,IL,13683.0
2021,9,IN,9746.0
2021,9,KS,6620.0
2021,9,KY,7162.0
2021,9,LA,11598.0
2021,9,MA,8533.0
2021,9,MD,7332.0
2021,9,ME,1710.0
2021,9,MI,17195.0
2021,9,MN,11907.0
2021,9,MO,15401.0
2021,9,MS,3142.0
2021,9,MT,2379.0
2021,9,NC,22371.0
2021,9,ND,1735.0
2021,9,NE,2114.0
2021,9,NH,1558.0
2021,9,NJ,8155.0
2021,9,NM,6391.0
2021,9,NV,7174.0
2021,9,NY,6249.0
2021,9,OH,19933.0
2021,9,OK,10865.0
2021,9,OR,11232.0
2021,9,PA,9946.0
2021,9,RI,1450.0
2021,9,SC,13556.0
2021,9,SD,1447.0
2021,9,TN,17223.0
2021,9,TX,65113.0
2021,9,UT,6619.0
2021,9,VA,13040.0
2021,9,VT,1063.0
2021,9,WA,23899.0
2021,9,WI,9690.0
2021,9,WV,2277.0
2021,9,WY,668.0
2021,10,AK,628.0
2021,10,AL,7868.0
2021,10,AR,8689.0
2021,10,AZ,7474.0
2021,10,CA,20800.0
2021,10,CO,18063.0
2021,10,CT,5529.0
2021,10,DC,3127.0
2021,10,DE,2120.0
2021,10,FL,10566.0
2021,10,GA,17094.0
2021,10,HI,3653.0
2021,10,IA,5114.0
2021,10,ID,1973.0
2021,10,IL,14613.0
2021,10,IN,10119.0
2021,10,KS,6250.0
2021,10,KY,7501.0
2021,10,LA,11713.0
2021,10,MA,8955.0
2021,10,MD,7660.0
2021,10,ME,1644.0
2021,10,MI,17228.0
2021,10,MN,12634.0
2021,10,MO,15778.0
2021,10,MS,3525.0
2021,10,MT,2404.0
2021,10,NC,23319.0
2021,10,ND,1675.0
2021,10,NE,2181.0
2021,10,NH,1461.0
2021,10,NJ,8999.0
2021,10,NM,6238.0
2021,10,NV,8038.0
2021,10,NY,6774.0
2021,10,OH,20643.0
2021,10,OK,10685.0
2021,10,OR,12266.0
2021,10,PA,10639.0
2021,10,RI,1617.0
2021,10,SC,13647.0
2021,10,SD,1631.0
2021,10,TN,18376.0
2021,10,TX,68673.0
2021,10,UT,6690.0
2021,10,VA,13847.0
2021,10,VT,982.0
2021,10,WA,26688.0
2021,10,WI,9895.0
2021,10,WV,1989.0
2021,10,WY,763.0
2021,11,AK,531.0
2021,11,AL,7487.0
2021,11,AR,7989.0
2021,11,AZ,7121.0
2021,11,CA,22422.0
2021,11,CO,17836.0
2021,11,CT,5391.0
2021,11,DC,2525.0
2021,11,DE,2033.0
2021,11,FL,9779.0
2021,11,GA,16371.0
2021,11,HI,3540.0
2021,11,IA,4744.0
2021,11,ID,1905.0
2021,11,IL,13702.0
2021,11,IN,9073.0
2021,11,KS,5968.0
2021,11,KY,6804.0
2021,11,LA,11296.0
2021,11,MA,8166.0
2021,11,MD,6880.0
2021,11,ME,1563.0
2021,11,MI,15529.0
2021,11,MN,11441.0
2021,11,MO,14603.0
2021,11,MS,3066.0
2021,11,MT,2240.0
2021,11,NC,21450.0
2021,11,ND,1495.0
2021,11,NE,2036.0
2021,11,NH,1403.0
2021,11,NJ,8663.0
2021,11,NM,4731.0
2021,11,NV,7688.0
2021,11,NY,6327.0
2021,11,OH,18497.0
2021,11,OK,9949.0
2021,11,OR,12689.0
2021,11,PA,9994.0
2021,11,RI,1448.0
2021,11,SC,12461.0
2021,11,SD,1435.0
2021,11,TN,16116.0
2021,11,TX,65861.0
2021,11,UT,6119.0
2021,11,VA,13112.0
2021,11,VT,837.0
2021,11,WA,26140.0
2021,11,WI,9053.0
2021,11,WV,2018.0
2021,11,WY,671.0
2021,12,AK,510.0
2021,12,AL,8049.0
2021,12,AR,8215.0
2021,12,AZ,7640.0
2021,12,CA,25617.0
2021,12,CO,18563.0
2021,12,CT,5431.0
2021,12,DC,2565.0
2021,12,DE,1977.0
2021,12,FL,11364.0
2021,12,GA,16707.0
2021,12,HI,3577.0
2021,12,IA,4449.0
2021,12,ID,1797.0
2021,12,IL,13993.0
2021,12,IN,9839.0
2021,12,KS,5951.0
2021,12,KY,6701.0
2021,12,LA,12318.0
2021,12,MA,8115.0
2021,12,MD,7274.0
2021,12,ME,1436.0
2021,12,MI,15714.0
2021,12,MN,10984.0
2021,12,MO,15038.0
2021,12,MS,3116.0
2021,12,MT,2014.0
2021,12,NC,22625.0
2021,12,ND,1417.0
2021,12,NE,1910.0
2021,12,NH,1229.0
2021,12,NJ,8993.0
2021,12,NM,5348.0
2021,12,NV,7325.0
2021,12,NY,6601.0
2021,12,OH,19124.0
2021,12,OK,10062.0
2021,12,OR,12931.0
2021,12,PA,10144.0
2021,12,RI,1409.0
2021,12,SC,12952.0
2021,12,SD,1445.0
2021,12,TN,17180.0
2021,12,TX,68890.0
2021,12,UT,5750.0
2021,12,VA,13998.0
2021,12,VT,866.0
2021,12,WA,25464.0
2021,12,WI,8732.0
2021,12,WV,2162.0
2021,12,WY,600.0
2022,1,AK,1397.0
2022,1,AL,7692.0
2022,1,AR,7604.0
2022,1,AZ,15437.0
2022,1,CA,96083.0
2022,1,CO,18581.0
2022,1,CT,4841.0
2022,1,DC,2430.0
2022,1,DE,1771.0
2022,1,FL,14060.0
2022,1,GA,16120.0
2022,1,HI,3887.0
2022,1,IA,3416.0
2022,1,ID,1733.0
2022,1,IL,13764.0
2022,1,IN,8701.0
2022,1,KS,4757.0
2022,1,KY,4466.0
2022,1,LA,12224.0
2022,1,MA,6974.0
2022,1,MD,10626.0
2022,1,ME,1202.0
2022,1,MI,14634.0
2022,1,MN,10594.0
2022,1,MO,13751.0
2022,1,MS,2957.0
2022,1,MT,1987.0
2022,1,NC,20064.0
2022,1,ND,1236.0
2022,1,NE,3362.0
2022,1,NH,1084.0
2022,1,NJ,9472.0
2022,1,NM,6292.0
2022,1,NV,7672.0
2022,1,NY,29663.0
2022,1,OH,17552.0
2022,1,OK,9140.0
2022,1,OR,12952.0
2022,1,PA,10221.0
2022,1,RI,1257.0
2022,1,SC,11947.0
2022,1,SD,1455.0
2022,1,TN,16611.0
2022,1,TX,67485.0
2022,1,UT,5886.0
2022,1,VA,12092.0
2022,1,VT,745.0
2022,1,WA,27380.0
2022,1,WI,8129.0
2022,1,WV,1989.0
2022,1,WY,511.0
2022,2,AK,1357.0
2022,2,AL,7157.0
2022,2,AR,6808.0
2022,2,AZ,14204.0
2022,2,CA,87482.0
2022,2,CO,16884.0
2022,2,CT,4685.0
2022,2,DC,2124.0
2022,2,DE,1824.0
2022,2,FL,13225.0
2022,2,GA,15651.0
2022,2,HI,3309.0
2022,2,IA,3121.0
2022,2,ID,1594.0
2022,2,IL,13364.0
2022,2,IN,7831.0
2022,2,KS,4819.0
2022,2,KY,3889.0
2022,2,LA,11017.0
2022,2,MA,6694.0
2022,2,MD,9179.0
2022,2,ME,1213.0
2022,2,MI,12930.0
2022,2,MN,9837.0
2022,2,MO,11587.0
2022,2,MS,2854.0
2022,2,MT,1902.0
2022,2,NC,19605.0
2022,2,ND,1286.0
2022,2,NE,3094.0
2022,2,NH,1142.0
2022,2,NJ,9845.0
2022,2,NM,5719.0
2022,2,NV,7023.0
2022,2,NY,29104.0
2022,2,OH,16334.0
2022,2,OK,7972.0
2022,2,OR,11662.0
2022,2,PA,10986.0
2022,2,RI,1048.0
2022,2,SC,10626.0
2022,2,SD,1444.0
2022,2,TN,15076.0
2022,2,TX,61538.0
2022,2,UT,5415.0
2022,2,VA,12300.0
2022,2,VT,670.0
2022,2,WA,25128.0
2022,2,WI,6793.0
2022,2,WV,1851.0
2022,2,WY,510.0
2022,3,AK,1551.0
2022,3,AL,8069.0
2022,3,AR,7755.0
2022,3,AZ,15610.0
2022,3,CA,96305.0
2022,3,CO,18664.0
2022,3,CT,4803.0
2022,3,DC,2316.0
2022,3,DE,1833.0
2022,3,FL,14306.0
2022,3,GA,16544.0
2022,3,HI,3647.0
2022,3,IA,3906.0
2022,3,ID,1940.0
2022,3,IL,15756.0
2022,3,IN,9152.0
2022,3,KS,5880.0
2022,3,KY,5329.0
2022,3,LA,11858.0
2022,3,MA,7804.0
2022,3,MD,9894.0
2022,3,ME,1408.0
2022,3,MI,15150.0
2022,3,MN,10927.0
2022,3,MO,14422.0
2022,3,MS,3191.0
2022,3,MT,2232.0
2022,3,NC,21345.0
2022,3,ND,1424.0
2022,3,NE,3572.0
2022,3,NH,1276.0
2022,3,NJ,11368.0
2022,3,NM,6109.0
2022,3,NV,7950.0
2022,3,NY,33197.0
2022,3,OH,19305.0
2022,3,OK,9033.0
2022,3,OR,12503.0
2022,3,PA,17176.0
2022,3,RI,1228.0
2022,3,SC,12596.0
2022,3,SD,1580.0
2022,3,TN,16330.0
2022,3,TX,69340.0
2022,3,UT,6032.0
2022,3,VA,13522.0
2022,3,VT,942.0
2022,3,WA,27292.0
2022,3,WI,8173.0
2022,3,WV,2268.0
2022,3,WY,671.0
2022,4,AK,1568.0
2022,4,AL,8264.0
2022,4,AR,7868.0
2022,4,AZ,14738.0
2022,4,CA,93100.0
2022,4,CO,18606.0
2022,4,CT,4735.0
2022,4,DC,2159.0
2022,4,DE,1874.0
2022,4,FL,14411.0
2022,4,GA,17890.0
2022,4,HI,3613.0
2022,4,IA,3929.0
2022,4,ID,1879.0
2022,4,IL,15005.0
2022,4,IN,9226.0
2022,4,KS,6539.0
2022,4,KY,6867.0
2022,4,LA,12085.0
2022,4,MA,7859.0
2022,4,MD,9795.0
2022,4,ME,1533.0
2022,4,MI,14959.0
2022,4,MN,10608.0
2022,4,MO,14171.0
2022,4,MS,3146.0
2022,4,MT,2008.0
2022,4,NC,21829.0
2022,4,ND,1444.0
2022,4,NE,3770.0
2022,4,NH,1368.0
2022,4,NJ,10934.0
2022,4,NM,6420.0
2022,4,NV,7379.0
2022,4,NY,32851.0
2022,4,OH,19150.0
2022,4,OK,9413.0
2022,4,OR,11643.0
2022,4,PA,17075.0
2022,4,RI,1250.0
2022,4,SC,12426.0
2022,4,SD,1436.0
2022,4,TN,16969.0
2022,4,TX,69765.0
2022,4,UT,5672.0
2022,4,VA,13747.0
2022,4,VT,909.0
2022,4,WA,24898.0
2022,4,WI,8069.0
2022,4,WV,2196.0
2022,4,WY,610.0
2022,5,AK,1672.0
2022,5,AL,9291.0
2022,5,AR,8602.0
2022,5,AZ,17476.0
2022,5,CA,93365.0
2022,5,CO,18808.0
2022,5,CT,5193.0
2022,5,DC,2459.0
2022,5,DE,2115.0
2022,5,FL,15012.0
2022,5,GA,19677.0
2022,5,HI,3341.0
2022,5,IA,4947.0
2022,5,ID,2171.0
2022,5,IL,16787.0
2022,5,IN,10251.0
2022,5,KS,6462.0
2022,5,KY,7417.0
2022,5,LA,12717.0
2022,5,MA,8500.0
2022,5,MD,10641.0
2022,5,ME,1682.0
2022,5,MI,17100.0
2022,5,MN,11597.0
2022,5,MO,15217.0
2022,5,MS,3566.0
2022,5,MT,2329.0
2022,5,NC,22834.0
2022,5,ND,1651.0
2022,5,NE,3934.0
2022,5,NH,1411.0
2022,5,NJ,11630.0
2022,5,NM,6494.0
2022,5,NV,7765.0
2022,5,NY,36412.0
2022,5,OH,20631.0
2022,5,OK,10158.0
2022,5,OR,11989.0
2022,5,PA,18808.0
2022,5,RI,1306.0
2022,5,SC,13830.0
2022,5,SD,1758.0
2022,5,TN,18472.0
2022,5,TX,72486.0
2022,5,UT,6420.0
2022,5,VA,14781.0
2022,5,VT,1116.0
2022,5,WA,24810.0
2022,5,WI,8842.0
2022,5,WV,2258.0
2022,5,WY,658.0
2022,6,AK,1745.0
2022,6,AL,9160.0
2022,6,AR,8337.0
2022,6,AZ,16368.0
2022,6,CA,90944.0
2022,6,CO,17913.0
2022,6,CT,5042.0
2022,6,DC,2425.0
2022,6,DE,2223.0
2022,6,FL,14570.0
2022,6,GA,18961.0
2022,6,HI,3128.0
2022,6,IA,4939.0
2022,6,ID,2063.0
2022,6,IL,17843.0
2022,6,IN,10086.0
2022,6,KS,5774.0
2022,6,KY,7071.0
2022,6,LA,12321.0
2022,6,MA,8283.0
2022,6,MD,11306.0
2022,6,ME,1675.0
2022,6,MI,18135.0
2022,6,MN,11944.0
2022,6,MO,15416.0
2022,6,MS,3274.0
2022,6,MT,2399.0
2022,6,NC,23120.0
2022,6,ND,1635.0
2022,6,NE,3674.0
2022,6,NH,1596.0
2022,6,NJ,12787.0
2022,6,NM,6389.0
2022,6,NV,7369.0
2022,6,NY,38120.0
2022,6,OH,21366.0
2022,6,OK,10001.0
2022,6,OR,11416.0
2022,6,PA,19334.0
2022,6,RI,1419.0
2022,6,SC,13331.0
2022,6,SD,1697.0
2022,6,TN,18136.0
2022,6,TX,70664.0
2022,6,UT,6015.0
2022,6,VA,15054.0
2022,6,VT,1233.0
2022,6,WA,23593.0
2022,6,WI,8760.0
2022,6,WV,2230.0
2022,6,WY,681.0
2022,7,AK,1861.0
2022,7,AL,9366.0
2022,7,AR,8610.0
2022,7,AZ,16550.0
2022,7,CA,93377.0
2022,7,CO,19491.0
2022,7,CT,5497.0
2022,7,DC,2672.0
2022,7,DE,2310.0
2022,7,FL,16602.0
2022,7,GA,19580.0
2022,7,HI,3608.0
2022,7,IA,5296.0
2022,7,ID,2115.0
2022,7,IL,19981.0
2022,7,IN,10962.0
2022,7,KS,6587.0
2022,7,KY,7792.0
2022,7,LA,12576.0
2022,7,MA,9267.0
2022,7,MD,11574.0
2022,7,ME,1786.0
2022,7,MI,19863.0
2022,7,MN,12321.0
2022,7,MO,17248.0
2022,7,MS,3446.0
2022,7,MT,2743.0
2022,7,NC,23524.0
2022,7,ND,1640.0
2022,7,NE,3874.0
2022,7,NH,1554.0
2022,7,NJ,14671.0
2022,7,NM,6746.0
2022,7,NV,7907.0
2022,7,NY,39230.0
2022,7,OH,22803.0
2022,7,OK,10023.0
2022,7,OR,12087.0
2022,7,PA,19795.0
2022,7,RI,1542.0
2022,7,SC,13338.0
2022,7,SD,1888.0
2022,7,TN,19361.0
2022,7,TX,73142.0
2022,7,UT,6853.0
2022,7,VA,15549.0
2022,7,VT,1276.0
2022,7,WA,24484.0
2022,7,WI,9656.0
2022,7,WV,2385.0
2022,7,WY,761.0
2022,8,AK,1854.0
2022,8,AL,9222.0
2022,8,AR,8726.0
2022,8,AZ,16918.0
2022,8,CA,95580.0
2022,8,CO,19268.0
2022,8,CT,5791.0
2022,8,DC,2716.0
2022,8,DE,2269.0
2022,8,FL,16675.0
2022,8,GA,19437.0
2022,8,HI,3388.0
2022,8,IA,5105.0
2022,8,ID,2206.0
2022,8,IL,20063.0
2022,8,IN,11036.0
2022,8,KS,6336.0
2022,8,KY,7570.0
2022,8,LA,12114.0
2022,8,MA,9216.0
2022,8,MD,11917.0
2022,8,ME,1829.0
2022,8,MI,19301.0
2022,8,MN,12036.0
2022,8,MO,16503.0
2022,8,MS,3480.0
2022,8,MT,2606.0
2022,8,NC,23734.0
2022,8,ND,1796.0
2022,8,NE,3773.0
2022,8,NH,1582.0
2022,8,NJ,14436.0
2022,8,NM,6662.0
2022,8,NV,7807.0
2022,8,NY,39975.0
2022,8,OH,21875.0
2022,8,OK,9933.0
2022,8,OR,12130.0
2022,8,PA,18950.0
2022,8,RI,1585.0
2022,8,SC,13120.0
2022,8,SD,1861.0
2022,8,TN,18603.0
2022,8,TX,70782.0
2022,8,UT,6555.0
2022,8,VA,15418.0
2022,8,VT,1238.0
2022,8,WA,24129.0
2022,8,WI,9101.0
2022,8,WV,2303.0
2022,8,WY,746.0
2022,9,AK,1736.0
2022,9,AL,8903.0
2022,9,AR,7951.0
2022,9,AZ,16007.0
2022,9,CA,92132.0
2022,9,CO,17946.0
2022,9,CT,5171.0
2022,9,DC,2631.0
2022,9,DE,2065.0
2022,9,FL,17132.0
2022,9,GA,18888.0
2022,9,HI,3414.0
2022,9,IA,4701.0
2022,9,ID,2266.0
2022,9,IL,19466.0
2022,9,IN,10238.0
2022,9,KS,6278.0
2022,9,KY,7135.0
2022,9,LA,11759.0
2022,9,MA,8710.0
2022,9,MD,11678.0
2022,9,ME,1652.0
2022,9,MI,18178.0
2022,9,MN,10960.0
2022,9,MO,15332.0
2022,9,MS,3289.0
2022,9,MT,2466.0
2022,9,NC,21675.0
2022,9,ND,1767.0
2022,9,NE,3604.0
2022,9,NH,1530.0
2022,9,NJ,12793.0
2022,9,NM,6715.0
2022,9,NV,7494.0
2022,9,NY,37705.0
2022,9,OH,20850.0
2022,9,OK,9687.0
2022,9,OR,11110.0
2022,9,PA,16090.0
2022,9,RI,1444.0
2022,9,SC,12663.0
2022,9,SD,1549.0
2022,9,TN,17887.0
2022,9,TX,68003.0
2022,9,UT,6478.0
2022,9,VA,14601.0
2022,9,VT,1196.0
2022,9,WA,22462.0
2022,9,WI,8100.0
2022,9,WV,2137.0
2022,9,WY,727.0
2022,10,AK,1524.0
2022,10,AL,9368.0
2022,10,AR,8009.0
2022,10,AZ,16360.0
2022,10,CA,95692.0
2022,10,CO,17732.0
2022,10,CT,5322.0
2022,10,DC,2635.0
2022,10,DE,2088.0
2022,10,FL,17855.0
2022,10,GA,18007.0
2022,10,HI,3248.0
2022,10,IA,4673.0
2022,10,ID,2026.0
2022,10,IL,20343.0
2022,10,IN,9646.0
2022,10,KS,6226.0
2022,10,KY,7201.0
2022,10,LA,11734.0
2022,10,MA,8868.0
2022,10,MD,12177.0
2022,10,ME,1672.0
2022,10,MI,18571.0
2022,10,MN,10880.0
2022,10,MO,15440.0
2022,10,MS,2991.0
2022,10,MT,2445.0
2022,10,NC,21928.0
2022,10,ND,1635.0
2022,10,NE,3677.0
2022,10,NH,1436.0
2022,10,NJ,12513.0
2022,10,NM,6242.0
2022,10,NV,7853.0
2022,10,NY,37176.0
2022,10,OH,20603.0
2022,10,OK,9831.0
2022,10,OR,11738.0
2022,10,PA,16193.0
2022,10,RI,1391.0
2022,10,SC,12626.0
2022,10,SD,1258.0
2022,10,TN,18040.0
2022,10,TX,70632.0
2022,10,UT,6411.0
2022,10,VA,15120.0
2022,10,VT,1194.0
2022,10,WA,24350.0
2022,10,WI,8429.0
2022,10,WV,2160.0
2022,10,WY,798.0
2022,11,AK,1476.0
2022,11,AL,8586.0
2022,11,AR,7326.0
2022,11,AZ,14945.0
2022,11,CA,88711.0
2022,11,CO,16722.0
2022,11,CT,4795.0
2022,11,DC,2458.0
2022,11,DE,1984.0
2022,11,FL,16909.0
2022,11,GA,17738.0
2022,11,HI,3188.0
2022,11,IA,4280.0
2022,11,ID,1741.0
2022,11,IL,18346.0
2022,11,IN,9186.0
2022,11,KS,5879.0
2022,11,KY,6565.0
2022,11,LA,10549.0
2022,11,MA,8150.0
2022,11,MD,11395.0
2022,11,ME,1481.0
2022,11,MI,17212.0
2022,11,MN,9426.0
2022,11,MO,13641.0
2022,11,MS,2725.0
2022,11,MT,1961.0
2022,11,NC,20535.0
2022,11,ND,1309.0
2022,11,NE,3321.0
2022,11,NH,1265.0
2022,11,NJ,11655.0
2022,11,NM,5869.0
2022,11,NV,7264.0
2022,11,NY,34414.0
2022,11,OH,19446.0
2022,11,OK,8583.0
2022,11,OR,10815.0
2022,11,PA,15680.0
2022,11,RI,1362.0
2022,11,SC,11882.0
2022,11,SD,1355.0
2022,11,TN,16816.0
2022,11,TX,64266.0
2022,11,UT,5642.0
2022,11,VA,13926.0
2022,11,VT,1053.0
2022,11,WA,22016.0
2022,11,WI,7482.0
2022,11,WV,2013.0
2022,11,WY,633.0
2022,12,AK,1414.0
2022,12,AL,9054.0
2022,12,AR,7419.0
2022,12,AZ,16036.0
2022,12,CA,91493.0
2022,12,CO,16471.0
2022,12,CT,4948.0
2022,12,DC,2514.0
2022,12,DE,1905.0
2022,12,FL,165711.0
2022,12,GA,18754.0
2022,12,HI,3541.0
2022,12,IA,4222.0
2022,12,ID,1682.0
2022,12,IL,19254.0
2022,12,IN,9019.0
2022,12,KS,5705.0
2022,12,KY,6669.0
2022,12,LA,11481.0
2022,12,MA,7920.0
2022,12,MD,11852.0
2022,12,ME,1429.0
2022,12,MI,16386.0
2022,12,MN,8857.0
2022,12,MO,13975.0
2022,12,MS,2892.0
2022,12,MT,1831.0
2022,12,NC,20753.0
2022,12,ND,1302.0
2022,12,NE,3076.0
2022,12,NH,1174.0
2022,12,NJ,12096.0
2022,12,NM,6203.0
2022,12,NV,7546.0
2022,12,NY,34102.0
2022,12,OH,19026.0
2022,12,OK,8852.0
2022,12,OR,10649.0
2022,12,PA,15730.0
2022,12,RI,1326.0
2022,12,SC,12127.0
2022,12,SD,1140.0
2022,12,TN,17801.0
2022,12,TX,67398.0
2022,12,UT,5571.0
2022,12,VA,14504.0
2022,12,VT,934.0
2022,12,WA,22190.0
2022,12,WI,7324.0
2022,12,WV,1977.0
2022,12,WY,581.0
2023,1,AK,1562.0
2023,1,AL,8906.0
2023,1,AR,7432.0
2023,1,AZ,15806.0
2023,1,CA,97969.0
2023,1,CO,17602.0
2023,1,CT,5553.0
2023,1,DC,2961.0
2023,1,DE,1946.0
2023,1,FL,17274.0
2023,1,GA,19152.0
2023,1,HI,3237.0
2023,1,IA,4417.0
2023,1,ID,1764.0
2023,1,IL,19695.0
2023,1,IN,9790.0
2023,1,KS,5820.0
2023,1,KY,6992.0
2023,1,LA,12246.0
2023,1,MA,8063.0
2023,1,MD,11768.0
2023,1,ME,1324.0
2023,1,MI,16001.0
2023,1,MN,8801.0
2023,1,MO,13812.0
2023,1,MS,2972.0
2023,1,MT,1884.0
2023,1,NC,21399.0
2023,1,ND,1252.0
2023,1,NE,1575.0
2023,1,NH,1085.0
2023,1,NJ,11989.0
2023,1,NM,6191.0
2023,1,NV,7857.0
2023,1,NY,36008.0
2023,1,OH,19569.0
2023,1,OK,9089.0
2023,1,OR,11372.0
2023,1,PA,16362.0
2023,1,RI,1174.0
2023,1,SC,12656.0
2023,1,SD,1300.0
2023,1,TN,17586.0
2023,1,TX,68379.0
2023,1,UT,5191.0
2023,1,VA,14023.0
2023,1,VT,909.0
2023,1,WA,22761.0
2023,1,WI,7038.0
2023,1,WV,1989.0
2023,1,WY,727.0
2023,2,AK,1402.0
2023,2,AL,7779.0
2023,2,AR,6381.0
2023,2,AZ,14088.0
2023,2,CA,81977.0
2023,2,CO,15676.0
2023,2,CT,4386.0
2023,2,DC,2741.0
2023,2,DE,1633.0
2023,2,FL,15765.0
2023,2,GA,18123.0
2023,2,HI,3094.0
2023,2,IA,3831.0
2023,2,ID,1589.0
2023,2,IL,16340.0
2023,2,IN,8174.0
2023,2,KS,5124.0
2023,2,KY,6607.0
2023,2,LA,10246.0
2023,2,MA,6953.0
2023,2,MD,10951.0
2023,2,ME,1084.0
2023,2,MI,14009.0
2023,2,MN,8122.0
2023,2,MO,11832.0
2023,2,MS,2726.0
2023,2,MT,1646.0
2023,2,NC,18411.0
2023,2,ND,1171.0
2023,2,NE,1515.0
2023,2,NH,953.0
2023,2,NJ,10462.0
2023,2,NM,5257.0
2023,2,NV,6669.0
2023,2,NY,31708.0
2023,2,OH,17420.0
2023,2,OK,7793.0
2023,2,OR,9650.0
2023,2,PA,15009.0
2023,2,RI,989.0
2023,2,SC,11099.0
2023,2,SD,1088.0
2023,2,TN,15482.0
2023,2,TX,60529.0
2023,2,UT,4851.0
2023,2,VA,12233.0
2023,2,VT,754.0
2023,2,WA,19000.0
2023,2,WI,6070.0
2023,2,WV,1709.0
2023,2,WY,614.0
2023,3,AK,1681.0
2023,3,AL,8601.0
2023,3,AR,7138.0
2023,3,AZ,14943.0
2023,3,CA,89535.0
2023,3,CO,17587.0
2023,3,CT,4751.0
2023,3,DC,2703.0
2023,3,DE,1813.0
2023,3,FL,18509.0
2023,3,GA,19058.0
2023,3,HI,3200.0
2023,3,IA,4222.0
2023,3,ID,1628.0
2023,3,IL,17847.0
2023,3,IN,9048.0
2023,3,KS,5774.0
2023,3,KY,6678.0
2023,3,LA,10793.0
2023,3,MA,7884.0
2023,3,MD,12086.0
2023,3,ME,1287.0
2023,3,MI,14705.0
2023,3,MN,8703.0
2023,3,MO,12687.0
2023,3,MS,2816.0
2023,3,MT,2039.0
2023,3,NC,20202.0
2023,3,ND,1132.0
2023,3,NE,1723.0
2023,3,NH,1092.0
2023,3,NJ,11592.0
2023,3,NM,6019.0
2023,3,NV,7462.0
2023,3,NY,34777.0
2023,3,OH,18540.0
2023,3,OK,8670.0
2023,3,OR,10605.0
2023,3,PA,18763.0
2023,3,RI,1214.0
2023,3,SC,11682.0
2023,3,SD,1341.0
2023,3,TN,17114.0
2023,3,TX,67281.0
2023,3,UT,5216.0
2023,3,VA,13394.0
2023,3,VT,991.0
2023,3,WA,20843.0
2023,3,WI,7037.0
2023,3,WV,1956.0
2023,3,WY,742.0
2023,4,AK,1603.0
2023,4,AL,7814.0
2023,4,AR,7010.0
2023,4,AZ,14744.0
2023,4,CA,88317.0
2023,4,CO,16148.0
2023,4,CT,5040.0
2023,4,DC,2860.0
2023,4,DE,2123.0
2023,4,FL,18343.0
2023,4,GA,19128.0
2023,4,HI,3002.0
2023,4,IA,4281.0
2023,4,ID,1723.0
2023,4,IL,18363.0
2023,4,IN,9456.0
2023,4,KS,5699.0
2023,4,KY,6575.0
2023,4,LA,11260.0
2023,4,MA,7921.0
2023,4,MD,12450.0
2023,4,ME,1409.0
2023,4,MI,15918.0
2023,4,MN,9064.0
2023,4,MO,13090.0
2023,4,MS,2784.0
2023,4,MT,2123.0
2023,4,NC,21017.0
2023,4,ND,1310.0
2023,4,NE,1818.0
2023,4,NH,1115.0
2023,4,NJ,11540.0
2023,4,NM,5863.0
2023,4,NV,7457.0
2023,4,NY,35420.0
2023,4,OH,18601.0
2023,4,OK,8610.0
2023,4,OR,10422.0
2023,4,PA,19100.0
2023,4,RI,1187.0
2023,4,SC,11918.0
2023,4,SD,1218.0
2023,4,TN,17576.0
2023,4,TX,66489.0
2023,4,UT,5175.0
2023,4,VA,13792.0
2023,4,VT,966.0
2023,4,WA,20037.0
2023,4,WI,7517.0
2023,4,WV,2022.0
2023,4,WY,762.0
2023,5,AK,1724.0
2023,5,AL,9918.0
2023,5,AR,7845.0
2023,5,AZ,15306.0
2023,5,CA,92651.0
2023,5,CO,17526.0
2023,5,CT,5601.0
2023,5,DC,3263.0
2023,5,DE,2075.0
2023,5,FL,19231.0
2023,5,GA,20243.0
2023,5,HI,3019.0
2023,5,IA,4889.0
2023,5,ID,1871.0
2023,5,IL,20295.0
2023,5,IN,10396.0
2023,5,KS,6337.0
2023,5,KY,6945.0
2023,5,LA,12349.0
2023,5,MA,8731.0
2023,5,MD,14110.0
2023,5,ME,1555.0
2023,5,MI,17801.0
2023,5,MN,10381.0
2023,5,MO,14027.0
2023,5,MS,3125.0
2023,5,MT,2305.0
2023,5,NC,23763.0
2023,5,ND,1442.0
2023,5,NE,2014.0
2023,5,NH,1200.0
2023,5,NJ,13414.0
2023,5,NM,6389.0
2023,5,NV,8824.0
2023,5,NY,38799.0
2023,5,OH,20842.0
2023,5,OK,9264.0
2023,5,OR,10569.0
2023,5,PA,21142.0
2023,5,RI,1194.0
2023,5,SC,12909.0
2023,5,SD,1544.0
2023,5,TN,19565.0
2023,5,TX,68348.0
2023,5,UT,5525.0
2023,5,VA,14687.0
2023,5,VT,1098.0
2023,5,WA,22124.0
2023,5,WI,7654.0
2023,5,WV,2070.0
2023,5,WY,819.0
2023,6,AK,1775.0
2023,6,AL,9291.0
2023,6,AR,7476.0
2023,6,AZ,14851.0
2023,6,CA,91030.0
2023,6,CO,17439.0
2023,6,CT,5555.0
2023,6,DC,3412.0
2023,6,DE,2116.0
2023,6,FL,18440.0
2023,6,GA,19894.0
2023,6,HI,2729.0
2023,6,IA,4861.0
2023,6,ID,1872.0
2023,6,IL,21336.0
2023,6,IN,10776.0
2023,6,KS,5699.0
2023,6,KY,7014.0
2023,6,LA,11490.0
2023,6,MA,8826.0
2023,6,MD,13288.0
2023,6,ME,1604.0
2023,6,MI,18584.0
2023,6,MN,10149.0
2023,6,MO,14218.0
2023,6,MS,3144.0
2023,6,MT,2319.0
2023,6,NC,23159.0
2023,6,ND,1696.0
2023,6,NE,1954.0
2023,6,NH,1261.0
2023,6,NJ,13950.0
2023,6,NM,6047.0
2023,6,NV,8546.0
2023,6,NY,39705.0
2023,6,OH,20944.0
2023,6,OK,9361.0
2023,6,OR,10332.0
2023,6,PA,20859.0
2023,6,RI,1197.0
2023,6,SC,12560.0
2023,6,SD,1602.0
2023,6,TN,19481.0
2023,6,TX,69264.0
2023,6,UT,5441.0
2023,6,VA,14365.0
2023,6,VT,1110.0
2023,6,WA,21176.0
2023,6,WI,8023.0
2023,6,WV,2054.0
2023,6,WY,848.0
2023,7,AK,1954.0
2023,7,AL,9714.0
2023,7,AR,7806.0
2023,7,AZ,14475.0
2023,7,CA,95777.0
2023,7,CO,18018.0
2023,7,CT,5741.0
2023,7,DC,3623.0
2023,7,DE,2317.0
2023,7,FL,19488.0
2023,7,GA,20723.0
2023,7,HI,2719.0
2023,7,IA,4914.0
2023,7,ID,2057.0
2023,7,IL,21533.0
2023,7,IN,11517.0
2023,7,KS,6289.0
2023,7,KY,7302.0
2023,7,LA,11773.0
2023,7,MA,9643.0
2023,7,MD,14555.0
2023,7,ME,1631.0
2023,7,MI,19596.0
2023,7,MN,10676.0
2023,7,MO,15058.0
2023,7,MS,3112.0
2023,7,MT,2562.0
2023,7,NC,23570.0
2023,7,ND,1774.0
2023,7,NE,2125.0
2023,7,NH,1329.0
2023,7,NJ,14795.0
2023,7,NM,6089.0
2023,7,NV,8503.0
2023,7,NY,39046.0
2023,7,OH,21577.0
2023,7,OK,9418.0
2023,7,OR,10702.0
2023,7,PA,22304.0
2023,7,RI,1275.0
2023,7,SC,12873.0
2023,7,SD,1763.0
2023,7,TN,19482.0
2023,7,TX,71776.0
2023,7,UT,5481.0
2023,7,VA,14896.0
2023,7,VT,1362.0
2023,7,WA,22535.0
2023,7,WI,8533.0
2023,7,WV,2100.0
2023,7,WY,879.0
2023,8,AK,1895.0
2023,8,AL,9522.0
2023,8,AR,7783.0
2023,8,AZ,14737.0
2023,8,CA,98679.0
2023,8,CO,17259.0
2023,8,CT,5549.0
2023,8,DC,3579.0
2023,8,DE,2302.0
2023,8,FL,19069.0
2023,8,GA,19771.0
2023,8,HI,2785.0
2023,8,IA,4966.0
2023,8,ID,1853.0
2023,8,IL,22550.0
2023,8,IN,11136.0
2023,8,KS,6591.0
2023,8,KY,7218.0
2023,8,LA,11439.0
2023,8,MA,9671.0
2023,8,MD,15527.0
2023,8,ME,1598.0
2023,8,MI,19052.0
2023,8,MN,10925.0
2023,8,MO,14625.0
2023,8,MS,3121.0
2023,8,MT,2430.0
2023,8,NC,23453.0
2023,8,ND,1707.0
2023,8,NE,4093.0
2023,8,NH,1403.0
2023,8,NJ,14854.0
2023,8,NM,6369.0
2023,8,NV,8769.0
2023,8,NY,39332.0
2023,8,OH,21364.0
2023,8,OK,9116.0
2023,8,OR,10582.0
2023,8,PA,22066.0
2023,8,RI,1355.0
2023,8,SC,12917.0
2023,8,SD,1675.0
2023,8,TN,19237.0
2023,8,TX,69041.0
2023,8,UT,5742.0
2023,8,VA,15077.0
2023,8,VT,1348.0
2023,8,WA,22664.0
2023,8,WI,8400.0
2023,8,WV,2215.0
2023,8,WY,856.0
2023,9,AK,1843.0
2023,9,AL,9023.0
2023,9,AR,7530.0
2023,9,AZ,12575.0
2023,9,CA,92083.0
2023,9,CO,16233.0
2023,9,CT,4846.0
2023,9,DC,3024.0
2023,9,DE,2099.0
2023,9,FL,18867.0
2023,9,GA,18141.0
2023,9,HI,2650.0
2023,9,IA,4594.0
2023,9,ID,1883.0
2023,9,IL,20677.0
2023,9,IN,10866.0
2023,9,KS,6007.0
2023,9,KY,6810.0
2023,9,LA,11224.0
2023,9,MA,8919.0
2023,9,MD,14643.0
2023,9,ME,1616.0
2023,9,MI,17573.0
2023,9,MN,9635.0
2023,9,MO,13113.0
2023,9,MS,2803.0
2023,9,MT,2382.0
2023,9,NC,22025.0
2023,9,ND,1653.0
2023,9,NE,3897.0
2023,9,NH,1317.0
2023,9,NJ,13438.0
2023,9,NM,6272.0
2023,9,NV,8118.0
2023,9,NY,36167.0
2023,9,OH,19637.0
2023,9,OK,8708.0
2023,9,OR,10421.0
2023,9,PA,20262.0
2023,9,RI,1260.0
2023,9,SC,12226.0
2023,9,SD,1589.0
2023,9,TN,18267.0
2023,9,TX,67147.0
2023,9,UT,5529.0
2023,9,VA,13694.0
2023,9,VT,1243.0
2023,9,WA,21160.0
2023,9,WI,7843.0
2023,9,WV,2122.0
2023,9,WY,822.0
2023,10,AK,1551.0
2023,10,AL,9169.0
2023,10,AR,7292.0
2023,10,AZ,13150.0
2023,10,CA,97134.0
2023,10,CO,16657.0
2023,10,CT,5480.0
2023,10,DC,3369.0
2023,10,DE,2153.0
2023,10,FL,20112.0
2023,10,GA,19461.0
2023,10,HI,2839.0
2023,10,IA,4591.0
2023,10,ID,1765.0
2023,10,IL,22066.0
2023,10,IN,10722.0
2023,10,KS,5872.0
2023,10,KY,7070.0
2023,10,LA,11533.0
2023,10,MA,9342.0
2023,10,MD,15493.0
2023,10,ME,1575.0
2023,10,MI,17448.0
2023,10,MN,9697.0
2023,10,MO,13525.0
2023,10,MS,3039.0
2023,10,MT,2235.0
2023,10,NC,22707.0
2023,10,ND,1516.0
2023,10,NE,3962.0
2023,10,NH,1356.0
2023,10,NJ,14043.0
2023,10,NM,6310.0
2023,10,NV,8244.0
2023,10,NY,39181.0
2023,10,OH,20185.0
2023,10,OK,8964.0
2023,10,OR,10602.0
2023,10,PA,20661.0
2023,10,RI,1254.0
2023,10,SC,12578.0
2023,10,SD,1582.0
2023,10,TN,18417.0
2023,10,TX,70042.0
2023,10,UT,5599.0
2023,10,VA,14392.0
2023,10,VT,1371.0
2023,10,WA,21862.0
2023,10,WI,8049.0
2023,10,WV,2235.0
2023,10,WY,772.0
2023,11,AK,1191.0
2023,11,AL,8846.0
2023,11,AR,6683.0
2023,11,AZ,14647.0
2023,11,CA,89621.0
2023,11,CO,15685.0
2023,11,CT,5184.0
2023,11,DC,3050.0
2023,11,DE,1883.0
2023,11,FL,18560.0
2023,11,GA,18003.0
2023,11,HI,2848.0
2023,11,IA,4191.0
2023,11,ID,1681.0
2023,11,IL,20191.0
2023,11,IN,9779.0
2023,11,KS,5422.0
2023,11,KY,6354.0
2023,11,LA,10984.0
2023,11,MA,8427.0
2023,11,MD,13312.0
2023,11,ME,1353.0
2023,11,MI,15703.0
2023,11,MN,8903.0
2023,11,MO,12320.0
2023,11,MS,2805.0
2023,11,MT,2094.0
2023,11,NC,21421.0
2023,11,ND,1517.0
2023,11,NE,3234.0
2023,11,NH,1231.0
2023,11,NJ,13074.0
2023,11,NM,6279.0
2023,11,NV,7668.0
2023,11,NY,34196.0
2023,11,OH,17994.0
2023,11,OK,8107.0
2023,11,OR,10087.0
2023,11,PA,18920.0
2023,11,RI,1047.0
2023,11,SC,11245.0
2023,11,SD,1336.0
2023,11,TN,16926.0
2023,11,TX,66028.0
2023,11,UT,5323.0
2023,11,VA,13369.0
2023,11,VT,1080.0
2023,11,WA,20436.0
2023,11,WI,7349.0
2023,11,WV,1901.0
2023,11,WY,682.0
2023,12,AK,1211.0
2023,12,AL,8494.0
2023,12,AR,6884.0
2023,12,AZ,12700.0
2023,12,CA,93607.0
2023,12,CO,16273.0
2023,12,CT,5055.0
2023,12,DC,2706.0
2023,12,DE,1861.0
2023,12,FL,94419.0
2023,12,GA,18318.0
2023,12,HI,2903.0
2023,12,IA,4163.0
2023,12,ID,1542.0
2023,12,IL,20034.0
2023,12,IN,10064.0
2023,12,KS,5759.0
2023,12,KY,6394.0
2023,12,LA,11010.0
2023,12,MA,8485.0
2023,12,MD,13658.0
2023,12,ME,1399.0
2023,12,MI,16355.0
2023,12,MN,9091.0
2023,12,MO,12994.0
2023,12,MS,2723.0
2023,12,MT,2028.0
2023,12,NC,22249.0
2023,12,ND,1466.0
2023,12,NE,3084.0
2023,12,NH,1173.0
2023,12,NJ,14303.0
2023,12,NM,6235.0
2023,12,NV,7756.0
2023,12,NY,35193.0
2023,12,OH,18124.0
2023,12,OK,8850.0
2023,12,OR,10118.0
2023,12,PA,19253.0
2023,12,RI,1095.0
2023,12,SC,11459.0
2023,12,SD,1306.0
2023,12,TN,17539.0
2023,12,TX,68072.0
2023,12,UT,5122.0
2023,12,VA,14130.0
2023,12,VT,962.0
2023,12,WA,21379.0
2023,12,WI,7524.0
2023,12,WV,2048.0
2023,12,WY,691.0
2024,1,AK,1331.0
2024,1,AL,7963.0
2024,1,AR,6077.0
2024,1,AZ,14312.0
2024,1,CA,90065.0
2024,1,CO,15870.0
2024,1,CT,4641.0
2024,1,DC,2610.0
2024,1,DE,1716.0
2024,1,FL,21246.0
2024,1,GA,18354.0
2024,1,HI,3112.0
2024,1,IA,3558.0
2024,1,ID,1480.0
2024,1,IL,17656.0
2024,1,IN,8859.0
2024,1,KS,5734.0
2024,1,KY,5991.0
2024,1,LA,9464.0
2024,1,MA,7684.0
2024,1,MD,12425.0
2024,1,ME,1255.0
2024,1,MI,13788.0
2024,1,MN,8636.0
2024,1,MO,11556.0
2024,1,MS,2687.0
2024,1,MT,1783.0
2024,1,NC,21079.0
2024,1,ND,1273.0
2024,1,NE,2831.0
2024,1,NH,1078.0
2024,1,NJ,12830.0
2024,1,NM,6430.0
2024,1,NV,7572.0
2024,1,NY,32093.0
2024,1,OH,16581.0
2024,1,OK,7709.0
2024,1,OR,9405.0
2024,1,PA,16904.0
2024,1,RI,941.0
2024,1,SC,10587.0
2024,1,SD,1356.0
2024,1,TN,14725.0
2024,1,TX,64671.0
2024,1,UT,4715.0
2024,1,VA,13253.0
2024,1,VT,920.0
2024,1,WA,19973.0
2024,1,WI,6233.0
2024,1,WV,1565.0
2024,1,WY,643.0
2024,2,AK,1195.0
2024,2,AL,7768.0
2024,2,AR,6044.0
2024,2,AZ,14149.0
2024,2,CA,82679.0
2024,2,CO,14488.0
2024,2,CT,4246.0
2024,2,DC,2349.0
2024,2,DE,1555.0
2024,2,FL,18769.0
2024,2,GA,17639.0
2024,2,HI,2616.0
2024,2,IA,3764.0
2024,2,ID,1520.0
2024,2,IL,18479.0
2024,2,IN,8300.0
2024,2,KS,5711.0
2024,2,KY,5701.0
2024,2,LA,8870.0
2024,2,MA,7306.0
2024,2,MD,11721.0
2024,2,ME,1274.0
2024,2,MI,13456.0
2024,2,MN,7950.0
2024,2,MO,11477.0
2024,2,MS,2506.0
2024,2,MT,1699.0
2024,2,NC,19656.0
2024,2,ND,1182.0
2024,2,NE,3045.0
2024,2,NH,1026.0
2024,2,NJ,11830.0
2024,2,NM,6124.0
2024,2,NV,7146.0
2024,2,NY,30125.0
2024,2,OH,15830.0
2024,2,OK,7776.0
2024,2,OR,9392.0
2024,2,PA,15854.0
2024,2,RI,950.0
2024,2,SC,10357.0
2024,2,SD,1318.0
2024,2,TN,15147.0
2024,2,TX,61345.0
2024,2,UT,4494.0
2024,2,VA,12195.0
2024,2,VT,823.0
2024,2,WA,17760.0
2024,2,WI,6254.0
2024,2,WV,1837.0
2024,2,WY,668.0
2024,3,AK,1289.0
2024,3,AL,8307.0
2024,3,AR,6316.0
2024,3,AZ,14915.0
2024,3,CA,86725.0
2024,3,CO,14371.0
2024,3,CT,4342.0
2024,3,DC,2373.0
2024,3,DE,1660.0
2024,3,FL,19675.0
2024,3,GA,16800.0
2024,3,HI,2772.0
2024,3,IA,3808.0
2024,3,ID,1751.0
2024,3,IL,18933.0
2024,3,IN,8723.0
2024,3,KS,5727.0
2024,3,KY,6014.0
2024,3,LA,9068.0
2024,3,MA,7997.0
2024,3,MD,12102.0
2024,3,ME,1200.0
2024,3,MI,13846.0
2024,3,MN,8024.0
2024,3,MO,11983.0
2024,3,MS,2620.0
2024,3,MT,1875.0
2024,3,NC,20026.0
2024,3,ND,1218.0
2024,3,NE,3110.0
2024,3,NH,1261.0
2024,3,NJ,11544.0
2024,3,NM,5980.0
2024,3,NV,7163.0
2024,3,NY,32343.0
2024,3,OH,17194.0
2024,3,OK,8350.0
2024,3,OR,9460.0
2024,3,PA,16812.0
2024,3,RI,1010.0
2024,3,SC,10368.0
2024,3,SD,1374.0
2024,3,TN,15876.0
2024,3,TX,64828.0
2024,3,UT,4477.0
2024,3,VA,12859.0
2024,3,VT,874.0
2024,3,WA,18553.0
2024,3,WI,6422.0
2024,3,WV,1968.0
2024,3,WY,635.0
2024,4,AK,1372.0
2024,4,AL,8515.0
2024,4,AR,6250.0
2024,4,AZ,14230.0
2024,4,CA,83282.0
2024,4,CO,14390.0
2024,4,CT,4390.0
2024,4,DC,2446.0
2024,4,DE,1856.0
2024,4,FL,19634.0
2024,4,GA,17629.0
2024,4,HI,2930.0
2024,4,IA,3760.0
2024,4,ID,1684.0
2024,4,IL,19303.0
2024,4,IN,8908.0
2024,4,KS,6032.0
2024,4,KY,6066.0
2024,4,LA,9096.0
2024,4,MA,7946.0
2024,4,MD,12534.0
2024,4,ME,1424.0
2024,4,MI,14330.0
2024,4,MN,8452.0
2024,4,MO,11708.0
2024,4,MS,2500.0
2024,4,MT,1804.0
2024,4,NC,20607.0
2024,4,ND,1285.0
2024,4,NE,3038.0
2024,4,NH,1176.0
2024,4,NJ,11562.0
2024,4,NM,6194.0
2024,4,NV,7333.0
2024,4,NY,32018.0
2024,4,OH,17391.0
2024,4,OK,8414.0
2024,4,OR,9351.0
2024,4,PA,18012.0
2024,4,RI,1052.0
2024,4,SC,11092.0
2024,4,SD,1427.0
2024,4,TN,16141.0
2024,4,TX,65183.0
2024,4,UT,4444.0
2024,4,VA,13070.0
2024,4,VT,881.0
2024,4,WA,18172.0
2024,4,WI,6658.0
2024,4,WV,2025.0
2024,4,WY,684.0
2024,5,AK,1565.0
2024,5,AL,9027.0
2024,5,AR,7241.0
2024,5,AZ,14647.0
2024,5,CA,80330.0
2024,5,CO,15430.0
2024,5,CT,4825.0
2024,5,DC,2878.0
2024,5,DE,2013.0
2024,5,FL,20911.0
2024,5,GA,18909.0
2024,5,HI,2824.0
2024,5,IA,4225.0
2024,5,ID,1718.0
2024,5,IL,21661.0
2024,5,IN,10153.0
2024,5,KS,6545.0
2024,5,KY,6740.0
2024,5,LA,8492.0
2024,5,MA,8687.0
2024,5,MD,13342.0
2024,5,ME,1566.0
2024,5,MI,16062.0
2024,5,MN,9452.0
2024,5,MO,13371.0
2024,5,MS,2850.0
2024,5,MT,2005.0
2024,5,NC,22133.0
2024,5,ND,1404.0
2024,5,NE,3195.0
2024,5,NH,1272.0
2024,5,NJ,12892.0
2024,5,NM,6233.0
2024,5,NV,7458.0
2024,5,NY,34232.0
2024,5,OH,19461.0
2024,5,OK,8937.0
2024,5,OR,9702.0
2024,5,PA,20000.0
2024,5,RI,1227.0
2024,5,SC,12162.0
2024,5,SD,1469.0
2024,5,TN,17749.0
2024,5,TX,67527.0
2024,5,UT,4800.0
2024,5,VA,13683.0
2024,5,VT,1019.0
2024,5,WA,18802.0
2024,5,WI,7445.0
2024,5,WV,2035.0
2024,5,WY,765.0
2024,6,AK,1694.0
2024,6,AL,9090.0
2024,6,AR,6767.0
2024,6,AZ,13475.0
2024,6,CA,76883.0
2024,6,CO,15580.0
2024,6,CT,4896.0
2024,6,DC,2887.0
2024,6,DE,1987.0
2024,6,FL,19750.0
2024,6,GA,18059.0
2024,6,HI,2666.0
2024,6,IA,4353.0
2024,6,ID,1681.0
2024,6,IL,22359.0
2024,6,IN,10196.0
2024,6,KS,6510.0
2024,6,KY,6475.0
2024,6,LA,8323.0
2024,6,MA,8709.0
2024,6,MD,13466.0
2024,6,ME,1470.0
2024,6,MI,16244.0
2024,6,MN,9377.0
2024,6,MO,13597.0
2024,6,MS,2811.0
2024,6,MT,2031.0
2024,6,NC,21487.0
2024,6,ND,1360.0
2024,6,NE,3211.0
2024,6,NH,1273.0
2024,6,NJ,13160.0
2024,6,NM,5983.0
2024,6,NV,7188.0
2024,6,NY,34767.0
2024,6,OH,18921.0
2024,6,OK,8632.0
2024,6,OR,9444.0
2024,6,PA,19739.0
2024,6,RI,1196.0
2024,6,SC,11445.0
2024,6,SD,1560.0
2024,6,TN,17615.0
2024,6,TX,64875.0
2024,6,UT,4826.0
2024,6,VA,14674.0
2024,6,VT,994.0
2024,6,WA,17651.0
2024,6,WI,7854.0
2024,6,WV,1953.0
2024,6,WY,773.0
2024,7,AK,1871.0
2024,7,AL,9357.0
2024,7,AR,7046.0
2024,7,AZ,13769.0
2024,7,CA,80687.0
2024,7,CO,16922.0
2024,7,CT,5581.0
2024,7,DC,3001.0
2024,7,DE,2160.0
2024,7,FL,20167.0
2024,7,GA,18162.0
2024,7,HI,2650.0
2024,7,IA,4635.0
2024,7,ID,1793.0
2024,7,IL,23361.0
2024,7,IN,10721.0
2024,7,KS,6811.0
2024,7,KY,6719.0
2024,7,LA,8160.0
2024,7,MA,9401.0
2024,7,MD,13963.0
2024,7,ME,1754.0
2024,7,MI,17162.0
2024,7,MN,10228.0
2024,7,MO,14854.0
2024,7,MS,2984.0
2024,7,MT,2295.0
2024,7,NC,22490.0
2024,7,ND,1455.0
2024,7,NE,3434.0
2024,7,NH,1350.0
2024,7,NJ,14485.0
2024,7,NM,6119.0
2024,7,NV,7128.0
2024,7,NY,37160.0
2024,7,OH,19658.0
2024,7,OK,8803.0
2024,7,OR,10071.0
2024,7,PA,20523.0
2024,7,RI,1127.0
2024,7,SC,11783.0
2024,7,SD,1843.0
2024,7,TN,17320.0
2024,7,TX,65521.0
2024,7,UT,5118.0
2024,7,VA,14683.0
2024,7,VT,1087.0
2024,7,WA,19066.0
2024,7,WI,8497.0
2024,7,WV,2081.0
2024,7,WY,782.0
2024,8,AK,1887.0
2024,8,AL,9005.0
2024,8,AR,6855.0
2024,8,AZ,14012.0
2024,8,CA,80958.0
2024,8,CO,16869.0
2024,8,CT,4951.0
2024,8,DC,2868.0
2024,8,DE,2083.0
2024,8,FL,19146.0
2024,8,GA,17817.0
2024,8,HI,2765.0
2024,8,IA,4650.0
2024,8,ID,1835.0
2024,8,IL,22798.0
2024,8,IN,10084.0
2024,8,KS,6998.0
2024,8,KY,6311.0
2024,8,LA,7951.0
2024,8,MA,9053.0
2024,8,MD,13712.0
2024,8,ME,1725.0
2024,8,MI,17358.0
2024,8,MN,10110.0
2024,8,MO,13798.0
2024,8,MS,2880.0
2024,8,MT,2186.0
2024,8,NC,21755.0
2024,8,ND,1466.0
2024,8,NE,3072.0
2024,8,NH,1208.0
2024,8,NJ,13838.0
2024,8,NM,6291.0
2024,8,NV,7208.0
2024,8,NY,37249.0
2024,8,OH,19957.0
2024,8,OK,8586.0
2024,8,OR,10365.0
2024,8,PA,20038.0
2024,8,RI,1186.0
2024,8,SC,11401.0
2024,8,SD,1584.0
2024,8,TN,16143.0
2024,8,TX,64616.0
2024,8,UT,5135.0
2024,8,VA,13229.0
2024,8,VT,1174.0
2024,8,WA,19665.0
2024,8,WI,8351.0
2024,8,WV,2177.0
2024,8,WY,697.0
2024,9,AK,1756.0
2024,9,AL,8627.0
2024,9,AR,6535.0
2024,9,AZ,13834.0
2024,9,CA,76295.0
2024,9,CO,16290.0
2024,9,CT,5091.0
2024,9,DC,3123.0
2024,9,DE,1947.0
2024,9,FL,18695.0
2024,9,GA,17343.0
2024,9,HI,2794.0
2024,9,IA,4496.0
2024,9,ID,1730.0
2024,9,IL,21732.0
2024,9,IN,9615.0
2024,9,KS,6994.0
2024,9,KY,6175.0
2024,9,LA,7410.0
2024,9,MA,8902.0
2024,9,MD,14035.0
2024,9,ME,1689.0
2024,9,MI,16811.0
2024,9,MN,9995.0
2024,9,MO,13005.0
2024,9,MS,2639.0
2024,9,MT,2117.0
2024,9,NC,21564.0
2024,9,ND,1352.0
2024,9,NE,3038.0
2024,9,NH,1346.0
2024,9,NJ,13152.0
2024,9,NM,6317.0
2024,9,NV,7189.0
2024,9,NY,35759.0
2024,9,OH,18821.0
2024,9,OK,8274.0
2024,9,OR,10087.0
2024,9,PA,19170.0
2024,9,RI,1175.0
2024,9,SC,11544.0
2024,9,SD,1507.0
2024,9,TN,15970.0
2024,9,TX,61603.0
2024,9,UT,5248.0
2024,9,VA,13774.0
2024,9,VT,1227.0
2024,9,WA,19472.0
2024,9,WI,7671.0
2024,9,WV,2139.0
2024,9,WY,687.0
2024,10,AK,1601.0
2024,10,AL,8951.0
2024,10,AR,6728.0
2024,10,AZ,14318.0
2024,10,CA,78619.0
2024,10,CO,16581.0
2024,10,CT,4704.0
2024,10,DC,3061.0
2024,10,DE,1992.0
2024,10,FL,18405.0
2024,10,GA,16624.0
2024,10,HI,2852.0
2024,10,IA,4491.0
2024,10,ID,1734.0
2024,10,IL,21869.0
2024,10,IN,9616.0
2024,10,KS,6374.0
2024,10,KY,6170.0
2024,10,LA,7806.0
2024,10,MA,9087.0
2024,10,MD,13985.0
2024,10,ME,1621.0
2024,10,MI,16862.0
2024,10,MN,9983.0
2024,10,MO,13095.0
2024,10,MS,2732.0
2024,10,MT,2205.0
2024,10,NC,21639.0
2024,10,ND,1352.0
2024,10,NE,3239.0
2024,10,NH,1378.0
2024,10,NJ,13303.0
2024,10,NM,5860.0
2024,10,NV,7158.0
2024,10,NY,35822.0
2024,10,OH,19410.0
2024,10,OK,8631.0
2024,10,OR,10227.0
2024,10,PA,20465.0
2024,10,RI,1246.0
2024,10,SC,11359.0
2024,10,SD,1434.0
2024,10,TN,15876.0
2024,10,TX,64160.0
2024,10,UT,5265.0
2024,10,VA,13781.0
2024,10,VT,1236.0
2024,10,WA,19817.0
2024,10,WI,7471.0
2024,10,WV,1968.0
2024,10,WY,640.0
2024,11,AK,1352.0
2024,11,AL,8103.0
2024,11,AR,5927.0
2024,11,AZ,13188.0
2024,11,CA,75087.0
2024,11,CO,14041.0
2024,11,CT,4405.0
2024,11,DC,2959.0
2024,11,DE,1774.0
2024,11,FL,17785.0
2024,11,GA,15880.0
2024,11,HI,2490.0
2024,11,IA,3893.0
2024,11,ID,1492.0
2024,11,IL,19242.0
2024,11,IN,8988.0
2024,11,KS,6093.0
2024,11,KY,6117.0
2024,11,LA,7501.0
2024,11,MA,8149.0
2024,11,MD,12717.0
2024,11,ME,1387.0
2024,11,MI,14841.0
2024,11,MN,8658.0
2024,11,MO,11787.0
2024,11,MS,2473.0
2024,11,MT,1725.0
2024,11,NC,20011.0
2024,11,ND,1191.0
2024,11,NE,2976.0
2024,11,NH,1176.0
2024,11,NJ,12247.0
2024,11,NM,5284.0
2024,11,NV,6525.0
2024,11,NY,33059.0
2024,11,OH,17402.0
2024,11,OK,7865.0
2024,11,OR,9436.0
2024,11,PA,18365.0
2024,11,RI,1173.0
2024,11,SC,10433.0
2024,11,SD,1171.0
2024,11,TN,14494.0
2024,11,TX,60409.0
2024,11,UT,4821.0
2024,11,VA,12754.0
2024,11,VT,998.0
2024,11,WA,17899.0
2024,11,WI,6254.0
2024,11,WV,1957.0
2024,11,WY,527.0
2024,12,AK,1371.0
2024,12,AL,8341.0
2024,12,AR,6150.0
2024,12,AZ,13165.0
2024,12,CA,79454.0
2024,12,CO,15040.0
2024,12,CT,4406.0
2024,12,DC,2687.0
2024,12,DE,1748.0
2024,12,FL,75663.0
2024,12,GA,15555.0
2024,12,HI,2551.0
2024,12,IA,3813.0
2024,12,ID,1380.0
2024,12,IL,18825.0
2024,12,IN,8782.0
2024,12,KS,6148.0
2024,12,KY,6037.0
2024,12,LA,7612.0
2024,12,MA,7717.0
2024,12,MD,12567.0
2024,12,ME,1212.0
2024,12,MI,14107.0
2024,12,MN,8284.0
2024,12,MO,11790.0
2024,12,MS,2539.0
2024,12,MT,1829.0
2024,12,NC,20982.0
2024,12,ND,1100.0
2024,12,NE,2898.0
2024,12,NH,1120.0
2024,12,NJ,12216.0
2024,12,NM,5572.0
2024,12,NV,6958.0
2024,12,NY,30947.0
2024,12,OH,17552.0
2024,12,OK,7853.0
2024,12,OR,10010.0
2024,12,PA,17350.0
2024,12,RI,1008.0
2024,12,SC,10460.0
2024,12,SD,1124.0
2024,12,TN,15024.0
2024,12,TX,62967.0
2024,12,UT,4962.0
2024,12,VA,11843.0
2024,12,VT,1023.0
2024,12,WA,18201.0
2024,12,WI,6593.0
2024,12,WV,1858.0
2024,12,WY,604.0
2025,1,AK,1476.0
2025,1,AL,7751.0
2025,1,AR,5238.0
2025,1,AZ,12335.0
2025,1,CA,59278.0
2025,1,CO,13679.0
2025,1,CT,3965.0
2025,1,DC,2253.0
2025,1,DE,1510.0
2025,1,FL,18094.0
2025,1,GA,14438.0
2025,1,HI,2671.0
2025,1,IA,3531.0
2025,1,ID,1398.0
2025,1,IL,16415.0
2025,1,IN,7350.0
2025,1,KS,4580.0
2025,1,KY,5029.0
2025,1,LA,6705.0
2025,1,MA,6569.0
2025,1,MD,10609.0
2025,1,ME,1164.0
2025,1,MI,12531.0
2025,1,MN,7529.0
2025,1,MO,9468.0
2025,1,MS,3014.0
2025,1,MT,1622.0
2025,1,NC,18644.0
2025,1,ND,990.0
2025,1,NE,2581.0
2025,1,NH,961.0
2025,1,NJ,10371.0
2025,1,NM,5121.0
2025,1,NV,6628.0
2025,1,NY,25973.0
2025,1,OH,14497.0
2025,1,OK,6987.0
2025,1,OR,9142.0
2025,1,PA,15890.0
2025,1,RI,879.0
2025,1,SC,9476.0
2025,1,SD,1304.0
2025,1,TN,13684.0
2025,1,TX,57778.0
2025,1,UT,4303.0
2025,1,VA,11629.0
2025,1,VT,835.0
2025,1,WA,15709.0
2025,1,WI,5840.0
2025,1,WV,1659.0
2025,1,WY,502.0
2025,2,AK,1327.0
2025,2,AL,7308.0
2025,2,AR,4918.0
2025,2,AZ,11434.0
2025,2,CA,53580.0
2025,2,CO,11948.0
2025,2,CT,3421.0
2025,2,DC,2135.0
2025,2,DE,1365.0
2025,2,FL,16588.0
2025,2,GA,13352.0
2025,2,HI,2321.0
2025,2,IA,3216.0
2025,2,ID,1174.0
2025,2,IL,14609.0
2025,2,IN,6474.0
2025,2,KS,4311.0
2025,2,KY,4771.0
2025,2,LA,6374.0
2025,2,MA,5680.0
2025,2,MD,10058.0
2025,2,ME,916.0
2025,2,MI,10887.0
2025,2,MN,6532.0
2025,2,MO,8874.0
2025,2,MS,2671.0
2025,2,MT,1431.0
2025,2,NC,16650.0
2025,2,ND,893.0
2025,2,NE,2208.0
2025,2,NH,828.0
2025,2,NJ,9141.0
2025,2,NM,4474.0
2025,2,NV,5809.0
2025,2,NY,23850.0
2025,2,OH,13456.0
2025,2,OK,6520.0
2025,2,OR,7806.0
2025,2,PA,14192.0
2025,2,RI,838.0
2025,2,SC,8536.0
2025,2,SD,1068.0
2025,2,TN,12057.0
2025,2,TX,51842.0
2025,2,UT,3940.0
2025,2,VA,10768.0
2025,2,VT,721.0
2025,2,WA,13232.0
2025,2,WI,4929.0
2025,2,WV,1570.0
2025,2,WY,525.0
2025,3,AK,1458.0
2025,3,AL,7996.0
2025,3,AR,5529.0
2025,3,AZ,11762.0
2025,3,CA,57632.0
2025,3,CO,12498.0
2025,3,CT,3977.0
2025,3,DC,2432.0
2025,3,DE,1616.0
2025,3,FL,18564.0
2025,3,GA,14544.0
2025,3,HI,2342.0
2025,3,IA,3894.0
2025,3,ID,1443.0
2025,3,IL,17001.0
2025,3,IN,8117.0
2025,3,KS,5144.0
2025,3,KY,5641.0
2025,3,LA,6808.0
2025,3,MA,6689.0
2025,3,MD,11389.0
2025,3,ME,1218.0
2025,3,MI,13051.0
2025,3,MN,7278.0
2025,3,MO,11316.0
2025,3,MS,2982.0
2025,3,MT,1751.0
2025,3,NC,18845.0
2025,3,ND,1141.0
2025,3,NE,2706.0
2025,3,NH,1013.0
2025,3,NJ,8920.0
2025,3,NM,4562.0
2025,3,NV,6671.0
2025,3,NY,27923.0
2025,3,OH,16181.0
2025,3,OK,7696.0
2025,3,OR,8692.0
2025,3,PA,16223.0
2025,3,RI,955.0
2025,3,SC,9463.0
2025,3,SD,1330.0
2025,3,TN,13756.0
2025,3,TX,57563.0
2025,3,UT,4297.0
2025,3,VA,11921.0
2025,3,VT,963.0
2025,3,WA,14785.0
2025,3,WI,5945.0
2025,3,WV,1870.0
2025,3,WY,572.0
2025,4,AK,1512.0
2025,4,AL,7921.0
2025,4,AR,5344.0
2025,4,AZ,11099.0
2025,4,CA,54985.0
2025,4,CO,12010.0
2025,4,CT,3717.0
2025,4,DC,2440.0
2025,4,DE,1806.0
2025,4,FL,18481.0
2025,4,GA,14872.0
2025,4,HI,2245.0
2025,4,IA,3725.0
2025,4,ID,1304.0
2025,4,IL,17302.0
2025,4,IN,6034.0
2025,4,KS,5366.0
2025,4,KY,5839.0
2025,4,LA,7000.0
2025,4,MA,6864.0
2025,4,MD,10951.0
2025,4,ME,1087.0
2025,4,MI,13255.0
2025,4,MN,7042.0
2025,4,MO,11250.0
2025,4,MS,3087.0
2025,4,MT,1715.0
2025,4,NC,18681.0
2025,4,ND,1109.0
2025,4,NE,2859.0
2025,4,NH,1158.0
2025,4,NJ,8864.0
2025,4,NM,4732.0
2025,4,NV,6904.0
2025,4,NY,28312.0
2025,4,OH,15658.0
2025,4,OK,7565.0
2025,4,OR,8506.0
2025,4,PA,16836.0
2025,4,RI,957.0
2025,4,SC,9551.0
2025,4,SD,1146.0
2025,4,TN,13938.0
2025,4,TX,57741.0
2025,4,UT,4168.0
2025,4,VA,12097.0
2025,4,VT,902.0
2025,4,WA,14209.0
2025,4,WI,6411.0
2025,4,WV,1477.0
2025,4,WY,605.0
2025,5,AK,1627.0
2025,5,AL,8380.0
2025,5,AR,5767.0
2025,5,AZ,11886.0
2025,5,CA,56841.0
2025,5,CO,12834.0
2025,5,CT,4033.0
2025,5,DC,2638.0
2025,5,DE,1868.0
2025,5,FL,19183.0
2025,5,GA,15150.0
2025,5,HI,2387.0
2025,5,IA,4119.0
2025,5,ID,1458.0
2025,5,IL,18493.0
2025,5,IN,8314.0
2025,5,KS,5436.0
2025,5,KY,6054.0
2025,5,LA,7162.0
2025,5,MA,7528.0
2025,5,MD,12272.0
2025,5,ME,1196.0
2025,5,MI,14622.0
2025,5,MN,8508.0
2025,5,MO,11641.0
2025,5,MS,2909.0
2025,5,MT,1975.0
2025,5,NC,19578.0
2025,5,ND,1216.0
2025,5,NE,2867.0
2025,5,NH,1156.0
2025,5,NJ,9467.0
2025,5,NM,4482.0
2025,5,NV,6918.0
2025,5,NY,30078.0
2025,5,OH,16681.0
2025,5,OK,8661.0
2025,5,OR,8722.0
2025,5,PA,18043.0
2025,5,RI,1053.0
2025,5,SC,10401.0
2025,5,SD,1360.0
2025,5,TN,14784.0
2025,5,TX,59827.0
2025,5,UT,4768.0
2025,5,VA,12869.0
2025,5,VT,913.0
2025,5,WA,15271.0
2025,5,WI,6580.0
2025,5,WV,1847.0
2025,5,WY,614.0
2025,6,AK,1730.0
2025,6,AL,8313.0
2025,6,AR,5458.0
2025,6,AZ,11138.0
2025,6,CA,54626.0
2025,6,CO,12174.0
2025,6,CT,3793.0
2025,6,DC,2544.0
2025,6,DE,1801.0
2025,6,FL,17940.0
2025,6,GA,14122.0
2025,6,HI,2112.0
2025,6,IA,4039.0
2025,6,ID,1476.0
2025,6,IL,18883.0
2025,6,IN,7740.0
2025,6,KS,5078.0
2025,6,KY,5929.0
2025,6,LA,6879.0
2025,6,MA,7098.0
2025,6,MD,11911.0
2025,6,ME,1313.0
2025,6,MI,15163.0
2025,6,MN,8488.0
2025,6,MO,11141.0
2025,6,MS,2904.0
2025,6,MT,1868.0
2025,6,NC,18985.0
2025,6,ND,1232.0
2025,6,NE,2753.0
2025,6,NH,1281.0
2025,6,NJ,9680.0
2025,6,NM,5360.0
2025,6,NV,6310.0
2025,6,NY,29228.0
2025,6,OH,16858.0
2025,6,OK,8063.0
2025,6,OR,8478.0
2025,6,PA,17491.0
2025,6,RI,1009.0
2025,6,SC,9787.0
2025,6,SD,1246.0
2025,6,TN,13979.0
2025,6,TX,56871.0
2025,6,UT,4628.0
2025,6,VA,12197.0
2025,6,VT,913.0
2025,6,WA,13686.0
2025,6,WI,6644.0
2025,6,WV,1829.0
2025,6,WY,620.0
2025,7,AK,1992.0
2025,7,AL,8732.0
2025,7,AR,5748.0
2025,7,AZ,11110.0
2025,7,CA,58633.0
2025,7,CO,13141.0
2025,7,CT,4135.0
2025,7,DC,2573.0
2025,7,DE,1486.0
2025,7,FL,18429.0
2025,7,GA,14031.0
2025,7,HI,1798.0
2025,7,IA,4342.0
2025,7,ID,1563.0
2025,7,IL,20003.0
2025,7,IN,7388.0
2025,7,KS,5405.0
2025,7,KY,6254.0
2025,7,LA,7432.0
2025,7,MA,7371.0
2025,7,MD,11878.0
2025,7,ME,1284.0
2025,7,MI,16332.0
2025,7,MN,9013.0
2025,7,MO,11658.0
2025,7,MS,3105.0
2025,7,MT,1960.0
2025,7,NC,19786.0
2025,7,ND,1262.0
2025,7,NE,2937.0
2025,7,NH,1251.0
2025,7,NJ,10307.0
2025,7,NM,5480.0
2025,7,NV,6392.0
2025,7,NY,31132.0
2025,7,OH,17329.0
2025,7,OK,8257.0
2025,7,OR,8979.0
2025,7,PA,18298.0
2025,7,RI,1040.0
2025,7,SC,9849.0
2025,7,SD,1336.0
2025,7,TN,14122.0
2025,7,TX,58215.0
2025,7,UT,4716.0
2025,7,VA,12436.0
2025,7,VT,1065.0
2025,7,WA,13617.0
2025,7,WI,6973.0
2025,7,WV,1799.0
2025,7,WY,637.0
2025,8,AK,1921.0
2025,8,AL,8390.0
2025,8,AR,5818.0
2025,8,AZ,10799.0
2025,8,CA,57838.0
2025,8,CO,12970.0
2025,8,CT,4280.0
2025,8,DC,2372.0
2025,8,DE,1473.0
2025,8,FL,16863.0
2025,8,GA,12543.0
2025,8,HI,1576.0
2025,8,IA,4222.0
2025,8,ID,1500.0
2025,8,IL,19230.0
2025,8,IN,7678.0
2025,8,KS,5400.0
2025,8,KY,6216.0
2025,8,LA,6678.0
2025,8,MA,7190.0
2025,8,MD,11419.0
2025,8,ME,1071.0
2025,8,MI,16075.0
2025,8,MN,9140.0
2025,8,MO,11708.0
2025,8,MS,2869.0
2025,8,MT,1966.0
2025,8,NC,19677.0
2025,8,ND,1248.0
2025,8,NE,2830.0
2025,8,NH,1220.0
2025,8,NJ,9805.0
2025,8,NM,5030.0
2025,8,NV,6621.0
2025,8,NY,30310.0
2025,8,OH,16986.0
2025,8,OK,8274.0
2025,8,OR,8697.0
2025,8,PA,17831.0
2025,8,RI,989.0
2025,8,SC,9484.0
2025,8,SD,1456.0
2025,8,TN,13215.0
2025,8,TX,56564.0
2025,8,UT,4598.0
2025,8,VA,11832.0
2025,8,VT,1013.0
2025,8,WA,13607.0
2025,8,WI,6465.0
2025,8,WV,1941.0
2025,8,WY,631.0
2025,9,AK,1812.0
2025,9,AL,7985.0
2025,9,AR,5018.0
2025,9,AZ,10619.0
2025,9,CA,55605.0
2025,9,CO,12440.0
2025,9,CT,3945.0
2025,9,DC,2102.0
2025,9,DE,1590.0
2025,9,FL,16159.0
2025,9,GA,13089.0
2025,9,HI,1210.0
2025,9,IA,3855.0
2025,9,ID,1303.0
2025,9,IL,17570.0
2025,9,IN,6536.0
2025,9,KS,4137.0
2025,9,KY,5671.0
2025,9,LA,6643.0
2025,9,MA,6624.0
2025,9,MD,10831.0
2025,9,ME,847.0
2025,9,MI,14089.0
2025,9,MN,8674.0
2025,9,MO,10807.0
2025,9,MS,3023.0
2025,9,MT,1877.0
2025,9,NC,19005.0
2025,9,ND,1152.0
2025,9,NE,2669.0
2025,9,NH,1208.0
2025,9,NJ,9564.0
2025,9,NM,4855.0
2025,9,NV,6557.0
2025,9,NY,29337.0
2025,9,OH,16000.0
2025,9,OK,7609.0
2025,9,OR,8513.0
2025,9,PA,17802.0
2025,9,RI,925.0
2025,9,SC,9219.0
2025,9,SD,1227.0
2025,9,TN,12787.0
2025,9,TX,54152.0
2025,9,UT,4776.0
2025,9,VA,11390.0
2025,9,VT,936.0
2025,9,WA,13068.0
2025,9,WI,6078.0
2025,9,WV,1731.0
2025,9,WY,593.0
2025,10,AK,1718.0
2025,10,AL,7202.0
2025,10,AR,4954.0
2025,10,AZ,10401.0
2025,10,CA,57872.0
2025,10,CO,11683.0
2025,10,CT,3809.0
2025,10,DC,1985.0
2025,10,DE,1448.0
2025,10,FL,16093.0
2025,10,GA,13248.0
2025,10,HI,504.0
2025,10,IA,3965.0
2025,10,ID,1372.0
2025,10,IL,17920.0
2025,10,IN,4197.0
2025,10,KS,4508.0
2025,10,KY,5609.0
2025,10,LA,6614.0
2025,10,MA,5893.0
2025,10,MD,10777.0
2025,10,ME,660.0
2025,10,MI,13976.0
2025,10,MN,8871.0
2025,10,MO,10233.0
2025,10,MS,2773.0
2025,10,MT,1651.0
2025,10,NC,17269.0
2025,10,ND,1174.0
2025,10,NE,2776.0
2025,10,NH,1105.0
2025,10,NJ,9234.0
2025,10,NM,4003.0
2025,10,NV,6475.0
2025,10,NY,28684.0
2025,10,OH,15285.0
2025,10,OK,7816.0
2025,10,OR,8689.0
2025,10,PA,17439.0
2025,10,RI,938.0
2025,10,SC,8849.0
2025,10,SD,1212.0
2025,10,TN,11785.0
2025,10,TX,55600.0
2025,10,UT,4456.0
2025,10,VA,11700.0
2025,10,VT,844.0
2025,10,WA,12776.0
2025,10,WI,6261.0
2025,10,WV,1674.0
2025,10,WY,572.0
2025,11,AK,1432.0
2025,11,AL,6815.0
2025,11,AR,4086.0
2025,11,AZ,9734.0
2025,11,CA,54036.0
2025,11,CO,10831.0
2025,11,CT,3017.0
2025,11,DC,1946.0
2025,11,DE,
2025,11,FL,15263.0
2025,11,GA,11830.0
2025,11,HI,457.0
2025,11,IA,3224.0
2025,11,ID,1080.0
2025,11,IL,15331.0
2025,11,IN,4913.0
2025,11,KS,3445.0
2025,11,KY,4578.0
2025,11,LA,6024.0
2025,11,MA,4896.0
2025,11,MD,9777.0
2025,11,ME,369.0
2025,11,MI,12216.0
2025,11,MN,7497.0
2025,11,MO,7987.0
2025,11,MS,2621.0
2025,11,MT,1450.0
2025,11,NC,15552.0
2025,11,ND,948.0
2025,11,NE,2456.0
2025,11,NH,953.0
2025,11,NJ,8448.0
2025,11,NM,2346.0
2025,11,NV,5234.0
2025,11,NY,26081.0
2025,11,OH,12313.0
2025,11,OK,7212.0
2025,11,OR,8149.0
2025,11,PA,15685.0
2025,11,RI,898.0
2025,11,SC,8071.0
2025,11,SD,1041.0
2025,11,TN,10654.0
2025,11,TX,49364.0
2025,11,UT,3695.0
2025,11,VA,10331.0
2025,11,VT,719.0
2025,11,WA,10894.0
2025,11,WI,4727.0
2025,11,WV,1257.0
2025,11,WY,534.0
2025,12,AK,385.0
2025,12,AL,6344.0
2025,12,AR,2585.0
2025,12,AZ,10091.0
2025,12,CA,52908.0
2025,12,CO,10685.0
2025,12,CT,2560.0
2025,12,DC,1751.0
2025,12,DE,
2025,12,FL,14279.0
2025,12,GA,11890.0
2025,12,HI,125.0
2025,12,IA,2938.0
2025,12,ID,745.0
2025,12,IL,14483.0
2025,12,IN,2426.0
2025,12,KS,1666.0
2025,12,KY,2859.0
2025,12,LA,5190.0
2025,12,MA,2682.0
2025,12,MD,8436.0
2025,12,ME,75.0
2025,12,MI,11164.0
2025,12,MN,6720.0
2025,12,MO,6786.0
2025,12,MS,2288.0
2025,12,MT,1017.0
2025,12,NC,14137.0
2025,12,ND,721.0
2025,12,NE,2083.0
2025,12,NH,836.0
2025,12,NJ,8137.0
2025,12,NM,35.0
2025,12,NV,1250.0
2025,12,NY,20144.0
2025,12,OH,10989.0
2025,12,OK,7188.0
2025,12,OR,6885.0
2025,12,PA,14183.0
2025,12,RI,719.0
2025,12,SC,7883.0
2025,12,SD,990.0
2025,12,TN,10647.0
2025,12,TX,50061.0
2025,12,UT,3408.0
2025,12,VA,7984.0
2025,12,VT,618.0
2025,12,WA,9882.0
2025,12,WI,1618.0
2025,12,WV,1257.0
2025,12,WY,414.0
2026,1,AK,24.0
2026,1,AL,3019.0
2026,1,AR,
2026,1,AZ,7448.0
2026,1,CA,37481.0
2026,1,CO,7539.0
2026,1,CT,936.0
2026,1,DC,1376.0
2026,1,DE,
2026,1,FL,6096.0
2026,1,GA,7148.0
2026,1,HI,
2026,1,IA,2489.0
2026,1,ID,541.0
2026,1,IL,4946.0
2026,1,IN,890.0
2026,1,KS,748.0
2026,1,KY,1341.0
2026,1,LA,1368.0
2026,1,MA,5.0
2026,1,MD,3363.0
2026,1,ME,4.0
2026,1,MI,8113.0
2026,1,MN,5994.0
2026,1,MO,129.0
2026,1,MS,19.0
2026,1,MT,5.0
2026,1,NC,10237.0
2026,1,ND,618.0
2026,1,NE,259.0
2026,1,NH,569.0
2026,1,NJ,5795.0
2026,1,NM,9.0
2026,1,NV,7.0
2026,1,NY,1.0
2026,1,OH,5989.0
2026,1,OK,4874.0
2026,1,OR,4086.0
2026,1,PA,10515.0
2026,1,RI,277.0
2026,1,SC,5848.0
2026,1,SD,513.0
2026,1,TN,8868.0
2026,1,TX,38308.0
2026,1,UT,113.0
2026,1,VA,362.0
2026,1,VT,543.0
2026,1,WA,140.0
2026,1,WI,3.0
2026,1,WV,590.0
2026,1,WY,
