year,month,state,EHE
1990,1,AL,1635.5
1990,2,AL,1633.5
1990,3,AL,1632.0
1990,4,AL,1643.7
1990,5,AL,1648.9
1990,6,AL,1650.5
1990,7,AL,1652.1
1990,8,AL,1649.8
1990,9,AL,1651.3
1990,10,AL,1647.1
1990,11,AL,1648.3
1990,12,AL,1648.0
1991,1,AL,1646.0
1991,2,AL,1641.6
1991,3,AL,1644.3
1991,4,AL,1644.5
1991,5,AL,1646.6
1991,6,AL,1648.0
1991,7,AL,1654.3
1991,8,AL,1655.3
1991,9,AL,1656.7
1991,10,AL,1658.9
1991,11,AL,1658.1
1991,12,AL,1659.2
1992,1,AL,1666.5
1992,2,AL,1668.1
1992,3,AL,1670.7
1992,4,AL,1671.4
1992,5,AL,1679.8
1992,6,AL,1679.0
1992,7,AL,1683.4
1992,8,AL,1696.7
1992,9,AL,1686.8
1992,10,AL,1697.5
1992,11,AL,1699.7
1992,12,AL,1703.3
1993,1,AL,1705.9
1993,2,AL,1713.6
1993,3,AL,1712.9
1993,4,AL,1721.2
1993,5,AL,1722.8
1993,6,AL,1726.2
1993,7,AL,1727.2
1993,8,AL,1732.0
1993,9,AL,1729.7
1993,10,AL,1741.3
1993,11,AL,1742.1
1993,12,AL,1744.7
1994,1,AL,1744.2
1994,2,AL,1746.5
1994,3,AL,1752.3
1994,4,AL,1754.9
1994,5,AL,1757.6
1994,6,AL,1767.4
1994,7,AL,1768.6
1994,8,AL,1776.6
1994,9,AL,1785.4
1994,10,AL,1783.3
1994,11,AL,1803.6
1994,12,AL,1794.6
1995,1,AL,1804.1
1995,2,AL,1805.2
1995,3,AL,1808.5
1995,4,AL,1810.2
1995,5,AL,1811.5
1995,6,AL,1818.8
1995,7,AL,1813.2
1995,8,AL,1818.0
1995,9,AL,1819.8
1995,10,AL,1821.9
1995,11,AL,1826.5
1995,12,AL,1829.3
1996,1,AL,1829.1
1996,2,AL,1830.1
1996,3,AL,1833.1
1996,4,AL,1833.5
1996,5,AL,1835.8
1996,6,AL,1835.4
1996,7,AL,1839.6
1996,8,AL,1844.6
1996,9,AL,1846.1
1996,10,AL,1852.5
1996,11,AL,1857.6
1996,12,AL,1857.4
1997,1,AL,1864.9
1997,2,AL,1866.0
1997,3,AL,1872.6
1997,4,AL,1874.5
1997,5,AL,1876.9
1997,6,AL,1876.3
1997,7,AL,1880.1
1997,8,AL,1878.5
1997,9,AL,1883.6
1997,10,AL,1888.8
1997,11,AL,1892.0
1997,12,AL,1893.4
1998,1,AL,1896.6
1998,2,AL,1900.1
1998,3,AL,1902.7
1998,4,AL,1912.5
1998,5,AL,1915.5
1998,6,AL,1921.8
1998,7,AL,1905.6
1998,8,AL,1913.3
1998,9,AL,1916.1
1998,10,AL,1915.2
1998,11,AL,1917.5
1998,12,AL,1919.4
1999,1,AL,1921.8
1999,2,AL,1927.5
1999,3,AL,1930.2
1999,4,AL,1929.5
1999,5,AL,1930.4
1999,6,AL,1934.0
1999,7,AL,1935.7
1999,8,AL,1935.5
1999,9,AL,1939.6
1999,10,AL,1939.1
1999,11,AL,1940.6
1999,12,AL,1944.0
2000,1,AL,1944.7
2000,2,AL,1943.0
2000,3,AL,1949.2
2000,4,AL,1945.0
2000,5,AL,1953.7
2000,6,AL,1949.7
2000,7,AL,1945.6
2000,8,AL,1949.6
2000,9,AL,1950.5
2000,10,AL,1946.0
2000,11,AL,1944.9
2000,12,AL,1945.0
2001,1,AL,1934.5
2001,2,AL,1936.9
2001,3,AL,1933.3
2001,4,AL,1932.4
2001,5,AL,1928.4
2001,6,AL,1924.8
2001,7,AL,1918.7
2001,8,AL,1922.0
2001,9,AL,1919.9
2001,10,AL,1913.1
2001,11,AL,1911.1
2001,12,AL,1909.8
2002,1,AL,1899.6
2002,2,AL,1901.2
2002,3,AL,1901.2
2002,4,AL,1901.6
2002,5,AL,1898.2
2002,6,AL,1894.8
2002,7,AL,1894.3
2002,8,AL,1896.6
2002,9,AL,1899.6
2002,10,AL,1900.3
2002,11,AL,1900.4
2002,12,AL,1896.9
2003,1,AL,1895.6
2003,2,AL,1895.4
2003,3,AL,1894.1
2003,4,AL,1892.6
2003,5,AL,1889.9
2003,6,AL,1884.3
2003,7,AL,1885.1
2003,8,AL,1886.6
2003,9,AL,1889.1
2003,10,AL,1892.3
2003,11,AL,1894.1
2003,12,AL,1894.7
2004,1,AL,1900.2
2004,2,AL,1903.2
2004,3,AL,1904.7
2004,4,AL,1909.9
2004,5,AL,1911.5
2004,6,AL,1915.0
2004,7,AL,1920.7
2004,8,AL,1922.3
2004,9,AL,1920.1
2004,10,AL,1928.6
2004,11,AL,1932.3
2004,12,AL,1936.3
2005,1,AL,1938.8
2005,2,AL,1941.3
2005,3,AL,1943.9
2005,4,AL,1953.7
2005,5,AL,1956.2
2005,6,AL,1955.0
2005,7,AL,1963.0
2005,8,AL,1966.5
2005,9,AL,1969.5
2005,10,AL,1975.5
2005,11,AL,1981.0
2005,12,AL,1983.7
2006,1,AL,1985.1
2006,2,AL,1988.7
2006,3,AL,1994.2
2006,4,AL,1993.5
2006,5,AL,1993.1
2006,6,AL,1997.9
2006,7,AL,1996.8
2006,8,AL,2000.4
2006,9,AL,2002.2
2006,10,AL,1999.0
2006,11,AL,2000.6
2006,12,AL,2005.5
2007,1,AL,2016.0
2007,2,AL,2020.8
2007,3,AL,2024.4
2007,4,AL,2017.2
2007,5,AL,2018.7
2007,6,AL,2021.1
2007,7,AL,2019.6
2007,8,AL,2022.6
2007,9,AL,2026.5
2007,10,AL,2028.2
2007,11,AL,2028.3
2007,12,AL,2032.5
2008,1,AL,2028.7
2008,2,AL,2028.4
2008,3,AL,2023.5
2008,4,AL,2025.7
2008,5,AL,2021.1
2008,6,AL,2016.6
2008,7,AL,2014.8
2008,8,AL,2010.0
2008,9,AL,2005.0
2008,10,AL,1994.8
2008,11,AL,1979.0
2008,12,AL,1970.9
2009,1,AL,1947.6
2009,2,AL,1933.5
2009,3,AL,1921.7
2009,4,AL,1914.8
2009,5,AL,1908.7
2009,6,AL,1901.1
2009,7,AL,1899.1
2009,8,AL,1892.4
2009,9,AL,1887.3
2009,10,AL,1883.1
2009,11,AL,1884.9
2009,12,AL,1883.2
2010,1,AL,1881.6
2010,2,AL,1878.7
2010,3,AL,1882.5
2010,4,AL,1886.4
2010,5,AL,1898.0
2010,6,AL,1896.3
2010,7,AL,1896.1
2010,8,AL,1892.1
2010,9,AL,1887.7
2010,10,AL,1894.5
2010,11,AL,1892.5
2010,12,AL,1890.8
2011,1,AL,1885.8
2011,2,AL,1888.7
2011,3,AL,1889.8
2011,4,AL,1889.3
2011,5,AL,1887.9
2011,6,AL,1884.1
2011,7,AL,1891.1
2011,8,AL,1891.3
2011,9,AL,1895.6
2011,10,AL,1891.8
2011,11,AL,1893.4
2011,12,AL,1892.4
2012,1,AL,1898.7
2012,2,AL,1898.8
2012,3,AL,1905.2
2012,4,AL,1906.0
2012,5,AL,1902.9
2012,6,AL,1904.0
2012,7,AL,1901.6
2012,8,AL,1906.3
2012,9,AL,1908.4
2012,10,AL,1911.7
2012,11,AL,1913.2
2012,12,AL,1912.8
2013,1,AL,1914.0
2013,2,AL,1918.6
2013,3,AL,1921.1
2013,4,AL,1921.9
2013,5,AL,1924.2
2013,6,AL,1924.9
2013,7,AL,1924.6
2013,8,AL,1926.0
2013,9,AL,1925.0
2013,10,AL,1927.1
2013,11,AL,1929.0
2013,12,AL,1933.1
2014,1,AL,1930.9
2014,2,AL,1929.3
2014,3,AL,1933.6
2014,4,AL,1938.9
2014,5,AL,1939.4
2014,6,AL,1942.7
2014,7,AL,1943.8
2014,8,AL,1947.4
2014,9,AL,1951.3
2014,10,AL,1954.0
2014,11,AL,1955.5
2014,12,AL,1960.1
2015,1,AL,1958.7
2015,2,AL,1960.6
2015,3,AL,1958.1
2015,4,AL,1962.5
2015,5,AL,1969.1
2015,6,AL,1969.3
2015,7,AL,1970.6
2015,8,AL,1975.1
2015,9,AL,1976.8
2015,10,AL,1980.1
2015,11,AL,1983.6
2015,12,AL,1986.6
2016,1,AL,1988.6
2016,2,AL,1988.9
2016,3,AL,1990.2
2016,4,AL,1995.5
2016,5,AL,1994.8
2016,6,AL,1993.6
2016,7,AL,1999.7
2016,8,AL,1999.8
2016,9,AL,2005.6
2016,10,AL,2002.3
2016,11,AL,2000.5
2016,12,AL,2003.5
2017,1,AL,2009.3
2017,2,AL,2012.3
2017,3,AL,2016.0
2017,4,AL,2012.5
2017,5,AL,2016.3
2017,6,AL,2018.6
2017,7,AL,2018.8
2017,8,AL,2021.1
2017,9,AL,2022.8
2017,10,AL,2026.8
2017,11,AL,2023.9
2017,12,AL,2025.0
2018,1,AL,2028.4
2018,2,AL,2031.6
2018,3,AL,2035.9
2018,4,AL,2039.1
2018,5,AL,2040.5
2018,6,AL,2048.4
2018,7,AL,2048.1
2018,8,AL,2051.0
2018,9,AL,2054.0
2018,10,AL,2056.9
2018,11,AL,2058.9
2018,12,AL,2059.8
2019,1,AL,2066.5
2019,2,AL,2067.5
2019,3,AL,2070.4
2019,4,AL,2075.8
2019,5,AL,2077.3
2019,6,AL,2078.3
2019,7,AL,2080.3
2019,8,AL,2083.6
2019,9,AL,2082.8
2019,10,AL,2080.2
2019,11,AL,2083.7
2019,12,AL,2084.2
2020,1,AL,2088.1
2020,2,AL,2087.7
2020,3,AL,2080.9
2020,4,AL,1843.4
2020,5,AL,1892.0
2020,6,AL,1940.8
2020,7,AL,1961.4
2020,8,AL,1986.6
2020,9,AL,1996.1
2020,10,AL,2012.7
2020,11,AL,2016.6
2020,12,AL,2023.5
2021,1,AL,2024.6
2021,2,AL,2027.0
2021,3,AL,2032.6
2021,4,AL,2031.1
2021,5,AL,2036.4
2021,6,AL,2043.2
2021,7,AL,2052.9
2021,8,AL,2055.3
2021,9,AL,2055.1
2021,10,AL,2071.1
2021,11,AL,2077.7
2021,12,AL,2082.6
2022,1,AL,2084.4
2022,2,AL,2093.5
2022,3,AL,2093.6
2022,4,AL,2101.0
2022,5,AL,2102.5
2022,6,AL,2104.1
2022,7,AL,2119.2
2022,8,AL,2119.7
2022,9,AL,2126.0
2022,10,AL,2126.2
2022,11,AL,2129.0
2022,12,AL,2133.0
2023,1,AL,2146.2
2023,2,AL,2147.7
2023,3,AL,2150.1
2023,4,AL,2152.9
2023,5,AL,2155.3
2023,6,AL,2163.8
2023,7,AL,2163.4
2023,8,AL,2167.5
2023,9,AL,2170.3
2023,10,AL,2174.1
2023,11,AL,2172.7
2023,12,AL,2174.9
2024,1,AL,2178.5
2024,2,AL,2184.1
2024,3,AL,2187.0
2024,4,AL,2187.4
2024,5,AL,2189.9
2024,6,AL,2191.0
2024,7,AL,2189.7
2024,8,AL,2192.9
2024,9,AL,2194.5
2024,10,AL,2195.9
2024,11,AL,2197.1
2024,12,AL,2200.3
2025,1,AL,2199.5
2025,2,AL,2202.5
2025,3,AL,2210.2
2025,4,AL,2215.4
2025,5,AL,2215.6
2025,6,AL,2211.1
2025,7,AL,2211.9
2025,8,AL,2215.8
2025,9,AL,2214.9
2025,10,AL,2214.5
2025,11,AL,2208.8
2025,12,AL,2211.2
1990,1,AK,230.8
1990,2,AK,233.1
1990,3,AK,235.3
1990,4,AK,236.9
1990,5,AK,237.5
1990,6,AK,240.2
1990,7,AK,239.6
1990,8,AK,239.0
1990,9,AK,238.6
1990,10,AK,240.1
1990,11,AK,242.2
1990,12,AK,243.1
1991,1,AK,241.7
1991,2,AK,241.3
1991,3,AK,241.1
1991,4,AK,241.2
1991,5,AK,242.4
1991,6,AK,241.8
1991,7,AK,243.0
1991,8,AK,243.0
1991,9,AK,242.8
1991,10,AK,242.9
1991,11,AK,244.8
1991,12,AK,247.0
1992,1,AK,246.0
1992,2,AK,247.4
1992,3,AK,247.8
1992,4,AK,247.9
1992,5,AK,247.1
1992,6,AK,246.3
1992,7,AK,246.8
1992,8,AK,246.7
1992,9,AK,247.5
1992,10,AK,246.6
1992,11,AK,246.9
1992,12,AK,248.7
1993,1,AK,249.7
1993,2,AK,249.9
1993,3,AK,250.9
1993,4,AK,251.2
1993,5,AK,250.5
1993,6,AK,252.0
1993,7,AK,252.2
1993,8,AK,252.8
1993,9,AK,253.0
1993,10,AK,257.0
1993,11,AK,257.2
1993,12,AK,256.3
1994,1,AK,257.5
1994,2,AK,259.1
1994,3,AK,259.3
1994,4,AK,257.5
1994,5,AK,257.0
1994,6,AK,258.2
1994,7,AK,258.5
1994,8,AK,259.7
1994,9,AK,261.6
1994,10,AK,260.6
1994,11,AK,261.4
1994,12,AK,260.6
1995,1,AK,261.0
1995,2,AK,261.5
1995,3,AK,260.7
1995,4,AK,260.5
1995,5,AK,261.1
1995,6,AK,262.7
1995,7,AK,261.9
1995,8,AK,263.1
1995,9,AK,262.7
1995,10,AK,263.4
1995,11,AK,262.4
1995,12,AK,262.1
1996,1,AK,260.9
1996,2,AK,261.0
1996,3,AK,261.8
1996,4,AK,263.1
1996,5,AK,263.7
1996,6,AK,263.7
1996,7,AK,264.6
1996,8,AK,265.0
1996,9,AK,264.2
1996,10,AK,265.5
1996,11,AK,265.3
1996,12,AK,264.2
1997,1,AK,265.2
1997,2,AK,265.6
1997,3,AK,265.8
1997,4,AK,267.7
1997,5,AK,268.4
1997,6,AK,269.1
1997,7,AK,269.9
1997,8,AK,269.4
1997,9,AK,269.9
1997,10,AK,271.7
1997,11,AK,270.9
1997,12,AK,270.6
1998,1,AK,273.4
1998,2,AK,273.8
1998,3,AK,274.4
1998,4,AK,273.9
1998,5,AK,275.1
1998,6,AK,273.9
1998,7,AK,274.7
1998,8,AK,274.2
1998,9,AK,275.0
1998,10,AK,276.0
1998,11,AK,276.9
1998,12,AK,278.0
1999,1,AK,278.6
1999,2,AK,277.0
1999,3,AK,278.5
1999,4,AK,278.4
1999,5,AK,278.3
1999,6,AK,278.0
1999,7,AK,278.0
1999,8,AK,278.4
1999,9,AK,280.4
1999,10,AK,280.5
1999,11,AK,281.9
1999,12,AK,282.3
2000,1,AK,282.0
2000,2,AK,282.1
2000,3,AK,283.4
2000,4,AK,283.0
2000,5,AK,283.9
2000,6,AK,284.1
2000,7,AK,284.8
2000,8,AK,284.8
2000,9,AK,284.0
2000,10,AK,285.0
2000,11,AK,285.0
2000,12,AK,286.5
2001,1,AK,284.2
2001,2,AK,287.1
2001,3,AK,286.9
2001,4,AK,289.1
2001,5,AK,289.2
2001,6,AK,289.3
2001,7,AK,291.3
2001,8,AK,292.1
2001,9,AK,291.3
2001,10,AK,291.4
2001,11,AK,289.9
2001,12,AK,289.0
2002,1,AK,290.5
2002,2,AK,293.5
2002,3,AK,294.1
2002,4,AK,294.2
2002,5,AK,293.3
2002,6,AK,294.1
2002,7,AK,294.7
2002,8,AK,295.6
2002,9,AK,295.5
2002,10,AK,297.9
2002,11,AK,298.0
2002,12,AK,298.7
2003,1,AK,297.2
2003,2,AK,298.1
2003,3,AK,298.7
2003,4,AK,297.4
2003,5,AK,299.2
2003,6,AK,299.7
2003,7,AK,298.6
2003,8,AK,299.5
2003,9,AK,300.5
2003,10,AK,299.7
2003,11,AK,300.0
2003,12,AK,300.5
2004,1,AK,301.9
2004,2,AK,300.4
2004,3,AK,302.2
2004,4,AK,302.1
2004,5,AK,302.2
2004,6,AK,303.3
2004,7,AK,304.4
2004,8,AK,304.9
2004,9,AK,305.8
2004,10,AK,307.2
2004,11,AK,306.2
2004,12,AK,307.4
2005,1,AK,308.4
2005,2,AK,307.3
2005,3,AK,308.0
2005,4,AK,308.4
2005,5,AK,309.1
2005,6,AK,308.5
2005,7,AK,310.7
2005,8,AK,311.0
2005,9,AK,310.8
2005,10,AK,310.9
2005,11,AK,311.9
2005,12,AK,311.0
2006,1,AK,310.9
2006,2,AK,312.9
2006,3,AK,314.3
2006,4,AK,315.3
2006,5,AK,315.1
2006,6,AK,318.4
2006,7,AK,314.5
2006,8,AK,315.0
2006,9,AK,315.4
2006,10,AK,313.6
2006,11,AK,315.8
2006,12,AK,316.2
2007,1,AK,316.7
2007,2,AK,317.9
2007,3,AK,317.9
2007,4,AK,317.3
2007,5,AK,317.9
2007,6,AK,318.0
2007,7,AK,316.6
2007,8,AK,317.5
2007,9,AK,318.0
2007,10,AK,318.2
2007,11,AK,318.9
2007,12,AK,319.1
2008,1,AK,321.1
2008,2,AK,320.7
2008,3,AK,320.4
2008,4,AK,320.4
2008,5,AK,322.5
2008,6,AK,322.5
2008,7,AK,323.2
2008,8,AK,322.7
2008,9,AK,323.0
2008,10,AK,322.1
2008,11,AK,322.1
2008,12,AK,323.5
2009,1,AK,321.1
2009,2,AK,321.8
2009,3,AK,321.0
2009,4,AK,320.5
2009,5,AK,320.5
2009,6,AK,320.1
2009,7,AK,320.7
2009,8,AK,320.5
2009,9,AK,320.7
2009,10,AK,321.3
2009,11,AK,320.6
2009,12,AK,320.4
2010,1,AK,321.2
2010,2,AK,320.8
2010,3,AK,321.1
2010,4,AK,322.5
2010,5,AK,323.5
2010,6,AK,325.1
2010,7,AK,326.8
2010,8,AK,326.2
2010,9,AK,326.8
2010,10,AK,327.4
2010,11,AK,328.2
2010,12,AK,328.1
2011,1,AK,329.1
2011,2,AK,328.2
2011,3,AK,328.2
2011,4,AK,328.6
2011,5,AK,328.1
2011,6,AK,329.7
2011,7,AK,330.2
2011,8,AK,330.0
2011,9,AK,332.2
2011,10,AK,332.6
2011,11,AK,332.4
2011,12,AK,331.8
2012,1,AK,332.8
2012,2,AK,334.6
2012,3,AK,335.2
2012,4,AK,334.4
2012,5,AK,334.8
2012,6,AK,335.3
2012,7,AK,334.8
2012,8,AK,334.4
2012,9,AK,335.1
2012,10,AK,339.6
2012,11,AK,337.4
2012,12,AK,336.9
2013,1,AK,334.8
2013,2,AK,336.9
2013,3,AK,336.9
2013,4,AK,337.0
2013,5,AK,335.5
2013,6,AK,336.5
2013,7,AK,336.1
2013,8,AK,336.9
2013,9,AK,337.6
2013,10,AK,336.8
2013,11,AK,337.3
2013,12,AK,337.6
2014,1,AK,337.5
2014,2,AK,337.3
2014,3,AK,337.8
2014,4,AK,338.9
2014,5,AK,338.7
2014,6,AK,337.4
2014,7,AK,338.5
2014,8,AK,337.9
2014,9,AK,337.5
2014,10,AK,338.7
2014,11,AK,339.1
2014,12,AK,339.8
2015,1,AK,340.6
2015,2,AK,340.3
2015,3,AK,340.8
2015,4,AK,339.5
2015,5,AK,339.9
2015,6,AK,339.1
2015,7,AK,339.4
2015,8,AK,338.1
2015,9,AK,338.5
2015,10,AK,337.8
2015,11,AK,337.2
2015,12,AK,337.1
2016,1,AK,336.7
2016,2,AK,335.6
2016,3,AK,335.8
2016,4,AK,336.3
2016,5,AK,334.7
2016,6,AK,332.3
2016,7,AK,333.2
2016,8,AK,332.4
2016,9,AK,330.5
2016,10,AK,331.2
2016,11,AK,331.0
2016,12,AK,331.0
2017,1,AK,330.0
2017,2,AK,330.4
2017,3,AK,329.9
2017,4,AK,329.3
2017,5,AK,330.0
2017,6,AK,330.0
2017,7,AK,329.3
2017,8,AK,330.0
2017,9,AK,329.6
2017,10,AK,327.7
2017,11,AK,327.7
2017,12,AK,327.3
2018,1,AK,326.4
2018,2,AK,327.3
2018,3,AK,327.7
2018,4,AK,327.0
2018,5,AK,327.6
2018,6,AK,328.6
2018,7,AK,327.5
2018,8,AK,327.7
2018,9,AK,327.9
2018,10,AK,328.7
2018,11,AK,328.1
2018,12,AK,327.4
2019,1,AK,328.1
2019,2,AK,328.4
2019,3,AK,329.1
2019,4,AK,329.0
2019,5,AK,330.0
2019,6,AK,332.2
2019,7,AK,331.2
2019,8,AK,330.9
2019,9,AK,332.1
2019,10,AK,330.7
2019,11,AK,329.8
2019,12,AK,328.3
2020,1,AK,328.6
2020,2,AK,329.4
2020,3,AK,327.5
2020,4,AK,283.5
2020,5,AK,283.8
2020,6,AK,286.1
2020,7,AK,285.8
2020,8,AK,290.7
2020,9,AK,296.3
2020,10,AK,305.7
2020,11,AK,308.7
2020,12,AK,308.5
2021,1,AK,308.7
2021,2,AK,308.0
2021,3,AK,309.1
2021,4,AK,309.4
2021,5,AK,306.0
2021,6,AK,306.2
2021,7,AK,308.8
2021,8,AK,309.9
2021,9,AK,311.4
2021,10,AK,314.0
2021,11,AK,316.5
2021,12,AK,317.0
2022,1,AK,317.0
2022,2,AK,316.8
2022,3,AK,318.0
2022,4,AK,317.8
2022,5,AK,318.4
2022,6,AK,317.0
2022,7,AK,320.0
2022,8,AK,319.8
2022,9,AK,319.6
2022,10,AK,319.5
2022,11,AK,321.9
2022,12,AK,321.9
2023,1,AK,324.7
2023,2,AK,324.9
2023,3,AK,325.3
2023,4,AK,326.0
2023,5,AK,325.6
2023,6,AK,329.1
2023,7,AK,328.4
2023,8,AK,329.6
2023,9,AK,331.3
2023,10,AK,329.2
2023,11,AK,329.8
2023,12,AK,330.4
2024,1,AK,330.7
2024,2,AK,331.9
2024,3,AK,333.5
2024,4,AK,333.4
2024,5,AK,333.7
2024,6,AK,333.2
2024,7,AK,334.8
2024,8,AK,334.1
2024,9,AK,335.1
2024,10,AK,338.5
2024,11,AK,338.9
2024,12,AK,339.3
2025,1,AK,339.9
2025,2,AK,337.6
2025,3,AK,338.4
2025,4,AK,336.8
2025,5,AK,337.3
2025,6,AK,338.3
2025,7,AK,338.2
2025,8,AK,339.6
2025,9,AK,338.8
2025,10,AK,338.7
2025,11,AK,338.1
2025,12,AK,337.9
1990,1,AZ,1473.4
1990,2,AZ,1475.8
1990,3,AZ,1478.5
1990,4,AZ,1484.8
1990,5,AZ,1488.6
1990,6,AZ,1483.1
1990,7,AZ,1483.6
1990,8,AZ,1482.3
1990,9,AZ,1485.4
1990,10,AZ,1486.5
1990,11,AZ,1489.5
1990,12,AZ,1485.1
1991,1,AZ,1495.9
1991,2,AZ,1492.7
1991,3,AZ,1491.9
1991,4,AZ,1487.4
1991,5,AZ,1485.6
1991,6,AZ,1488.6
1991,7,AZ,1483.8
1991,8,AZ,1486.2
1991,9,AZ,1488.5
1991,10,AZ,1496.5
1991,11,AZ,1498.8
1991,12,AZ,1501.5
1992,1,AZ,1501.3
1992,2,AZ,1501.0
1992,3,AZ,1500.4
1992,4,AZ,1506.0
1992,5,AZ,1513.0
1992,6,AZ,1515.3
1992,7,AZ,1520.7
1992,8,AZ,1525.2
1992,9,AZ,1535.3
1992,10,AZ,1526.8
1992,11,AZ,1527.4
1992,12,AZ,1532.5
1993,1,AZ,1534.9
1993,2,AZ,1545.3
1993,3,AZ,1552.0
1993,4,AZ,1566.8
1993,5,AZ,1575.7
1993,6,AZ,1582.0
1993,7,AZ,1587.5
1993,8,AZ,1591.4
1993,9,AZ,1603.1
1993,10,AZ,1617.8
1993,11,AZ,1622.6
1993,12,AZ,1634.0
1994,1,AZ,1640.7
1994,2,AZ,1647.4
1994,3,AZ,1655.6
1994,4,AZ,1668.1
1994,5,AZ,1674.9
1994,6,AZ,1687.1
1994,7,AZ,1698.0
1994,8,AZ,1711.9
1994,9,AZ,1715.7
1994,10,AZ,1723.1
1994,11,AZ,1737.1
1994,12,AZ,1744.7
1995,1,AZ,1752.0
1995,2,AZ,1761.6
1995,3,AZ,1765.2
1995,4,AZ,1774.9
1995,5,AZ,1783.5
1995,6,AZ,1793.3
1995,7,AZ,1797.4
1995,8,AZ,1803.6
1995,9,AZ,1811.0
1995,10,AZ,1821.1
1995,11,AZ,1824.9
1995,12,AZ,1834.1
1996,1,AZ,1854.9
1996,2,AZ,1863.3
1996,3,AZ,1867.8
1996,4,AZ,1866.1
1996,5,AZ,1877.7
1996,6,AZ,1886.0
1996,7,AZ,1892.8
1996,8,AZ,1904.7
1996,9,AZ,1909.9
1996,10,AZ,1914.1
1996,11,AZ,1931.1
1996,12,AZ,1932.4
1997,1,AZ,1939.5
1997,2,AZ,1948.4
1997,3,AZ,1954.4
1997,4,AZ,1966.8
1997,5,AZ,1973.7
1997,6,AZ,1977.5
1997,7,AZ,1980.5
1997,8,AZ,1983.4
1997,9,AZ,2001.4
1997,10,AZ,2016.5
1997,11,AZ,2031.0
1997,12,AZ,2037.6
1998,1,AZ,2038.2
1998,2,AZ,2040.4
1998,3,AZ,2050.7
1998,4,AZ,2054.2
1998,5,AZ,2066.6
1998,6,AZ,2070.4
1998,7,AZ,2071.9
1998,8,AZ,2085.3
1998,9,AZ,2096.9
1998,10,AZ,2098.1
1998,11,AZ,2109.4
1998,12,AZ,2111.0
1999,1,AZ,2116.4
1999,2,AZ,2124.2
1999,3,AZ,2128.0
1999,4,AZ,2144.6
1999,5,AZ,2151.6
1999,6,AZ,2164.2
1999,7,AZ,2177.0
1999,8,AZ,2175.3
1999,9,AZ,2181.7
1999,10,AZ,2191.4
1999,11,AZ,2197.0
1999,12,AZ,2202.8
2000,1,AZ,2207.6
2000,2,AZ,2217.3
2000,3,AZ,2225.2
2000,4,AZ,2228.3
2000,5,AZ,2243.1
2000,6,AZ,2241.3
2000,7,AZ,2243.4
2000,8,AZ,2250.1
2000,9,AZ,2258.6
2000,10,AZ,2261.7
2000,11,AZ,2265.7
2000,12,AZ,2275.0
2001,1,AZ,2265.2
2001,2,AZ,2272.8
2001,3,AZ,2278.3
2001,4,AZ,2273.8
2001,5,AZ,2268.8
2001,6,AZ,2268.8
2001,7,AZ,2267.9
2001,8,AZ,2267.7
2001,9,AZ,2267.2
2001,10,AZ,2257.5
2001,11,AZ,2251.1
2001,12,AZ,2248.0
2002,1,AZ,2256.1
2002,2,AZ,2251.9
2002,3,AZ,2258.0
2002,4,AZ,2267.9
2002,5,AZ,2266.5
2002,6,AZ,2270.2
2002,7,AZ,2264.1
2002,8,AZ,2269.0
2002,9,AZ,2267.5
2002,10,AZ,2270.1
2002,11,AZ,2285.3
2002,12,AZ,2279.1
2003,1,AZ,2281.5
2003,2,AZ,2281.8
2003,3,AZ,2283.2
2003,4,AZ,2286.3
2003,5,AZ,2290.3
2003,6,AZ,2292.7
2003,7,AZ,2294.3
2003,8,AZ,2301.5
2003,9,AZ,2304.8
2003,10,AZ,2317.7
2003,11,AZ,2323.4
2003,12,AZ,2330.5
2004,1,AZ,2338.2
2004,2,AZ,2342.0
2004,3,AZ,2349.9
2004,4,AZ,2357.5
2004,5,AZ,2367.5
2004,6,AZ,2377.0
2004,7,AZ,2388.4
2004,8,AZ,2395.8
2004,9,AZ,2398.9
2004,10,AZ,2425.5
2004,11,AZ,2431.4
2004,12,AZ,2443.9
2005,1,AZ,2444.3
2005,2,AZ,2457.6
2005,3,AZ,2466.1
2005,4,AZ,2489.0
2005,5,AZ,2498.8
2005,6,AZ,2508.3
2005,7,AZ,2524.1
2005,8,AZ,2534.2
2005,9,AZ,2547.6
2005,10,AZ,2548.5
2005,11,AZ,2560.5
2005,12,AZ,2571.9
2006,1,AZ,2594.2
2006,2,AZ,2608.3
2006,3,AZ,2621.3
2006,4,AZ,2627.7
2006,5,AZ,2635.8
2006,6,AZ,2646.0
2006,7,AZ,2645.2
2006,8,AZ,2651.8
2006,9,AZ,2658.7
2006,10,AZ,2660.6
2006,11,AZ,2659.4
2006,12,AZ,2664.2
2007,1,AZ,2664.0
2007,2,AZ,2672.0
2007,3,AZ,2680.2
2007,4,AZ,2672.9
2007,5,AZ,2674.5
2007,6,AZ,2683.9
2007,7,AZ,2684.2
2007,8,AZ,2684.4
2007,9,AZ,2685.5
2007,10,AZ,2687.3
2007,11,AZ,2684.5
2007,12,AZ,2680.5
2008,1,AZ,2676.4
2008,2,AZ,2671.9
2008,3,AZ,2659.8
2008,4,AZ,2652.1
2008,5,AZ,2645.4
2008,6,AZ,2636.6
2008,7,AZ,2620.4
2008,8,AZ,2617.0
2008,9,AZ,2604.3
2008,10,AZ,2582.9
2008,11,AZ,2563.8
2008,12,AZ,2541.8
2009,1,AZ,2518.9
2009,2,AZ,2491.2
2009,3,AZ,2471.6
2009,4,AZ,2447.2
2009,5,AZ,2438.2
2009,6,AZ,2427.1
2009,7,AZ,2419.2
2009,8,AZ,2409.6
2009,9,AZ,2398.8
2009,10,AZ,2391.0
2009,11,AZ,2388.2
2009,12,AZ,2383.3
2010,1,AZ,2384.1
2010,2,AZ,2381.9
2010,3,AZ,2383.5
2010,4,AZ,2386.2
2010,5,AZ,2398.9
2010,6,AZ,2389.5
2010,7,AZ,2382.3
2010,8,AZ,2380.1
2010,9,AZ,2372.7
2010,10,AZ,2386.5
2010,11,AZ,2389.0
2010,12,AZ,2395.3
2011,1,AZ,2395.5
2011,2,AZ,2398.6
2011,3,AZ,2400.5
2011,4,AZ,2405.3
2011,5,AZ,2412.5
2011,6,AZ,2401.7
2011,7,AZ,2400.4
2011,8,AZ,2416.8
2011,9,AZ,2423.0
2011,10,AZ,2424.6
2011,11,AZ,2429.1
2011,12,AZ,2432.3
2012,1,AZ,2440.1
2012,2,AZ,2442.8
2012,3,AZ,2451.3
2012,4,AZ,2451.4
2012,5,AZ,2452.3
2012,6,AZ,2462.0
2012,7,AZ,2454.5
2012,8,AZ,2468.2
2012,9,AZ,2476.1
2012,10,AZ,2477.8
2012,11,AZ,2483.4
2012,12,AZ,2488.6
2013,1,AZ,2491.7
2013,2,AZ,2497.7
2013,3,AZ,2502.3
2013,4,AZ,2509.7
2013,5,AZ,2514.8
2013,6,AZ,2517.1
2013,7,AZ,2520.7
2013,8,AZ,2526.3
2013,9,AZ,2532.1
2013,10,AZ,2535.5
2013,11,AZ,2543.5
2013,12,AZ,2547.6
2014,1,AZ,2547.6
2014,2,AZ,2548.9
2014,3,AZ,2551.1
2014,4,AZ,2560.5
2014,5,AZ,2558.8
2014,6,AZ,2566.9
2014,7,AZ,2569.6
2014,8,AZ,2572.8
2014,9,AZ,2578.2
2014,10,AZ,2587.2
2014,11,AZ,2596.0
2014,12,AZ,2603.8
2015,1,AZ,2606.3
2015,2,AZ,2610.9
2015,3,AZ,2613.8
2015,4,AZ,2617.3
2015,5,AZ,2625.0
2015,6,AZ,2627.0
2015,7,AZ,2631.9
2015,8,AZ,2645.3
2015,9,AZ,2647.1
2015,10,AZ,2659.2
2015,11,AZ,2669.6
2015,12,AZ,2670.4
2016,1,AZ,2671.9
2016,2,AZ,2682.0
2016,3,AZ,2688.1
2016,4,AZ,2695.9
2016,5,AZ,2701.9
2016,6,AZ,2697.4
2016,7,AZ,2717.3
2016,8,AZ,2718.8
2016,9,AZ,2729.8
2016,10,AZ,2731.4
2016,11,AZ,2732.0
2016,12,AZ,2738.0
2017,1,AZ,2741.4
2017,2,AZ,2749.3
2017,3,AZ,2757.4
2017,4,AZ,2765.9
2017,5,AZ,2768.4
2017,6,AZ,2778.6
2017,7,AZ,2779.1
2017,8,AZ,2784.1
2017,9,AZ,2795.2
2017,10,AZ,2798.3
2017,11,AZ,2801.7
2017,12,AZ,2809.6
2018,1,AZ,2817.2
2018,2,AZ,2828.9
2018,3,AZ,2839.5
2018,4,AZ,2838.8
2018,5,AZ,2847.4
2018,6,AZ,2852.9
2018,7,AZ,2859.0
2018,8,AZ,2866.0
2018,9,AZ,2878.3
2018,10,AZ,2881.7
2018,11,AZ,2889.8
2018,12,AZ,2895.6
2019,1,AZ,2907.1
2019,2,AZ,2912.7
2019,3,AZ,2922.2
2019,4,AZ,2925.8
2019,5,AZ,2931.0
2019,6,AZ,2931.9
2019,7,AZ,2936.3
2019,8,AZ,2958.6
2019,9,AZ,2960.5
2019,10,AZ,2964.4
2019,11,AZ,2974.1
2019,12,AZ,2987.4
2020,1,AZ,2988.3
2020,2,AZ,2994.7
2020,3,AZ,2980.6
2020,4,AZ,2652.9
2020,5,AZ,2737.3
2020,6,AZ,2805.2
2020,7,AZ,2786.7
2020,8,AZ,2818.6
2020,9,AZ,2839.5
2020,10,AZ,2864.3
2020,11,AZ,2881.3
2020,12,AZ,2891.9
2021,1,AZ,2893.3
2021,2,AZ,2905.1
2021,3,AZ,2923.6
2021,4,AZ,2927.6
2021,5,AZ,2943.0
2021,6,AZ,2963.8
2021,7,AZ,2983.3
2021,8,AZ,2990.9
2021,9,AZ,3002.4
2021,10,AZ,3024.8
2021,11,AZ,3031.0
2021,12,AZ,3048.0
2022,1,AZ,3049.2
2022,2,AZ,3068.3
2022,3,AZ,3074.0
2022,4,AZ,3095.3
2022,5,AZ,3104.1
2022,6,AZ,3106.5
2022,7,AZ,3124.8
2022,8,AZ,3128.0
2022,9,AZ,3135.3
2022,10,AZ,3146.1
2022,11,AZ,3154.8
2022,12,AZ,3151.2
2023,1,AZ,3157.9
2023,2,AZ,3168.2
2023,3,AZ,3169.5
2023,4,AZ,3191.1
2023,5,AZ,3195.5
2023,6,AZ,3208.8
2023,7,AZ,3212.0
2023,8,AZ,3218.4
2023,9,AZ,3229.7
2023,10,AZ,3198.6
2023,11,AZ,3211.5
2023,12,AZ,3223.3
2024,1,AZ,3257.8
2024,2,AZ,3260.4
2024,3,AZ,3266.2
2024,4,AZ,3244.3
2024,5,AZ,3240.2
2024,6,AZ,3238.5
2024,7,AZ,3215.8
2024,8,AZ,3212.3
2024,9,AZ,3224.2
2024,10,AZ,3224.3
2024,11,AZ,3233.7
2024,12,AZ,3240.2
2025,1,AZ,3241.9
2025,2,AZ,3245.0
2025,3,AZ,3254.7
2025,4,AZ,3268.8
2025,5,AZ,3265.5
2025,6,AZ,3250.3
2025,7,AZ,3253.0
2025,8,AZ,3254.6
2025,9,AZ,3258.1
2025,10,AZ,3262.3
2025,11,AZ,3258.2
2025,12,AZ,3264.6
1990,1,AR,912.7
1990,2,AR,912.3
1990,3,AR,915.7
1990,4,AR,918.2
1990,5,AR,921.6
1990,6,AR,924.3
1990,7,AR,926.9
1990,8,AR,927.9
1990,9,AR,931.0
1990,10,AR,927.6
1990,11,AR,928.8
1990,12,AR,928.6
1991,1,AR,924.3
1991,2,AR,926.6
1991,3,AR,930.0
1991,4,AR,930.2
1991,5,AR,928.7
1991,6,AR,933.6
1991,7,AR,935.8
1991,8,AR,939.3
1991,9,AR,941.4
1991,10,AR,944.6
1991,11,AR,943.6
1991,12,AR,946.0
1992,1,AR,950.9
1992,2,AR,952.4
1992,3,AR,954.4
1992,4,AR,957.1
1992,5,AR,961.4
1992,6,AR,962.8
1992,7,AR,962.5
1992,8,AR,963.6
1992,9,AR,964.7
1992,10,AR,968.3
1992,11,AR,971.0
1992,12,AR,973.5
1993,1,AR,976.8
1993,2,AR,980.9
1993,3,AR,982.1
1993,4,AR,985.8
1993,5,AR,987.8
1993,6,AR,989.5
1993,7,AR,993.1
1993,8,AR,995.3
1993,9,AR,997.8
1993,10,AR,1004.9
1993,11,AR,1007.6
1993,12,AR,1011.1
1994,1,AR,1011.7
1994,2,AR,1012.0
1994,3,AR,1017.0
1994,4,AR,1023.4
1994,5,AR,1030.6
1994,6,AR,1032.9
1994,7,AR,1039.5
1994,8,AR,1041.3
1994,9,AR,1047.1
1994,10,AR,1046.3
1994,11,AR,1049.1
1994,12,AR,1051.4
1995,1,AR,1058.2
1995,2,AR,1060.9
1995,3,AR,1063.9
1995,4,AR,1063.2
1995,5,AR,1062.3
1995,6,AR,1067.3
1995,7,AR,1068.4
1995,8,AR,1072.0
1995,9,AR,1075.3
1995,10,AR,1074.9
1995,11,AR,1076.2
1995,12,AR,1079.4
1996,1,AR,1080.5
1996,2,AR,1078.7
1996,3,AR,1081.8
1996,4,AR,1081.9
1996,5,AR,1084.2
1996,6,AR,1087.0
1996,7,AR,1090.6
1996,8,AR,1091.8
1996,9,AR,1089.1
1996,10,AR,1089.7
1996,11,AR,1092.5
1996,12,AR,1091.1
1997,1,AR,1090.6
1997,2,AR,1093.4
1997,3,AR,1095.6
1997,4,AR,1101.1
1997,5,AR,1101.8
1997,6,AR,1100.9
1997,7,AR,1107.0
1997,8,AR,1107.7
1997,9,AR,1107.8
1997,10,AR,1112.5
1997,11,AR,1113.7
1997,12,AR,1115.4
1998,1,AR,1114.6
1998,2,AR,1115.7
1998,3,AR,1115.4
1998,4,AR,1116.6
1998,5,AR,1120.6
1998,6,AR,1121.4
1998,7,AR,1123.8
1998,8,AR,1123.6
1998,9,AR,1124.0
1998,10,AR,1127.1
1998,11,AR,1129.1
1998,12,AR,1128.9
1999,1,AR,1131.7
1999,2,AR,1134.5
1999,3,AR,1134.5
1999,4,AR,1136.4
1999,5,AR,1136.7
1999,6,AR,1138.2
1999,7,AR,1142.0
1999,8,AR,1144.5
1999,9,AR,1143.4
1999,10,AR,1148.2
1999,11,AR,1152.4
1999,12,AR,1156.2
2000,1,AR,1154.5
2000,2,AR,1156.2
2000,3,AR,1160.6
2000,4,AR,1156.8
2000,5,AR,1159.6
2000,6,AR,1160.3
2000,7,AR,1158.0
2000,8,AR,1160.1
2000,9,AR,1159.2
2000,10,AR,1160.9
2000,11,AR,1160.5
2000,12,AR,1156.6
2001,1,AR,1158.1
2001,2,AR,1159.0
2001,3,AR,1158.7
2001,4,AR,1158.9
2001,5,AR,1156.3
2001,6,AR,1153.6
2001,7,AR,1152.0
2001,8,AR,1152.3
2001,9,AR,1148.9
2001,10,AR,1148.7
2001,11,AR,1146.8
2001,12,AR,1144.1
2002,1,AR,1143.0
2002,2,AR,1143.6
2002,3,AR,1145.3
2002,4,AR,1146.7
2002,5,AR,1147.6
2002,6,AR,1148.7
2002,7,AR,1148.6
2002,8,AR,1146.2
2002,9,AR,1147.9
2002,10,AR,1145.2
2002,11,AR,1144.6
2002,12,AR,1144.8
2003,1,AR,1145.1
2003,2,AR,1142.6
2003,3,AR,1139.5
2003,4,AR,1139.9
2003,5,AR,1140.9
2003,6,AR,1139.9
2003,7,AR,1142.3
2003,8,AR,1144.8
2003,9,AR,1146.1
2003,10,AR,1150.7
2003,11,AR,1149.6
2003,12,AR,1150.9
2004,1,AR,1151.1
2004,2,AR,1152.1
2004,3,AR,1152.5
2004,4,AR,1152.4
2004,5,AR,1154.1
2004,6,AR,1156.4
2004,7,AR,1157.1
2004,8,AR,1161.0
2004,9,AR,1159.3
2004,10,AR,1162.5
2004,11,AR,1165.3
2004,12,AR,1166.8
2005,1,AR,1167.2
2005,2,AR,1170.9
2005,3,AR,1172.0
2005,4,AR,1173.1
2005,5,AR,1174.2
2005,6,AR,1175.8
2005,7,AR,1177.9
2005,8,AR,1179.2
2005,9,AR,1182.1
2005,10,AR,1182.1
2005,11,AR,1186.2
2005,12,AR,1187.3
2006,1,AR,1193.3
2006,2,AR,1195.3
2006,3,AR,1197.0
2006,4,AR,1200.6
2006,5,AR,1199.0
2006,6,AR,1201.5
2006,7,AR,1198.3
2006,8,AR,1198.9
2006,9,AR,1199.7
2006,10,AR,1199.2
2006,11,AR,1198.4
2006,12,AR,1199.8
2007,1,AR,1200.7
2007,2,AR,1202.0
2007,3,AR,1206.9
2007,4,AR,1204.7
2007,5,AR,1204.5
2007,6,AR,1205.3
2007,7,AR,1201.3
2007,8,AR,1204.6
2007,9,AR,1203.9
2007,10,AR,1204.2
2007,11,AR,1205.6
2007,12,AR,1206.7
2008,1,AR,1206.8
2008,2,AR,1209.5
2008,3,AR,1207.0
2008,4,AR,1205.0
2008,5,AR,1203.7
2008,6,AR,1204.9
2008,7,AR,1203.9
2008,8,AR,1203.5
2008,9,AR,1202.7
2008,10,AR,1198.4
2008,11,AR,1193.8
2008,12,AR,1188.5
2009,1,AR,1183.2
2009,2,AR,1180.7
2009,3,AR,1174.0
2009,4,AR,1169.9
2009,5,AR,1163.4
2009,6,AR,1161.0
2009,7,AR,1160.8
2009,8,AR,1159.9
2009,9,AR,1157.2
2009,10,AR,1154.0
2009,11,AR,1156.2
2009,12,AR,1154.5
2010,1,AR,1151.8
2010,2,AR,1150.1
2010,3,AR,1155.4
2010,4,AR,1158.5
2010,5,AR,1167.6
2010,6,AR,1174.0
2010,7,AR,1168.8
2010,8,AR,1169.7
2010,9,AR,1164.6
2010,10,AR,1164.3
2010,11,AR,1164.4
2010,12,AR,1165.1
2011,1,AR,1164.1
2011,2,AR,1160.4
2011,3,AR,1163.7
2011,4,AR,1172.6
2011,5,AR,1165.5
2011,6,AR,1162.8
2011,7,AR,1171.9
2011,8,AR,1172.3
2011,9,AR,1171.7
2011,10,AR,1176.4
2011,11,AR,1176.0
2011,12,AR,1175.5
2012,1,AR,1176.3
2012,2,AR,1176.6
2012,3,AR,1179.4
2012,4,AR,1179.2
2012,5,AR,1179.4
2012,6,AR,1178.9
2012,7,AR,1175.0
2012,8,AR,1176.6
2012,9,AR,1175.3
2012,10,AR,1175.8
2012,11,AR,1175.2
2012,12,AR,1178.9
2013,1,AR,1177.7
2013,2,AR,1180.0
2013,3,AR,1179.0
2013,4,AR,1178.6
2013,5,AR,1176.8
2013,6,AR,1174.6
2013,7,AR,1176.4
2013,8,AR,1175.8
2013,9,AR,1178.2
2013,10,AR,1179.5
2013,11,AR,1179.9
2013,12,AR,1176.2
2014,1,AR,1180.5
2014,2,AR,1182.1
2014,3,AR,1183.6
2014,4,AR,1185.8
2014,5,AR,1188.0
2014,6,AR,1188.5
2014,7,AR,1188.9
2014,8,AR,1190.8
2014,9,AR,1194.4
2014,10,AR,1195.5
2014,11,AR,1198.8
2014,12,AR,1203.1
2015,1,AR,1202.4
2015,2,AR,1205.1
2015,3,AR,1199.3
2015,4,AR,1203.6
2015,5,AR,1210.0
2015,6,AR,1211.8
2015,7,AR,1216.0
2015,8,AR,1218.8
2015,9,AR,1221.3
2015,10,AR,1222.3
2015,11,AR,1224.9
2015,12,AR,1227.7
2016,1,AR,1225.1
2016,2,AR,1227.9
2016,3,AR,1228.9
2016,4,AR,1229.6
2016,5,AR,1230.8
2016,6,AR,1232.4
2016,7,AR,1235.6
2016,8,AR,1236.0
2016,9,AR,1238.7
2016,10,AR,1238.2
2016,11,AR,1238.5
2016,12,AR,1239.3
2017,1,AR,1240.2
2017,2,AR,1243.5
2017,3,AR,1245.1
2017,4,AR,1247.2
2017,5,AR,1246.7
2017,6,AR,1249.3
2017,7,AR,1250.1
2017,8,AR,1251.3
2017,9,AR,1254.0
2017,10,AR,1254.7
2017,11,AR,1256.4
2017,12,AR,1256.8
2018,1,AR,1257.9
2018,2,AR,1260.8
2018,3,AR,1262.1
2018,4,AR,1262.8
2018,5,AR,1265.0
2018,6,AR,1264.9
2018,7,AR,1269.3
2018,8,AR,1271.2
2018,9,AR,1273.6
2018,10,AR,1272.8
2018,11,AR,1273.2
2018,12,AR,1275.5
2019,1,AR,1279.2
2019,2,AR,1280.2
2019,3,AR,1279.6
2019,4,AR,1280.4
2019,5,AR,1279.6
2019,6,AR,1278.6
2019,7,AR,1281.1
2019,8,AR,1282.2
2019,9,AR,1282.5
2019,10,AR,1285.2
2019,11,AR,1288.2
2019,12,AR,1290.0
2020,1,AR,1294.2
2020,2,AR,1293.9
2020,3,AR,1290.5
2020,4,AR,1167.0
2020,5,AR,1196.7
2020,6,AR,1224.4
2020,7,AR,1232.2
2020,8,AR,1246.5
2020,9,AR,1248.5
2020,10,AR,1256.0
2020,11,AR,1261.4
2020,12,AR,1257.4
2021,1,AR,1266.6
2021,2,AR,1261.0
2021,3,AR,1274.0
2021,4,AR,1273.2
2021,5,AR,1275.4
2021,6,AR,1280.2
2021,7,AR,1283.0
2021,8,AR,1286.8
2021,9,AR,1284.5
2021,10,AR,1297.5
2021,11,AR,1300.6
2021,12,AR,1304.2
2022,1,AR,1305.8
2022,2,AR,1313.4
2022,3,AR,1314.8
2022,4,AR,1318.3
2022,5,AR,1322.7
2022,6,AR,1326.2
2022,7,AR,1332.9
2022,8,AR,1336.9
2022,9,AR,1340.0
2022,10,AR,1338.7
2022,11,AR,1341.8
2022,12,AR,1342.3
2023,1,AR,1346.2
2023,2,AR,1346.5
2023,3,AR,1348.2
2023,4,AR,1348.1
2023,5,AR,1349.4
2023,6,AR,1353.4
2023,7,AR,1349.6
2023,8,AR,1352.1
2023,9,AR,1355.6
2023,10,AR,1354.9
2023,11,AR,1354.7
2023,12,AR,1358.2
2024,1,AR,1356.2
2024,2,AR,1360.8
2024,3,AR,1364.5
2024,4,AR,1362.8
2024,5,AR,1362.3
2024,6,AR,1363.4
2024,7,AR,1365.8
2024,8,AR,1367.5
2024,9,AR,1367.7
2024,10,AR,1371.2
2024,11,AR,1375.1
2024,12,AR,1377.2
2025,1,AR,1379.2
2025,2,AR,1381.7
2025,3,AR,1381.8
2025,4,AR,1379.0
2025,5,AR,1379.8
2025,6,AR,1379.2
2025,7,AR,1383.3
2025,8,AR,1385.4
2025,9,AR,1389.6
2025,10,AR,1391.9
2025,11,AR,1391.4
2025,12,AR,1392.9
1990,1,CA,12496.6
1990,2,CA,12514.4
1990,3,CA,12515.5
1990,4,CA,12535.5
1990,5,CA,12547.8
1990,6,CA,12551.1
1990,7,CA,12573.7
1990,8,CA,12554.8
1990,9,CA,12546.5
1990,10,CA,12563.4
1990,11,CA,12548.6
1990,12,CA,12548.2
1991,1,CA,12522.8
1991,2,CA,12485.7
1991,3,CA,12442.5
1991,4,CA,12445.5
1991,5,CA,12417.9
1991,6,CA,12393.7
1991,7,CA,12398.6
1991,8,CA,12391.8
1991,9,CA,12377.5
1991,10,CA,12377.0
1991,11,CA,12340.2
1991,12,CA,12312.9
1992,1,CA,12274.3
1992,2,CA,12235.6
1992,3,CA,12265.7
1992,4,CA,12259.9
1992,5,CA,12240.6
1992,6,CA,12210.7
1992,7,CA,12218.0
1992,8,CA,12182.1
1992,9,CA,12154.9
1992,10,CA,12167.2
1992,11,CA,12157.6
1992,12,CA,12114.5
1993,1,CA,12151.0
1993,2,CA,12120.2
1993,3,CA,12090.4
1993,4,CA,12066.0
1993,5,CA,12064.8
1993,6,CA,12070.8
1993,7,CA,12097.4
1993,8,CA,12100.5
1993,9,CA,12091.3
1993,10,CA,12089.0
1993,11,CA,12083.1
1993,12,CA,12108.5
1994,1,CA,12115.4
1994,2,CA,12131.8
1994,3,CA,12170.2
1994,4,CA,12164.0
1994,5,CA,12175.6
1994,6,CA,12189.9
1994,7,CA,12220.7
1994,8,CA,12229.3
1994,9,CA,12259.8
1994,10,CA,12266.4
1994,11,CA,12299.2
1994,12,CA,12332.3
1995,1,CA,12327.9
1995,2,CA,12391.2
1995,3,CA,12397.4
1995,4,CA,12414.3
1995,5,CA,12441.6
1995,6,CA,12474.1
1995,7,CA,12463.5
1995,8,CA,12512.5
1995,9,CA,12567.5
1995,10,CA,12548.1
1995,11,CA,12592.9
1995,12,CA,12606.4
1996,1,CA,12665.9
1996,2,CA,12706.2
1996,3,CA,12721.6
1996,4,CA,12717.4
1996,5,CA,12769.1
1996,6,CA,12782.7
1996,7,CA,12802.0
1996,8,CA,12836.4
1996,9,CA,12864.5
1996,10,CA,12903.0
1996,11,CA,12959.6
1996,12,CA,12952.5
1997,1,CA,12972.1
1997,2,CA,13027.8
1997,3,CA,13081.9
1997,4,CA,13145.5
1997,5,CA,13177.6
1997,6,CA,13198.3
1997,7,CA,13233.2
1997,8,CA,13251.6
1997,9,CA,13291.9
1997,10,CA,13327.1
1997,11,CA,13338.2
1997,12,CA,13390.7
1998,1,CA,13479.3
1998,2,CA,13499.0
1998,3,CA,13528.9
1998,4,CA,13568.1
1998,5,CA,13628.2
1998,6,CA,13664.1
1998,7,CA,13715.1
1998,8,CA,13758.2
1998,9,CA,13811.3
1998,10,CA,13830.0
1998,11,CA,13872.3
1998,12,CA,13887.4
1999,1,CA,13879.0
1999,2,CA,13914.8
1999,3,CA,13938.1
1999,4,CA,13994.2
1999,5,CA,14027.0
1999,6,CA,14042.4
1999,7,CA,14134.6
1999,8,CA,14145.0
1999,9,CA,14190.6
1999,10,CA,14248.4
1999,11,CA,14280.4
1999,12,CA,14320.8
2000,1,CA,14343.5
2000,2,CA,14384.2
2000,3,CA,14431.1
2000,4,CA,14482.9
2000,5,CA,14550.7
2000,6,CA,14592.4
2000,7,CA,14625.3
2000,8,CA,14658.1
2000,9,CA,14717.4
2000,10,CA,14711.9
2000,11,CA,14756.6
2000,12,CA,14798.4
2001,1,CA,14830.5
2001,2,CA,14826.7
2001,3,CA,14830.7
2001,4,CA,14794.2
2001,5,CA,14771.1
2001,6,CA,14762.5
2001,7,CA,14697.4
2001,8,CA,14697.6
2001,9,CA,14657.5
2001,10,CA,14632.8
2001,11,CA,14588.5
2001,12,CA,14566.9
2002,1,CA,14574.5
2002,2,CA,14578.8
2002,3,CA,14600.6
2002,4,CA,14614.3
2002,5,CA,14629.0
2002,6,CA,14620.0
2002,7,CA,14584.7
2002,8,CA,14596.8
2002,9,CA,14600.8
2002,10,CA,14609.0
2002,11,CA,14616.3
2002,12,CA,14602.8
2003,1,CA,14591.5
2003,2,CA,14574.3
2003,3,CA,14559.3
2003,4,CA,14579.3
2003,5,CA,14575.2
2003,6,CA,14578.3
2003,7,CA,14556.6
2003,8,CA,14567.4
2003,9,CA,14566.9
2003,10,CA,14596.6
2003,11,CA,14581.2
2003,12,CA,14589.9
2004,1,CA,14625.6
2004,2,CA,14641.7
2004,3,CA,14666.8
2004,4,CA,14684.6
2004,5,CA,14711.1
2004,6,CA,14723.1
2004,7,CA,14777.5
2004,8,CA,14772.8
2004,9,CA,14782.6
2004,10,CA,14839.7
2004,11,CA,14863.0
2004,12,CA,14865.3
2005,1,CA,14880.5
2005,2,CA,14905.8
2005,3,CA,14930.1
2005,4,CA,14981.6
2005,5,CA,14985.7
2005,6,CA,15005.5
2005,7,CA,15062.2
2005,8,CA,15093.6
2005,9,CA,15140.0
2005,10,CA,15147.4
2005,11,CA,15186.9
2005,12,CA,15222.1
2006,1,CA,15212.3
2006,2,CA,15252.6
2006,3,CA,15257.8
2006,4,CA,15266.8
2006,5,CA,15312.9
2006,6,CA,15348.7
2006,7,CA,15342.0
2006,8,CA,15370.1
2006,9,CA,15388.4
2006,10,CA,15380.4
2006,11,CA,15386.4
2006,12,CA,15398.9
2007,1,CA,15408.4
2007,2,CA,15435.1
2007,3,CA,15464.9
2007,4,CA,15423.8
2007,5,CA,15445.6
2007,6,CA,15467.4
2007,7,CA,15502.3
2007,8,CA,15488.0
2007,9,CA,15482.4
2007,10,CA,15465.7
2007,11,CA,15477.2
2007,12,CA,15485.3
2008,1,CA,15432.8
2008,2,CA,15443.8
2008,3,CA,15421.3
2008,4,CA,15430.6
2008,5,CA,15398.3
2008,6,CA,15374.2
2008,7,CA,15344.2
2008,8,CA,15293.2
2008,9,CA,15260.9
2008,10,CA,15161.3
2008,11,CA,15061.7
2008,12,CA,14981.6
2009,1,CA,14861.8
2009,2,CA,14727.8
2009,3,CA,14634.7
2009,4,CA,14545.0
2009,5,CA,14493.5
2009,6,CA,14427.2
2009,7,CA,14319.6
2009,8,CA,14276.1
2009,9,CA,14226.0
2009,10,CA,14265.9
2009,11,CA,14248.8
2009,12,CA,14226.4
2010,1,CA,14214.9
2010,2,CA,14191.3
2010,3,CA,14195.5
2010,4,CA,14290.3
2010,5,CA,14328.8
2010,6,CA,14311.8
2010,7,CA,14287.4
2010,8,CA,14282.2
2010,9,CA,14276.2
2010,10,CA,14332.6
2010,11,CA,14331.2
2010,12,CA,14343.0
2011,1,CA,14368.0
2011,2,CA,14373.6
2011,3,CA,14374.8
2011,4,CA,14401.9
2011,5,CA,14401.7
2011,6,CA,14398.1
2011,7,CA,14439.1
2011,8,CA,14453.5
2011,9,CA,14485.2
2011,10,CA,14493.4
2011,11,CA,14515.0
2011,12,CA,14533.9
2012,1,CA,14600.2
2012,2,CA,14622.1
2012,3,CA,14659.0
2012,4,CA,14672.7
2012,5,CA,14714.6
2012,6,CA,14765.6
2012,7,CA,14780.8
2012,8,CA,14806.1
2012,9,CA,14829.4
2012,10,CA,14862.8
2012,11,CA,14900.6
2012,12,CA,14930.8
2013,1,CA,14958.1
2013,2,CA,15007.6
2013,3,CA,15035.3
2013,4,CA,15074.7
2013,5,CA,15107.1
2013,6,CA,15128.6
2013,7,CA,15157.9
2013,8,CA,15208.9
2013,9,CA,15223.6
2013,10,CA,15258.2
2013,11,CA,15311.3
2013,12,CA,15344.7
2014,1,CA,15381.8
2014,2,CA,15410.7
2014,3,CA,15449.6
2014,4,CA,15486.3
2014,5,CA,15525.1
2014,6,CA,15555.4
2014,7,CA,15562.2
2014,8,CA,15628.5
2014,9,CA,15668.1
2014,10,CA,15701.1
2014,11,CA,15744.9
2014,12,CA,15782.1
2015,1,CA,15813.7
2015,2,CA,15843.2
2015,3,CA,15888.3
2015,4,CA,15914.8
2015,5,CA,15964.1
2015,6,CA,16005.1
2015,7,CA,16093.5
2015,8,CA,16141.5
2015,9,CA,16161.8
2015,10,CA,16225.4
2015,11,CA,16250.1
2015,12,CA,16285.9
2016,1,CA,16309.2
2016,2,CA,16349.1
2016,3,CA,16326.8
2016,4,CA,16429.4
2016,5,CA,16451.7
2016,6,CA,16437.3
2016,7,CA,16519.3
2016,8,CA,16531.3
2016,9,CA,16564.8
2016,10,CA,16586.6
2016,11,CA,16609.3
2016,12,CA,16628.4
2017,1,CA,16636.0
2017,2,CA,16673.9
2017,3,CA,16715.5
2017,4,CA,16742.5
2017,5,CA,16798.4
2017,6,CA,16841.9
2017,7,CA,16842.4
2017,8,CA,16862.3
2017,9,CA,16909.4
2017,10,CA,16932.5
2017,11,CA,16958.6
2017,12,CA,17009.1
2018,1,CA,17043.5
2018,2,CA,17084.4
2018,3,CA,17091.9
2018,4,CA,17102.9
2018,5,CA,17125.3
2018,6,CA,17170.8
2018,7,CA,17161.4
2018,8,CA,17200.1
2018,9,CA,17230.4
2018,10,CA,17259.8
2018,11,CA,17274.1
2018,12,CA,17320.5
2019,1,CA,17325.8
2019,2,CA,17334.5
2019,3,CA,17356.5
2019,4,CA,17359.3
2019,5,CA,17385.2
2019,6,CA,17421.6
2019,7,CA,17431.4
2019,8,CA,17463.8
2019,9,CA,17475.2
2019,10,CA,17497.3
2019,11,CA,17558.5
2019,12,CA,17572.1
2020,1,CA,17643.2
2020,2,CA,17663.9
2020,3,CA,17483.9
2020,4,CA,14919.8
2020,5,CA,15107.5
2020,6,CA,15623.1
2020,7,CA,15670.3
2020,8,CA,15762.2
2020,9,CA,15912.9
2020,10,CA,16119.2
2020,11,CA,16185.0
2020,12,CA,16101.0
2021,1,CA,16000.7
2021,2,CA,16207.4
2021,3,CA,16339.6
2021,4,CA,16494.1
2021,5,CA,16617.0
2021,6,CA,16686.3
2021,7,CA,16865.1
2021,8,CA,16964.2
2021,9,CA,16957.2
2021,10,CA,17217.3
2021,11,CA,17277.2
2021,12,CA,17343.5
2022,1,CA,17357.9
2022,2,CA,17489.5
2022,3,CA,17553.9
2022,4,CA,17613.3
2022,5,CA,17648.2
2022,6,CA,17684.9
2022,7,CA,17738.4
2022,8,CA,17769.7
2022,9,CA,17784.1
2022,10,CA,17786.6
2022,11,CA,17794.1
2022,12,CA,17798.6
2023,1,CA,17759.8
2023,2,CA,17780.0
2023,3,CA,17770.2
2023,4,CA,17782.6
2023,5,CA,17829.8
2023,6,CA,17842.9
2023,7,CA,17806.4
2023,8,CA,17834.5
2023,9,CA,17870.2
2023,10,CA,17852.2
2023,11,CA,17852.3
2023,12,CA,17878.7
2024,1,CA,18010.0
2024,2,CA,17925.3
2024,3,CA,17931.1
2024,4,CA,17932.1
2024,5,CA,17930.3
2024,6,CA,17910.0
2024,7,CA,17938.9
2024,8,CA,17941.7
2024,9,CA,17930.8
2024,10,CA,17951.3
2024,11,CA,17993.4
2024,12,CA,18032.4
2025,1,CA,18011.0
2025,2,CA,17989.2
2025,3,CA,17982.4
2025,4,CA,18005.5
2025,5,CA,18017.2
2025,6,CA,18007.7
2025,7,CA,18007.4
2025,8,CA,17997.1
2025,9,CA,17990.9
2025,10,CA,17992.4
2025,11,CA,18022.9
2025,12,CA,18021.2
1990,1,CO,1502.2
1990,2,CO,1506.5
1990,3,CO,1510.6
1990,4,CO,1514.3
1990,5,CO,1523.7
1990,6,CO,1522.1
1990,7,CO,1522.4
1990,8,CO,1525.2
1990,9,CO,1529.2
1990,10,CO,1527.1
1990,11,CO,1534.4
1990,12,CO,1532.6
1991,1,CO,1538.1
1991,2,CO,1535.6
1991,3,CO,1536.5
1991,4,CO,1537.7
1991,5,CO,1539.0
1991,6,CO,1543.3
1991,7,CO,1544.6
1991,8,CO,1542.2
1991,9,CO,1548.9
1991,10,CO,1553.7
1991,11,CO,1558.9
1991,12,CO,1563.1
1992,1,CO,1567.9
1992,2,CO,1571.3
1992,3,CO,1575.4
1992,4,CO,1581.3
1992,5,CO,1591.0
1992,6,CO,1593.5
1992,7,CO,1601.6
1992,8,CO,1604.1
1992,9,CO,1609.4
1992,10,CO,1615.8
1992,11,CO,1620.1
1992,12,CO,1622.4
1993,1,CO,1632.5
1993,2,CO,1640.9
1993,3,CO,1649.1
1993,4,CO,1658.4
1993,5,CO,1658.5
1993,6,CO,1665.4
1993,7,CO,1675.0
1993,8,CO,1680.7
1993,9,CO,1683.3
1993,10,CO,1693.8
1993,11,CO,1697.9
1993,12,CO,1704.8
1994,1,CO,1716.6
1994,2,CO,1719.4
1994,3,CO,1725.5
1994,4,CO,1738.3
1994,5,CO,1745.7
1994,6,CO,1751.0
1994,7,CO,1759.5
1994,8,CO,1766.2
1994,9,CO,1773.6
1994,10,CO,1781.1
1994,11,CO,1791.3
1994,12,CO,1797.1
1995,1,CO,1803.7
1995,2,CO,1810.5
1995,3,CO,1818.2
1995,4,CO,1820.7
1995,5,CO,1823.6
1995,6,CO,1831.7
1995,7,CO,1833.5
1995,8,CO,1841.8
1995,9,CO,1851.3
1995,10,CO,1855.0
1995,11,CO,1860.2
1995,12,CO,1867.1
1996,1,CO,1872.3
1996,2,CO,1874.5
1996,3,CO,1882.2
1996,4,CO,1889.8
1996,5,CO,1896.9
1996,6,CO,1899.6
1996,7,CO,1894.3
1996,8,CO,1905.9
1996,9,CO,1912.9
1996,10,CO,1919.4
1996,11,CO,1928.5
1996,12,CO,1932.6
1997,1,CO,1942.3
1997,2,CO,1948.9
1997,3,CO,1955.4
1997,4,CO,1955.7
1997,5,CO,1967.4
1997,6,CO,1975.0
1997,7,CO,1984.1
1997,8,CO,1985.9
1997,9,CO,1995.6
1997,10,CO,2005.6
1997,11,CO,2015.1
1997,12,CO,2021.2
1998,1,CO,2027.1
1998,2,CO,2030.4
1998,3,CO,2036.0
1998,4,CO,2037.7
1998,5,CO,2048.8
1998,6,CO,2052.2
1998,7,CO,2060.5
1998,8,CO,2064.4
1998,9,CO,2068.7
1998,10,CO,2076.5
1998,11,CO,2084.4
1998,12,CO,2090.5
1999,1,CO,2100.6
1999,2,CO,2110.3
1999,3,CO,2109.1
1999,4,CO,2129.1
1999,5,CO,2123.8
1999,6,CO,2129.2
1999,7,CO,2132.4
1999,8,CO,2134.7
1999,9,CO,2140.4
1999,10,CO,2152.1
1999,11,CO,2156.2
1999,12,CO,2162.0
2000,1,CO,2171.7
2000,2,CO,2178.0
2000,3,CO,2191.8
2000,4,CO,2198.3
2000,5,CO,2209.1
2000,6,CO,2209.8
2000,7,CO,2216.5
2000,8,CO,2227.2
2000,9,CO,2230.8
2000,10,CO,2237.2
2000,11,CO,2243.6
2000,12,CO,2249.3
2001,1,CO,2249.0
2001,2,CO,2248.5
2001,3,CO,2248.3
2001,4,CO,2240.5
2001,5,CO,2237.4
2001,6,CO,2236.1
2001,7,CO,2228.6
2001,8,CO,2225.0
2001,9,CO,2215.1
2001,10,CO,2204.7
2001,11,CO,2195.2
2001,12,CO,2188.3
2002,1,CO,2187.6
2002,2,CO,2186.8
2002,3,CO,2185.1
2002,4,CO,2190.9
2002,5,CO,2193.3
2002,6,CO,2190.5
2002,7,CO,2182.7
2002,8,CO,2184.5
2002,9,CO,2178.2
2002,10,CO,2176.4
2002,11,CO,2175.1
2002,12,CO,2174.5
2003,1,CO,2165.7
2003,2,CO,2160.6
2003,3,CO,2151.9
2003,4,CO,2147.6
2003,5,CO,2147.7
2003,6,CO,2145.6
2003,7,CO,2145.9
2003,8,CO,2149.7
2003,9,CO,2147.9
2003,10,CO,2152.6
2003,11,CO,2153.2
2003,12,CO,2154.5
2004,1,CO,2157.3
2004,2,CO,2157.8
2004,3,CO,2164.1
2004,4,CO,2172.1
2004,5,CO,2174.4
2004,6,CO,2178.0
2004,7,CO,2178.7
2004,8,CO,2185.1
2004,9,CO,2187.9
2004,10,CO,2193.1
2004,11,CO,2195.0
2004,12,CO,2199.0
2005,1,CO,2201.5
2005,2,CO,2206.7
2005,3,CO,2211.3
2005,4,CO,2211.4
2005,5,CO,2215.9
2005,6,CO,2217.9
2005,7,CO,2228.9
2005,8,CO,2230.2
2005,9,CO,2238.1
2005,10,CO,2240.7
2005,11,CO,2245.5
2005,12,CO,2251.5
2006,1,CO,2259.1
2006,2,CO,2262.4
2006,3,CO,2267.1
2006,4,CO,2269.5
2006,5,CO,2274.5
2006,6,CO,2280.4
2006,7,CO,2277.5
2006,8,CO,2282.5
2006,9,CO,2284.6
2006,10,CO,2288.8
2006,11,CO,2293.6
2006,12,CO,2302.9
2007,1,CO,2303.2
2007,2,CO,2308.0
2007,3,CO,2319.2
2007,4,CO,2323.5
2007,5,CO,2327.0
2007,6,CO,2331.6
2007,7,CO,2333.6
2007,8,CO,2334.1
2007,9,CO,2340.9
2007,10,CO,2344.2
2007,11,CO,2347.6
2007,12,CO,2350.2
2008,1,CO,2353.6
2008,2,CO,2357.5
2008,3,CO,2356.3
2008,4,CO,2359.4
2008,5,CO,2360.5
2008,6,CO,2357.6
2008,7,CO,2356.0
2008,8,CO,2354.8
2008,9,CO,2350.1
2008,10,CO,2340.2
2008,11,CO,2331.3
2008,12,CO,2318.0
2009,1,CO,2307.9
2009,2,CO,2285.5
2009,3,CO,2269.9
2009,4,CO,2252.0
2009,5,CO,2250.0
2009,6,CO,2239.1
2009,7,CO,2231.2
2009,8,CO,2225.1
2009,9,CO,2222.9
2009,10,CO,2218.8
2009,11,CO,2216.9
2009,12,CO,2212.6
2010,1,CO,2206.5
2010,2,CO,2211.3
2010,3,CO,2213.5
2010,4,CO,2215.5
2010,5,CO,2225.5
2010,6,CO,2222.9
2010,7,CO,2224.9
2010,8,CO,2224.3
2010,9,CO,2219.9
2010,10,CO,2227.5
2010,11,CO,2228.0
2010,12,CO,2232.2
2011,1,CO,2239.1
2011,2,CO,2235.7
2011,3,CO,2241.2
2011,4,CO,2251.0
2011,5,CO,2252.4
2011,6,CO,2252.6
2011,7,CO,2257.6
2011,8,CO,2264.0
2011,9,CO,2272.7
2011,10,CO,2269.4
2011,11,CO,2274.2
2011,12,CO,2279.0
2012,1,CO,2283.4
2012,2,CO,2286.2
2012,3,CO,2294.1
2012,4,CO,2298.8
2012,5,CO,2302.8
2012,6,CO,2309.7
2012,7,CO,2313.5
2012,8,CO,2316.5
2012,9,CO,2323.1
2012,10,CO,2333.1
2012,11,CO,2337.6
2012,12,CO,2341.8
2013,1,CO,2344.6
2013,2,CO,2356.0
2013,3,CO,2361.5
2013,4,CO,2364.5
2013,5,CO,2370.4
2013,6,CO,2377.3
2013,7,CO,2382.9
2013,8,CO,2390.1
2013,9,CO,2396.3
2013,10,CO,2401.8
2013,11,CO,2407.3
2013,12,CO,2413.3
2014,1,CO,2423.1
2014,2,CO,2428.0
2014,3,CO,2435.7
2014,4,CO,2445.8
2014,5,CO,2453.2
2014,6,CO,2460.8
2014,7,CO,2465.0
2014,8,CO,2474.0
2014,9,CO,2482.5
2014,10,CO,2490.5
2014,11,CO,2495.9
2014,12,CO,2506.9
2015,1,CO,2514.0
2015,2,CO,2520.6
2015,3,CO,2522.7
2015,4,CO,2524.7
2015,5,CO,2533.7
2015,6,CO,2538.8
2015,7,CO,2542.7
2015,8,CO,2545.8
2015,9,CO,2553.5
2015,10,CO,2559.0
2015,11,CO,2567.0
2015,12,CO,2571.5
2016,1,CO,2576.1
2016,2,CO,2581.2
2016,3,CO,2584.2
2016,4,CO,2590.1
2016,5,CO,2585.6
2016,6,CO,2594.6
2016,7,CO,2607.4
2016,8,CO,2611.7
2016,9,CO,2620.2
2016,10,CO,2617.8
2016,11,CO,2623.2
2016,12,CO,2626.0
2017,1,CO,2626.9
2017,2,CO,2636.2
2017,3,CO,2645.9
2017,4,CO,2647.7
2017,5,CO,2651.0
2017,6,CO,2656.5
2017,7,CO,2661.2
2017,8,CO,2667.3
2017,9,CO,2675.3
2017,10,CO,2679.7
2017,11,CO,2679.9
2017,12,CO,2692.0
2018,1,CO,2698.1
2018,2,CO,2704.7
2018,3,CO,2713.4
2018,4,CO,2717.5
2018,5,CO,2721.8
2018,6,CO,2727.5
2018,7,CO,2731.1
2018,8,CO,2736.3
2018,9,CO,2734.3
2018,10,CO,2741.2
2018,11,CO,2748.8
2018,12,CO,2752.5
2019,1,CO,2760.3
2019,2,CO,2768.1
2019,3,CO,2767.3
2019,4,CO,2774.6
2019,5,CO,2785.5
2019,6,CO,2787.9
2019,7,CO,2799.0
2019,8,CO,2805.4
2019,9,CO,2803.9
2019,10,CO,2804.6
2019,11,CO,2810.3
2019,12,CO,2811.5
2020,1,CO,2819.7
2020,2,CO,2819.9
2020,3,CO,2806.9
2020,4,CO,2443.3
2020,5,CO,2517.7
2020,6,CO,2567.3
2020,7,CO,2595.1
2020,8,CO,2623.3
2020,9,CO,2649.5
2020,10,CO,2671.6
2020,11,CO,2669.7
2020,12,CO,2647.6
2021,1,CO,2670.4
2021,2,CO,2694.0
2021,3,CO,2708.6
2021,4,CO,2717.6
2021,5,CO,2731.0
2021,6,CO,2747.5
2021,7,CO,2762.6
2021,8,CO,2768.0
2021,9,CO,2779.6
2021,10,CO,2800.5
2021,11,CO,2811.1
2021,12,CO,2821.4
2022,1,CO,2826.1
2022,2,CO,2839.1
2022,3,CO,2845.8
2022,4,CO,2866.8
2022,5,CO,2868.3
2022,6,CO,2861.6
2022,7,CO,2867.2
2022,8,CO,2879.3
2022,9,CO,2886.0
2022,10,CO,2892.9
2022,11,CO,2900.3
2022,12,CO,2905.4
2023,1,CO,2912.6
2023,2,CO,2914.2
2023,3,CO,2920.3
2023,4,CO,2927.2
2023,5,CO,2933.3
2023,6,CO,2946.3
2023,7,CO,2938.6
2023,8,CO,2948.9
2023,9,CO,2954.6
2023,10,CO,2950.3
2023,11,CO,2948.6
2023,12,CO,2955.0
2024,1,CO,2958.4
2024,2,CO,2968.2
2024,3,CO,2970.5
2024,4,CO,2958.8
2024,5,CO,2969.7
2024,6,CO,2974.0
2024,7,CO,2970.7
2024,8,CO,2973.2
2024,9,CO,2976.6
2024,10,CO,2974.9
2024,11,CO,2975.7
2024,12,CO,2977.1
2025,1,CO,2977.6
2025,2,CO,2966.0
2025,3,CO,2973.6
2025,4,CO,2988.5
2025,5,CO,2986.1
2025,6,CO,2983.4
2025,7,CO,2988.5
2025,8,CO,2994.2
2025,9,CO,2996.6
2025,10,CO,2997.6
2025,11,CO,2998.9
2025,12,CO,3000.1
1990,1,CT,1653.2
1990,2,CT,1649.2
1990,3,CT,1648.8
1990,4,CT,1639.6
1990,5,CT,1639.4
1990,6,CT,1637.9
1990,7,CT,1628.9
1990,8,CT,1622.1
1990,9,CT,1618.9
1990,10,CT,1606.0
1990,11,CT,1599.5
1990,12,CT,1594.3
1991,1,CT,1594.3
1991,2,CT,1581.9
1991,3,CT,1580.2
1991,4,CT,1578.2
1991,5,CT,1572.0
1991,6,CT,1570.2
1991,7,CT,1559.5
1991,8,CT,1555.0
1991,9,CT,1553.3
1991,10,CT,1550.3
1991,11,CT,1547.1
1991,12,CT,1544.9
1992,1,CT,1536.9
1992,2,CT,1533.3
1992,3,CT,1531.4
1992,4,CT,1536.7
1992,5,CT,1536.1
1992,6,CT,1533.6
1992,7,CT,1539.2
1992,8,CT,1536.3
1992,9,CT,1534.7
1992,10,CT,1533.9
1992,11,CT,1533.6
1992,12,CT,1530.6
1993,1,CT,1542.8
1993,2,CT,1543.4
1993,3,CT,1537.1
1993,4,CT,1532.4
1993,5,CT,1534.4
1993,6,CT,1532.0
1993,7,CT,1534.6
1993,8,CT,1534.4
1993,9,CT,1537.9
1993,10,CT,1542.5
1993,11,CT,1542.5
1993,12,CT,1545.0
1994,1,CT,1537.2
1994,2,CT,1532.1
1994,3,CT,1535.0
1994,4,CT,1550.2
1994,5,CT,1549.8
1994,6,CT,1553.5
1994,7,CT,1556.5
1994,8,CT,1557.5
1994,9,CT,1560.1
1994,10,CT,1563.4
1994,11,CT,1563.4
1994,12,CT,1563.1
1995,1,CT,1567.3
1995,2,CT,1568.3
1995,3,CT,1570.9
1995,4,CT,1566.3
1995,5,CT,1566.0
1995,6,CT,1565.2
1995,7,CT,1568.0
1995,8,CT,1570.8
1995,9,CT,1571.7
1995,10,CT,1571.1
1995,11,CT,1574.5
1995,12,CT,1575.7
1996,1,CT,1567.3
1996,2,CT,1574.8
1996,3,CT,1577.9
1996,4,CT,1582.9
1996,5,CT,1588.7
1996,6,CT,1592.0
1996,7,CT,1588.1
1996,8,CT,1596.1
1996,9,CT,1594.3
1996,10,CT,1604.0
1996,11,CT,1607.9
1996,12,CT,1607.9
1997,1,CT,1601.0
1997,2,CT,1602.0
1997,3,CT,1607.5
1997,4,CT,1610.0
1997,5,CT,1611.7
1997,6,CT,1613.8
1997,7,CT,1613.4
1997,8,CT,1615.0
1997,9,CT,1622.8
1997,10,CT,1625.8
1997,11,CT,1628.6
1997,12,CT,1633.2
1998,1,CT,1636.5
1998,2,CT,1640.3
1998,3,CT,1644.4
1998,4,CT,1640.1
1998,5,CT,1646.3
1998,6,CT,1649.2
1998,7,CT,1654.8
1998,8,CT,1655.0
1998,9,CT,1654.8
1998,10,CT,1658.0
1998,11,CT,1662.8
1998,12,CT,1664.4
1999,1,CT,1669.0
1999,2,CT,1669.9
1999,3,CT,1673.4
1999,4,CT,1673.7
1999,5,CT,1672.2
1999,6,CT,1674.4
1999,7,CT,1681.4
1999,8,CT,1683.6
1999,9,CT,1680.7
1999,10,CT,1681.8
1999,11,CT,1683.3
1999,12,CT,1687.0
2000,1,CT,1689.8
2000,2,CT,1691.6
2000,3,CT,1697.4
2000,4,CT,1697.5
2000,5,CT,1702.3
2000,6,CT,1703.5
2000,7,CT,1709.9
2000,8,CT,1705.1
2000,9,CT,1705.2
2000,10,CT,1702.9
2000,11,CT,1702.1
2000,12,CT,1703.9
2001,1,CT,1698.8
2001,2,CT,1692.7
2001,3,CT,1690.2
2001,4,CT,1687.5
2001,5,CT,1690.5
2001,6,CT,1689.3
2001,7,CT,1690.5
2001,8,CT,1687.4
2001,9,CT,1686.9
2001,10,CT,1686.6
2001,11,CT,1684.1
2001,12,CT,1682.4
2002,1,CT,1681.8
2002,2,CT,1680.5
2002,3,CT,1680.7
2002,4,CT,1680.3
2002,5,CT,1678.4
2002,6,CT,1676.4
2002,7,CT,1669.9
2002,8,CT,1670.1
2002,9,CT,1668.0
2002,10,CT,1664.8
2002,11,CT,1663.5
2002,12,CT,1661.6
2003,1,CT,1663.0
2003,2,CT,1657.6
2003,3,CT,1654.2
2003,4,CT,1651.7
2003,5,CT,1652.1
2003,6,CT,1649.0
2003,7,CT,1648.1
2003,8,CT,1647.5
2003,9,CT,1646.9
2003,10,CT,1652.4
2003,11,CT,1653.1
2003,12,CT,1649.1
2004,1,CT,1650.7
2004,2,CT,1650.8
2004,3,CT,1653.6
2004,4,CT,1655.9
2004,5,CT,1657.7
2004,6,CT,1656.8
2004,7,CT,1658.8
2004,8,CT,1662.1
2004,9,CT,1661.6
2004,10,CT,1663.4
2004,11,CT,1665.6
2004,12,CT,1666.0
2005,1,CT,1666.6
2005,2,CT,1667.4
2005,3,CT,1665.5
2005,4,CT,1674.5
2005,5,CT,1671.5
2005,6,CT,1672.8
2005,7,CT,1672.7
2005,8,CT,1672.2
2005,9,CT,1672.9
2005,10,CT,1671.1
2005,11,CT,1673.0
2005,12,CT,1675.7
2006,1,CT,1690.9
2006,2,CT,1684.9
2006,3,CT,1684.0
2006,4,CT,1693.4
2006,5,CT,1694.4
2006,6,CT,1696.4
2006,7,CT,1699.2
2006,8,CT,1703.1
2006,9,CT,1692.0
2006,10,CT,1692.2
2006,11,CT,1692.5
2006,12,CT,1696.6
2007,1,CT,1697.8
2007,2,CT,1696.9
2007,3,CT,1696.8
2007,4,CT,1698.3
2007,5,CT,1701.5
2007,6,CT,1706.4
2007,7,CT,1708.5
2007,8,CT,1709.5
2007,9,CT,1708.4
2007,10,CT,1710.5
2007,11,CT,1711.8
2007,12,CT,1712.5
2008,1,CT,1719.1
2008,2,CT,1719.8
2008,3,CT,1720.9
2008,4,CT,1718.1
2008,5,CT,1715.5
2008,6,CT,1714.6
2008,7,CT,1708.6
2008,8,CT,1706.8
2008,9,CT,1702.0
2008,10,CT,1696.4
2008,11,CT,1691.0
2008,12,CT,1682.2
2009,1,CT,1672.7
2009,2,CT,1665.7
2009,3,CT,1655.1
2009,4,CT,1638.2
2009,5,CT,1639.6
2009,6,CT,1632.6
2009,7,CT,1624.2
2009,8,CT,1621.8
2009,9,CT,1622.8
2009,10,CT,1617.7
2009,11,CT,1617.4
2009,12,CT,1615.8
2010,1,CT,1601.0
2010,2,CT,1601.8
2010,3,CT,1603.7
2010,4,CT,1612.9
2010,5,CT,1621.8
2010,6,CT,1616.3
2010,7,CT,1621.7
2010,8,CT,1623.4
2010,9,CT,1622.1
2010,10,CT,1627.0
2010,11,CT,1625.4
2010,12,CT,1626.6
2011,1,CT,1626.5
2011,2,CT,1629.8
2011,3,CT,1628.3
2011,4,CT,1638.4
2011,5,CT,1634.3
2011,6,CT,1631.0
2011,7,CT,1637.9
2011,8,CT,1634.9
2011,9,CT,1638.1
2011,10,CT,1635.6
2011,11,CT,1635.9
2011,12,CT,1639.4
2012,1,CT,1642.4
2012,2,CT,1647.3
2012,3,CT,1650.2
2012,4,CT,1643.0
2012,5,CT,1644.5
2012,6,CT,1645.9
2012,7,CT,1646.5
2012,8,CT,1646.9
2012,9,CT,1651.0
2012,10,CT,1653.2
2012,11,CT,1653.4
2012,12,CT,1655.8
2013,1,CT,1653.7
2013,2,CT,1652.2
2013,3,CT,1657.4
2013,4,CT,1660.2
2013,5,CT,1659.8
2013,6,CT,1665.0
2013,7,CT,1668.9
2013,8,CT,1665.3
2013,9,CT,1663.1
2013,10,CT,1662.4
2013,11,CT,1664.1
2013,12,CT,1660.8
2014,1,CT,1665.7
2014,2,CT,1662.2
2014,3,CT,1665.6
2014,4,CT,1671.3
2014,5,CT,1672.2
2014,6,CT,1672.3
2014,7,CT,1675.1
2014,8,CT,1675.8
2014,9,CT,1676.8
2014,10,CT,1677.3
2014,11,CT,1680.0
2014,12,CT,1680.9
2015,1,CT,1683.9
2015,2,CT,1681.3
2015,3,CT,1681.6
2015,4,CT,1683.8
2015,5,CT,1688.3
2015,6,CT,1690.7
2015,7,CT,1685.9
2015,8,CT,1685.9
2015,9,CT,1687.9
2015,10,CT,1690.8
2015,11,CT,1691.8
2015,12,CT,1689.5
2016,1,CT,1687.2
2016,2,CT,1690.7
2016,3,CT,1696.0
2016,4,CT,1691.5
2016,5,CT,1692.8
2016,6,CT,1688.8
2016,7,CT,1694.0
2016,8,CT,1693.5
2016,9,CT,1693.1
2016,10,CT,1693.8
2016,11,CT,1693.3
2016,12,CT,1695.1
2017,1,CT,1697.5
2017,2,CT,1695.7
2017,3,CT,1696.3
2017,4,CT,1694.5
2017,5,CT,1697.0
2017,6,CT,1698.6
2017,7,CT,1696.8
2017,8,CT,1697.0
2017,9,CT,1696.6
2017,10,CT,1694.8
2017,11,CT,1695.0
2017,12,CT,1694.5
2018,1,CT,1696.2
2018,2,CT,1697.9
2018,3,CT,1696.5
2018,4,CT,1693.8
2018,5,CT,1698.3
2018,6,CT,1702.4
2018,7,CT,1700.4
2018,8,CT,1700.8
2018,9,CT,1700.5
2018,10,CT,1700.7
2018,11,CT,1699.4
2018,12,CT,1702.4
2019,1,CT,1696.5
2019,2,CT,1696.7
2019,3,CT,1696.4
2019,4,CT,1697.8
2019,5,CT,1696.5
2019,6,CT,1694.7
2019,7,CT,1695.9
2019,8,CT,1693.6
2019,9,CT,1695.6
2019,10,CT,1696.8
2019,11,CT,1698.3
2019,12,CT,1693.6
2020,1,CT,1701.7
2020,2,CT,1699.0
2020,3,CT,1683.1
2020,4,CT,1407.9
2020,5,CT,1439.4
2020,6,CT,1496.2
2020,7,CT,1530.7
2020,8,CT,1555.8
2020,9,CT,1576.7
2020,10,CT,1585.2
2020,11,CT,1587.0
2020,12,CT,1583.8
2021,1,CT,1586.1
2021,2,CT,1589.7
2021,3,CT,1596.7
2021,4,CT,1599.5
2021,5,CT,1605.4
2021,6,CT,1610.7
2021,7,CT,1626.7
2021,8,CT,1625.0
2021,9,CT,1625.7
2021,10,CT,1640.5
2021,11,CT,1644.2
2021,12,CT,1650.9
2022,1,CT,1645.0
2022,2,CT,1659.9
2022,3,CT,1664.1
2022,4,CT,1668.9
2022,5,CT,1666.7
2022,6,CT,1664.8
2022,7,CT,1672.1
2022,8,CT,1674.4
2022,9,CT,1674.2
2022,10,CT,1673.8
2022,11,CT,1676.9
2022,12,CT,1680.5
2023,1,CT,1689.5
2023,2,CT,1687.7
2023,3,CT,1688.7
2023,4,CT,1685.8
2023,5,CT,1691.8
2023,6,CT,1699.2
2023,7,CT,1696.4
2023,8,CT,1698.7
2023,9,CT,1699.5
2023,10,CT,1700.5
2023,11,CT,1700.0
2023,12,CT,1700.1
2024,1,CT,1704.0
2024,2,CT,1703.5
2024,3,CT,1705.4
2024,4,CT,1706.7
2024,5,CT,1708.3
2024,6,CT,1711.0
2024,7,CT,1708.6
2024,8,CT,1707.5
2024,9,CT,1709.6
2024,10,CT,1711.0
2024,11,CT,1712.6
2024,12,CT,1716.1
2025,1,CT,1717.6
2025,2,CT,1715.9
2025,3,CT,1711.8
2025,4,CT,1716.6
2025,5,CT,1712.4
2025,6,CT,1718.5
2025,7,CT,1719.3
2025,8,CT,1719.8
2025,9,CT,1713.0
2025,10,CT,1712.3
2025,11,CT,1714.4
2025,12,CT,1713.9
1990,1,DE,344.6
1990,2,DE,350.5
1990,3,DE,350.9
1990,4,DE,348.4
1990,5,DE,349.0
1990,6,DE,348.4
1990,7,DE,346.1
1990,8,DE,349.2
1990,9,DE,348.9
1990,10,DE,346.9
1990,11,DE,342.7
1990,12,DE,342.6
1991,1,DE,347.2
1991,2,DE,340.9
1991,3,DE,347.1
1991,4,DE,337.6
1991,5,DE,343.0
1991,6,DE,342.9
1991,7,DE,340.4
1991,8,DE,337.3
1991,9,DE,339.3
1991,10,DE,342.1
1991,11,DE,341.1
1991,12,DE,339.9
1992,1,DE,340.3
1992,2,DE,338.2
1992,3,DE,338.0
1992,4,DE,340.7
1992,5,DE,341.8
1992,6,DE,341.6
1992,7,DE,341.5
1992,8,DE,342.1
1992,9,DE,340.9
1992,10,DE,339.5
1992,11,DE,343.9
1992,12,DE,343.5
1993,1,DE,344.9
1993,2,DE,346.3
1993,3,DE,344.3
1993,4,DE,347.2
1993,5,DE,348.0
1993,6,DE,348.0
1993,7,DE,349.6
1993,8,DE,349.7
1993,9,DE,352.0
1993,10,DE,349.9
1993,11,DE,349.9
1993,12,DE,351.1
1994,1,DE,350.8
1994,2,DE,349.9
1994,3,DE,350.8
1994,4,DE,351.8
1994,5,DE,353.7
1994,6,DE,355.2
1994,7,DE,353.7
1994,8,DE,358.2
1994,9,DE,359.3
1994,10,DE,360.0
1994,11,DE,361.7
1994,12,DE,361.8
1995,1,DE,362.9
1995,2,DE,363.0
1995,3,DE,364.5
1995,4,DE,364.1
1995,5,DE,364.1
1995,6,DE,362.9
1995,7,DE,364.3
1995,8,DE,368.0
1995,9,DE,368.9
1995,10,DE,369.4
1995,11,DE,369.2
1995,12,DE,369.9
1996,1,DE,364.8
1996,2,DE,372.5
1996,3,DE,371.5
1996,4,DE,376.6
1996,5,DE,378.5
1996,6,DE,379.0
1996,7,DE,375.9
1996,8,DE,375.3
1996,9,DE,376.9
1996,10,DE,378.8
1996,11,DE,379.9
1996,12,DE,380.3
1997,1,DE,381.6
1997,2,DE,383.2
1997,3,DE,383.9
1997,4,DE,384.8
1997,5,DE,385.3
1997,6,DE,387.6
1997,7,DE,385.5
1997,8,DE,388.9
1997,9,DE,389.8
1997,10,DE,391.1
1997,11,DE,392.6
1997,12,DE,395.5
1998,1,DE,395.6
1998,2,DE,395.3
1998,3,DE,395.8
1998,4,DE,396.5
1998,5,DE,397.8
1998,6,DE,399.7
1998,7,DE,398.3
1998,8,DE,402.6
1998,9,DE,404.4
1998,10,DE,402.3
1998,11,DE,402.4
1998,12,DE,406.2
1999,1,DE,405.9
1999,2,DE,408.0
1999,3,DE,409.1
1999,4,DE,410.9
1999,5,DE,411.2
1999,6,DE,411.3
1999,7,DE,411.8
1999,8,DE,414.6
1999,9,DE,413.8
1999,10,DE,417.5
1999,11,DE,418.7
1999,12,DE,419.5
2000,1,DE,417.2
2000,2,DE,418.9
2000,3,DE,420.5
2000,4,DE,419.4
2000,5,DE,419.2
2000,6,DE,421.0
2000,7,DE,421.1
2000,8,DE,419.6
2000,9,DE,420.3
2000,10,DE,421.2
2000,11,DE,420.7
2000,12,DE,421.7
2001,1,DE,420.7
2001,2,DE,422.0
2001,3,DE,424.8
2001,4,DE,421.6
2001,5,DE,421.1
2001,6,DE,421.3
2001,7,DE,418.7
2001,8,DE,418.2
2001,9,DE,416.1
2001,10,DE,416.9
2001,11,DE,416.5
2001,12,DE,415.7
2002,1,DE,413.2
2002,2,DE,414.7
2002,3,DE,412.8
2002,4,DE,413.7
2002,5,DE,415.4
2002,6,DE,413.2
2002,7,DE,414.7
2002,8,DE,415.4
2002,9,DE,417.9
2002,10,DE,414.6
2002,11,DE,415.0
2002,12,DE,415.0
2003,1,DE,412.6
2003,2,DE,410.5
2003,3,DE,409.8
2003,4,DE,412.3
2003,5,DE,413.8
2003,6,DE,415.3
2003,7,DE,414.8
2003,8,DE,415.7
2003,9,DE,417.6
2003,10,DE,418.0
2003,11,DE,418.2
2003,12,DE,419.2
2004,1,DE,420.5
2004,2,DE,423.3
2004,3,DE,422.9
2004,4,DE,420.1
2004,5,DE,422.5
2004,6,DE,424.3
2004,7,DE,424.3
2004,8,DE,425.2
2004,9,DE,426.1
2004,10,DE,427.6
2004,11,DE,428.2
2004,12,DE,427.7
2005,1,DE,427.9
2005,2,DE,428.8
2005,3,DE,428.9
2005,4,DE,431.2
2005,5,DE,431.7
2005,6,DE,429.5
2005,7,DE,432.1
2005,8,DE,433.5
2005,9,DE,434.8
2005,10,DE,434.4
2005,11,DE,438.0
2005,12,DE,436.7
2006,1,DE,436.7
2006,2,DE,437.4
2006,3,DE,437.3
2006,4,DE,437.2
2006,5,DE,438.0
2006,6,DE,437.5
2006,7,DE,436.1
2006,8,DE,436.7
2006,9,DE,436.9
2006,10,DE,437.6
2006,11,DE,437.9
2006,12,DE,439.5
2007,1,DE,438.0
2007,2,DE,436.3
2007,3,DE,437.7
2007,4,DE,437.2
2007,5,DE,438.6
2007,6,DE,439.3
2007,7,DE,437.9
2007,8,DE,437.9
2007,9,DE,437.4
2007,10,DE,437.1
2007,11,DE,438.9
2007,12,DE,440.3
2008,1,DE,439.9
2008,2,DE,440.6
2008,3,DE,439.8
2008,4,DE,440.2
2008,5,DE,437.7
2008,6,DE,436.7
2008,7,DE,435.9
2008,8,DE,434.9
2008,9,DE,433.5
2008,10,DE,431.6
2008,11,DE,431.0
2008,12,DE,427.6
2009,1,DE,424.7
2009,2,DE,422.8
2009,3,DE,420.0
2009,4,DE,417.0
2009,5,DE,417.9
2009,6,DE,415.1
2009,7,DE,413.5
2009,8,DE,412.7
2009,9,DE,412.4
2009,10,DE,412.6
2009,11,DE,411.3
2009,12,DE,409.4
2010,1,DE,408.5
2010,2,DE,405.5
2010,3,DE,408.9
2010,4,DE,411.3
2010,5,DE,413.2
2010,6,DE,413.6
2010,7,DE,416.0
2010,8,DE,415.8
2010,9,DE,416.0
2010,10,DE,414.6
2010,11,DE,414.3
2010,12,DE,415.4
2011,1,DE,415.5
2011,2,DE,416.9
2011,3,DE,417.0
2011,4,DE,419.3
2011,5,DE,416.1
2011,6,DE,415.9
2011,7,DE,416.1
2011,8,DE,414.8
2011,9,DE,416.6
2011,10,DE,414.4
2011,11,DE,415.0
2011,12,DE,415.6
2012,1,DE,415.6
2012,2,DE,416.3
2012,3,DE,417.8
2012,4,DE,417.0
2012,5,DE,417.7
2012,6,DE,417.3
2012,7,DE,417.9
2012,8,DE,418.9
2012,9,DE,418.8
2012,10,DE,420.1
2012,11,DE,421.1
2012,12,DE,421.8
2013,1,DE,421.7
2013,2,DE,423.4
2013,3,DE,424.7
2013,4,DE,425.0
2013,5,DE,425.8
2013,6,DE,426.3
2013,7,DE,427.2
2013,8,DE,429.5
2013,9,DE,429.4
2013,10,DE,430.9
2013,11,DE,431.8
2013,12,DE,430.6
2014,1,DE,433.0
2014,2,DE,432.6
2014,3,DE,433.4
2014,4,DE,434.4
2014,5,DE,436.1
2014,6,DE,436.6
2014,7,DE,436.4
2014,8,DE,437.5
2014,9,DE,438.5
2014,10,DE,439.4
2014,11,DE,442.5
2014,12,DE,442.6
2015,1,DE,442.9
2015,2,DE,443.2
2015,3,DE,443.6
2015,4,DE,442.8
2015,5,DE,446.5
2015,6,DE,447.0
2015,7,DE,447.8
2015,8,DE,447.7
2015,9,DE,449.2
2015,10,DE,449.5
2015,11,DE,451.8
2015,12,DE,450.7
2016,1,DE,449.7
2016,2,DE,449.9
2016,3,DE,450.9
2016,4,DE,450.8
2016,5,DE,450.0
2016,6,DE,450.3
2016,7,DE,452.6
2016,8,DE,452.5
2016,9,DE,452.5
2016,10,DE,452.2
2016,11,DE,452.8
2016,12,DE,453.2
2017,1,DE,454.9
2017,2,DE,454.7
2017,3,DE,455.2
2017,4,DE,454.7
2017,5,DE,453.3
2017,6,DE,455.2
2017,7,DE,454.5
2017,8,DE,454.9
2017,9,DE,456.3
2017,10,DE,454.7
2017,11,DE,456.1
2017,12,DE,457.0
2018,1,DE,457.5
2018,2,DE,459.0
2018,3,DE,459.3
2018,4,DE,459.7
2018,5,DE,461.6
2018,6,DE,461.4
2018,7,DE,459.9
2018,8,DE,459.7
2018,9,DE,460.3
2018,10,DE,461.8
2018,11,DE,461.3
2018,12,DE,462.7
2019,1,DE,463.7
2019,2,DE,463.9
2019,3,DE,465.8
2019,4,DE,465.2
2019,5,DE,464.8
2019,6,DE,465.0
2019,7,DE,465.8
2019,8,DE,466.5
2019,9,DE,465.8
2019,10,DE,465.5
2019,11,DE,466.8
2019,12,DE,466.9
2020,1,DE,467.5
2020,2,DE,467.1
2020,3,DE,463.9
2020,4,DE,398.8
2020,5,DE,405.4
2020,6,DE,426.1
2020,7,DE,432.8
2020,8,DE,438.6
2020,9,DE,442.4
2020,10,DE,444.1
2020,11,DE,444.6
2020,12,DE,444.8
2021,1,DE,444.7
2021,2,DE,444.3
2021,3,DE,446.5
2021,4,DE,448.0
2021,5,DE,448.4
2021,6,DE,449.1
2021,7,DE,452.9
2021,8,DE,453.4
2021,9,DE,453.8
2021,10,DE,456.9
2021,11,DE,459.3
2021,12,DE,462.2
2022,1,DE,461.8
2022,2,DE,465.2
2022,3,DE,465.4
2022,4,DE,468.9
2022,5,DE,468.4
2022,6,DE,467.2
2022,7,DE,470.5
2022,8,DE,471.8
2022,9,DE,474.3
2022,10,DE,474.8
2022,11,DE,475.8
2022,12,DE,477.4
2023,1,DE,479.7
2023,2,DE,480.4
2023,3,DE,480.7
2023,4,DE,481.3
2023,5,DE,483.4
2023,6,DE,484.7
2023,7,DE,484.3
2023,8,DE,485.1
2023,9,DE,485.8
2023,10,DE,485.5
2023,11,DE,485.7
2023,12,DE,486.5
2024,1,DE,486.4
2024,2,DE,486.4
2024,3,DE,489.1
2024,4,DE,488.9
2024,5,DE,489.1
2024,6,DE,488.6
2024,7,DE,489.0
2024,8,DE,490.3
2024,9,DE,491.3
2024,10,DE,488.0
2024,11,DE,490.4
2024,12,DE,490.8
2025,1,DE,491.2
2025,2,DE,492.6
2025,3,DE,493.0
2025,4,DE,494.1
2025,5,DE,493.5
2025,6,DE,492.6
2025,7,DE,493.0
2025,8,DE,493.6
2025,9,DE,493.9
2025,10,DE,493.3
2025,11,DE,494.3
2025,12,DE,496.1
1990,1,DC,688.6
1990,2,DC,690.7
1990,3,DC,692.0
1990,4,DC,689.1
1990,5,DC,687.9
1990,6,DC,688.3
1990,7,DC,686.2
1990,8,DC,687.0
1990,9,DC,686.5
1990,10,DC,681.5
1990,11,DC,680.1
1990,12,DC,681.9
1991,1,DC,683.5
1991,2,DC,683.4
1991,3,DC,680.8
1991,4,DC,678.4
1991,5,DC,678.0
1991,6,DC,678.9
1991,7,DC,672.8
1991,8,DC,677.7
1991,9,DC,677.8
1991,10,DC,674.3
1991,11,DC,676.0
1991,12,DC,674.9
1992,1,DC,676.6
1992,2,DC,675.4
1992,3,DC,675.5
1992,4,DC,676.0
1992,5,DC,675.4
1992,6,DC,674.6
1992,7,DC,674.5
1992,8,DC,673.5
1992,9,DC,671.7
1992,10,DC,673.9
1992,11,DC,671.0
1992,12,DC,671.5
1993,1,DC,678.6
1993,2,DC,676.3
1993,3,DC,675.2
1993,4,DC,672.7
1993,5,DC,672.7
1993,6,DC,670.5
1993,7,DC,669.2
1993,8,DC,665.6
1993,9,DC,667.8
1993,10,DC,666.1
1993,11,DC,667.5
1993,12,DC,667.8
1994,1,DC,662.9
1994,2,DC,660.4
1994,3,DC,660.3
1994,4,DC,664.1
1994,5,DC,664.1
1994,6,DC,663.1
1994,7,DC,661.1
1994,8,DC,658.2
1994,9,DC,657.7
1994,10,DC,654.1
1994,11,DC,653.3
1994,12,DC,651.8
1995,1,DC,649.4
1995,2,DC,646.9
1995,3,DC,645.5
1995,4,DC,646.2
1995,5,DC,644.7
1995,6,DC,642.6
1995,7,DC,645.0
1995,8,DC,641.3
1995,9,DC,641.9
1995,10,DC,639.2
1995,11,DC,637.4
1995,12,DC,635.4
1996,1,DC,630.1
1996,2,DC,633.2
1996,3,DC,633.0
1996,4,DC,622.2
1996,5,DC,621.2
1996,6,DC,619.2
1996,7,DC,624.1
1996,8,DC,621.0
1996,9,DC,621.4
1996,10,DC,618.7
1996,11,DC,619.1
1996,12,DC,618.5
1997,1,DC,619.4
1997,2,DC,618.8
1997,3,DC,619.9
1997,4,DC,615.8
1997,5,DC,615.3
1997,6,DC,615.0
1997,7,DC,627.0
1997,8,DC,621.4
1997,9,DC,622.7
1997,10,DC,616.9
1997,11,DC,616.1
1997,12,DC,616.3
1998,1,DC,614.6
1998,2,DC,616.5
1998,3,DC,615.5
1998,4,DC,612.4
1998,5,DC,613.9
1998,6,DC,615.2
1998,7,DC,612.6
1998,8,DC,612.2
1998,9,DC,612.7
1998,10,DC,612.1
1998,11,DC,612.2
1998,12,DC,612.2
1999,1,DC,614.6
1999,2,DC,616.5
1999,3,DC,616.3
1999,4,DC,622.1
1999,5,DC,624.4
1999,6,DC,627.1
1999,7,DC,630.2
1999,8,DC,628.5
1999,9,DC,631.8
1999,10,DC,637.1
1999,11,DC,639.9
1999,12,DC,641.5
2000,1,DC,641.2
2000,2,DC,641.1
2000,3,DC,642.3
2000,4,DC,646.4
2000,5,DC,645.8
2000,6,DC,649.9
2000,7,DC,652.7
2000,8,DC,654.7
2000,9,DC,653.5
2000,10,DC,655.0
2000,11,DC,659.4
2000,12,DC,663.1
2001,1,DC,652.6
2001,2,DC,648.8
2001,3,DC,650.1
2001,4,DC,649.4
2001,5,DC,651.4
2001,6,DC,652.6
2001,7,DC,653.9
2001,8,DC,659.3
2001,9,DC,656.1
2001,10,DC,657.5
2001,11,DC,656.1
2001,12,DC,656.2
2002,1,DC,659.7
2002,2,DC,660.0
2002,3,DC,662.6
2002,4,DC,664.5
2002,5,DC,663.4
2002,6,DC,664.6
2002,7,DC,666.2
2002,8,DC,666.1
2002,9,DC,666.4
2002,10,DC,664.7
2002,11,DC,667.9
2002,12,DC,668.0
2003,1,DC,666.0
2003,2,DC,665.4
2003,3,DC,666.8
2003,4,DC,667.7
2003,5,DC,667.9
2003,6,DC,666.2
2003,7,DC,665.1
2003,8,DC,660.2
2003,9,DC,666.1
2003,10,DC,665.4
2003,11,DC,665.6
2003,12,DC,666.8
2004,1,DC,666.5
2004,2,DC,670.5
2004,3,DC,671.7
2004,4,DC,673.2
2004,5,DC,674.7
2004,6,DC,676.6
2004,7,DC,672.0
2004,8,DC,676.8
2004,9,DC,676.8
2004,10,DC,677.0
2004,11,DC,678.4
2004,12,DC,677.4
2005,1,DC,680.5
2005,2,DC,680.6
2005,3,DC,680.4
2005,4,DC,681.1
2005,5,DC,682.6
2005,6,DC,681.7
2005,7,DC,680.8
2005,8,DC,682.2
2005,9,DC,682.2
2005,10,DC,682.3
2005,11,DC,685.6
2005,12,DC,687.4
2006,1,DC,685.2
2006,2,DC,686.1
2006,3,DC,687.5
2006,4,DC,686.3
2006,5,DC,685.5
2006,6,DC,688.3
2006,7,DC,687.2
2006,8,DC,687.0
2006,9,DC,688.3
2006,10,DC,689.4
2006,11,DC,689.6
2006,12,DC,690.5
2007,1,DC,690.0
2007,2,DC,693.8
2007,3,DC,693.8
2007,4,DC,692.6
2007,5,DC,690.7
2007,6,DC,690.6
2007,7,DC,692.0
2007,8,DC,692.1
2007,9,DC,693.3
2007,10,DC,698.1
2007,11,DC,697.6
2007,12,DC,699.5
2008,1,DC,698.1
2008,2,DC,698.3
2008,3,DC,700.6
2008,4,DC,701.8
2008,5,DC,703.4
2008,6,DC,705.0
2008,7,DC,709.1
2008,8,DC,713.6
2008,9,DC,708.2
2008,10,DC,704.4
2008,11,DC,703.3
2008,12,DC,702.5
2009,1,DC,705.2
2009,2,DC,703.5
2009,3,DC,700.1
2009,4,DC,695.0
2009,5,DC,697.1
2009,6,DC,698.6
2009,7,DC,705.1
2009,8,DC,705.8
2009,9,DC,697.8
2009,10,DC,702.6
2009,11,DC,703.9
2009,12,DC,704.4
2010,1,DC,705.6
2010,2,DC,701.5
2010,3,DC,706.5
2010,4,DC,711.8
2010,5,DC,713.9
2010,6,DC,715.7
2010,7,DC,718.5
2010,8,DC,708.7
2010,9,DC,714.5
2010,10,DC,716.4
2010,11,DC,716.4
2010,12,DC,717.2
2011,1,DC,721.9
2011,2,DC,722.3
2011,3,DC,723.4
2011,4,DC,725.8
2011,5,DC,723.8
2011,6,DC,725.9
2011,7,DC,728.7
2011,8,DC,727.1
2011,9,DC,731.1
2011,10,DC,727.5
2011,11,DC,726.4
2011,12,DC,728.2
2012,1,DC,729.0
2012,2,DC,728.9
2012,3,DC,730.6
2012,4,DC,728.6
2012,5,DC,732.5
2012,6,DC,730.5
2012,7,DC,729.6
2012,8,DC,731.5
2012,9,DC,735.1
2012,10,DC,738.3
2012,11,DC,738.3
2012,12,DC,738.9
2013,1,DC,738.4
2013,2,DC,739.1
2013,3,DC,739.5
2013,4,DC,743.7
2013,5,DC,743.0
2013,6,DC,741.2
2013,7,DC,742.5
2013,8,DC,744.2
2013,9,DC,748.4
2013,10,DC,745.3
2013,11,DC,747.5
2013,12,DC,747.5
2014,1,DC,741.1
2014,2,DC,742.2
2014,3,DC,743.0
2014,4,DC,745.5
2014,5,DC,743.7
2014,6,DC,749.2
2014,7,DC,749.0
2014,8,DC,749.9
2014,9,DC,752.9
2014,10,DC,753.3
2014,11,DC,754.1
2014,12,DC,754.1
2015,1,DC,757.7
2015,2,DC,758.3
2015,3,DC,758.0
2015,4,DC,756.8
2015,5,DC,759.7
2015,6,DC,760.9
2015,7,DC,765.5
2015,8,DC,766.2
2015,9,DC,766.7
2015,10,DC,770.2
2015,11,DC,771.1
2015,12,DC,773.8
2016,1,DC,771.8
2016,2,DC,774.6
2016,3,DC,775.0
2016,4,DC,775.7
2016,5,DC,776.7
2016,6,DC,776.1
2016,7,DC,777.4
2016,8,DC,777.1
2016,9,DC,778.3
2016,10,DC,779.6
2016,11,DC,780.5
2016,12,DC,781.9
2017,1,DC,781.8
2017,2,DC,781.7
2017,3,DC,784.6
2017,4,DC,783.4
2017,5,DC,783.8
2017,6,DC,783.7
2017,7,DC,783.7
2017,8,DC,783.9
2017,9,DC,783.7
2017,10,DC,787.1
2017,11,DC,786.8
2017,12,DC,788.4
2018,1,DC,789.4
2018,2,DC,791.0
2018,3,DC,792.2
2018,4,DC,793.2
2018,5,DC,794.2
2018,6,DC,793.9
2018,7,DC,792.9
2018,8,DC,793.2
2018,9,DC,792.9
2018,10,DC,793.8
2018,11,DC,793.6
2018,12,DC,794.0
2019,1,DC,793.2
2019,2,DC,796.6
2019,3,DC,798.1
2019,4,DC,797.3
2019,5,DC,796.4
2019,6,DC,797.3
2019,7,DC,797.1
2019,8,DC,797.0
2019,9,DC,797.5
2019,10,DC,798.4
2019,11,DC,799.2
2019,12,DC,799.9
2020,1,DC,803.8
2020,2,DC,805.4
2020,3,DC,800.8
2020,4,DC,722.0
2020,5,DC,717.1
2020,6,DC,717.7
2020,7,DC,722.2
2020,8,DC,729.3
2020,9,DC,728.1
2020,10,DC,725.0
2020,11,DC,724.8
2020,12,DC,722.9
2021,1,DC,720.4
2021,2,DC,720.6
2021,3,DC,721.8
2021,4,DC,724.0
2021,5,DC,726.5
2021,6,DC,731.2
2021,7,DC,736.6
2021,8,DC,740.2
2021,9,DC,744.6
2021,10,DC,752.6
2021,11,DC,754.9
2021,12,DC,758.2
2022,1,DC,755.0
2022,2,DC,755.5
2022,3,DC,757.8
2022,4,DC,757.7
2022,5,DC,758.9
2022,6,DC,756.2
2022,7,DC,762.3
2022,8,DC,762.0
2022,9,DC,761.4
2022,10,DC,759.1
2022,11,DC,761.6
2022,12,DC,762.5
2023,1,DC,763.9
2023,2,DC,764.0
2023,3,DC,764.6
2023,4,DC,767.8
2023,5,DC,768.9
2023,6,DC,769.6
2023,7,DC,766.8
2023,8,DC,764.8
2023,9,DC,767.1
2023,10,DC,767.5
2023,11,DC,767.6
2023,12,DC,767.5
2024,1,DC,770.2
2024,2,DC,769.8
2024,3,DC,769.4
2024,4,DC,769.5
2024,5,DC,769.5
2024,6,DC,769.6
2024,7,DC,768.3
2024,8,DC,766.7
2024,9,DC,768.2
2024,10,DC,769.4
2024,11,DC,772.0
2024,12,DC,772.2
2025,1,DC,768.7
2025,2,DC,768.0
2025,3,DC,769.4
2025,4,DC,768.0
2025,5,DC,766.3
2025,6,DC,763.8
2025,7,DC,763.1
2025,8,DC,758.2
2025,9,DC,758.2
2025,10,DC,739.8
2025,11,DC,739.3
2025,12,DC,739.8
1990,1,FL,5382.3
1990,2,FL,5393.1
1990,3,FL,5399.7
1990,4,FL,5402.8
1990,5,FL,5410.3
1990,6,FL,5412.1
1990,7,FL,5400.3
1990,8,FL,5402.2
1990,9,FL,5396.2
1990,10,FL,5386.9
1990,11,FL,5372.0
1990,12,FL,5363.3
1991,1,FL,5341.3
1991,2,FL,5317.4
1991,3,FL,5302.8
1991,4,FL,5294.0
1991,5,FL,5291.2
1991,6,FL,5283.8
1991,7,FL,5289.0
1991,8,FL,5300.0
1991,9,FL,5293.4
1991,10,FL,5283.3
1991,11,FL,5289.4
1991,12,FL,5280.1
1992,1,FL,5296.2
1992,2,FL,5289.1
1992,3,FL,5324.3
1992,4,FL,5305.7
1992,5,FL,5324.9
1992,6,FL,5332.8
1992,7,FL,5345.8
1992,8,FL,5350.4
1992,9,FL,5368.9
1992,10,FL,5387.0
1992,11,FL,5415.1
1992,12,FL,5427.3
1993,1,FL,5445.4
1993,2,FL,5473.6
1993,3,FL,5482.7
1993,4,FL,5527.1
1993,5,FL,5534.2
1993,6,FL,5553.3
1993,7,FL,5570.4
1993,8,FL,5586.8
1993,9,FL,5590.1
1993,10,FL,5623.5
1993,11,FL,5626.8
1993,12,FL,5645.1
1994,1,FL,5668.6
1994,2,FL,5683.0
1994,3,FL,5705.5
1994,4,FL,5734.0
1994,5,FL,5752.3
1994,6,FL,5773.3
1994,7,FL,5796.3
1994,8,FL,5811.7
1994,9,FL,5837.4
1994,10,FL,5832.9
1994,11,FL,5889.9
1994,12,FL,5874.5
1995,1,FL,5890.7
1995,2,FL,5912.3
1995,3,FL,5931.8
1995,4,FL,5936.5
1995,5,FL,5952.4
1995,6,FL,5968.9
1995,7,FL,5970.0
1995,8,FL,5991.5
1995,9,FL,6015.9
1995,10,FL,6023.9
1995,11,FL,6048.5
1995,12,FL,6068.6
1996,1,FL,6064.4
1996,2,FL,6087.8
1996,3,FL,6133.5
1996,4,FL,6115.1
1996,5,FL,6133.3
1996,6,FL,6141.4
1996,7,FL,6161.5
1996,8,FL,6185.8
1996,9,FL,6210.3
1996,10,FL,6226.3
1996,11,FL,6242.0
1996,12,FL,6260.3
1997,1,FL,6289.2
1997,2,FL,6294.4
1997,3,FL,6313.0
1997,4,FL,6354.9
1997,5,FL,6370.8
1997,6,FL,6380.9
1997,7,FL,6414.6
1997,8,FL,6432.7
1997,9,FL,6463.2
1997,10,FL,6460.1
1997,11,FL,6474.4
1997,12,FL,6494.9
1998,1,FL,6530.6
1998,2,FL,6539.0
1998,3,FL,6547.8
1998,4,FL,6546.4
1998,5,FL,6571.3
1998,6,FL,6592.2
1998,7,FL,6622.3
1998,8,FL,6630.9
1998,9,FL,6647.6
1998,10,FL,6675.2
1998,11,FL,6696.0
1998,12,FL,6713.0
1999,1,FL,6708.4
1999,2,FL,6736.9
1999,3,FL,6747.1
1999,4,FL,6758.6
1999,5,FL,6779.6
1999,6,FL,6802.6
1999,7,FL,6800.6
1999,8,FL,6814.3
1999,9,FL,6818.0
1999,10,FL,6859.4
1999,11,FL,6882.8
1999,12,FL,6913.2
2000,1,FL,6943.4
2000,2,FL,6950.2
2000,3,FL,6983.7
2000,4,FL,7007.5
2000,5,FL,7039.4
2000,6,FL,7055.3
2000,7,FL,7074.8
2000,8,FL,7091.3
2000,9,FL,7113.8
2000,10,FL,7120.0
2000,11,FL,7133.6
2000,12,FL,7145.8
2001,1,FL,7124.2
2001,2,FL,7141.4
2001,3,FL,7152.1
2001,4,FL,7152.7
2001,5,FL,7156.8
2001,6,FL,7165.2
2001,7,FL,7159.3
2001,8,FL,7163.0
2001,9,FL,7160.0
2001,10,FL,7141.4
2001,11,FL,7125.0
2001,12,FL,7117.2
2002,1,FL,7119.2
2002,2,FL,7119.8
2002,3,FL,7128.8
2002,4,FL,7135.2
2002,5,FL,7146.3
2002,6,FL,7150.8
2002,7,FL,7147.5
2002,8,FL,7160.1
2002,9,FL,7166.6
2002,10,FL,7189.7
2002,11,FL,7194.5
2002,12,FL,7203.1
2003,1,FL,7200.8
2003,2,FL,7202.7
2003,3,FL,7210.6
2003,4,FL,7206.9
2003,5,FL,7212.0
2003,6,FL,7220.2
2003,7,FL,7227.3
2003,8,FL,7235.8
2003,9,FL,7252.7
2003,10,FL,7273.7
2003,11,FL,7279.5
2003,12,FL,7295.9
2004,1,FL,7354.8
2004,2,FL,7373.1
2004,3,FL,7393.8
2004,4,FL,7433.6
2004,5,FL,7454.7
2004,6,FL,7480.6
2004,7,FL,7513.0
2004,8,FL,7517.8
2004,9,FL,7484.6
2004,10,FL,7562.3
2004,11,FL,7603.8
2004,12,FL,7628.1
2005,1,FL,7649.9
2005,2,FL,7670.7
2005,3,FL,7671.7
2005,4,FL,7720.4
2005,5,FL,7754.5
2005,6,FL,7763.1
2005,7,FL,7814.3
2005,8,FL,7837.8
2005,9,FL,7874.4
2005,10,FL,7873.7
2005,11,FL,7883.3
2005,12,FL,7903.2
2006,1,FL,7910.4
2006,2,FL,7922.1
2006,3,FL,7952.3
2006,4,FL,7960.0
2006,5,FL,7977.2
2006,6,FL,7995.1
2006,7,FL,7998.3
2006,8,FL,8016.0
2006,9,FL,8023.6
2006,10,FL,8018.4
2006,11,FL,8026.4
2006,12,FL,8034.6
2007,1,FL,8040.2
2007,2,FL,8042.1
2007,3,FL,8055.1
2007,4,FL,8038.6
2007,5,FL,8031.9
2007,6,FL,8026.7
2007,7,FL,7996.6
2007,8,FL,7983.5
2007,9,FL,7969.6
2007,10,FL,7948.8
2007,11,FL,7943.9
2007,12,FL,7933.9
2008,1,FL,7900.3
2008,2,FL,7891.2
2008,3,FL,7862.9
2008,4,FL,7810.2
2008,5,FL,7777.1
2008,6,FL,7743.3
2008,7,FL,7705.4
2008,8,FL,7670.3
2008,9,FL,7640.1
2008,10,FL,7579.1
2008,11,FL,7533.0
2008,12,FL,7488.9
2009,1,FL,7417.4
2009,2,FL,7361.7
2009,3,FL,7312.2
2009,4,FL,7272.7
2009,5,FL,7249.4
2009,6,FL,7224.4
2009,7,FL,7199.2
2009,8,FL,7174.7
2009,9,FL,7160.3
2009,10,FL,7144.8
2009,11,FL,7146.1
2009,12,FL,7130.3
2010,1,FL,7132.2
2010,2,FL,7131.9
2010,3,FL,7137.6
2010,4,FL,7158.0
2010,5,FL,7201.4
2010,6,FL,7188.5
2010,7,FL,7190.4
2010,8,FL,7191.8
2010,9,FL,7173.2
2010,10,FL,7203.6
2010,11,FL,7197.1
2010,12,FL,7200.4
2011,1,FL,7217.6
2011,2,FL,7213.3
2011,3,FL,7219.4
2011,4,FL,7250.0
2011,5,FL,7243.6
2011,6,FL,7236.6
2011,7,FL,7261.2
2011,8,FL,7264.9
2011,9,FL,7285.3
2011,10,FL,7287.3
2011,11,FL,7293.8
2011,12,FL,7306.4
2012,1,FL,7327.8
2012,2,FL,7337.6
2012,3,FL,7356.1
2012,4,FL,7381.5
2012,5,FL,7381.6
2012,6,FL,7397.5
2012,7,FL,7402.1
2012,8,FL,7412.1
2012,9,FL,7431.5
2012,10,FL,7457.4
2012,11,FL,7465.7
2012,12,FL,7475.8
2013,1,FL,7490.0
2013,2,FL,7512.3
2013,3,FL,7527.6
2013,4,FL,7542.1
2013,5,FL,7555.9
2013,6,FL,7582.3
2013,7,FL,7597.2
2013,8,FL,7616.9
2013,9,FL,7635.5
2013,10,FL,7653.0
2013,11,FL,7670.9
2013,12,FL,7689.3
2014,1,FL,7702.3
2014,2,FL,7723.4
2014,3,FL,7747.5
2014,4,FL,7781.4
2014,5,FL,7800.8
2014,6,FL,7821.4
2014,7,FL,7840.2
2014,8,FL,7864.1
2014,9,FL,7890.5
2014,10,FL,7907.5
2014,11,FL,7936.6
2014,12,FL,7962.1
2015,1,FL,7978.7
2015,2,FL,8000.9
2015,3,FL,8023.0
2015,4,FL,8039.4
2015,5,FL,8075.5
2015,6,FL,8101.2
2015,7,FL,8124.7
2015,8,FL,8150.4
2015,9,FL,8170.0
2015,10,FL,8209.9
2015,11,FL,8238.5
2015,12,FL,8261.9
2016,1,FL,8270.0
2016,2,FL,8293.9
2016,3,FL,8314.3
2016,4,FL,8342.3
2016,5,FL,8363.1
2016,6,FL,8370.8
2016,7,FL,8416.9
2016,8,FL,8429.3
2016,9,FL,8469.5
2016,10,FL,8467.2
2016,11,FL,8480.4
2016,12,FL,8496.5
2017,1,FL,8522.5
2017,2,FL,8528.1
2017,3,FL,8545.1
2017,4,FL,8558.4
2017,5,FL,8576.6
2017,6,FL,8593.9
2017,7,FL,8600.2
2017,8,FL,8610.0
2017,9,FL,8452.7
2017,10,FL,8633.0
2017,11,FL,8650.6
2017,12,FL,8672.0
2018,1,FL,8688.8
2018,2,FL,8710.3
2018,3,FL,8735.2
2018,4,FL,8749.8
2018,5,FL,8762.8
2018,6,FL,8784.8
2018,7,FL,8792.5
2018,8,FL,8824.1
2018,9,FL,8846.6
2018,10,FL,8852.6
2018,11,FL,8864.3
2018,12,FL,8870.7
2019,1,FL,8894.8
2019,2,FL,8916.3
2019,3,FL,8928.6
2019,4,FL,8937.4
2019,5,FL,8944.3
2019,6,FL,8951.7
2019,7,FL,8969.7
2019,8,FL,8995.9
2019,9,FL,8989.5
2019,10,FL,9028.2
2019,11,FL,9047.6
2019,12,FL,9065.1
2020,1,FL,9076.5
2020,2,FL,9086.1
2020,3,FL,9024.4
2020,4,FL,7808.1
2020,5,FL,8046.3
2020,6,FL,8332.1
2020,7,FL,8371.6
2020,8,FL,8411.2
2020,9,FL,8474.1
2020,10,FL,8554.4
2020,11,FL,8594.1
2020,12,FL,8627.9
2021,1,FL,8676.6
2021,2,FL,8712.2
2021,3,FL,8763.3
2021,4,FL,8774.7
2021,5,FL,8835.1
2021,6,FL,8880.7
2021,7,FL,8965.2
2021,8,FL,8988.4
2021,9,FL,9018.3
2021,10,FL,9135.4
2021,11,FL,9179.8
2021,12,FL,9208.7
2022,1,FL,9214.2
2022,2,FL,9280.0
2022,3,FL,9300.5
2022,4,FL,9373.4
2022,5,FL,9403.2
2022,6,FL,9417.2
2022,7,FL,9487.2
2022,8,FL,9517.1
2022,9,FL,9542.3
2022,10,FL,9557.7
2022,11,FL,9575.1
2022,12,FL,9606.8
2023,1,FL,9641.2
2023,2,FL,9666.5
2023,3,FL,9690.9
2023,4,FL,9724.9
2023,5,FL,9748.3
2023,6,FL,9782.0
2023,7,FL,9774.6
2023,8,FL,9788.4
2023,9,FL,9801.6
2023,10,FL,9838.4
2023,11,FL,9846.4
2023,12,FL,9862.0
2024,1,FL,9879.6
2024,2,FL,9895.8
2024,3,FL,9915.0
2024,4,FL,9930.2
2024,5,FL,9938.0
2024,6,FL,9920.3
2024,7,FL,9934.9
2024,8,FL,9950.2
2024,9,FL,9979.3
2024,10,FL,9921.4
2024,11,FL,9972.6
2024,12,FL,10002.1
2025,1,FL,10016.7
2025,2,FL,10031.9
2025,3,FL,10053.0
2025,4,FL,10066.2
2025,5,FL,10082.6
2025,6,FL,10061.7
2025,7,FL,10052.5
2025,8,FL,10045.7
2025,9,FL,10045.4
2025,10,FL,10048.2
2025,11,FL,10046.3
2025,12,FL,10042.1
1990,1,GA,3017.9
1990,2,GA,3023.8
1990,3,GA,3034.5
1990,4,GA,3027.7
1990,5,GA,3031.5
1990,6,GA,3039.7
1990,7,GA,3036.0
1990,8,GA,3035.9
1990,9,GA,3031.6
1990,10,GA,3017.6
1990,11,GA,3016.0
1990,12,GA,3007.1
1991,1,GA,2995.4
1991,2,GA,2979.5
1991,3,GA,2978.2
1991,4,GA,2970.5
1991,5,GA,2974.7
1991,6,GA,2982.9
1991,7,GA,2969.6
1991,8,GA,2968.6
1991,9,GA,2971.3
1991,10,GA,2970.1
1991,11,GA,2974.2
1991,12,GA,2978.4
1992,1,GA,2990.8
1992,2,GA,2993.8
1992,3,GA,3005.8
1992,4,GA,3008.8
1992,5,GA,3019.4
1992,6,GA,3020.7
1992,7,GA,3033.6
1992,8,GA,3036.6
1992,9,GA,3042.0
1992,10,GA,3060.3
1992,11,GA,3064.4
1992,12,GA,3067.7
1993,1,GA,3078.9
1993,2,GA,3093.1
1993,3,GA,3093.2
1993,4,GA,3111.6
1993,5,GA,3118.6
1993,6,GA,3126.8
1993,7,GA,3150.2
1993,8,GA,3156.8
1993,9,GA,3168.9
1993,10,GA,3198.3
1993,11,GA,3205.8
1993,12,GA,3218.6
1994,1,GA,3232.3
1994,2,GA,3242.7
1994,3,GA,3253.8
1994,4,GA,3266.3
1994,5,GA,3276.4
1994,6,GA,3286.9
1994,7,GA,3298.8
1994,8,GA,3315.2
1994,9,GA,3332.9
1994,10,GA,3346.0
1994,11,GA,3367.5
1994,12,GA,3378.4
1995,1,GA,3389.5
1995,2,GA,3394.5
1995,3,GA,3407.7
1995,4,GA,3415.1
1995,5,GA,3421.1
1995,6,GA,3436.7
1995,7,GA,3424.8
1995,8,GA,3447.2
1995,9,GA,3463.7
1995,10,GA,3464.5
1995,11,GA,3475.9
1995,12,GA,3486.7
1996,1,GA,3499.7
1996,2,GA,3516.5
1996,3,GA,3528.0
1996,4,GA,3540.3
1996,5,GA,3554.1
1996,6,GA,3570.2
1996,7,GA,3625.5
1996,8,GA,3568.8
1996,9,GA,3564.4
1996,10,GA,3573.8
1996,11,GA,3582.4
1996,12,GA,3590.2
1997,1,GA,3599.2
1997,2,GA,3606.7
1997,3,GA,3616.0
1997,4,GA,3623.1
1997,5,GA,3628.8
1997,6,GA,3633.4
1997,7,GA,3641.8
1997,8,GA,3646.6
1997,9,GA,3669.0
1997,10,GA,3679.3
1997,11,GA,3691.7
1997,12,GA,3709.3
1998,1,GA,3720.4
1998,2,GA,3727.4
1998,3,GA,3737.3
1998,4,GA,3732.6
1998,5,GA,3752.2
1998,6,GA,3765.9
1998,7,GA,3774.1
1998,8,GA,3788.2
1998,9,GA,3797.2
1998,10,GA,3806.1
1998,11,GA,3819.2
1998,12,GA,3824.9
1999,1,GA,3813.2
1999,2,GA,3830.0
1999,3,GA,3834.4
1999,4,GA,3862.1
1999,5,GA,3877.9
1999,6,GA,3889.6
1999,7,GA,3893.8
1999,8,GA,3899.1
1999,9,GA,3913.8
1999,10,GA,3922.6
1999,11,GA,3933.5
1999,12,GA,3946.3
2000,1,GA,3933.1
2000,2,GA,3947.4
2000,3,GA,3964.9
2000,4,GA,3963.6
2000,5,GA,3979.8
2000,6,GA,3980.9
2000,7,GA,3992.0
2000,8,GA,3992.3
2000,9,GA,3998.9
2000,10,GA,3997.9
2000,11,GA,3995.7
2000,12,GA,4003.5
2001,1,GA,4011.9
2001,2,GA,4010.1
2001,3,GA,4010.6
2001,4,GA,3985.7
2001,5,GA,3977.5
2001,6,GA,3972.9
2001,7,GA,3963.9
2001,8,GA,3962.8
2001,9,GA,3953.4
2001,10,GA,3943.8
2001,11,GA,3932.9
2001,12,GA,3927.2
2002,1,GA,3894.1
2002,2,GA,3895.4
2002,3,GA,3898.3
2002,4,GA,3902.2
2002,5,GA,3903.0
2002,6,GA,3911.9
2002,7,GA,3891.0
2002,8,GA,3890.4
2002,9,GA,3888.7
2002,10,GA,3894.3
2002,11,GA,3894.8
2002,12,GA,3895.9
2003,1,GA,3869.7
2003,2,GA,3867.6
2003,3,GA,3867.8
2003,4,GA,3863.8
2003,5,GA,3861.6
2003,6,GA,3860.7
2003,7,GA,3867.5
2003,8,GA,3870.2
2003,9,GA,3878.9
2003,10,GA,3869.5
2003,11,GA,3875.0
2003,12,GA,3884.0
2004,1,GA,3884.8
2004,2,GA,3890.8
2004,3,GA,3901.5
2004,4,GA,3907.8
2004,5,GA,3912.4
2004,6,GA,3913.6
2004,7,GA,3928.7
2004,8,GA,3936.0
2004,9,GA,3927.6
2004,10,GA,3952.7
2004,11,GA,3957.6
2004,12,GA,3961.9
2005,1,GA,3977.6
2005,2,GA,3980.7
2005,3,GA,3973.6
2005,4,GA,4010.4
2005,5,GA,4022.1
2005,6,GA,4016.2
2005,7,GA,4030.6
2005,8,GA,4046.6
2005,9,GA,4051.1
2005,10,GA,4052.5
2005,11,GA,4065.2
2005,12,GA,4070.3
2006,1,GA,4083.3
2006,2,GA,4086.3
2006,3,GA,4092.7
2006,4,GA,4105.7
2006,5,GA,4106.4
2006,6,GA,4111.0
2006,7,GA,4106.4
2006,8,GA,4113.3
2006,9,GA,4115.8
2006,10,GA,4133.7
2006,11,GA,4137.7
2006,12,GA,4144.6
2007,1,GA,4161.3
2007,2,GA,4162.9
2007,3,GA,4167.3
2007,4,GA,4162.5
2007,5,GA,4162.9
2007,6,GA,4166.3
2007,7,GA,4162.8
2007,8,GA,4167.4
2007,9,GA,4167.7
2007,10,GA,4167.7
2007,11,GA,4169.0
2007,12,GA,4172.0
2008,1,GA,4177.5
2008,2,GA,4177.3
2008,3,GA,4166.6
2008,4,GA,4156.8
2008,5,GA,4149.2
2008,6,GA,4141.4
2008,7,GA,4125.3
2008,8,GA,4113.7
2008,9,GA,4097.7
2008,10,GA,4074.5
2008,11,GA,4050.6
2008,12,GA,4032.4
2009,1,GA,3998.2
2009,2,GA,3969.6
2009,3,GA,3944.3
2009,4,GA,3923.1
2009,5,GA,3910.0
2009,6,GA,3898.1
2009,7,GA,3880.2
2009,8,GA,3866.5
2009,9,GA,3855.5
2009,10,GA,3851.6
2009,11,GA,3849.5
2009,12,GA,3846.8
2010,1,GA,3838.9
2010,2,GA,3835.1
2010,3,GA,3842.8
2010,4,GA,3847.7
2010,5,GA,3868.7
2010,6,GA,3865.4
2010,7,GA,3871.4
2010,8,GA,3866.8
2010,9,GA,3862.7
2010,10,GA,3874.6
2010,11,GA,3874.0
2010,12,GA,3874.4
2011,1,GA,3851.9
2011,2,GA,3884.9
2011,3,GA,3892.2
2011,4,GA,3902.2
2011,5,GA,3902.9
2011,6,GA,3900.4
2011,7,GA,3908.9
2011,8,GA,3910.1
2011,9,GA,3916.3
2011,10,GA,3910.7
2011,11,GA,3914.8
2011,12,GA,3912.8
2012,1,GA,3923.5
2012,2,GA,3927.1
2012,3,GA,3937.2
2012,4,GA,3943.6
2012,5,GA,3949.8
2012,6,GA,3954.4
2012,7,GA,3949.6
2012,8,GA,3954.6
2012,9,GA,3958.7
2012,10,GA,3972.8
2012,11,GA,3981.7
2012,12,GA,3983.4
2013,1,GA,3998.1
2013,2,GA,4007.2
2013,3,GA,4008.8
2013,4,GA,4015.5
2013,5,GA,4016.5
2013,6,GA,4023.3
2013,7,GA,4029.8
2013,8,GA,4036.6
2013,9,GA,4047.0
2013,10,GA,4058.2
2013,11,GA,4063.9
2013,12,GA,4072.1
2014,1,GA,4082.1
2014,2,GA,4075.3
2014,3,GA,4103.7
2014,4,GA,4119.5
2014,5,GA,4131.2
2014,6,GA,4138.0
2014,7,GA,4153.9
2014,8,GA,4167.1
2014,9,GA,4174.2
2014,10,GA,4180.1
2014,11,GA,4193.6
2014,12,GA,4209.9
2015,1,GA,4206.8
2015,2,GA,4218.1
2015,3,GA,4223.8
2015,4,GA,4224.9
2015,5,GA,4246.2
2015,6,GA,4263.6
2015,7,GA,4267.4
2015,8,GA,4278.2
2015,9,GA,4286.7
2015,10,GA,4304.4
2015,11,GA,4307.9
2015,12,GA,4324.5
2016,1,GA,4323.9
2016,2,GA,4333.1
2016,3,GA,4332.0
2016,4,GA,4355.6
2016,5,GA,4362.7
2016,6,GA,4370.6
2016,7,GA,4381.3
2016,8,GA,4388.6
2016,9,GA,4406.5
2016,10,GA,4405.8
2016,11,GA,4418.6
2016,12,GA,4424.9
2017,1,GA,4419.5
2017,2,GA,4425.6
2017,3,GA,4438.0
2017,4,GA,4440.9
2017,5,GA,4447.1
2017,6,GA,4463.6
2017,7,GA,4463.5
2017,8,GA,4473.8
2017,9,GA,4466.7
2017,10,GA,4490.2
2017,11,GA,4492.6
2017,12,GA,4497.0
2018,1,GA,4498.7
2018,2,GA,4508.4
2018,3,GA,4523.5
2018,4,GA,4522.9
2018,5,GA,4535.1
2018,6,GA,4544.9
2018,7,GA,4552.4
2018,8,GA,4561.0
2018,9,GA,4575.1
2018,10,GA,4570.3
2018,11,GA,4577.4
2018,12,GA,4578.9
2019,1,GA,4603.1
2019,2,GA,4609.2
2019,3,GA,4613.3
2019,4,GA,4615.4
2019,5,GA,4623.4
2019,6,GA,4629.1
2019,7,GA,4633.4
2019,8,GA,4642.3
2019,9,GA,4649.5
2019,10,GA,4649.0
2019,11,GA,4655.0
2019,12,GA,4664.6
2020,1,GA,4675.7
2020,2,GA,4675.3
2020,3,GA,4652.9
2020,4,GA,4066.4
2020,5,GA,4195.8
2020,6,GA,4305.5
2020,7,GA,4332.2
2020,8,GA,4379.9
2020,9,GA,4401.6
2020,10,GA,4443.0
2020,11,GA,4465.4
2020,12,GA,4493.1
2021,1,GA,4495.5
2021,2,GA,4506.1
2021,3,GA,4526.7
2021,4,GA,4529.2
2021,5,GA,4554.8
2021,6,GA,4574.1
2021,7,GA,4626.0
2021,8,GA,4624.3
2021,9,GA,4631.0
2021,10,GA,4688.9
2021,11,GA,4702.9
2021,12,GA,4714.6
2022,1,GA,4720.7
2022,2,GA,4748.0
2022,3,GA,4758.4
2022,4,GA,4789.7
2022,5,GA,4798.0
2022,6,GA,4804.2
2022,7,GA,4836.2
2022,8,GA,4834.3
2022,9,GA,4848.7
2022,10,GA,4860.4
2022,11,GA,4866.9
2022,12,GA,4870.9
2023,1,GA,4887.8
2023,2,GA,4894.8
2023,3,GA,4894.4
2023,4,GA,4895.5
2023,5,GA,4895.0
2023,6,GA,4911.8
2023,7,GA,4906.4
2023,8,GA,4916.6
2023,9,GA,4927.3
2023,10,GA,4927.1
2023,11,GA,4931.8
2023,12,GA,4939.2
2024,1,GA,4938.3
2024,2,GA,4942.0
2024,3,GA,4956.4
2024,4,GA,4967.2
2024,5,GA,4974.1
2024,6,GA,4971.3
2024,7,GA,4968.6
2024,8,GA,4967.3
2024,9,GA,4967.1
2024,10,GA,4968.2
2024,11,GA,4971.2
2024,12,GA,4984.3
2025,1,GA,4963.3
2025,2,GA,4972.6
2025,3,GA,4979.5
2025,4,GA,4983.7
2025,5,GA,4992.0
2025,6,GA,4996.0
2025,7,GA,4997.7
2025,8,GA,4994.6
2025,9,GA,4990.5
2025,10,GA,4986.5
2025,11,GA,4986.7
2025,12,GA,4991.7
1990,1,HI,517.5
1990,2,HI,521.2
1990,3,HI,521.9
1990,4,HI,526.0
1990,5,HI,527.2
1990,6,HI,529.0
1990,7,HI,529.6
1990,8,HI,530.6
1990,9,HI,530.7
1990,10,HI,535.0
1990,11,HI,537.1
1990,12,HI,536.2
1991,1,HI,540.7
1991,2,HI,537.5
1991,3,HI,535.8
1991,4,HI,535.2
1991,5,HI,535.4
1991,6,HI,537.1
1991,7,HI,539.8
1991,8,HI,541.5
1991,9,HI,541.2
1991,10,HI,542.0
1991,11,HI,542.3
1991,12,HI,542.3
1992,1,HI,542.6
1992,2,HI,542.7
1992,3,HI,542.6
1992,4,HI,543.1
1992,5,HI,542.2
1992,6,HI,542.7
1992,7,HI,544.5
1992,8,HI,544.2
1992,9,HI,542.4
1992,10,HI,542.0
1992,11,HI,540.9
1992,12,HI,541.8
1993,1,HI,538.4
1993,2,HI,540.5
1993,3,HI,540.1
1993,4,HI,541.8
1993,5,HI,541.2
1993,6,HI,540.9
1993,7,HI,539.3
1993,8,HI,536.8
1993,9,HI,536.5
1993,10,HI,538.6
1993,11,HI,535.9
1993,12,HI,535.1
1994,1,HI,535.7
1994,2,HI,535.4
1994,3,HI,536.0
1994,4,HI,536.5
1994,5,HI,533.5
1994,6,HI,536.3
1994,7,HI,536.6
1994,8,HI,535.7
1994,9,HI,536.3
1994,10,HI,537.2
1994,11,HI,538.0
1994,12,HI,537.3
1995,1,HI,536.6
1995,2,HI,535.7
1995,3,HI,535.9
1995,4,HI,534.5
1995,5,HI,533.6
1995,6,HI,534.2
1995,7,HI,533.2
1995,8,HI,530.8
1995,9,HI,530.4
1995,10,HI,530.5
1995,11,HI,530.8
1995,12,HI,530.0
1996,1,HI,530.7
1996,2,HI,532.6
1996,3,HI,532.5
1996,4,HI,529.3
1996,5,HI,529.9
1996,6,HI,529.5
1996,7,HI,532.1
1996,8,HI,531.3
1996,9,HI,529.2
1996,10,HI,530.5
1996,11,HI,530.8
1996,12,HI,532.5
1997,1,HI,533.1
1997,2,HI,533.3
1997,3,HI,533.3
1997,4,HI,532.1
1997,5,HI,531.6
1997,6,HI,531.6
1997,7,HI,531.4
1997,8,HI,532.8
1997,9,HI,529.6
1997,10,HI,530.7
1997,11,HI,530.3
1997,12,HI,530.7
1998,1,HI,530.8
1998,2,HI,530.3
1998,3,HI,530.4
1998,4,HI,531.2
1998,5,HI,531.7
1998,6,HI,530.7
1998,7,HI,532.1
1998,8,HI,533.3
1998,9,HI,532.7
1998,10,HI,531.3
1998,11,HI,531.7
1998,12,HI,531.5
1999,1,HI,528.6
1999,2,HI,529.4
1999,3,HI,530.5
1999,4,HI,532.7
1999,5,HI,532.8
1999,6,HI,534.1
1999,7,HI,535.4
1999,8,HI,539.0
1999,9,HI,537.6
1999,10,HI,540.2
1999,11,HI,541.1
1999,12,HI,542.5
2000,1,HI,542.6
2000,2,HI,544.2
2000,3,HI,546.5
2000,4,HI,549.5
2000,5,HI,550.5
2000,6,HI,553.3
2000,7,HI,553.2
2000,8,HI,552.8
2000,9,HI,556.8
2000,10,HI,557.0
2000,11,HI,557.8
2000,12,HI,558.7
2001,1,HI,554.4
2001,2,HI,558.4
2001,3,HI,559.4
2001,4,HI,557.8
2001,5,HI,556.0
2001,6,HI,559.9
2001,7,HI,558.5
2001,8,HI,559.4
2001,9,HI,559.4
2001,10,HI,549.5
2001,11,HI,547.1
2001,12,HI,546.4
2002,1,HI,549.7
2002,2,HI,550.7
2002,3,HI,552.4
2002,4,HI,550.0
2002,5,HI,556.2
2002,6,HI,562.1
2002,7,HI,559.4
2002,8,HI,559.3
2002,9,HI,560.9
2002,10,HI,562.0
2002,11,HI,561.6
2002,12,HI,564.6
2003,1,HI,566.0
2003,2,HI,566.0
2003,3,HI,566.2
2003,4,HI,564.7
2003,5,HI,566.9
2003,6,HI,566.9
2003,7,HI,569.4
2003,8,HI,568.7
2003,9,HI,569.4
2003,10,HI,571.4
2003,11,HI,571.0
2003,12,HI,573.4
2004,1,HI,575.4
2004,2,HI,576.0
2004,3,HI,576.6
2004,4,HI,579.4
2004,5,HI,581.0
2004,6,HI,582.5
2004,7,HI,586.0
2004,8,HI,586.0
2004,9,HI,586.9
2004,10,HI,591.0
2004,11,HI,593.2
2004,12,HI,592.6
2005,1,HI,593.9
2005,2,HI,594.8
2005,3,HI,595.9
2005,4,HI,599.5
2005,5,HI,601.0
2005,6,HI,602.5
2005,7,HI,605.1
2005,8,HI,607.6
2005,9,HI,607.1
2005,10,HI,607.3
2005,11,HI,605.8
2005,12,HI,610.3
2006,1,HI,609.0
2006,2,HI,612.8
2006,3,HI,614.0
2006,4,HI,614.8
2006,5,HI,616.9
2006,6,HI,619.2
2006,7,HI,618.5
2006,8,HI,621.6
2006,9,HI,623.2
2006,10,HI,619.2
2006,11,HI,622.7
2006,12,HI,623.5
2007,1,HI,623.4
2007,2,HI,624.4
2007,3,HI,625.2
2007,4,HI,620.7
2007,5,HI,626.2
2007,6,HI,629.1
2007,7,HI,626.4
2007,8,HI,625.3
2007,9,HI,627.9
2007,10,HI,627.3
2007,11,HI,624.9
2007,12,HI,628.9
2008,1,HI,627.7
2008,2,HI,628.1
2008,3,HI,627.8
2008,4,HI,626.2
2008,5,HI,625.8
2008,6,HI,623.9
2008,7,HI,620.7
2008,8,HI,621.5
2008,9,HI,615.3
2008,10,HI,611.6
2008,11,HI,614.1
2008,12,HI,606.0
2009,1,HI,604.2
2009,2,HI,600.7
2009,3,HI,598.6
2009,4,HI,595.3
2009,5,HI,593.4
2009,6,HI,594.4
2009,7,HI,590.8
2009,8,HI,589.4
2009,9,HI,586.9
2009,10,HI,587.0
2009,11,HI,584.6
2009,12,HI,584.2
2010,1,HI,587.6
2010,2,HI,585.2
2010,3,HI,585.6
2010,4,HI,586.9
2010,5,HI,588.2
2010,6,HI,586.6
2010,7,HI,588.9
2010,8,HI,587.3
2010,9,HI,587.3
2010,10,HI,589.8
2010,11,HI,593.6
2010,12,HI,590.6
2011,1,HI,589.8
2011,2,HI,593.2
2011,3,HI,594.0
2011,4,HI,592.8
2011,5,HI,592.2
2011,6,HI,591.6
2011,7,HI,596.0
2011,8,HI,594.6
2011,9,HI,597.2
2011,10,HI,597.9
2011,11,HI,598.8
2011,12,HI,600.0
2012,1,HI,591.5
2012,2,HI,601.8
2012,3,HI,601.4
2012,4,HI,604.9
2012,5,HI,606.2
2012,6,HI,607.3
2012,7,HI,608.6
2012,8,HI,614.7
2012,9,HI,610.5
2012,10,HI,612.1
2012,11,HI,617.0
2012,12,HI,614.1
2013,1,HI,607.7
2013,2,HI,617.2
2013,3,HI,617.5
2013,4,HI,616.8
2013,5,HI,620.1
2013,6,HI,620.3
2013,7,HI,622.3
2013,8,HI,620.4
2013,9,HI,622.9
2013,10,HI,625.0
2013,11,HI,623.9
2013,12,HI,626.2
2014,1,HI,625.0
2014,2,HI,624.8
2014,3,HI,625.5
2014,4,HI,625.6
2014,5,HI,628.0
2014,6,HI,627.7
2014,7,HI,628.1
2014,8,HI,630.8
2014,9,HI,630.6
2014,10,HI,631.4
2014,11,HI,634.9
2014,12,HI,629.6
2015,1,HI,634.0
2015,2,HI,634.4
2015,3,HI,634.8
2015,4,HI,635.9
2015,5,HI,636.8
2015,6,HI,638.2
2015,7,HI,639.8
2015,8,HI,643.7
2015,9,HI,639.9
2015,10,HI,643.7
2015,11,HI,642.1
2015,12,HI,645.9
2016,1,HI,641.1
2016,2,HI,644.3
2016,3,HI,643.8
2016,4,HI,645.0
2016,5,HI,646.0
2016,6,HI,645.5
2016,7,HI,649.3
2016,8,HI,652.6
2016,9,HI,651.1
2016,10,HI,649.9
2016,11,HI,651.8
2016,12,HI,650.8
2017,1,HI,652.6
2017,2,HI,653.2
2017,3,HI,654.4
2017,4,HI,655.4
2017,5,HI,655.0
2017,6,HI,655.7
2017,7,HI,654.9
2017,8,HI,651.8
2017,9,HI,657.2
2017,10,HI,656.7
2017,11,HI,655.1
2017,12,HI,657.4
2018,1,HI,656.1
2018,2,HI,657.0
2018,3,HI,658.3
2018,4,HI,657.0
2018,5,HI,656.8
2018,6,HI,658.5
2018,7,HI,656.5
2018,8,HI,659.4
2018,9,HI,658.2
2018,10,HI,659.4
2018,11,HI,660.7
2018,12,HI,660.0
2019,1,HI,656.9
2019,2,HI,658.9
2019,3,HI,658.3
2019,4,HI,657.4
2019,5,HI,658.2
2019,6,HI,656.5
2019,7,HI,657.4
2019,8,HI,656.7
2019,9,HI,662.2
2019,10,HI,660.8
2019,11,HI,660.6
2019,12,HI,659.3
2020,1,HI,663.4
2020,2,HI,662.6
2020,3,HI,655.9
2020,4,HI,508.9
2020,5,HI,508.1
2020,6,HI,526.3
2020,7,HI,527.6
2020,8,HI,529.4
2020,9,HI,512.6
2020,10,HI,531.1
2020,11,HI,543.1
2020,12,HI,551.1
2021,1,HI,554.5
2021,2,HI,557.0
2021,3,HI,564.6
2021,4,HI,577.5
2021,5,HI,584.2
2021,6,HI,591.9
2021,7,HI,600.8
2021,8,HI,601.3
2021,9,HI,598.4
2021,10,HI,602.4
2021,11,HI,604.0
2021,12,HI,605.6
2022,1,HI,605.2
2022,2,HI,607.8
2022,3,HI,610.4
2022,4,HI,613.6
2022,5,HI,613.0
2022,6,HI,615.3
2022,7,HI,620.8
2022,8,HI,623.0
2022,9,HI,624.9
2022,10,HI,627.1
2022,11,HI,627.8
2022,12,HI,627.9
2023,1,HI,628.7
2023,2,HI,633.3
2023,3,HI,631.8
2023,4,HI,633.3
2023,5,HI,633.3
2023,6,HI,634.7
2023,7,HI,634.6
2023,8,HI,632.2
2023,9,HI,629.8
2023,10,HI,630.5
2023,11,HI,631.8
2023,12,HI,633.1
2024,1,HI,635.4
2024,2,HI,637.3
2024,3,HI,638.0
2024,4,HI,635.0
2024,5,HI,638.2
2024,6,HI,636.3
2024,7,HI,637.4
2024,8,HI,639.5
2024,9,HI,642.3
2024,10,HI,640.8
2024,11,HI,643.2
2024,12,HI,645.8
2025,1,HI,646.1
2025,2,HI,647.3
2025,3,HI,650.5
2025,4,HI,651.4
2025,5,HI,652.0
2025,6,HI,650.9
2025,7,HI,650.8
2025,8,HI,651.9
2025,9,HI,651.9
2025,10,HI,653.2
2025,11,HI,653.3
2025,12,HI,653.2
1990,1,ID,376.9
1990,2,ID,379.1
1990,3,ID,381.8
1990,4,ID,384.5
1990,5,ID,383.8
1990,6,ID,383.5
1990,7,ID,384.0
1990,8,ID,387.5
1990,9,ID,390.6
1990,10,ID,390.3
1990,11,ID,390.4
1990,12,ID,390.8
1991,1,ID,392.7
1991,2,ID,393.4
1991,3,ID,393.8
1991,4,ID,395.2
1991,5,ID,395.8
1991,6,ID,396.5
1991,7,ID,397.4
1991,8,ID,399.0
1991,9,ID,401.0
1991,10,ID,401.1
1991,11,ID,402.6
1991,12,ID,402.8
1992,1,ID,407.2
1992,2,ID,408.6
1992,3,ID,409.9
1992,4,ID,410.6
1992,5,ID,412.8
1992,6,ID,414.4
1992,7,ID,415.5
1992,8,ID,416.4
1992,9,ID,415.8
1992,10,ID,419.3
1992,11,ID,421.3
1992,12,ID,421.4
1993,1,ID,424.0
1993,2,ID,425.8
1993,3,ID,425.7
1993,4,ID,428.0
1993,5,ID,430.6
1993,6,ID,431.3
1993,7,ID,434.7
1993,8,ID,437.2
1993,9,ID,439.0
1993,10,ID,441.0
1993,11,ID,442.3
1993,12,ID,444.8
1994,1,ID,447.7
1994,2,ID,449.4
1994,3,ID,452.9
1994,4,ID,455.9
1994,5,ID,458.4
1994,6,ID,459.6
1994,7,ID,460.2
1994,8,ID,461.0
1994,9,ID,465.3
1994,10,ID,464.6
1994,11,ID,465.5
1994,12,ID,467.3
1995,1,ID,470.0
1995,2,ID,472.0
1995,3,ID,474.2
1995,4,ID,472.4
1995,5,ID,472.5
1995,6,ID,474.1
1995,7,ID,473.7
1995,8,ID,476.2
1995,9,ID,479.3
1995,10,ID,480.9
1995,11,ID,481.1
1995,12,ID,481.2
1996,1,ID,481.7
1996,2,ID,481.4
1996,3,ID,484.1
1996,4,ID,486.2
1996,5,ID,487.3
1996,6,ID,489.6
1996,7,ID,490.7
1996,8,ID,492.4
1996,9,ID,492.2
1996,10,ID,493.9
1996,11,ID,495.4
1996,12,ID,496.1
1997,1,ID,499.1
1997,2,ID,499.7
1997,3,ID,500.6
1997,4,ID,502.8
1997,5,ID,503.8
1997,6,ID,505.0
1997,7,ID,506.0
1997,8,ID,507.6
1997,9,ID,510.1
1997,10,ID,509.5
1997,11,ID,511.0
1997,12,ID,512.8
1998,1,ID,514.8
1998,2,ID,516.8
1998,3,ID,516.1
1998,4,ID,517.2
1998,5,ID,519.7
1998,6,ID,519.0
1998,7,ID,521.6
1998,8,ID,523.9
1998,9,ID,524.4
1998,10,ID,526.4
1998,11,ID,527.8
1998,12,ID,529.4
1999,1,ID,529.8
1999,2,ID,531.7
1999,3,ID,532.9
1999,4,ID,534.2
1999,5,ID,536.0
1999,6,ID,539.5
1999,7,ID,541.1
1999,8,ID,542.2
1999,9,ID,543.4
1999,10,ID,545.3
1999,11,ID,547.0
1999,12,ID,548.5
2000,1,ID,550.8
2000,2,ID,552.0
2000,3,ID,553.5
2000,4,ID,558.7
2000,5,ID,561.4
2000,6,ID,559.9
2000,7,ID,561.0
2000,8,ID,563.6
2000,9,ID,564.1
2000,10,ID,563.6
2000,11,ID,566.0
2000,12,ID,566.4
2001,1,ID,567.9
2001,2,ID,569.3
2001,3,ID,570.9
2001,4,ID,570.5
2001,5,ID,569.8
2001,6,ID,569.4
2001,7,ID,568.6
2001,8,ID,569.6
2001,9,ID,567.8
2001,10,ID,565.6
2001,11,ID,564.2
2001,12,ID,563.8
2002,1,ID,564.8
2002,2,ID,564.1
2002,3,ID,563.6
2002,4,ID,567.0
2002,5,ID,568.1
2002,6,ID,569.5
2002,7,ID,570.0
2002,8,ID,569.1
2002,9,ID,569.6
2002,10,ID,572.8
2002,11,ID,573.3
2002,12,ID,573.3
2003,1,ID,574.2
2003,2,ID,572.0
2003,3,ID,571.2
2003,4,ID,569.5
2003,5,ID,570.1
2003,6,ID,571.2
2003,7,ID,570.3
2003,8,ID,571.2
2003,9,ID,572.8
2003,10,ID,574.3
2003,11,ID,575.4
2003,12,ID,576.8
2004,1,ID,577.4
2004,2,ID,579.1
2004,3,ID,581.7
2004,4,ID,584.9
2004,5,ID,586.5
2004,6,ID,588.3
2004,7,ID,589.1
2004,8,ID,590.8
2004,9,ID,590.9
2004,10,ID,594.8
2004,11,ID,596.7
2004,12,ID,598.1
2005,1,ID,601.0
2005,2,ID,602.7
2005,3,ID,604.1
2005,4,ID,605.9
2005,5,ID,606.1
2005,6,ID,607.0
2005,7,ID,612.1
2005,8,ID,614.0
2005,9,ID,617.7
2005,10,ID,618.0
2005,11,ID,621.4
2005,12,ID,624.4
2006,1,ID,627.6
2006,2,ID,629.9
2006,3,ID,632.7
2006,4,ID,635.6
2006,5,ID,636.6
2006,6,ID,638.5
2006,7,ID,640.3
2006,8,ID,642.0
2006,9,ID,643.0
2006,10,ID,642.7
2006,11,ID,644.6
2006,12,ID,646.0
2007,1,ID,648.0
2007,2,ID,650.3
2007,3,ID,652.8
2007,4,ID,654.2
2007,5,ID,655.5
2007,6,ID,657.6
2007,7,ID,655.7
2007,8,ID,656.5
2007,9,ID,655.4
2007,10,ID,654.9
2007,11,ID,656.9
2007,12,ID,656.6
2008,1,ID,653.4
2008,2,ID,654.1
2008,3,ID,654.5
2008,4,ID,654.2
2008,5,ID,654.1
2008,6,ID,653.0
2008,7,ID,653.3
2008,8,ID,650.1
2008,9,ID,647.7
2008,10,ID,640.7
2008,11,ID,634.9
2008,12,ID,631.5
2009,1,ID,625.1
2009,2,ID,619.0
2009,3,ID,614.6
2009,4,ID,610.1
2009,5,ID,608.3
2009,6,ID,609.4
2009,7,ID,605.4
2009,8,ID,604.1
2009,9,ID,603.0
2009,10,ID,605.4
2009,11,ID,604.1
2009,12,ID,603.4
2010,1,ID,598.7
2010,2,ID,600.6
2010,3,ID,602.0
2010,4,ID,603.2
2010,5,ID,605.7
2010,6,ID,602.2
2010,7,ID,603.5
2010,8,ID,603.7
2010,9,ID,601.9
2010,10,ID,606.0
2010,11,ID,605.3
2010,12,ID,604.5
2011,1,ID,605.1
2011,2,ID,605.0
2011,3,ID,604.7
2011,4,ID,607.9
2011,5,ID,607.7
2011,6,ID,608.7
2011,7,ID,611.7
2011,8,ID,612.8
2011,9,ID,613.8
2011,10,ID,614.2
2011,11,ID,616.1
2011,12,ID,617.8
2012,1,ID,615.1
2012,2,ID,616.1
2012,3,ID,616.6
2012,4,ID,617.6
2012,5,ID,619.5
2012,6,ID,620.9
2012,7,ID,621.4
2012,8,ID,622.8
2012,9,ID,626.2
2012,10,ID,627.4
2012,11,ID,629.6
2012,12,ID,629.9
2013,1,ID,630.5
2013,2,ID,632.5
2013,3,ID,634.0
2013,4,ID,634.4
2013,5,ID,636.8
2013,6,ID,636.9
2013,7,ID,636.5
2013,8,ID,638.0
2013,9,ID,638.4
2013,10,ID,643.5
2013,11,ID,644.1
2013,12,ID,645.1
2014,1,ID,647.2
2014,2,ID,649.3
2014,3,ID,650.7
2014,4,ID,652.4
2014,5,ID,652.0
2014,6,ID,653.3
2014,7,ID,654.1
2014,8,ID,655.1
2014,9,ID,655.0
2014,10,ID,657.3
2014,11,ID,658.7
2014,12,ID,660.5
2015,1,ID,662.6
2015,2,ID,663.4
2015,3,ID,666.1
2015,4,ID,666.4
2015,5,ID,669.2
2015,6,ID,670.3
2015,7,ID,672.4
2015,8,ID,673.0
2015,9,ID,676.2
2015,10,ID,677.6
2015,11,ID,679.5
2015,12,ID,681.9
2016,1,ID,682.7
2016,2,ID,686.1
2016,3,ID,688.9
2016,4,ID,689.2
2016,5,ID,690.3
2016,6,ID,692.1
2016,7,ID,696.9
2016,8,ID,698.3
2016,9,ID,700.5
2016,10,ID,700.0
2016,11,ID,702.5
2016,12,ID,703.2
2017,1,ID,706.1
2017,2,ID,706.5
2017,3,ID,710.2
2017,4,ID,710.1
2017,5,ID,712.6
2017,6,ID,715.6
2017,7,ID,714.7
2017,8,ID,717.3
2017,9,ID,719.7
2017,10,ID,720.0
2017,11,ID,721.6
2017,12,ID,724.0
2018,1,ID,727.0
2018,2,ID,730.4
2018,3,ID,731.4
2018,4,ID,733.5
2018,5,ID,736.0
2018,6,ID,739.4
2018,7,ID,740.3
2018,8,ID,742.4
2018,9,ID,742.0
2018,10,ID,745.5
2018,11,ID,746.7
2018,12,ID,748.8
2019,1,ID,750.6
2019,2,ID,751.7
2019,3,ID,752.4
2019,4,ID,755.5
2019,5,ID,758.3
2019,6,ID,759.0
2019,7,ID,760.0
2019,8,ID,763.6
2019,9,ID,762.8
2019,10,ID,766.7
2019,11,ID,769.9
2019,12,ID,771.6
2020,1,ID,772.6
2020,2,ID,773.3
2020,3,ID,773.6
2020,4,ID,694.3
2020,5,ID,719.1
2020,6,ID,740.3
2020,7,ID,749.5
2020,8,ID,758.0
2020,9,ID,760.5
2020,10,ID,766.4
2020,11,ID,770.4
2020,12,ID,774.8
2021,1,ID,777.6
2021,2,ID,782.2
2021,3,ID,786.7
2021,4,ID,790.5
2021,5,ID,793.1
2021,6,ID,796.5
2021,7,ID,800.9
2021,8,ID,803.4
2021,9,ID,802.0
2021,10,ID,806.1
2021,11,ID,809.3
2021,12,ID,813.2
2022,1,ID,816.6
2022,2,ID,820.5
2022,3,ID,823.4
2022,4,ID,821.6
2022,5,ID,822.7
2022,6,ID,825.2
2022,7,ID,831.1
2022,8,ID,832.7
2022,9,ID,834.0
2022,10,ID,833.7
2022,11,ID,836.8
2022,12,ID,836.6
2023,1,ID,839.2
2023,2,ID,840.3
2023,3,ID,836.1
2023,4,ID,845.1
2023,5,ID,846.8
2023,6,ID,850.6
2023,7,ID,845.6
2023,8,ID,848.4
2023,9,ID,850.4
2023,10,ID,858.8
2023,11,ID,861.2
2023,12,ID,864.1
2024,1,ID,854.9
2024,2,ID,855.3
2024,3,ID,854.6
2024,4,ID,859.8
2024,5,ID,861.0
2024,6,ID,862.9
2024,7,ID,867.4
2024,8,ID,869.0
2024,9,ID,866.1
2024,10,ID,869.0
2024,11,ID,872.9
2024,12,ID,876.9
2025,1,ID,878.0
2025,2,ID,877.3
2025,3,ID,876.2
2025,4,ID,880.9
2025,5,ID,882.4
2025,6,ID,881.7
2025,7,ID,881.7
2025,8,ID,882.2
2025,9,ID,882.1
2025,10,ID,881.7
2025,11,ID,885.6
2025,12,ID,885.9
1990,1,IL,5270.1
1990,2,IL,5279.1
1990,3,IL,5291.3
1990,4,IL,5282.1
1990,5,IL,5289.6
1990,6,IL,5299.2
1990,7,IL,5303.3
1990,8,IL,5308.4
1990,9,IL,5297.8
1990,10,IL,5279.7
1990,11,IL,5273.7
1990,12,IL,5270.2
1991,1,IL,5276.5
1991,2,IL,5257.7
1991,3,IL,5254.9
1991,4,IL,5254.8
1991,5,IL,5241.3
1991,6,IL,5232.0
1991,7,IL,5219.3
1991,8,IL,5205.9
1991,9,IL,5213.9
1991,10,IL,5217.1
1991,11,IL,5212.9
1991,12,IL,5203.4
1992,1,IL,5213.1
1992,2,IL,5210.3
1992,3,IL,5207.5
1992,4,IL,5207.8
1992,5,IL,5221.6
1992,6,IL,5227.8
1992,7,IL,5234.5
1992,8,IL,5242.5
1992,9,IL,5246.3
1992,10,IL,5256.6
1992,11,IL,5270.1
1992,12,IL,5271.3
1993,1,IL,5288.0
1993,2,IL,5295.6
1993,3,IL,5290.0
1993,4,IL,5311.2
1993,5,IL,5321.0
1993,6,IL,5318.9
1993,7,IL,5320.9
1993,8,IL,5333.8
1993,9,IL,5343.1
1993,10,IL,5372.5
1993,11,IL,5382.8
1993,12,IL,5397.3
1994,1,IL,5393.2
1994,2,IL,5402.2
1994,3,IL,5427.9
1994,4,IL,5440.2
1994,5,IL,5456.9
1994,6,IL,5469.2
1994,7,IL,5468.6
1994,8,IL,5480.6
1994,9,IL,5502.8
1994,10,IL,5486.9
1994,11,IL,5505.7
1994,12,IL,5514.3
1995,1,IL,5551.5
1995,2,IL,5569.7
1995,3,IL,5583.9
1995,4,IL,5580.7
1995,5,IL,5578.4
1995,6,IL,5595.6
1995,7,IL,5563.8
1995,8,IL,5577.9
1995,9,IL,5631.6
1995,10,IL,5612.7
1995,11,IL,5619.7
1995,12,IL,5632.1
1996,1,IL,5644.6
1996,2,IL,5647.3
1996,3,IL,5655.2
1996,4,IL,5658.0
1996,5,IL,5662.7
1996,6,IL,5682.9
1996,7,IL,5680.0
1996,8,IL,5693.5
1996,9,IL,5688.7
1996,10,IL,5702.8
1996,11,IL,5722.0
1996,12,IL,5722.5
1997,1,IL,5726.1
1997,2,IL,5727.7
1997,3,IL,5739.8
1997,4,IL,5740.4
1997,5,IL,5760.9
1997,6,IL,5767.1
1997,7,IL,5760.1
1997,8,IL,5757.7
1997,9,IL,5773.3
1997,10,IL,5784.3
1997,11,IL,5812.5
1997,12,IL,5827.4
1998,1,IL,5846.6
1998,2,IL,5849.8
1998,3,IL,5848.2
1998,4,IL,5860.4
1998,5,IL,5880.7
1998,6,IL,5885.7
1998,7,IL,5904.5
1998,8,IL,5911.4
1998,9,IL,5927.8
1998,10,IL,5921.1
1998,11,IL,5934.7
1998,12,IL,5943.8
1999,1,IL,5912.0
1999,2,IL,5930.6
1999,3,IL,5934.2
1999,4,IL,5946.9
1999,5,IL,5944.8
1999,6,IL,5958.0
1999,7,IL,5958.1
1999,8,IL,5961.3
1999,9,IL,5957.8
1999,10,IL,5985.9
1999,11,IL,5991.3
1999,12,IL,6004.9
2000,1,IL,6011.5
2000,2,IL,6018.5
2000,3,IL,6037.2
2000,4,IL,6042.8
2000,5,IL,6046.7
2000,6,IL,6056.7
2000,7,IL,6041.5
2000,8,IL,6054.5
2000,9,IL,6055.4
2000,10,IL,6050.5
2000,11,IL,6055.1
2000,12,IL,6043.6
2001,1,IL,6041.8
2001,2,IL,6045.7
2001,3,IL,6044.0
2001,4,IL,6032.8
2001,5,IL,6028.9
2001,6,IL,6025.0
2001,7,IL,5991.7
2001,8,IL,5977.0
2001,9,IL,5960.3
2001,10,IL,5933.9
2001,11,IL,5919.0
2001,12,IL,5913.3
2002,1,IL,5912.8
2002,2,IL,5900.1
2002,3,IL,5891.3
2002,4,IL,5892.7
2002,5,IL,5886.2
2002,6,IL,5885.4
2002,7,IL,5873.1
2002,8,IL,5875.0
2002,9,IL,5870.2
2002,10,IL,5872.4
2002,11,IL,5871.1
2002,12,IL,5860.5
2003,1,IL,5847.1
2003,2,IL,5832.1
2003,3,IL,5818.1
2003,4,IL,5815.4
2003,5,IL,5806.0
2003,6,IL,5804.5
2003,7,IL,5802.9
2003,8,IL,5802.7
2003,9,IL,5799.0
2003,10,IL,5796.1
2003,11,IL,5792.3
2003,12,IL,5796.5
2004,1,IL,5797.7
2004,2,IL,5792.7
2004,3,IL,5800.2
2004,4,IL,5800.5
2004,5,IL,5810.3
2004,6,IL,5816.3
2004,7,IL,5822.5
2004,8,IL,5828.1
2004,9,IL,5818.4
2004,10,IL,5830.9
2004,11,IL,5833.4
2004,12,IL,5850.7
2005,1,IL,5831.4
2005,2,IL,5835.8
2005,3,IL,5834.1
2005,4,IL,5856.4
2005,5,IL,5854.9
2005,6,IL,5841.5
2005,7,IL,5875.0
2005,8,IL,5880.1
2005,9,IL,5885.9
2005,10,IL,5880.2
2005,11,IL,5888.4
2005,12,IL,5891.7
2006,1,IL,5902.0
2006,2,IL,5915.5
2006,3,IL,5920.9
2006,4,IL,5920.4
2006,5,IL,5920.9
2006,6,IL,5938.5
2006,7,IL,5935.7
2006,8,IL,5944.9
2006,9,IL,5948.0
2006,10,IL,5939.7
2006,11,IL,5943.6
2006,12,IL,5952.1
2007,1,IL,5966.5
2007,2,IL,5956.4
2007,3,IL,5976.0
2007,4,IL,5975.2
2007,5,IL,5983.5
2007,6,IL,5986.5
2007,7,IL,5983.0
2007,8,IL,5978.5
2007,9,IL,5978.0
2007,10,IL,5976.8
2007,11,IL,5982.7
2007,12,IL,5983.4
2008,1,IL,5989.8
2008,2,IL,5985.0
2008,3,IL,5978.3
2008,4,IL,5978.2
2008,5,IL,5973.5
2008,6,IL,5966.9
2008,7,IL,5962.0
2008,8,IL,5950.6
2008,9,IL,5930.0
2008,10,IL,5907.0
2008,11,IL,5880.4
2008,12,IL,5848.2
2009,1,IL,5799.4
2009,2,IL,5765.2
2009,3,IL,5726.3
2009,4,IL,5678.3
2009,5,IL,5662.9
2009,6,IL,5641.4
2009,7,IL,5620.5
2009,8,IL,5605.2
2009,9,IL,5597.1
2009,10,IL,5585.7
2009,11,IL,5588.4
2009,12,IL,5579.9
2010,1,IL,5583.1
2010,2,IL,5587.2
2010,3,IL,5588.2
2010,4,IL,5600.3
2010,5,IL,5618.8
2010,6,IL,5612.9
2010,7,IL,5590.2
2010,8,IL,5614.8
2010,9,IL,5615.8
2010,10,IL,5635.3
2010,11,IL,5637.5
2010,12,IL,5640.8
2011,1,IL,5648.0
2011,2,IL,5649.2
2011,3,IL,5659.2
2011,4,IL,5672.6
2011,5,IL,5668.4
2011,6,IL,5669.5
2011,7,IL,5681.9
2011,8,IL,5693.2
2011,9,IL,5698.4
2011,10,IL,5695.5
2011,11,IL,5698.9
2011,12,IL,5703.2
2012,1,IL,5721.4
2012,2,IL,5729.6
2012,3,IL,5745.8
2012,4,IL,5743.6
2012,5,IL,5742.2
2012,6,IL,5746.2
2012,7,IL,5746.3
2012,8,IL,5753.9
2012,9,IL,5766.2
2012,10,IL,5764.0
2012,11,IL,5773.7
2012,12,IL,5775.9
2013,1,IL,5784.8
2013,2,IL,5794.9
2013,3,IL,5792.3
2013,4,IL,5780.8
2013,5,IL,5788.3
2013,6,IL,5797.7
2013,7,IL,5801.3
2013,8,IL,5810.8
2013,9,IL,5815.0
2013,10,IL,5818.0
2013,11,IL,5821.8
2013,12,IL,5834.3
2014,1,IL,5842.8
2014,2,IL,5841.4
2014,3,IL,5852.0
2014,4,IL,5863.8
2014,5,IL,5873.5
2014,6,IL,5878.1
2014,7,IL,5880.1
2014,8,IL,5882.7
2014,9,IL,5888.7
2014,10,IL,5899.4
2014,11,IL,5912.0
2014,12,IL,5920.9
2015,1,IL,5917.8
2015,2,IL,5923.3
2015,3,IL,5924.7
2015,4,IL,5949.9
2015,5,IL,5972.1
2015,6,IL,5975.8
2015,7,IL,5981.5
2015,8,IL,5978.2
2015,9,IL,5980.9
2015,10,IL,5991.2
2015,11,IL,5992.1
2015,12,IL,5998.3
2016,1,IL,6000.4
2016,2,IL,6000.5
2016,3,IL,5998.6
2016,4,IL,6010.3
2016,5,IL,5999.6
2016,6,IL,5998.7
2016,7,IL,6014.5
2016,8,IL,6013.2
2016,9,IL,6025.9
2016,10,IL,6032.0
2016,11,IL,6033.5
2016,12,IL,6029.3
2017,1,IL,6023.7
2017,2,IL,6035.5
2017,3,IL,6040.9
2017,4,IL,6042.6
2017,5,IL,6047.7
2017,6,IL,6061.2
2017,7,IL,6053.7
2017,8,IL,6068.4
2017,9,IL,6073.3
2017,10,IL,6069.7
2017,11,IL,6073.8
2017,12,IL,6083.6
2018,1,IL,6073.6
2018,2,IL,6089.6
2018,3,IL,6105.9
2018,4,IL,6084.8
2018,5,IL,6094.6
2018,6,IL,6104.7
2018,7,IL,6109.0
2018,8,IL,6111.8
2018,9,IL,6116.2
2018,10,IL,6109.9
2018,11,IL,6115.6
2018,12,IL,6111.5
2019,1,IL,6112.8
2019,2,IL,6110.6
2019,3,IL,6113.3
2019,4,IL,6127.4
2019,5,IL,6131.5
2019,6,IL,6133.5
2019,7,IL,6132.9
2019,8,IL,6131.7
2019,9,IL,6129.7
2019,10,IL,6128.9
2019,11,IL,6124.1
2019,12,IL,6128.7
2020,1,IL,6140.9
2020,2,IL,6137.7
2020,3,IL,6085.0
2020,4,IL,5322.3
2020,5,IL,5339.0
2020,6,IL,5454.7
2020,7,IL,5567.5
2020,8,IL,5640.7
2020,9,IL,5662.9
2020,10,IL,5694.3
2020,11,IL,5663.2
2020,12,IL,5656.0
2021,1,IL,5684.7
2021,2,IL,5718.7
2021,3,IL,5754.1
2021,4,IL,5762.9
2021,5,IL,5769.1
2021,6,IL,5788.3
2021,7,IL,5818.0
2021,8,IL,5826.4
2021,9,IL,5835.1
2021,10,IL,5900.0
2021,11,IL,5918.6
2021,12,IL,5954.1
2022,1,IL,5957.6
2022,2,IL,5973.2
2022,3,IL,5991.4
2022,4,IL,6006.6
2022,5,IL,6019.3
2022,6,IL,6017.7
2022,7,IL,6057.3
2022,8,IL,6067.2
2022,9,IL,6068.0
2022,10,IL,6071.3
2022,11,IL,6077.2
2022,12,IL,6073.3
2023,1,IL,6115.8
2023,2,IL,6115.1
2023,3,IL,6115.9
2023,4,IL,6117.1
2023,5,IL,6120.2
2023,6,IL,6146.1
2023,7,IL,6121.7
2023,8,IL,6122.7
2023,9,IL,6125.8
2023,10,IL,6114.6
2023,11,IL,6120.4
2023,12,IL,6118.4
2024,1,IL,6123.9
2024,2,IL,6131.0
2024,3,IL,6138.1
2024,4,IL,6136.4
2024,5,IL,6144.9
2024,6,IL,6140.2
2024,7,IL,6145.3
2024,8,IL,6147.8
2024,9,IL,6138.2
2024,10,IL,6150.5
2024,11,IL,6148.8
2024,12,IL,6161.0
2025,1,IL,6156.6
2025,2,IL,6157.5
2025,3,IL,6168.4
2025,4,IL,6166.0
2025,5,IL,6165.8
2025,6,IL,6168.1
2025,7,IL,6167.0
2025,8,IL,6164.8
2025,9,IL,6161.4
2025,10,IL,6155.3
2025,11,IL,6147.5
2025,12,IL,6159.3
1990,1,IN,2513.5
1990,2,IN,2513.1
1990,3,IN,2517.7
1990,4,IN,2507.6
1990,5,IN,2511.1
1990,6,IN,2529.3
1990,7,IN,2543.1
1990,8,IN,2545.1
1990,9,IN,2531.0
1990,10,IN,2527.6
1990,11,IN,2517.1
1990,12,IN,2515.0
1991,1,IN,2511.3
1991,2,IN,2498.4
1991,3,IN,2490.6
1991,4,IN,2502.6
1991,5,IN,2501.7
1991,6,IN,2508.4
1991,7,IN,2506.5
1991,8,IN,2512.6
1991,9,IN,2512.6
1991,10,IN,2515.3
1991,11,IN,2514.9
1991,12,IN,2517.1
1992,1,IN,2524.2
1992,2,IN,2527.3
1992,3,IN,2527.6
1992,4,IN,2540.4
1992,5,IN,2551.1
1992,6,IN,2554.8
1992,7,IN,2562.5
1992,8,IN,2576.4
1992,9,IN,2566.0
1992,10,IN,2573.3
1992,11,IN,2575.5
1992,12,IN,2580.3
1993,1,IN,2596.8
1993,2,IN,2599.5
1993,3,IN,2597.1
1993,4,IN,2608.1
1993,5,IN,2613.2
1993,6,IN,2624.4
1993,7,IN,2628.9
1993,8,IN,2643.3
1993,9,IN,2636.6
1993,10,IN,2656.0
1993,11,IN,2663.0
1993,12,IN,2673.3
1994,1,IN,2676.4
1994,2,IN,2683.4
1994,3,IN,2695.8
1994,4,IN,2686.1
1994,5,IN,2697.8
1994,6,IN,2710.3
1994,7,IN,2717.7
1994,8,IN,2732.6
1994,9,IN,2741.0
1994,10,IN,2735.5
1994,11,IN,2749.3
1994,12,IN,2760.7
1995,1,IN,2769.5
1995,2,IN,2775.0
1995,3,IN,2786.6
1995,4,IN,2781.3
1995,5,IN,2780.7
1995,6,IN,2786.1
1995,7,IN,2783.1
1995,8,IN,2793.1
1995,9,IN,2807.3
1995,10,IN,2801.7
1995,11,IN,2803.1
1995,12,IN,2807.5
1996,1,IN,2795.1
1996,2,IN,2800.1
1996,3,IN,2800.5
1996,4,IN,2807.9
1996,5,IN,2814.5
1996,6,IN,2813.9
1996,7,IN,2800.8
1996,8,IN,2812.8
1996,9,IN,2832.0
1996,10,IN,2834.9
1996,11,IN,2838.0
1996,12,IN,2837.6
1997,1,IN,2837.8
1997,2,IN,2847.1
1997,3,IN,2851.2
1997,4,IN,2856.3
1997,5,IN,2856.3
1997,6,IN,2856.0
1997,7,IN,2863.9
1997,8,IN,2856.2
1997,9,IN,2867.7
1997,10,IN,2873.6
1997,11,IN,2876.9
1997,12,IN,2882.0
1998,1,IN,2896.8
1998,2,IN,2901.8
1998,3,IN,2899.4
1998,4,IN,2907.5
1998,5,IN,2918.8
1998,6,IN,2921.9
1998,7,IN,2903.8
1998,8,IN,2928.0
1998,9,IN,2928.1
1998,10,IN,2935.7
1998,11,IN,2946.4
1998,12,IN,2952.0
1999,1,IN,2926.5
1999,2,IN,2950.7
1999,3,IN,2955.6
1999,4,IN,2967.5
1999,5,IN,2976.3
1999,6,IN,2974.6
1999,7,IN,2974.0
1999,8,IN,2975.1
1999,9,IN,2980.5
1999,10,IN,2992.8
1999,11,IN,2997.9
1999,12,IN,3007.8
2000,1,IN,3008.8
2000,2,IN,3007.4
2000,3,IN,3017.1
2000,4,IN,3017.2
2000,5,IN,3024.2
2000,6,IN,3019.9
2000,7,IN,3010.3
2000,8,IN,3011.9
2000,9,IN,3003.5
2000,10,IN,2992.7
2000,11,IN,2983.3
2000,12,IN,2973.8
2001,1,IN,2960.1
2001,2,IN,2965.9
2001,3,IN,2965.5
2001,4,IN,2961.0
2001,5,IN,2949.2
2001,6,IN,2949.0
2001,7,IN,2927.5
2001,8,IN,2928.1
2001,9,IN,2928.6
2001,10,IN,2916.0
2001,11,IN,2907.0
2001,12,IN,2900.6
2002,1,IN,2895.9
2002,2,IN,2900.0
2002,3,IN,2895.9
2002,4,IN,2897.6
2002,5,IN,2901.2
2002,6,IN,2902.6
2002,7,IN,2918.7
2002,8,IN,2919.9
2002,9,IN,2916.6
2002,10,IN,2911.2
2002,11,IN,2912.3
2002,12,IN,2908.9
2003,1,IN,2905.9
2003,2,IN,2905.0
2003,3,IN,2900.6
2003,4,IN,2899.2
2003,5,IN,2899.3
2003,6,IN,2895.1
2003,7,IN,2889.9
2003,8,IN,2897.6
2003,9,IN,2899.3
2003,10,IN,2908.5
2003,11,IN,2909.5
2003,12,IN,2910.2
2004,1,IN,2912.8
2004,2,IN,2911.6
2004,3,IN,2920.5
2004,4,IN,2930.9
2004,5,IN,2932.5
2004,6,IN,2932.9
2004,7,IN,2938.7
2004,8,IN,2941.2
2004,9,IN,2943.1
2004,10,IN,2948.4
2004,11,IN,2950.2
2004,12,IN,2949.9
2005,1,IN,2949.8
2005,2,IN,2955.7
2005,3,IN,2952.0
2005,4,IN,2961.1
2005,5,IN,2955.5
2005,6,IN,2956.0
2005,7,IN,2959.4
2005,8,IN,2956.6
2005,9,IN,2969.5
2005,10,IN,2972.8
2005,11,IN,2974.5
2005,12,IN,2976.1
2006,1,IN,2978.8
2006,2,IN,2982.1
2006,3,IN,2986.7
2006,4,IN,2982.6
2006,5,IN,2974.3
2006,6,IN,2983.8
2006,7,IN,2971.5
2006,8,IN,2974.8
2006,9,IN,2977.1
2006,10,IN,2981.4
2006,11,IN,2981.1
2006,12,IN,2989.4
2007,1,IN,2989.0
2007,2,IN,2979.1
2007,3,IN,2994.7
2007,4,IN,2992.9
2007,5,IN,2991.3
2007,6,IN,2998.2
2007,7,IN,2989.5
2007,8,IN,2986.5
2007,9,IN,2992.5
2007,10,IN,2993.3
2007,11,IN,2995.1
2007,12,IN,2993.4
2008,1,IN,2991.6
2008,2,IN,2991.5
2008,3,IN,2979.9
2008,4,IN,2980.1
2008,5,IN,2981.3
2008,6,IN,2976.2
2008,7,IN,2970.6
2008,8,IN,2966.8
2008,9,IN,2955.4
2008,10,IN,2939.4
2008,11,IN,2920.8
2008,12,IN,2894.0
2009,1,IN,2858.7
2009,2,IN,2842.0
2009,3,IN,2821.9
2009,4,IN,2796.3
2009,5,IN,2789.3
2009,6,IN,2775.6
2009,7,IN,2765.2
2009,8,IN,2780.1
2009,9,IN,2770.9
2009,10,IN,2771.2
2009,11,IN,2777.4
2009,12,IN,2775.1
2010,1,IN,2781.2
2010,2,IN,2781.3
2010,3,IN,2787.3
2010,4,IN,2796.9
2010,5,IN,2809.8
2010,6,IN,2801.6
2010,7,IN,2815.1
2010,8,IN,2800.9
2010,9,IN,2798.6
2010,10,IN,2811.3
2010,11,IN,2809.5
2010,12,IN,2812.1
2011,1,IN,2822.1
2011,2,IN,2825.7
2011,3,IN,2833.3
2011,4,IN,2839.9
2011,5,IN,2848.0
2011,6,IN,2838.2
2011,7,IN,2852.4
2011,8,IN,2840.3
2011,9,IN,2860.3
2011,10,IN,2863.7
2011,11,IN,2861.6
2011,12,IN,2871.0
2012,1,IN,2883.2
2012,2,IN,2892.9
2012,3,IN,2898.0
2012,4,IN,2895.3
2012,5,IN,2898.9
2012,6,IN,2903.4
2012,7,IN,2896.7
2012,8,IN,2903.2
2012,9,IN,2916.2
2012,10,IN,2916.9
2012,11,IN,2914.8
2012,12,IN,2916.2
2013,1,IN,2918.5
2013,2,IN,2930.6
2013,3,IN,2929.6
2013,4,IN,2927.8
2013,5,IN,2919.9
2013,6,IN,2929.4
2013,7,IN,2924.5
2013,8,IN,2944.6
2013,9,IN,2945.5
2013,10,IN,2952.1
2013,11,IN,2966.0
2013,12,IN,2966.4
2014,1,IN,2944.0
2014,2,IN,2957.3
2014,3,IN,2964.2
2014,4,IN,2971.7
2014,5,IN,2980.5
2014,6,IN,2984.2
2014,7,IN,2978.0
2014,8,IN,2984.5
2014,9,IN,2985.2
2014,10,IN,2992.9
2014,11,IN,3004.2
2014,12,IN,3009.3
2015,1,IN,3014.0
2015,2,IN,3012.2
2015,3,IN,3013.9
2015,4,IN,3018.5
2015,5,IN,3031.1
2015,6,IN,3038.3
2015,7,IN,3032.9
2015,8,IN,3042.0
2015,9,IN,3044.8
2015,10,IN,3049.5
2015,11,IN,3055.2
2015,12,IN,3059.1
2016,1,IN,3059.0
2016,2,IN,3064.8
2016,3,IN,3067.1
2016,4,IN,3066.2
2016,5,IN,3063.0
2016,6,IN,3063.5
2016,7,IN,3078.9
2016,8,IN,3078.1
2016,9,IN,3088.8
2016,10,IN,3084.3
2016,11,IN,3088.6
2016,12,IN,3086.6
2017,1,IN,3090.8
2017,2,IN,3093.6
2017,3,IN,3098.9
2017,4,IN,3101.9
2017,5,IN,3104.4
2017,6,IN,3112.8
2017,7,IN,3107.8
2017,8,IN,3106.5
2017,9,IN,3118.2
2017,10,IN,3115.0
2017,11,IN,3118.0
2017,12,IN,3122.4
2018,1,IN,3121.2
2018,2,IN,3125.0
2018,3,IN,3132.8
2018,4,IN,3132.7
2018,5,IN,3136.9
2018,6,IN,3145.3
2018,7,IN,3139.9
2018,8,IN,3148.1
2018,9,IN,3149.7
2018,10,IN,3149.0
2018,11,IN,3145.2
2018,12,IN,3145.1
2019,1,IN,3164.8
2019,2,IN,3165.3
2019,3,IN,3162.3
2019,4,IN,3155.6
2019,5,IN,3147.9
2019,6,IN,3158.4
2019,7,IN,3149.4
2019,8,IN,3162.0
2019,9,IN,3162.6
2019,10,IN,3159.9
2019,11,IN,3164.8
2019,12,IN,3168.3
2020,1,IN,3162.4
2020,2,IN,3165.3
2020,3,IN,3138.5
2020,4,IN,2670.3
2020,5,IN,2796.7
2020,6,IN,2911.5
2020,7,IN,2966.0
2020,8,IN,2996.2
2020,9,IN,3011.8
2020,10,IN,3032.1
2020,11,IN,3033.4
2020,12,IN,3036.9
2021,1,IN,3049.1
2021,2,IN,3043.4
2021,3,IN,3056.8
2021,4,IN,3051.1
2021,5,IN,3059.7
2021,6,IN,3071.6
2021,7,IN,3101.7
2021,8,IN,3093.8
2021,9,IN,3082.3
2021,10,IN,3121.9
2021,11,IN,3135.4
2021,12,IN,3146.7
2022,1,IN,3153.2
2022,2,IN,3160.9
2022,3,IN,3168.8
2022,4,IN,3177.6
2022,5,IN,3178.1
2022,6,IN,3173.3
2022,7,IN,3208.8
2022,8,IN,3204.9
2022,9,IN,3209.6
2022,10,IN,3211.8
2022,11,IN,3216.9
2022,12,IN,3216.6
2023,1,IN,3221.4
2023,2,IN,3233.1
2023,3,IN,3234.6
2023,4,IN,3232.5
2023,5,IN,3238.9
2023,6,IN,3241.9
2023,7,IN,3241.9
2023,8,IN,3243.8
2023,9,IN,3246.8
2023,10,IN,3247.6
2023,11,IN,3249.0
2023,12,IN,3251.2
2024,1,IN,3249.1
2024,2,IN,3254.7
2024,3,IN,3255.3
2024,4,IN,3258.3
2024,5,IN,3262.5
2024,6,IN,3257.1
2024,7,IN,3256.1
2024,8,IN,3277.2
2024,9,IN,3271.5
2024,10,IN,3266.8
2024,11,IN,3267.2
2024,12,IN,3270.2
2025,1,IN,3255.0
2025,2,IN,3259.9
2025,3,IN,3271.8
2025,4,IN,3276.5
2025,5,IN,3280.6
2025,6,IN,3283.8
2025,7,IN,3288.4
2025,8,IN,3290.7
2025,9,IN,3295.3
2025,10,IN,3290.3
2025,11,IN,3286.0
2025,12,IN,3278.3
1990,1,IA,1216.5
1990,2,IA,1222.1
1990,3,IA,1219.8
1990,4,IA,1220.9
1990,5,IA,1222.4
1990,6,IA,1222.0
1990,7,IA,1230.4
1990,8,IA,1230.1
1990,9,IA,1235.2
1990,10,IA,1233.3
1990,11,IA,1233.7
1990,12,IA,1233.2
1991,1,IA,1233.8
1991,2,IA,1233.0
1991,3,IA,1233.6
1991,4,IA,1235.5
1991,5,IA,1235.8
1991,6,IA,1237.4
1991,7,IA,1242.4
1991,8,IA,1240.9
1991,9,IA,1242.7
1991,10,IA,1240.9
1991,11,IA,1239.6
1991,12,IA,1242.1
1992,1,IA,1243.8
1992,2,IA,1248.1
1992,3,IA,1248.7
1992,4,IA,1250.3
1992,5,IA,1252.5
1992,6,IA,1252.8
1992,7,IA,1252.5
1992,8,IA,1253.0
1992,9,IA,1253.3
1992,10,IA,1255.5
1992,11,IA,1259.1
1992,12,IA,1260.1
1993,1,IA,1262.5
1993,2,IA,1265.4
1993,3,IA,1265.8
1993,4,IA,1270.8
1993,5,IA,1275.6
1993,6,IA,1279.2
1993,7,IA,1278.6
1993,8,IA,1281.6
1993,9,IA,1286.2
1993,10,IA,1291.3
1993,11,IA,1292.6
1993,12,IA,1294.6
1994,1,IA,1297.0
1994,2,IA,1298.0
1994,3,IA,1303.9
1994,4,IA,1312.7
1994,5,IA,1316.0
1994,6,IA,1325.9
1994,7,IA,1323.8
1994,8,IA,1327.5
1994,9,IA,1331.4
1994,10,IA,1330.5
1994,11,IA,1339.1
1994,12,IA,1339.6
1995,1,IA,1346.1
1995,2,IA,1350.7
1995,3,IA,1354.4
1995,4,IA,1352.7
1995,5,IA,1352.0
1995,6,IA,1356.7
1995,7,IA,1357.7
1995,8,IA,1362.3
1995,9,IA,1363.8
1995,10,IA,1367.2
1995,11,IA,1370.6
1995,12,IA,1374.4
1996,1,IA,1377.6
1996,2,IA,1375.2
1996,3,IA,1380.0
1996,4,IA,1383.0
1996,5,IA,1380.2
1996,6,IA,1380.1
1996,7,IA,1383.1
1996,8,IA,1387.8
1996,9,IA,1384.3
1996,10,IA,1392.0
1996,11,IA,1393.7
1996,12,IA,1394.3
1997,1,IA,1394.8
1997,2,IA,1395.6
1997,3,IA,1397.0
1997,4,IA,1400.1
1997,5,IA,1405.3
1997,6,IA,1407.2
1997,7,IA,1410.2
1997,8,IA,1409.3
1997,9,IA,1412.4
1997,10,IA,1418.1
1997,11,IA,1419.9
1997,12,IA,1425.1
1998,1,IA,1428.9
1998,2,IA,1433.0
1998,3,IA,1431.9
1998,4,IA,1437.0
1998,5,IA,1443.3
1998,6,IA,1446.4
1998,7,IA,1446.6
1998,8,IA,1448.0
1998,9,IA,1449.9
1998,10,IA,1453.2
1998,11,IA,1455.4
1998,12,IA,1459.9
1999,1,IA,1457.3
1999,2,IA,1463.0
1999,3,IA,1464.7
1999,4,IA,1472.6
1999,5,IA,1472.5
1999,6,IA,1474.8
1999,7,IA,1474.6
1999,8,IA,1472.2
1999,9,IA,1471.7
1999,10,IA,1473.7
1999,11,IA,1476.0
1999,12,IA,1478.2
2000,1,IA,1477.3
2000,2,IA,1479.9
2000,3,IA,1485.7
2000,4,IA,1478.5
2000,5,IA,1479.2
2000,6,IA,1476.8
2000,7,IA,1484.3
2000,8,IA,1484.2
2000,9,IA,1482.6
2000,10,IA,1483.5
2000,11,IA,1483.0
2000,12,IA,1478.1
2001,1,IA,1478.6
2001,2,IA,1475.8
2001,3,IA,1473.7
2001,4,IA,1473.3
2001,5,IA,1473.2
2001,6,IA,1470.3
2001,7,IA,1467.4
2001,8,IA,1467.5
2001,9,IA,1463.7
2001,10,IA,1455.1
2001,11,IA,1452.5
2001,12,IA,1450.9
2002,1,IA,1453.4
2002,2,IA,1450.9
2002,3,IA,1447.2
2002,4,IA,1449.6
2002,5,IA,1449.5
2002,6,IA,1449.2
2002,7,IA,1446.9
2002,8,IA,1444.6
2002,9,IA,1446.7
2002,10,IA,1443.7
2002,11,IA,1445.4
2002,12,IA,1444.6
2003,1,IA,1442.6
2003,2,IA,1440.9
2003,3,IA,1437.7
2003,4,IA,1436.5
2003,5,IA,1436.7
2003,6,IA,1435.1
2003,7,IA,1436.3
2003,8,IA,1439.7
2003,9,IA,1442.7
2003,10,IA,1444.6
2003,11,IA,1445.3
2003,12,IA,1447.7
2004,1,IA,1448.5
2004,2,IA,1448.7
2004,3,IA,1449.8
2004,4,IA,1454.3
2004,5,IA,1453.8
2004,6,IA,1456.5
2004,7,IA,1461.4
2004,8,IA,1460.7
2004,9,IA,1459.6
2004,10,IA,1463.2
2004,11,IA,1464.8
2004,12,IA,1467.3
2005,1,IA,1465.5
2005,2,IA,1471.5
2005,3,IA,1476.2
2005,4,IA,1478.4
2005,5,IA,1479.4
2005,6,IA,1480.3
2005,7,IA,1483.9
2005,8,IA,1484.3
2005,9,IA,1488.5
2005,10,IA,1487.5
2005,11,IA,1488.2
2005,12,IA,1489.5
2006,1,IA,1494.8
2006,2,IA,1500.2
2006,3,IA,1502.3
2006,4,IA,1503.7
2006,5,IA,1504.1
2006,6,IA,1507.5
2006,7,IA,1503.4
2006,8,IA,1504.1
2006,9,IA,1507.5
2006,10,IA,1508.4
2006,11,IA,1509.0
2006,12,IA,1514.1
2007,1,IA,1514.1
2007,2,IA,1513.9
2007,3,IA,1513.7
2007,4,IA,1514.8
2007,5,IA,1517.7
2007,6,IA,1522.3
2007,7,IA,1519.7
2007,8,IA,1520.1
2007,9,IA,1520.5
2007,10,IA,1522.5
2007,11,IA,1526.9
2007,12,IA,1525.3
2008,1,IA,1527.6
2008,2,IA,1527.7
2008,3,IA,1527.0
2008,4,IA,1526.7
2008,5,IA,1527.9
2008,6,IA,1525.6
2008,7,IA,1526.4
2008,8,IA,1525.9
2008,9,IA,1525.9
2008,10,IA,1522.2
2008,11,IA,1516.2
2008,12,IA,1512.1
2009,1,IA,1503.5
2009,2,IA,1499.4
2009,3,IA,1490.7
2009,4,IA,1482.6
2009,5,IA,1481.0
2009,6,IA,1475.6
2009,7,IA,1470.7
2009,8,IA,1472.1
2009,9,IA,1471.9
2009,10,IA,1467.9
2009,11,IA,1467.0
2009,12,IA,1464.1
2010,1,IA,1463.6
2010,2,IA,1464.5
2010,3,IA,1467.7
2010,4,IA,1471.8
2010,5,IA,1472.5
2010,6,IA,1469.5
2010,7,IA,1467.5
2010,8,IA,1466.8
2010,9,IA,1465.2
2010,10,IA,1472.9
2010,11,IA,1473.9
2010,12,IA,1475.7
2011,1,IA,1475.7
2011,2,IA,1477.2
2011,3,IA,1479.3
2011,4,IA,1484.6
2011,5,IA,1483.1
2011,6,IA,1482.8
2011,7,IA,1486.3
2011,8,IA,1489.2
2011,9,IA,1493.8
2011,10,IA,1492.3
2011,11,IA,1494.6
2011,12,IA,1496.1
2012,1,IA,1498.8
2012,2,IA,1501.6
2012,3,IA,1506.8
2012,4,IA,1506.6
2012,5,IA,1507.4
2012,6,IA,1507.6
2012,7,IA,1509.7
2012,8,IA,1510.6
2012,9,IA,1513.0
2012,10,IA,1513.2
2012,11,IA,1514.7
2012,12,IA,1516.5
2013,1,IA,1516.0
2013,2,IA,1519.6
2013,3,IA,1519.2
2013,4,IA,1516.4
2013,5,IA,1524.1
2013,6,IA,1526.3
2013,7,IA,1534.9
2013,8,IA,1535.7
2013,9,IA,1537.9
2013,10,IA,1533.4
2013,11,IA,1536.9
2013,12,IA,1537.4
2014,1,IA,1536.3
2014,2,IA,1538.7
2014,3,IA,1540.1
2014,4,IA,1543.7
2014,5,IA,1547.7
2014,6,IA,1546.7
2014,7,IA,1546.7
2014,8,IA,1549.5
2014,9,IA,1554.1
2014,10,IA,1550.5
2014,11,IA,1552.9
2014,12,IA,1556.1
2015,1,IA,1558.4
2015,2,IA,1559.2
2015,3,IA,1561.7
2015,4,IA,1558.2
2015,5,IA,1560.5
2015,6,IA,1562.0
2015,7,IA,1561.1
2015,8,IA,1559.6
2015,9,IA,1560.4
2015,10,IA,1563.6
2015,11,IA,1564.7
2015,12,IA,1566.7
2016,1,IA,1568.4
2016,2,IA,1569.0
2016,3,IA,1573.7
2016,4,IA,1574.0
2016,5,IA,1568.2
2016,6,IA,1565.1
2016,7,IA,1571.0
2016,8,IA,1570.6
2016,9,IA,1574.6
2016,10,IA,1573.3
2016,11,IA,1571.0
2016,12,IA,1571.1
2017,1,IA,1567.9
2017,2,IA,1571.7
2017,3,IA,1572.2
2017,4,IA,1573.8
2017,5,IA,1569.7
2017,6,IA,1573.0
2017,7,IA,1571.7
2017,8,IA,1572.2
2017,9,IA,1574.4
2017,10,IA,1573.9
2017,11,IA,1575.2
2017,12,IA,1578.4
2018,1,IA,1578.3
2018,2,IA,1580.5
2018,3,IA,1580.1
2018,4,IA,1579.0
2018,5,IA,1586.3
2018,6,IA,1586.8
2018,7,IA,1584.7
2018,8,IA,1584.2
2018,9,IA,1586.2
2018,10,IA,1584.0
2018,11,IA,1586.3
2018,12,IA,1586.0
2019,1,IA,1588.3
2019,2,IA,1583.2
2019,3,IA,1583.1
2019,4,IA,1587.0
2019,5,IA,1587.7
2019,6,IA,1586.9
2019,7,IA,1588.1
2019,8,IA,1588.2
2019,9,IA,1587.6
2019,10,IA,1588.5
2019,11,IA,1587.6
2019,12,IA,1590.3
2020,1,IA,1589.1
2020,2,IA,1588.3
2020,3,IA,1581.0
2020,4,IA,1412.6
2020,5,IA,1425.2
2020,6,IA,1466.5
2020,7,IA,1487.2
2020,8,IA,1496.0
2020,9,IA,1507.1
2020,10,IA,1515.0
2020,11,IA,1513.1
2020,12,IA,1518.7
2021,1,IA,1522.3
2021,2,IA,1520.9
2021,3,IA,1528.1
2021,4,IA,1531.5
2021,5,IA,1533.3
2021,6,IA,1537.0
2021,7,IA,1545.6
2021,8,IA,1548.1
2021,9,IA,1544.0
2021,10,IA,1551.2
2021,11,IA,1549.8
2021,12,IA,1557.4
2022,1,IA,1555.7
2022,2,IA,1566.1
2022,3,IA,1566.1
2022,4,IA,1568.1
2022,5,IA,1569.5
2022,6,IA,1573.4
2022,7,IA,1575.0
2022,8,IA,1575.8
2022,9,IA,1579.4
2022,10,IA,1581.0
2022,11,IA,1582.7
2022,12,IA,1582.2
2023,1,IA,1584.3
2023,2,IA,1586.0
2023,3,IA,1586.4
2023,4,IA,1593.4
2023,5,IA,1593.0
2023,6,IA,1595.3
2023,7,IA,1593.7
2023,8,IA,1595.7
2023,9,IA,1596.0
2023,10,IA,1599.1
2023,11,IA,1597.4
2023,12,IA,1598.5
2024,1,IA,1590.0
2024,2,IA,1602.2
2024,3,IA,1604.1
2024,4,IA,1602.3
2024,5,IA,1601.5
2024,6,IA,1597.5
2024,7,IA,1595.1
2024,8,IA,1596.9
2024,9,IA,1594.6
2024,10,IA,1590.3
2024,11,IA,1590.8
2024,12,IA,1592.8
2025,1,IA,1595.9
2025,2,IA,1593.8
2025,3,IA,1594.0
2025,4,IA,1598.5
2025,5,IA,1593.4
2025,6,IA,1591.2
2025,7,IA,1591.0
2025,8,IA,1594.6
2025,9,IA,1597.0
2025,10,IA,1595.2
2025,11,IA,1598.8
2025,12,IA,1595.5
1990,1,KS,1088.1
1990,2,KS,1088.5
1990,3,KS,1089.7
1990,4,KS,1089.5
1990,5,KS,1092.5
1990,6,KS,1093.1
1990,7,KS,1083.8
1990,8,KS,1092.6
1990,9,KS,1095.3
1990,10,KS,1095.3
1990,11,KS,1102.2
1990,12,KS,1097.2
1991,1,KS,1087.3
1991,2,KS,1086.7
1991,3,KS,1091.7
1991,4,KS,1095.1
1991,5,KS,1093.9
1991,6,KS,1093.1
1991,7,KS,1101.3
1991,8,KS,1103.7
1991,9,KS,1103.2
1991,10,KS,1104.7
1991,11,KS,1104.5
1991,12,KS,1106.4
1992,1,KS,1111.1
1992,2,KS,1110.7
1992,3,KS,1110.2
1992,4,KS,1116.5
1992,5,KS,1115.3
1992,6,KS,1113.1
1992,7,KS,1114.1
1992,8,KS,1123.5
1992,9,KS,1117.1
1992,10,KS,1120.3
1992,11,KS,1126.8
1992,12,KS,1123.1
1993,1,KS,1120.9
1993,2,KS,1125.6
1993,3,KS,1127.6
1993,4,KS,1130.7
1993,5,KS,1133.0
1993,6,KS,1138.9
1993,7,KS,1137.0
1993,8,KS,1138.5
1993,9,KS,1141.4
1993,10,KS,1141.5
1993,11,KS,1142.1
1993,12,KS,1145.8
1994,1,KS,1151.4
1994,2,KS,1151.8
1994,3,KS,1157.3
1994,4,KS,1154.9
1994,5,KS,1163.1
1994,6,KS,1168.6
1994,7,KS,1160.4
1994,8,KS,1174.2
1994,9,KS,1177.4
1994,10,KS,1180.9
1994,11,KS,1190.7
1994,12,KS,1185.4
1995,1,KS,1191.3
1995,2,KS,1194.8
1995,3,KS,1196.8
1995,4,KS,1193.6
1995,5,KS,1195.1
1995,6,KS,1198.5
1995,7,KS,1198.3
1995,8,KS,1202.9
1995,9,KS,1206.6
1995,10,KS,1208.9
1995,11,KS,1204.8
1995,12,KS,1214.4
1996,1,KS,1213.2
1996,2,KS,1217.1
1996,3,KS,1221.8
1996,4,KS,1226.6
1996,5,KS,1220.7
1996,6,KS,1229.2
1996,7,KS,1220.9
1996,8,KS,1229.3
1996,9,KS,1237.0
1996,10,KS,1240.7
1996,11,KS,1247.2
1996,12,KS,1248.2
1997,1,KS,1246.5
1997,2,KS,1252.3
1997,3,KS,1257.3
1997,4,KS,1264.2
1997,5,KS,1269.1
1997,6,KS,1270.6
1997,7,KS,1274.2
1997,8,KS,1276.0
1997,9,KS,1280.4
1997,10,KS,1282.2
1997,11,KS,1286.1
1997,12,KS,1288.9
1998,1,KS,1298.8
1998,2,KS,1304.5
1998,3,KS,1300.5
1998,4,KS,1308.4
1998,5,KS,1315.5
1998,6,KS,1316.6
1998,7,KS,1314.7
1998,8,KS,1320.8
1998,9,KS,1320.1
1998,10,KS,1323.2
1998,11,KS,1325.4
1998,12,KS,1326.7
1999,1,KS,1322.5
1999,2,KS,1327.3
1999,3,KS,1326.7
1999,4,KS,1324.0
1999,5,KS,1321.7
1999,6,KS,1325.0
1999,7,KS,1331.0
1999,8,KS,1329.9
1999,9,KS,1326.7
1999,10,KS,1334.3
1999,11,KS,1336.5
1999,12,KS,1340.4
2000,1,KS,1340.9
2000,2,KS,1338.4
2000,3,KS,1341.4
2000,4,KS,1346.5
2000,5,KS,1349.6
2000,6,KS,1349.9
2000,7,KS,1346.0
2000,8,KS,1348.8
2000,9,KS,1346.4
2000,10,KS,1351.5
2000,11,KS,1352.5
2000,12,KS,1350.1
2001,1,KS,1352.9
2001,2,KS,1351.7
2001,3,KS,1354.4
2001,4,KS,1352.3
2001,5,KS,1351.6
2001,6,KS,1349.0
2001,7,KS,1351.6
2001,8,KS,1348.4
2001,9,KS,1347.5
2001,10,KS,1347.1
2001,11,KS,1344.2
2001,12,KS,1342.4
2002,1,KS,1343.7
2002,2,KS,1338.4
2002,3,KS,1338.5
2002,4,KS,1341.2
2002,5,KS,1339.7
2002,6,KS,1339.0
2002,7,KS,1339.7
2002,8,KS,1339.3
2002,9,KS,1335.7
2002,10,KS,1327.8
2002,11,KS,1329.4
2002,12,KS,1326.5
2003,1,KS,1323.0
2003,2,KS,1320.2
2003,3,KS,1313.8
2003,4,KS,1312.2
2003,5,KS,1313.6
2003,6,KS,1309.5
2003,7,KS,1311.4
2003,8,KS,1311.3
2003,9,KS,1311.7
2003,10,KS,1312.5
2003,11,KS,1313.5
2003,12,KS,1311.8
2004,1,KS,1313.8
2004,2,KS,1308.9
2004,3,KS,1313.4
2004,4,KS,1322.5
2004,5,KS,1324.8
2004,6,KS,1325.1
2004,7,KS,1329.8
2004,8,KS,1330.3
2004,9,KS,1334.4
2004,10,KS,1334.7
2004,11,KS,1334.4
2004,12,KS,1335.3
2005,1,KS,1327.9
2005,2,KS,1332.7
2005,3,KS,1334.5
2005,4,KS,1333.7
2005,5,KS,1334.2
2005,6,KS,1334.2
2005,7,KS,1328.7
2005,8,KS,1330.7
2005,9,KS,1336.3
2005,10,KS,1337.2
2005,11,KS,1340.7
2005,12,KS,1342.2
2006,1,KS,1344.4
2006,2,KS,1350.8
2006,3,KS,1351.9
2006,4,KS,1351.1
2006,5,KS,1352.8
2006,6,KS,1358.2
2006,7,KS,1346.0
2006,8,KS,1354.2
2006,9,KS,1362.0
2006,10,KS,1362.2
2006,11,KS,1360.9
2006,12,KS,1369.8
2007,1,KS,1367.9
2007,2,KS,1368.9
2007,3,KS,1378.9
2007,4,KS,1376.7
2007,5,KS,1377.5
2007,6,KS,1387.7
2007,7,KS,1387.5
2007,8,KS,1385.5
2007,9,KS,1387.4
2007,10,KS,1387.1
2007,11,KS,1390.3
2007,12,KS,1387.5
2008,1,KS,1392.2
2008,2,KS,1394.1
2008,3,KS,1396.4
2008,4,KS,1398.6
2008,5,KS,1396.3
2008,6,KS,1395.8
2008,7,KS,1392.8
2008,8,KS,1386.5
2008,9,KS,1392.7
2008,10,KS,1392.1
2008,11,KS,1389.2
2008,12,KS,1385.1
2009,1,KS,1381.1
2009,2,KS,1373.4
2009,3,KS,1363.6
2009,4,KS,1351.4
2009,5,KS,1348.1
2009,6,KS,1341.9
2009,7,KS,1338.6
2009,8,KS,1335.1
2009,9,KS,1331.8
2009,10,KS,1327.8
2009,11,KS,1328.6
2009,12,KS,1324.3
2010,1,KS,1322.9
2010,2,KS,1321.6
2010,3,KS,1322.5
2010,4,KS,1329.0
2010,5,KS,1333.4
2010,6,KS,1336.2
2010,7,KS,1336.2
2010,8,KS,1336.8
2010,9,KS,1328.1
2010,10,KS,1335.6
2010,11,KS,1330.6
2010,12,KS,1334.0
2011,1,KS,1337.9
2011,2,KS,1332.9
2011,3,KS,1333.7
2011,4,KS,1341.0
2011,5,KS,1340.5
2011,6,KS,1333.7
2011,7,KS,1344.1
2011,8,KS,1346.0
2011,9,KS,1342.4
2011,10,KS,1345.0
2011,11,KS,1345.5
2011,12,KS,1344.6
2012,1,KS,1354.0
2012,2,KS,1354.2
2012,3,KS,1358.6
2012,4,KS,1355.3
2012,5,KS,1357.8
2012,6,KS,1360.6
2012,7,KS,1354.8
2012,8,KS,1357.9
2012,9,KS,1356.9
2012,10,KS,1361.6
2012,11,KS,1361.4
2012,12,KS,1362.8
2013,1,KS,1364.0
2013,2,KS,1366.4
2013,3,KS,1366.1
2013,4,KS,1370.1
2013,5,KS,1368.0
2013,6,KS,1369.7
2013,7,KS,1372.2
2013,8,KS,1373.9
2013,9,KS,1378.0
2013,10,KS,1378.5
2013,11,KS,1380.4
2013,12,KS,1381.4
2014,1,KS,1381.0
2014,2,KS,1384.1
2014,3,KS,1387.9
2014,4,KS,1390.0
2014,5,KS,1391.8
2014,6,KS,1391.5
2014,7,KS,1392.9
2014,8,KS,1393.5
2014,9,KS,1393.8
2014,10,KS,1395.0
2014,11,KS,1397.1
2014,12,KS,1398.4
2015,1,KS,1396.6
2015,2,KS,1400.5
2015,3,KS,1398.9
2015,4,KS,1395.3
2015,5,KS,1400.3
2015,6,KS,1402.3
2015,7,KS,1401.6
2015,8,KS,1401.6
2015,9,KS,1402.1
2015,10,KS,1402.9
2015,11,KS,1402.7
2015,12,KS,1403.0
2016,1,KS,1403.4
2016,2,KS,1404.7
2016,3,KS,1404.2
2016,4,KS,1406.5
2016,5,KS,1404.4
2016,6,KS,1401.4
2016,7,KS,1405.4
2016,8,KS,1402.7
2016,9,KS,1406.7
2016,10,KS,1406.1
2016,11,KS,1405.9
2016,12,KS,1404.9
2017,1,KS,1400.8
2017,2,KS,1406.2
2017,3,KS,1408.0
2017,4,KS,1398.7
2017,5,KS,1398.0
2017,6,KS,1399.4
2017,7,KS,1402.6
2017,8,KS,1400.4
2017,9,KS,1407.2
2017,10,KS,1406.3
2017,11,KS,1409.8
2017,12,KS,1410.9
2018,1,KS,1410.5
2018,2,KS,1413.0
2018,3,KS,1413.7
2018,4,KS,1412.4
2018,5,KS,1413.2
2018,6,KS,1415.0
2018,7,KS,1415.5
2018,8,KS,1420.7
2018,9,KS,1420.5
2018,10,KS,1417.3
2018,11,KS,1419.4
2018,12,KS,1420.3
2019,1,KS,1419.1
2019,2,KS,1419.7
2019,3,KS,1419.2
2019,4,KS,1426.5
2019,5,KS,1423.3
2019,6,KS,1422.7
2019,7,KS,1420.7
2019,8,KS,1427.9
2019,9,KS,1425.5
2019,10,KS,1425.1
2019,11,KS,1427.1
2019,12,KS,1429.2
2020,1,KS,1429.4
2020,2,KS,1428.0
2020,3,KS,1421.4
2020,4,KS,1270.4
2020,5,KS,1300.3
2020,6,KS,1323.2
2020,7,KS,1342.7
2020,8,KS,1356.6
2020,9,KS,1353.8
2020,10,KS,1358.1
2020,11,KS,1358.5
2020,12,KS,1361.9
2021,1,KS,1365.8
2021,2,KS,1358.2
2021,3,KS,1371.3
2021,4,KS,1372.0
2021,5,KS,1376.9
2021,6,KS,1380.0
2021,7,KS,1389.7
2021,8,KS,1388.0
2021,9,KS,1376.9
2021,10,KS,1390.2
2021,11,KS,1393.8
2021,12,KS,1396.6
2022,1,KS,1401.4
2022,2,KS,1405.1
2022,3,KS,1403.6
2022,4,KS,1408.5
2022,5,KS,1408.9
2022,6,KS,1405.9
2022,7,KS,1419.7
2022,8,KS,1421.2
2022,9,KS,1426.4
2022,10,KS,1428.0
2022,11,KS,1430.9
2022,12,KS,1432.5
2023,1,KS,1442.6
2023,2,KS,1439.1
2023,3,KS,1439.3
2023,4,KS,1439.8
2023,5,KS,1439.9
2023,6,KS,1447.2
2023,7,KS,1441.0
2023,8,KS,1443.0
2023,9,KS,1447.1
2023,10,KS,1446.1
2023,11,KS,1447.8
2023,12,KS,1449.4
2024,1,KS,1447.5
2024,2,KS,1453.6
2024,3,KS,1455.8
2024,4,KS,1456.9
2024,5,KS,1450.9
2024,6,KS,1456.9
2024,7,KS,1455.9
2024,8,KS,1462.4
2024,9,KS,1460.1
2024,10,KS,1452.4
2024,11,KS,1459.2
2024,12,KS,1458.9
2025,1,KS,1456.3
2025,2,KS,1457.6
2025,3,KS,1458.3
2025,4,KS,1461.6
2025,5,KS,1463.4
2025,6,KS,1463.5
2025,7,KS,1457.1
2025,8,KS,1458.7
2025,9,KS,1458.7
2025,10,KS,1458.9
2025,11,KS,1462.0
2025,12,KS,1457.5
1990,1,KY,1450.5
1990,2,KY,1453.1
1990,3,KY,1459.8
1990,4,KY,1453.1
1990,5,KY,1457.9
1990,6,KY,1455.2
1990,7,KY,1463.9
1990,8,KY,1467.5
1990,9,KY,1467.1
1990,10,KY,1465.2
1990,11,KY,1462.9
1990,12,KY,1463.4
1991,1,KY,1455.2
1991,2,KY,1455.8
1991,3,KY,1453.2
1991,4,KY,1460.1
1991,5,KY,1459.3
1991,6,KY,1460.2
1991,7,KY,1462.6
1991,8,KY,1467.2
1991,9,KY,1468.6
1991,10,KY,1470.9
1991,11,KY,1477.8
1991,12,KY,1479.6
1992,1,KY,1483.0
1992,2,KY,1487.9
1992,3,KY,1488.8
1992,4,KY,1492.0
1992,5,KY,1496.0
1992,6,KY,1498.2
1992,7,KY,1499.6
1992,8,KY,1500.8
1992,9,KY,1505.4
1992,10,KY,1507.0
1992,11,KY,1509.0
1992,12,KY,1509.7
1993,1,KY,1521.3
1993,2,KY,1526.1
1993,3,KY,1520.9
1993,4,KY,1526.4
1993,5,KY,1529.7
1993,6,KY,1534.2
1993,7,KY,1541.1
1993,8,KY,1541.1
1993,9,KY,1545.2
1993,10,KY,1550.6
1993,11,KY,1556.0
1993,12,KY,1557.3
1994,1,KY,1547.6
1994,2,KY,1560.1
1994,3,KY,1570.4
1994,4,KY,1576.5
1994,5,KY,1583.5
1994,6,KY,1585.7
1994,7,KY,1590.8
1994,8,KY,1594.6
1994,9,KY,1604.3
1994,10,KY,1601.2
1994,11,KY,1609.2
1994,12,KY,1617.2
1995,1,KY,1614.4
1995,2,KY,1619.1
1995,3,KY,1624.8
1995,4,KY,1627.7
1995,5,KY,1627.8
1995,6,KY,1635.3
1995,7,KY,1626.9
1995,8,KY,1640.9
1995,9,KY,1642.4
1995,10,KY,1640.5
1995,11,KY,1640.0
1995,12,KY,1644.7
1996,1,KY,1637.3
1996,2,KY,1647.3
1996,3,KY,1649.8
1996,4,KY,1649.8
1996,5,KY,1655.9
1996,6,KY,1657.9
1996,7,KY,1662.8
1996,8,KY,1667.0
1996,9,KY,1671.1
1996,10,KY,1675.0
1996,11,KY,1678.5
1996,12,KY,1677.6
1997,1,KY,1680.7
1997,2,KY,1687.2
1997,3,KY,1691.1
1997,4,KY,1696.7
1997,5,KY,1696.1
1997,6,KY,1702.2
1997,7,KY,1704.1
1997,8,KY,1700.1
1997,9,KY,1705.5
1997,10,KY,1711.7
1997,11,KY,1712.9
1997,12,KY,1717.4
1998,1,KY,1724.2
1998,2,KY,1723.5
1998,3,KY,1726.4
1998,4,KY,1734.2
1998,5,KY,1739.7
1998,6,KY,1742.4
1998,7,KY,1745.4
1998,8,KY,1752.8
1998,9,KY,1752.0
1998,10,KY,1751.5
1998,11,KY,1755.9
1998,12,KY,1758.0
1999,1,KY,1756.7
1999,2,KY,1767.5
1999,3,KY,1767.8
1999,4,KY,1780.4
1999,5,KY,1785.2
1999,6,KY,1788.1
1999,7,KY,1787.1
1999,8,KY,1792.1
1999,9,KY,1793.2
1999,10,KY,1797.5
1999,11,KY,1799.7
1999,12,KY,1804.8
2000,1,KY,1805.2
2000,2,KY,1811.2
2000,3,KY,1821.2
2000,4,KY,1816.8
2000,5,KY,1822.6
2000,6,KY,1817.3
2000,7,KY,1815.9
2000,8,KY,1818.4
2000,9,KY,1815.8
2000,10,KY,1821.0
2000,11,KY,1817.1
2000,12,KY,1817.7
2001,1,KY,1814.6
2001,2,KY,1815.3
2001,3,KY,1805.2
2001,4,KY,1802.9
2001,5,KY,1801.0
2001,6,KY,1800.9
2001,7,KY,1794.8
2001,8,KY,1790.8
2001,9,KY,1784.5
2001,10,KY,1781.2
2001,11,KY,1777.4
2001,12,KY,1773.6
2002,1,KY,1780.6
2002,2,KY,1779.8
2002,3,KY,1779.0
2002,4,KY,1776.9
2002,5,KY,1777.8
2002,6,KY,1779.4
2002,7,KY,1778.1
2002,8,KY,1774.4
2002,9,KY,1777.1
2002,10,KY,1779.4
2002,11,KY,1779.4
2002,12,KY,1777.4
2003,1,KY,1774.1
2003,2,KY,1770.8
2003,3,KY,1772.2
2003,4,KY,1769.8
2003,5,KY,1770.6
2003,6,KY,1770.9
2003,7,KY,1765.5
2003,8,KY,1769.1
2003,9,KY,1777.2
2003,10,KY,1778.3
2003,11,KY,1777.8
2003,12,KY,1781.0
2004,1,KY,1779.9
2004,2,KY,1781.9
2004,3,KY,1783.3
2004,4,KY,1783.8
2004,5,KY,1782.8
2004,6,KY,1786.3
2004,7,KY,1781.6
2004,8,KY,1791.0
2004,9,KY,1792.5
2004,10,KY,1797.6
2004,11,KY,1799.5
2004,12,KY,1802.0
2005,1,KY,1799.6
2005,2,KY,1806.4
2005,3,KY,1805.8
2005,4,KY,1810.1
2005,5,KY,1812.1
2005,6,KY,1814.3
2005,7,KY,1813.4
2005,8,KY,1821.9
2005,9,KY,1822.3
2005,10,KY,1820.9
2005,11,KY,1824.6
2005,12,KY,1823.5
2006,1,KY,1831.1
2006,2,KY,1834.1
2006,3,KY,1840.6
2006,4,KY,1835.9
2006,5,KY,1835.6
2006,6,KY,1835.0
2006,7,KY,1829.0
2006,8,KY,1837.7
2006,9,KY,1837.9
2006,10,KY,1836.5
2006,11,KY,1837.8
2006,12,KY,1848.1
2007,1,KY,1852.5
2007,2,KY,1851.0
2007,3,KY,1855.7
2007,4,KY,1856.0
2007,5,KY,1861.2
2007,6,KY,1861.9
2007,7,KY,1855.0
2007,8,KY,1852.4
2007,9,KY,1859.1
2007,10,KY,1855.5
2007,11,KY,1859.2
2007,12,KY,1858.0
2008,1,KY,1861.3
2008,2,KY,1860.6
2008,3,KY,1854.3
2008,4,KY,1853.5
2008,5,KY,1855.2
2008,6,KY,1850.2
2008,7,KY,1844.0
2008,8,KY,1842.4
2008,9,KY,1831.9
2008,10,KY,1824.5
2008,11,KY,1818.5
2008,12,KY,1806.6
2009,1,KY,1786.9
2009,2,KY,1778.0
2009,3,KY,1767.9
2009,4,KY,1760.3
2009,5,KY,1758.7
2009,6,KY,1754.3
2009,7,KY,1751.6
2009,8,KY,1751.0
2009,9,KY,1752.4
2009,10,KY,1752.0
2009,11,KY,1753.3
2009,12,KY,1749.1
2010,1,KY,1747.0
2010,2,KY,1739.8
2010,3,KY,1748.2
2010,4,KY,1756.3
2010,5,KY,1765.0
2010,6,KY,1766.2
2010,7,KY,1759.3
2010,8,KY,1758.1
2010,9,KY,1763.6
2010,10,KY,1770.8
2010,11,KY,1770.5
2010,12,KY,1774.5
2011,1,KY,1769.8
2011,2,KY,1774.7
2011,3,KY,1777.4
2011,4,KY,1779.1
2011,5,KY,1776.5
2011,6,KY,1780.8
2011,7,KY,1781.0
2011,8,KY,1789.3
2011,9,KY,1792.7
2011,10,KY,1792.0
2011,11,KY,1795.4
2011,12,KY,1795.0
2012,1,KY,1802.8
2012,2,KY,1804.9
2012,3,KY,1810.1
2012,4,KY,1807.9
2012,5,KY,1811.6
2012,6,KY,1814.2
2012,7,KY,1810.7
2012,8,KY,1808.8
2012,9,KY,1813.2
2012,10,KY,1815.6
2012,11,KY,1816.2
2012,12,KY,1817.0
2013,1,KY,1821.4
2013,2,KY,1822.0
2013,3,KY,1825.3
2013,4,KY,1823.8
2013,5,KY,1825.0
2013,6,KY,1826.3
2013,7,KY,1827.8
2013,8,KY,1832.9
2013,9,KY,1836.8
2013,10,KY,1837.9
2013,11,KY,1840.3
2013,12,KY,1842.0
2014,1,KY,1841.1
2014,2,KY,1840.4
2014,3,KY,1845.0
2014,4,KY,1853.2
2014,5,KY,1853.8
2014,6,KY,1855.5
2014,7,KY,1860.8
2014,8,KY,1865.3
2014,9,KY,1865.5
2014,10,KY,1867.7
2014,11,KY,1870.2
2014,12,KY,1873.4
2015,1,KY,1876.9
2015,2,KY,1874.8
2015,3,KY,1869.9
2015,4,KY,1872.8
2015,5,KY,1882.4
2015,6,KY,1885.7
2015,7,KY,1883.7
2015,8,KY,1889.8
2015,9,KY,1891.1
2015,10,KY,1896.4
2015,11,KY,1902.2
2015,12,KY,1903.0
2016,1,KY,1902.1
2016,2,KY,1902.2
2016,3,KY,1902.9
2016,4,KY,1905.3
2016,5,KY,1906.9
2016,6,KY,1902.9
2016,7,KY,1913.9
2016,8,KY,1914.0
2016,9,KY,1913.7
2016,10,KY,1914.0
2016,11,KY,1909.8
2016,12,KY,1914.0
2017,1,KY,1915.1
2017,2,KY,1918.7
2017,3,KY,1919.7
2017,4,KY,1918.4
2017,5,KY,1917.5
2017,6,KY,1920.8
2017,7,KY,1916.6
2017,8,KY,1914.8
2017,9,KY,1923.0
2017,10,KY,1926.8
2017,11,KY,1925.4
2017,12,KY,1924.1
2018,1,KY,1921.0
2018,2,KY,1925.9
2018,3,KY,1926.1
2018,4,KY,1930.5
2018,5,KY,1931.6
2018,6,KY,1936.1
2018,7,KY,1930.8
2018,8,KY,1927.6
2018,9,KY,1934.0
2018,10,KY,1932.8
2018,11,KY,1936.7
2018,12,KY,1932.2
2019,1,KY,1938.9
2019,2,KY,1937.1
2019,3,KY,1938.2
2019,4,KY,1940.6
2019,5,KY,1944.5
2019,6,KY,1943.5
2019,7,KY,1950.0
2019,8,KY,1948.7
2019,9,KY,1950.9
2019,10,KY,1945.9
2019,11,KY,1951.9
2019,12,KY,1950.8
2020,1,KY,1951.8
2020,2,KY,1954.3
2020,3,KY,1940.1
2020,4,KY,1664.0
2020,5,KY,1694.7
2020,6,KY,1784.0
2020,7,KY,1814.0
2020,8,KY,1837.7
2020,9,KY,1846.6
2020,10,KY,1856.1
2020,11,KY,1856.9
2020,12,KY,1854.8
2021,1,KY,1873.7
2021,2,KY,1871.0
2021,3,KY,1886.9
2021,4,KY,1887.3
2021,5,KY,1894.6
2021,6,KY,1897.7
2021,7,KY,1903.2
2021,8,KY,1913.2
2021,9,KY,1907.8
2021,10,KY,1927.7
2021,11,KY,1932.4
2021,12,KY,1939.6
2022,1,KY,1936.3
2022,2,KY,1944.4
2022,3,KY,1949.8
2022,4,KY,1958.8
2022,5,KY,1960.0
2022,6,KY,1960.2
2022,7,KY,1968.2
2022,8,KY,1977.4
2022,9,KY,1985.2
2022,10,KY,1987.3
2022,11,KY,1991.8
2022,12,KY,1993.3
2023,1,KY,2004.5
2023,2,KY,2005.3
2023,3,KY,2009.5
2023,4,KY,2011.5
2023,5,KY,2014.7
2023,6,KY,2018.8
2023,7,KY,2013.5
2023,8,KY,2019.3
2023,9,KY,2025.5
2023,10,KY,2025.3
2023,11,KY,2025.1
2023,12,KY,2028.7
2024,1,KY,2029.8
2024,2,KY,2032.1
2024,3,KY,2035.3
2024,4,KY,2035.2
2024,5,KY,2037.2
2024,6,KY,2038.0
2024,7,KY,2037.9
2024,8,KY,2042.4
2024,9,KY,2041.7
2024,10,KY,2036.2
2024,11,KY,2042.2
2024,12,KY,2044.8
2025,1,KY,2039.6
2025,2,KY,2047.6
2025,3,KY,2052.0
2025,4,KY,2052.3
2025,5,KY,2058.7
2025,6,KY,2058.4
2025,7,KY,2058.5
2025,8,KY,2060.9
2025,9,KY,2060.3
2025,10,KY,2053.5
2025,11,KY,2051.4
2025,12,KY,2051.1
1990,1,LA,1570.2
1990,2,LA,1573.0
1990,3,LA,1578.3
1990,4,LA,1581.7
1990,5,LA,1592.6
1990,6,LA,1590.3
1990,7,LA,1593.6
1990,8,LA,1601.2
1990,9,LA,1599.5
1990,10,LA,1598.6
1990,11,LA,1601.5
1990,12,LA,1599.2
1991,1,LA,1605.1
1991,2,LA,1604.9
1991,3,LA,1607.1
1991,4,LA,1610.2
1991,5,LA,1616.8
1991,6,LA,1616.0
1991,7,LA,1613.4
1991,8,LA,1613.6
1991,9,LA,1616.8
1991,10,LA,1619.5
1991,11,LA,1619.1
1991,12,LA,1616.4
1992,1,LA,1619.1
1992,2,LA,1617.3
1992,3,LA,1617.6
1992,4,LA,1621.1
1992,5,LA,1626.2
1992,6,LA,1629.6
1992,7,LA,1626.4
1992,8,LA,1629.4
1992,9,LA,1627.3
1992,10,LA,1632.8
1992,11,LA,1636.5
1992,12,LA,1638.0
1993,1,LA,1640.2
1993,2,LA,1643.6
1993,3,LA,1644.4
1993,4,LA,1647.3
1993,5,LA,1651.5
1993,6,LA,1653.6
1993,7,LA,1654.3
1993,8,LA,1659.9
1993,9,LA,1664.9
1993,10,LA,1676.0
1993,11,LA,1679.8
1993,12,LA,1687.2
1994,1,LA,1693.5
1994,2,LA,1698.0
1994,3,LA,1709.4
1994,4,LA,1705.8
1994,5,LA,1708.9
1994,6,LA,1713.8
1994,7,LA,1725.7
1994,8,LA,1732.0
1994,9,LA,1737.4
1994,10,LA,1740.8
1994,11,LA,1747.3
1994,12,LA,1752.5
1995,1,LA,1755.0
1995,2,LA,1757.6
1995,3,LA,1760.4
1995,4,LA,1760.7
1995,5,LA,1766.0
1995,6,LA,1771.5
1995,7,LA,1776.4
1995,8,LA,1781.3
1995,9,LA,1786.8
1995,10,LA,1783.6
1995,11,LA,1785.6
1995,12,LA,1785.7
1996,1,LA,1792.1
1996,2,LA,1795.2
1996,3,LA,1796.6
1996,4,LA,1802.0
1996,5,LA,1807.7
1996,6,LA,1811.1
1996,7,LA,1810.2
1996,8,LA,1814.0
1996,9,LA,1818.9
1996,10,LA,1820.7
1996,11,LA,1826.0
1996,12,LA,1826.4
1997,1,LA,1827.0
1997,2,LA,1829.0
1997,3,LA,1833.3
1997,4,LA,1839.6
1997,5,LA,1839.3
1997,6,LA,1845.2
1997,7,LA,1854.7
1997,8,LA,1853.3
1997,9,LA,1860.5
1997,10,LA,1866.7
1997,11,LA,1873.6
1997,12,LA,1878.1
1998,1,LA,1872.2
1998,2,LA,1877.4
1998,3,LA,1877.7
1998,4,LA,1890.0
1998,5,LA,1894.9
1998,6,LA,1894.6
1998,7,LA,1895.6
1998,8,LA,1897.4
1998,9,LA,1896.6
1998,10,LA,1891.4
1998,11,LA,1892.0
1998,12,LA,1894.0
1999,1,LA,1894.5
1999,2,LA,1896.4
1999,3,LA,1893.3
1999,4,LA,1887.6
1999,5,LA,1884.0
1999,6,LA,1889.2
1999,7,LA,1893.7
1999,8,LA,1896.5
1999,9,LA,1897.9
1999,10,LA,1905.7
1999,11,LA,1908.9
1999,12,LA,1908.1
2000,1,LA,1916.7
2000,2,LA,1918.4
2000,3,LA,1920.8
2000,4,LA,1922.2
2000,5,LA,1930.0
2000,6,LA,1918.7
2000,7,LA,1918.2
2000,8,LA,1919.9
2000,9,LA,1918.0
2000,10,LA,1920.6
2000,11,LA,1918.1
2000,12,LA,1923.1
2001,1,LA,1925.4
2001,2,LA,1925.3
2001,3,LA,1926.6
2001,4,LA,1923.1
2001,5,LA,1922.6
2001,6,LA,1920.8
2001,7,LA,1915.0
2001,8,LA,1917.1
2001,9,LA,1917.0
2001,10,LA,1910.5
2001,11,LA,1907.6
2001,12,LA,1904.4
2002,1,LA,1899.0
2002,2,LA,1895.3
2002,3,LA,1893.9
2002,4,LA,1900.5
2002,5,LA,1898.9
2002,6,LA,1900.0
2002,7,LA,1898.9
2002,8,LA,1899.1
2002,9,LA,1900.0
2002,10,LA,1896.4
2002,11,LA,1900.3
2002,12,LA,1897.1
2003,1,LA,1907.5
2003,2,LA,1907.6
2003,3,LA,1901.3
2003,4,LA,1903.6
2003,5,LA,1905.5
2003,6,LA,1904.8
2003,7,LA,1905.7
2003,8,LA,1906.2
2003,9,LA,1910.1
2003,10,LA,1914.0
2003,11,LA,1914.9
2003,12,LA,1913.6
2004,1,LA,1914.8
2004,2,LA,1916.4
2004,3,LA,1919.9
2004,4,LA,1919.9
2004,5,LA,1915.7
2004,6,LA,1918.7
2004,7,LA,1919.5
2004,8,LA,1923.0
2004,9,LA,1914.9
2004,10,LA,1921.1
2004,11,LA,1927.0
2004,12,LA,1926.4
2005,1,LA,1928.0
2005,2,LA,1926.5
2005,3,LA,1930.1
2005,4,LA,1943.7
2005,5,LA,1945.0
2005,6,LA,1947.7
2005,7,LA,1954.7
2005,8,LA,1955.1
2005,9,LA,1826.2
2005,10,LA,1774.6
2005,11,LA,1793.0
2005,12,LA,1804.0
2006,1,LA,1812.7
2006,2,LA,1824.6
2006,3,LA,1839.0
2006,4,LA,1840.6
2006,5,LA,1849.0
2006,6,LA,1855.0
2006,7,LA,1852.9
2006,8,LA,1865.8
2006,9,LA,1877.1
2006,10,LA,1877.6
2006,11,LA,1881.3
2006,12,LA,1889.2
2007,1,LA,1900.2
2007,2,LA,1906.5
2007,3,LA,1915.1
2007,4,LA,1904.4
2007,5,LA,1907.1
2007,6,LA,1914.8
2007,7,LA,1913.9
2007,8,LA,1920.5
2007,9,LA,1926.3
2007,10,LA,1932.7
2007,11,LA,1934.1
2007,12,LA,1938.3
2008,1,LA,1934.1
2008,2,LA,1939.5
2008,3,LA,1938.2
2008,4,LA,1940.3
2008,5,LA,1940.6
2008,6,LA,1941.4
2008,7,LA,1939.7
2008,8,LA,1946.3
2008,9,LA,1927.6
2008,10,LA,1945.0
2008,11,LA,1945.3
2008,12,LA,1943.8
2009,1,LA,1933.3
2009,2,LA,1930.4
2009,3,LA,1920.0
2009,4,LA,1906.8
2009,5,LA,1906.7
2009,6,LA,1899.5
2009,7,LA,1897.6
2009,8,LA,1898.1
2009,9,LA,1896.8
2009,10,LA,1889.1
2009,11,LA,1888.8
2009,12,LA,1881.2
2010,1,LA,1877.4
2010,2,LA,1876.2
2010,3,LA,1884.0
2010,4,LA,1885.3
2010,5,LA,1893.5
2010,6,LA,1899.8
2010,7,LA,1889.7
2010,8,LA,1889.7
2010,9,LA,1888.2
2010,10,LA,1889.6
2010,11,LA,1888.3
2010,12,LA,1892.6
2011,1,LA,1895.9
2011,2,LA,1899.6
2011,3,LA,1901.9
2011,4,LA,1903.8
2011,5,LA,1903.1
2011,6,LA,1898.2
2011,7,LA,1907.8
2011,8,LA,1908.2
2011,9,LA,1911.2
2011,10,LA,1911.4
2011,11,LA,1911.8
2011,12,LA,1913.6
2012,1,LA,1918.1
2012,2,LA,1920.5
2012,3,LA,1924.3
2012,4,LA,1934.6
2012,5,LA,1935.7
2012,6,LA,1933.3
2012,7,LA,1927.6
2012,8,LA,1925.8
2012,9,LA,1926.8
2012,10,LA,1932.0
2012,11,LA,1935.9
2012,12,LA,1937.8
2013,1,LA,1941.5
2013,2,LA,1948.8
2013,3,LA,1950.3
2013,4,LA,1953.6
2013,5,LA,1952.5
2013,6,LA,1956.3
2013,7,LA,1955.1
2013,8,LA,1958.5
2013,9,LA,1963.3
2013,10,LA,1965.9
2013,11,LA,1969.0
2013,12,LA,1963.9
2014,1,LA,1969.8
2014,2,LA,1971.9
2014,3,LA,1975.6
2014,4,LA,1977.9
2014,5,LA,1982.0
2014,6,LA,1983.6
2014,7,LA,1988.3
2014,8,LA,1992.2
2014,9,LA,1998.3
2014,10,LA,1998.6
2014,11,LA,2003.8
2014,12,LA,2007.2
2015,1,LA,2004.5
2015,2,LA,2001.0
2015,3,LA,1994.4
2015,4,LA,1992.6
2015,5,LA,1994.9
2015,6,LA,1993.8
2015,7,LA,1997.8
2015,8,LA,1999.2
2015,9,LA,1996.8
2015,10,LA,1996.2
2015,11,LA,1994.4
2015,12,LA,1992.1
2016,1,LA,1985.5
2016,2,LA,1980.2
2016,3,LA,1978.6
2016,4,LA,1979.3
2016,5,LA,1978.2
2016,6,LA,1974.8
2016,7,LA,1978.9
2016,8,LA,1967.5
2016,9,LA,1973.9
2016,10,LA,1969.8
2016,11,LA,1970.4
2016,12,LA,1970.3
2017,1,LA,1971.2
2017,2,LA,1979.0
2017,3,LA,1975.4
2017,4,LA,1973.5
2017,5,LA,1977.7
2017,6,LA,1978.1
2017,7,LA,1974.3
2017,8,LA,1974.1
2017,9,LA,1977.1
2017,10,LA,1974.0
2017,11,LA,1974.5
2017,12,LA,1977.7
2018,1,LA,1978.7
2018,2,LA,1978.5
2018,3,LA,1991.9
2018,4,LA,1993.0
2018,5,LA,1991.2
2018,6,LA,1994.5
2018,7,LA,1990.5
2018,8,LA,1992.0
2018,9,LA,1994.6
2018,10,LA,1997.7
2018,11,LA,1994.9
2018,12,LA,1993.2
2019,1,LA,1996.2
2019,2,LA,1998.4
2019,3,LA,1996.4
2019,4,LA,1998.2
2019,5,LA,1995.3
2019,6,LA,1994.1
2019,7,LA,1986.7
2019,8,LA,1993.2
2019,9,LA,1994.5
2019,10,LA,1991.1
2019,11,LA,1993.4
2019,12,LA,1988.9
2020,1,LA,1991.8
2020,2,LA,1992.8
2020,3,LA,1971.6
2020,4,LA,1706.6
2020,5,LA,1733.8
2020,6,LA,1778.9
2020,7,LA,1790.7
2020,8,LA,1811.1
2020,9,LA,1811.2
2020,10,LA,1834.0
2020,11,LA,1845.5
2020,12,LA,1850.0
2021,1,LA,1850.0
2021,2,LA,1849.2
2021,3,LA,1863.5
2021,4,LA,1867.7
2021,5,LA,1877.2
2021,6,LA,1882.6
2021,7,LA,1891.2
2021,8,LA,1893.8
2021,9,LA,1850.3
2021,10,LA,1898.9
2021,11,LA,1905.2
2021,12,LA,1912.7
2022,1,LA,1908.2
2022,2,LA,1915.7
2022,3,LA,1913.2
2022,4,LA,1920.2
2022,5,LA,1924.8
2022,6,LA,1925.4
2022,7,LA,1937.6
2022,8,LA,1940.4
2022,9,LA,1942.4
2022,10,LA,1940.4
2022,11,LA,1941.8
2022,12,LA,1943.3
2023,1,LA,1950.5
2023,2,LA,1953.4
2023,3,LA,1956.5
2023,4,LA,1957.8
2023,5,LA,1961.1
2023,6,LA,1964.5
2023,7,LA,1953.0
2023,8,LA,1958.6
2023,9,LA,1963.5
2023,10,LA,1968.4
2023,11,LA,1966.9
2023,12,LA,1970.6
2024,1,LA,1976.4
2024,2,LA,1977.3
2024,3,LA,1980.5
2024,4,LA,1981.7
2024,5,LA,1980.7
2024,6,LA,1978.8
2024,7,LA,1982.3
2024,8,LA,1983.4
2024,9,LA,1982.0
2024,10,LA,1989.2
2024,11,LA,1990.5
2024,12,LA,1989.5
2025,1,LA,1994.0
2025,2,LA,1999.4
2025,3,LA,1997.6
2025,4,LA,1998.8
2025,5,LA,2000.8
2025,6,LA,2001.5
2025,7,LA,2002.8
2025,8,LA,2000.9
2025,9,LA,2002.1
2025,10,LA,2003.5
2025,11,LA,2006.2
2025,12,LA,2012.4
1990,1,ME,545.0
1990,2,ME,543.6
1990,3,ME,544.7
1990,4,ME,542.4
1990,5,ME,540.5
1990,6,ME,540.3
1990,7,ME,536.1
1990,8,ME,529.7
1990,9,ME,528.5
1990,10,ME,527.3
1990,11,ME,523.6
1990,12,ME,522.1
1991,1,ME,526.1
1991,2,ME,520.8
1991,3,ME,517.8
1991,4,ME,515.3
1991,5,ME,513.6
1991,6,ME,513.3
1991,7,ME,512.0
1991,8,ME,512.2
1991,9,ME,511.3
1991,10,ME,509.6
1991,11,ME,509.5
1991,12,ME,507.8
1992,1,ME,510.5
1992,2,ME,509.7
1992,3,ME,508.8
1992,4,ME,510.0
1992,5,ME,509.5
1992,6,ME,511.3
1992,7,ME,514.9
1992,8,ME,513.9
1992,9,ME,514.0
1992,10,ME,514.6
1992,11,ME,515.2
1992,12,ME,514.5
1993,1,ME,514.3
1993,2,ME,514.4
1993,3,ME,516.1
1993,4,ME,517.2
1993,5,ME,518.3
1993,6,ME,518.5
1993,7,ME,520.1
1993,8,ME,520.6
1993,9,ME,521.9
1993,10,ME,525.2
1993,11,ME,525.2
1993,12,ME,525.3
1994,1,ME,526.0
1994,2,ME,527.7
1994,3,ME,528.7
1994,4,ME,529.0
1994,5,ME,530.0
1994,6,ME,529.9
1994,7,ME,530.9
1994,8,ME,531.8
1994,9,ME,535.5
1994,10,ME,535.7
1994,11,ME,537.8
1994,12,ME,538.7
1995,1,ME,537.1
1995,2,ME,540.5
1995,3,ME,540.2
1995,4,ME,540.0
1995,5,ME,541.3
1995,6,ME,539.6
1995,7,ME,534.7
1995,8,ME,538.1
1995,9,ME,539.0
1995,10,ME,538.0
1995,11,ME,537.7
1995,12,ME,536.1
1996,1,ME,540.2
1996,2,ME,540.7
1996,3,ME,540.3
1996,4,ME,540.2
1996,5,ME,539.8
1996,6,ME,541.8
1996,7,ME,543.0
1996,8,ME,544.2
1996,9,ME,543.9
1996,10,ME,544.3
1996,11,ME,548.3
1996,12,ME,547.9
1997,1,ME,549.6
1997,2,ME,548.0
1997,3,ME,549.5
1997,4,ME,550.2
1997,5,ME,551.9
1997,6,ME,553.1
1997,7,ME,554.5
1997,8,ME,556.6
1997,9,ME,557.1
1997,10,ME,557.8
1997,11,ME,560.5
1997,12,ME,562.4
1998,1,ME,560.0
1998,2,ME,565.0
1998,3,ME,564.8
1998,4,ME,566.6
1998,5,ME,567.1
1998,6,ME,569.4
1998,7,ME,568.9
1998,8,ME,570.3
1998,9,ME,573.3
1998,10,ME,574.7
1998,11,ME,576.5
1998,12,ME,578.3
1999,1,ME,579.0
1999,2,ME,581.5
1999,3,ME,582.8
1999,4,ME,583.9
1999,5,ME,582.3
1999,6,ME,585.9
1999,7,ME,587.2
1999,8,ME,588.4
1999,9,ME,589.9
1999,10,ME,596.4
1999,11,ME,592.2
1999,12,ME,593.0
2000,1,ME,597.8
2000,2,ME,599.6
2000,3,ME,603.3
2000,4,ME,603.8
2000,5,ME,604.5
2000,6,ME,603.3
2000,7,ME,607.0
2000,8,ME,605.2
2000,9,ME,603.6
2000,10,ME,602.7
2000,11,ME,607.3
2000,12,ME,608.0
2001,1,ME,610.0
2001,2,ME,610.3
2001,3,ME,609.7
2001,4,ME,611.1
2001,5,ME,610.3
2001,6,ME,610.5
2001,7,ME,608.2
2001,8,ME,607.8
2001,9,ME,607.1
2001,10,ME,606.2
2001,11,ME,604.7
2001,12,ME,603.3
2002,1,ME,605.4
2002,2,ME,605.6
2002,3,ME,606.8
2002,4,ME,608.1
2002,5,ME,607.9
2002,6,ME,608.8
2002,7,ME,608.2
2002,8,ME,607.3
2002,9,ME,606.4
2002,10,ME,606.3
2002,11,ME,604.9
2002,12,ME,606.2
2003,1,ME,607.0
2003,2,ME,605.4
2003,3,ME,605.9
2003,4,ME,605.1
2003,5,ME,605.9
2003,6,ME,605.2
2003,7,ME,606.5
2003,8,ME,607.7
2003,9,ME,608.2
2003,10,ME,609.3
2003,11,ME,609.7
2003,12,ME,610.0
2004,1,ME,611.4
2004,2,ME,612.1
2004,3,ME,612.3
2004,4,ME,611.2
2004,5,ME,611.3
2004,6,ME,611.9
2004,7,ME,612.3
2004,8,ME,612.8
2004,9,ME,612.3
2004,10,ME,612.4
2004,11,ME,613.7
2004,12,ME,612.2
2005,1,ME,611.3
2005,2,ME,611.8
2005,3,ME,610.5
2005,4,ME,612.3
2005,5,ME,611.8
2005,6,ME,610.8
2005,7,ME,612.3
2005,8,ME,612.3
2005,9,ME,612.6
2005,10,ME,611.5
2005,11,ME,612.2
2005,12,ME,613.1
2006,1,ME,613.5
2006,2,ME,613.3
2006,3,ME,615.0
2006,4,ME,617.0
2006,5,ME,614.6
2006,6,ME,614.8
2006,7,ME,613.7
2006,8,ME,616.1
2006,9,ME,614.5
2006,10,ME,614.8
2006,11,ME,615.5
2006,12,ME,616.9
2007,1,ME,617.3
2007,2,ME,617.5
2007,3,ME,618.4
2007,4,ME,615.1
2007,5,ME,615.5
2007,6,ME,617.5
2007,7,ME,618.5
2007,8,ME,617.8
2007,9,ME,618.5
2007,10,ME,618.6
2007,11,ME,621.0
2007,12,ME,621.0
2008,1,ME,620.7
2008,2,ME,620.9
2008,3,ME,620.8
2008,4,ME,620.9
2008,5,ME,620.3
2008,6,ME,620.8
2008,7,ME,619.0
2008,8,ME,616.9
2008,9,ME,614.9
2008,10,ME,614.7
2008,11,ME,611.5
2008,12,ME,608.9
2009,1,ME,606.0
2009,2,ME,602.3
2009,3,ME,599.0
2009,4,ME,598.8
2009,5,ME,598.7
2009,6,ME,595.3
2009,7,ME,593.7
2009,8,ME,592.5
2009,9,ME,594.6
2009,10,ME,593.5
2009,11,ME,593.0
2009,12,ME,593.0
2010,1,ME,593.7
2010,2,ME,592.7
2010,3,ME,593.9
2010,4,ME,594.1
2010,5,ME,596.4
2010,6,ME,592.2
2010,7,ME,592.4
2010,8,ME,590.7
2010,9,ME,593.1
2010,10,ME,593.9
2010,11,ME,593.4
2010,12,ME,593.7
2011,1,ME,593.0
2011,2,ME,594.7
2011,3,ME,594.7
2011,4,ME,593.9
2011,5,ME,592.0
2011,6,ME,592.6
2011,7,ME,596.0
2011,8,ME,595.8
2011,9,ME,596.8
2011,10,ME,596.0
2011,11,ME,596.7
2011,12,ME,595.7
2012,1,ME,595.8
2012,2,ME,598.2
2012,3,ME,598.8
2012,4,ME,599.3
2012,5,ME,599.6
2012,6,ME,599.5
2012,7,ME,598.6
2012,8,ME,598.4
2012,9,ME,598.5
2012,10,ME,598.4
2012,11,ME,598.6
2012,12,ME,598.2
2013,1,ME,599.3
2013,2,ME,599.6
2013,3,ME,600.2
2013,4,ME,600.8
2013,5,ME,602.6
2013,6,ME,602.0
2013,7,ME,602.4
2013,8,ME,601.9
2013,9,ME,604.2
2013,10,ME,604.9
2013,11,ME,603.0
2013,12,ME,603.7
2014,1,ME,602.5
2014,2,ME,603.6
2014,3,ME,603.9
2014,4,ME,603.1
2014,5,ME,605.8
2014,6,ME,606.2
2014,7,ME,604.8
2014,8,ME,605.5
2014,9,ME,606.3
2014,10,ME,608.0
2014,11,ME,606.9
2014,12,ME,608.7
2015,1,ME,608.1
2015,2,ME,606.9
2015,3,ME,607.8
2015,4,ME,608.5
2015,5,ME,610.9
2015,6,ME,611.1
2015,7,ME,612.0
2015,8,ME,612.2
2015,9,ME,612.2
2015,10,ME,612.6
2015,11,ME,612.5
2015,12,ME,613.0
2016,1,ME,614.5
2016,2,ME,615.7
2016,3,ME,616.5
2016,4,ME,617.2
2016,5,ME,617.5
2016,6,ME,616.7
2016,7,ME,618.9
2016,8,ME,619.4
2016,9,ME,618.6
2016,10,ME,619.0
2016,11,ME,621.0
2016,12,ME,620.2
2017,1,ME,621.6
2017,2,ME,620.3
2017,3,ME,622.7
2017,4,ME,621.7
2017,5,ME,621.5
2017,6,ME,623.7
2017,7,ME,623.7
2017,8,ME,623.7
2017,9,ME,625.2
2017,10,ME,624.1
2017,11,ME,626.1
2017,12,ME,627.5
2018,1,ME,626.6
2018,2,ME,628.1
2018,3,ME,627.7
2018,4,ME,628.5
2018,5,ME,629.2
2018,6,ME,632.4
2018,7,ME,628.3
2018,8,ME,628.1
2018,9,ME,630.3
2018,10,ME,632.6
2018,11,ME,632.8
2018,12,ME,633.3
2019,1,ME,633.8
2019,2,ME,634.0
2019,3,ME,634.5
2019,4,ME,634.4
2019,5,ME,636.8
2019,6,ME,637.7
2019,7,ME,634.3
2019,8,ME,637.1
2019,9,ME,638.4
2019,10,ME,637.6
2019,11,ME,637.3
2019,12,ME,637.4
2020,1,ME,638.8
2020,2,ME,638.2
2020,3,ME,634.4
2020,4,ME,544.0
2020,5,ME,558.1
2020,6,ME,567.4
2020,7,ME,575.3
2020,8,ME,585.2
2020,9,ME,601.8
2020,10,ME,607.8
2020,11,ME,611.2
2020,12,ME,609.9
2021,1,ME,612.6
2021,2,ME,616.0
2021,3,ME,619.4
2021,4,ME,620.6
2021,5,ME,620.9
2021,6,ME,619.5
2021,7,ME,623.2
2021,8,ME,623.5
2021,9,ME,623.8
2021,10,ME,627.3
2021,11,ME,629.1
2021,12,ME,628.8
2022,1,ME,629.4
2022,2,ME,632.9
2022,3,ME,635.2
2022,4,ME,638.6
2022,5,ME,638.0
2022,6,ME,635.1
2022,7,ME,639.9
2022,8,ME,639.9
2022,9,ME,641.4
2022,10,ME,640.5
2022,11,ME,643.3
2022,12,ME,643.3
2023,1,ME,647.5
2023,2,ME,647.1
2023,3,ME,646.7
2023,4,ME,647.9
2023,5,ME,650.3
2023,6,ME,653.0
2023,7,ME,653.7
2023,8,ME,653.4
2023,9,ME,653.4
2023,10,ME,653.3
2023,11,ME,653.6
2023,12,ME,653.9
2024,1,ME,656.2
2024,2,ME,655.8
2024,3,ME,656.7
2024,4,ME,654.7
2024,5,ME,657.4
2024,6,ME,657.0
2024,7,ME,658.0
2024,8,ME,658.8
2024,9,ME,659.8
2024,10,ME,659.7
2024,11,ME,658.4
2024,12,ME,658.3
2025,1,ME,659.3
2025,2,ME,657.9
2025,3,ME,657.9
2025,4,ME,658.3
2025,5,ME,657.2
2025,6,ME,657.4
2025,7,ME,656.9
2025,8,ME,655.5
2025,9,ME,654.6
2025,10,ME,652.7
2025,11,ME,654.2
2025,12,ME,654.1
1990,1,MD,2185.8
1990,2,MD,2198.7
1990,3,MD,2205.8
1990,4,MD,2204.0
1990,5,MD,2196.7
1990,6,MD,2202.0
1990,7,MD,2190.4
1990,8,MD,2190.8
1990,9,MD,2196.4
1990,10,MD,2179.6
1990,11,MD,2177.0
1990,12,MD,2173.4
1991,1,MD,2146.7
1991,2,MD,2142.3
1991,3,MD,2138.3
1991,4,MD,2127.3
1991,5,MD,2123.9
1991,6,MD,2124.8
1991,7,MD,2112.6
1991,8,MD,2114.1
1991,9,MD,2118.0
1991,10,MD,2110.9
1991,11,MD,2114.1
1991,12,MD,2107.2
1992,1,MD,2104.7
1992,2,MD,2101.8
1992,3,MD,2098.4
1992,4,MD,2102.6
1992,5,MD,2104.3
1992,6,MD,2101.9
1992,7,MD,2107.0
1992,8,MD,2103.5
1992,9,MD,2101.2
1992,10,MD,2105.2
1992,11,MD,2103.1
1992,12,MD,2105.4
1993,1,MD,2111.1
1993,2,MD,2116.5
1993,3,MD,2103.3
1993,4,MD,2115.6
1993,5,MD,2122.4
1993,6,MD,2122.4
1993,7,MD,2132.0
1993,8,MD,2127.0
1993,9,MD,2129.7
1993,10,MD,2137.1
1993,11,MD,2138.9
1993,12,MD,2144.2
1994,1,MD,2141.1
1994,2,MD,2137.3
1994,3,MD,2150.5
1994,4,MD,2162.2
1994,5,MD,2167.2
1994,6,MD,2170.1
1994,7,MD,2176.8
1994,8,MD,2168.9
1994,9,MD,2181.0
1994,10,MD,2184.5
1994,11,MD,2189.6
1994,12,MD,2192.3
1995,1,MD,2196.9
1995,2,MD,2195.2
1995,3,MD,2200.4
1995,4,MD,2211.8
1995,5,MD,2204.1
1995,6,MD,2209.7
1995,7,MD,2201.4
1995,8,MD,2205.2
1995,9,MD,2214.1
1995,10,MD,2211.1
1995,11,MD,2215.1
1995,12,MD,2219.5
1996,1,MD,2186.2
1996,2,MD,2211.4
1996,3,MD,2221.7
1996,4,MD,2225.7
1996,5,MD,2232.9
1996,6,MD,2240.9
1996,7,MD,2240.4
1996,8,MD,2248.3
1996,9,MD,2254.3
1996,10,MD,2259.2
1996,11,MD,2261.7
1996,12,MD,2259.4
1997,1,MD,2264.7
1997,2,MD,2267.9
1997,3,MD,2277.9
1997,4,MD,2280.4
1997,5,MD,2287.0
1997,6,MD,2288.2
1997,7,MD,2297.4
1997,8,MD,2295.0
1997,9,MD,2301.3
1997,10,MD,2307.9
1997,11,MD,2312.6
1997,12,MD,2320.3
1998,1,MD,2325.0
1998,2,MD,2329.3
1998,3,MD,2333.2
1998,4,MD,2330.8
1998,5,MD,2336.8
1998,6,MD,2341.8
1998,7,MD,2344.0
1998,8,MD,2352.0
1998,9,MD,2358.5
1998,10,MD,2365.0
1998,11,MD,2369.0
1998,12,MD,2374.2
1999,1,MD,2376.1
1999,2,MD,2385.7
1999,3,MD,2386.5
1999,4,MD,2397.8
1999,5,MD,2400.6
1999,6,MD,2402.3
1999,7,MD,2413.4
1999,8,MD,2411.4
1999,9,MD,2417.4
1999,10,MD,2435.8
1999,11,MD,2439.0
1999,12,MD,2441.2
2000,1,MD,2444.6
2000,2,MD,2442.8
2000,3,MD,2459.1
2000,4,MD,2463.1
2000,5,MD,2463.6
2000,6,MD,2470.6
2000,7,MD,2475.6
2000,8,MD,2477.7
2000,9,MD,2488.5
2000,10,MD,2488.4
2000,11,MD,2492.3
2000,12,MD,2500.4
2001,1,MD,2486.2
2001,2,MD,2489.0
2001,3,MD,2488.5
2001,4,MD,2485.0
2001,5,MD,2488.5
2001,6,MD,2490.6
2001,7,MD,2484.7
2001,8,MD,2488.8
2001,9,MD,2482.6
2001,10,MD,2487.3
2001,11,MD,2489.3
2001,12,MD,2492.2
2002,1,MD,2492.6
2002,2,MD,2496.3
2002,3,MD,2499.7
2002,4,MD,2495.1
2002,5,MD,2497.0
2002,6,MD,2496.5
2002,7,MD,2497.6
2002,8,MD,2499.6
2002,9,MD,2497.8
2002,10,MD,2493.7
2002,11,MD,2495.6
2002,12,MD,2494.1
2003,1,MD,2500.8
2003,2,MD,2490.7
2003,3,MD,2490.4
2003,4,MD,2503.6
2003,5,MD,2505.8
2003,6,MD,2506.2
2003,7,MD,2504.0
2003,8,MD,2503.2
2003,9,MD,2507.3
2003,10,MD,2508.0
2003,11,MD,2509.4
2003,12,MD,2510.8
2004,1,MD,2513.7
2004,2,MD,2513.3
2004,3,MD,2520.9
2004,4,MD,2521.5
2004,5,MD,2526.9
2004,6,MD,2528.5
2004,7,MD,2532.5
2004,8,MD,2536.6
2004,9,MD,2537.3
2004,10,MD,2548.0
2004,11,MD,2548.8
2004,12,MD,2551.6
2005,1,MD,2551.9
2005,2,MD,2557.4
2005,3,MD,2550.3
2005,4,MD,2563.5
2005,5,MD,2566.9
2005,6,MD,2565.9
2005,7,MD,2574.8
2005,8,MD,2578.6
2005,9,MD,2587.0
2005,10,MD,2581.6
2005,11,MD,2586.4
2005,12,MD,2587.2
2006,1,MD,2594.2
2006,2,MD,2597.9
2006,3,MD,2605.1
2006,4,MD,2604.4
2006,5,MD,2603.6
2006,6,MD,2605.2
2006,7,MD,2602.7
2006,8,MD,2604.7
2006,9,MD,2607.8
2006,10,MD,2609.6
2006,11,MD,2612.8
2006,12,MD,2618.4
2007,1,MD,2624.7
2007,2,MD,2617.2
2007,3,MD,2626.8
2007,4,MD,2622.1
2007,5,MD,2626.2
2007,6,MD,2626.1
2007,7,MD,2628.3
2007,8,MD,2629.7
2007,9,MD,2627.6
2007,10,MD,2626.3
2007,11,MD,2628.9
2007,12,MD,2631.5
2008,1,MD,2635.9
2008,2,MD,2635.3
2008,3,MD,2630.3
2008,4,MD,2632.0
2008,5,MD,2626.4
2008,6,MD,2619.6
2008,7,MD,2620.5
2008,8,MD,2617.5
2008,9,MD,2609.9
2008,10,MD,2604.3
2008,11,MD,2593.7
2008,12,MD,2586.1
2009,1,MD,2572.0
2009,2,MD,2564.7
2009,3,MD,2552.9
2009,4,MD,2546.5
2009,5,MD,2546.7
2009,6,MD,2544.0
2009,7,MD,2533.0
2009,8,MD,2531.6
2009,9,MD,2526.5
2009,10,MD,2527.1
2009,11,MD,2524.2
2009,12,MD,2520.5
2010,1,MD,2520.6
2010,2,MD,2488.3
2010,3,MD,2522.1
2010,4,MD,2538.1
2010,5,MD,2545.3
2010,6,MD,2545.4
2010,7,MD,2542.6
2010,8,MD,2542.5
2010,9,MD,2541.1
2010,10,MD,2549.1
2010,11,MD,2547.4
2010,12,MD,2550.1
2011,1,MD,2550.0
2011,2,MD,2555.7
2011,3,MD,2558.8
2011,4,MD,2561.0
2011,5,MD,2557.7
2011,6,MD,2558.5
2011,7,MD,2569.7
2011,8,MD,2561.4
2011,9,MD,2566.2
2011,10,MD,2571.4
2011,11,MD,2568.6
2011,12,MD,2573.7
2012,1,MD,2582.5
2012,2,MD,2585.6
2012,3,MD,2592.4
2012,4,MD,2587.6
2012,5,MD,2586.3
2012,6,MD,2589.3
2012,7,MD,2591.0
2012,8,MD,2592.4
2012,9,MD,2600.1
2012,10,MD,2601.4
2012,11,MD,2598.9
2012,12,MD,2606.0
2013,1,MD,2612.6
2013,2,MD,2615.1
2013,3,MD,2617.5
2013,4,MD,2615.0
2013,5,MD,2614.8
2013,6,MD,2619.8
2013,7,MD,2619.8
2013,8,MD,2618.3
2013,9,MD,2621.0
2013,10,MD,2618.6
2013,11,MD,2623.5
2013,12,MD,2619.3
2014,1,MD,2622.4
2014,2,MD,2622.8
2014,3,MD,2624.2
2014,4,MD,2632.2
2014,5,MD,2638.5
2014,6,MD,2641.7
2014,7,MD,2637.8
2014,8,MD,2646.8
2014,9,MD,2650.9
2014,10,MD,2653.0
2014,11,MD,2655.4
2014,12,MD,2657.9
2015,1,MD,2656.1
2015,2,MD,2661.5
2015,3,MD,2657.2
2015,4,MD,2669.2
2015,5,MD,2680.8
2015,6,MD,2681.3
2015,7,MD,2684.0
2015,8,MD,2687.7
2015,9,MD,2688.2
2015,10,MD,2699.8
2015,11,MD,2699.0
2015,12,MD,2704.6
2016,1,MD,2699.8
2016,2,MD,2697.9
2016,3,MD,2704.4
2016,4,MD,2712.8
2016,5,MD,2708.9
2016,6,MD,2708.2
2016,7,MD,2714.7
2016,8,MD,2720.5
2016,9,MD,2729.5
2016,10,MD,2726.7
2016,11,MD,2733.0
2016,12,MD,2735.3
2017,1,MD,2735.8
2017,2,MD,2740.9
2017,3,MD,2741.9
2017,4,MD,2741.6
2017,5,MD,2742.9
2017,6,MD,2747.3
2017,7,MD,2744.0
2017,8,MD,2746.5
2017,9,MD,2749.5
2017,10,MD,2751.7
2017,11,MD,2755.4
2017,12,MD,2752.0
2018,1,MD,2753.9
2018,2,MD,2763.0
2018,3,MD,2766.5
2018,4,MD,2765.0
2018,5,MD,2768.8
2018,6,MD,2772.6
2018,7,MD,2773.4
2018,8,MD,2776.5
2018,9,MD,2773.5
2018,10,MD,2775.5
2018,11,MD,2782.0
2018,12,MD,2778.2
2019,1,MD,2784.8
2019,2,MD,2785.3
2019,3,MD,2790.4
2019,4,MD,2787.6
2019,5,MD,2789.7
2019,6,MD,2795.9
2019,7,MD,2784.7
2019,8,MD,2786.3
2019,9,MD,2786.1
2019,10,MD,2793.1
2019,11,MD,2798.3
2019,12,MD,2797.4
2020,1,MD,2792.7
2020,2,MD,2795.1
2020,3,MD,2771.6
2020,4,MD,2402.2
2020,5,MD,2426.4
2020,6,MD,2481.5
2020,7,MD,2545.7
2020,8,MD,2564.5
2020,9,MD,2586.6
2020,10,MD,2603.5
2020,11,MD,2608.4
2020,12,MD,2615.3
2021,1,MD,2619.8
2021,2,MD,2619.5
2021,3,MD,2639.4
2021,4,MD,2644.3
2021,5,MD,2650.8
2021,6,MD,2651.9
2021,7,MD,2673.2
2021,8,MD,2680.3
2021,9,MD,2681.6
2021,10,MD,2700.7
2021,11,MD,2710.0
2021,12,MD,2726.1
2022,1,MD,2704.6
2022,2,MD,2723.7
2022,3,MD,2717.1
2022,4,MD,2726.9
2022,5,MD,2730.5
2022,6,MD,2717.6
2022,7,MD,2739.1
2022,8,MD,2740.9
2022,9,MD,2754.4
2022,10,MD,2743.6
2022,11,MD,2745.9
2022,12,MD,2743.9
2023,1,MD,2750.8
2023,2,MD,2754.3
2023,3,MD,2761.1
2023,4,MD,2771.9
2023,5,MD,2778.0
2023,6,MD,2786.9
2023,7,MD,2785.2
2023,8,MD,2786.1
2023,9,MD,2788.1
2023,10,MD,2791.7
2023,11,MD,2796.3
2023,12,MD,2800.8
2024,1,MD,2831.1
2024,2,MD,2831.8
2024,3,MD,2835.7
2024,4,MD,2823.7
2024,5,MD,2825.0
2024,6,MD,2829.2
2024,7,MD,2838.3
2024,8,MD,2835.0
2024,9,MD,2835.7
2024,10,MD,2826.0
2024,11,MD,2837.5
2024,12,MD,2840.6
2025,1,MD,2846.4
2025,2,MD,2847.6
2025,3,MD,2845.6
2025,4,MD,2848.0
2025,5,MD,2849.8
2025,6,MD,2840.8
2025,7,MD,2850.0
2025,8,MD,2848.7
2025,9,MD,2837.6
2025,10,MD,2823.7
2025,11,MD,2828.9
2025,12,MD,2828.2
1990,1,MA,3046.9
1990,2,MA,3042.4
1990,3,MA,3036.7
1990,4,MA,3015.6
1990,5,MA,3010.5
1990,6,MA,3002.8
1990,7,MA,2987.1
1990,8,MA,2974.7
1990,9,MA,2963.1
1990,10,MA,2939.1
1990,11,MA,2927.4
1990,12,MA,2917.9
1991,1,MA,2877.1
1991,2,MA,2858.3
1991,3,MA,2850.0
1991,4,MA,2837.2
1991,5,MA,2828.0
1991,6,MA,2830.2
1991,7,MA,2815.1
1991,8,MA,2810.6
1991,9,MA,2803.1
1991,10,MA,2800.4
1991,11,MA,2796.0
1991,12,MA,2795.9
1992,1,MA,2794.7
1992,2,MA,2796.0
1992,3,MA,2795.5
1992,4,MA,2788.9
1992,5,MA,2796.6
1992,6,MA,2795.8
1992,7,MA,2795.9
1992,8,MA,2795.3
1992,9,MA,2800.0
1992,10,MA,2806.4
1992,11,MA,2808.0
1992,12,MA,2805.8
1993,1,MA,2815.5
1993,2,MA,2818.6
1993,3,MA,2812.4
1993,4,MA,2830.7
1993,5,MA,2839.1
1993,6,MA,2842.5
1993,7,MA,2850.2
1993,8,MA,2853.1
1993,9,MA,2855.3
1993,10,MA,2864.8
1993,11,MA,2868.4
1993,12,MA,2874.0
1994,1,MA,2872.9
1994,2,MA,2874.6
1994,3,MA,2880.6
1994,4,MA,2889.8
1994,5,MA,2896.1
1994,6,MA,2904.4
1994,7,MA,2910.1
1994,8,MA,2917.3
1994,9,MA,2927.2
1994,10,MA,2931.2
1994,11,MA,2941.6
1994,12,MA,2950.5
1995,1,MA,2956.1
1995,2,MA,2960.4
1995,3,MA,2967.9
1995,4,MA,2972.1
1995,5,MA,2969.0
1995,6,MA,2973.4
1995,7,MA,2979.4
1995,8,MA,2989.5
1995,9,MA,2996.0
1995,10,MA,3004.3
1995,11,MA,3007.3
1995,12,MA,3012.9
1996,1,MA,3000.9
1996,2,MA,3014.6
1996,3,MA,3019.5
1996,4,MA,3024.1
1996,5,MA,3033.8
1996,6,MA,3040.2
1996,7,MA,3043.0
1996,8,MA,3050.4
1996,9,MA,3057.5
1996,10,MA,3064.8
1996,11,MA,3076.2
1996,12,MA,3078.2
1997,1,MA,3087.5
1997,2,MA,3091.2
1997,3,MA,3103.4
1997,4,MA,3103.9
1997,5,MA,3111.8
1997,6,MA,3116.4
1997,7,MA,3111.2
1997,8,MA,3115.3
1997,9,MA,3124.1
1997,10,MA,3132.7
1997,11,MA,3140.8
1997,12,MA,3155.9
1998,1,MA,3155.6
1998,2,MA,3165.0
1998,3,MA,3171.6
1998,4,MA,3173.3
1998,5,MA,3181.0
1998,6,MA,3182.3
1998,7,MA,3189.2
1998,8,MA,3195.6
1998,9,MA,3198.2
1998,10,MA,3200.4
1998,11,MA,3207.3
1998,12,MA,3215.0
1999,1,MA,3206.7
1999,2,MA,3221.0
1999,3,MA,3227.6
1999,4,MA,3240.9
1999,5,MA,3239.7
1999,6,MA,3248.0
1999,7,MA,3255.4
1999,8,MA,3258.7
1999,9,MA,3262.4
1999,10,MA,3273.9
1999,11,MA,3277.0
1999,12,MA,3286.1
2000,1,MA,3294.6
2000,2,MA,3302.4
2000,3,MA,3310.3
2000,4,MA,3323.8
2000,5,MA,3326.2
2000,6,MA,3332.8
2000,7,MA,3348.6
2000,8,MA,3344.3
2000,9,MA,3356.6
2000,10,MA,3366.2
2000,11,MA,3373.3
2000,12,MA,3381.0
2001,1,MA,3393.0
2001,2,MA,3395.1
2001,3,MA,3385.5
2001,4,MA,3374.0
2001,5,MA,3368.4
2001,6,MA,3362.0
2001,7,MA,3345.3
2001,8,MA,3340.4
2001,9,MA,3327.7
2001,10,MA,3313.7
2001,11,MA,3301.9
2001,12,MA,3297.0
2002,1,MA,3295.3
2002,2,MA,3287.9
2002,3,MA,3288.2
2002,4,MA,3281.4
2002,5,MA,3277.9
2002,6,MA,3274.5
2002,7,MA,3272.3
2002,8,MA,3268.1
2002,9,MA,3265.6
2002,10,MA,3255.9
2002,11,MA,3252.3
2002,12,MA,3247.3
2003,1,MA,3236.0
2003,2,MA,3223.2
2003,3,MA,3219.4
2003,4,MA,3218.7
2003,5,MA,3217.8
2003,6,MA,3212.4
2003,7,MA,3211.1
2003,8,MA,3207.3
2003,9,MA,3213.3
2003,10,MA,3201.1
2003,11,MA,3203.9
2003,12,MA,3195.1
2004,1,MA,3195.0
2004,2,MA,3202.0
2004,3,MA,3209.4
2004,4,MA,3208.7
2004,5,MA,3212.0
2004,6,MA,3212.7
2004,7,MA,3214.9
2004,8,MA,3215.3
2004,9,MA,3218.3
2004,10,MA,3218.3
2004,11,MA,3217.6
2004,12,MA,3219.0
2005,1,MA,3215.5
2005,2,MA,3223.9
2005,3,MA,3218.2
2005,4,MA,3227.3
2005,5,MA,3229.0
2005,6,MA,3227.3
2005,7,MA,3235.2
2005,8,MA,3236.1
2005,9,MA,3241.2
2005,10,MA,3234.3
2005,11,MA,3242.0
2005,12,MA,3245.2
2006,1,MA,3250.8
2006,2,MA,3253.7
2006,3,MA,3259.1
2006,4,MA,3263.8
2006,5,MA,3259.9
2006,6,MA,3266.8
2006,7,MA,3269.8
2006,8,MA,3271.5
2006,9,MA,3274.1
2006,10,MA,3277.1
2006,11,MA,3279.7
2006,12,MA,3286.6
2007,1,MA,3294.7
2007,2,MA,3293.9
2007,3,MA,3294.6
2007,4,MA,3297.3
2007,5,MA,3303.5
2007,6,MA,3310.2
2007,7,MA,3308.8
2007,8,MA,3309.0
2007,9,MA,3308.7
2007,10,MA,3312.8
2007,11,MA,3317.8
2007,12,MA,3318.0
2008,1,MA,3325.9
2008,2,MA,3328.9
2008,3,MA,3329.7
2008,4,MA,3331.3
2008,5,MA,3327.5
2008,6,MA,3326.1
2008,7,MA,3325.3
2008,8,MA,3321.4
2008,9,MA,3315.1
2008,10,MA,3308.4
2008,11,MA,3296.3
2008,12,MA,3281.9
2009,1,MA,3253.0
2009,2,MA,3245.6
2009,3,MA,3230.5
2009,4,MA,3217.7
2009,5,MA,3213.7
2009,6,MA,3204.2
2009,7,MA,3192.5
2009,8,MA,3192.4
2009,9,MA,3193.6
2009,10,MA,3190.6
2009,11,MA,3192.4
2009,12,MA,3198.6
2010,1,MA,3213.6
2010,2,MA,3208.0
2010,3,MA,3208.1
2010,4,MA,3214.7
2010,5,MA,3229.9
2010,6,MA,3216.0
2010,7,MA,3220.2
2010,8,MA,3222.2
2010,9,MA,3219.5
2010,10,MA,3233.5
2010,11,MA,3234.6
2010,12,MA,3238.3
2011,1,MA,3240.0
2011,2,MA,3242.5
2011,3,MA,3243.9
2011,4,MA,3250.8
2011,5,MA,3251.6
2011,6,MA,3245.7
2011,7,MA,3267.0
2011,8,MA,3263.6
2011,9,MA,3274.4
2011,10,MA,3273.5
2011,11,MA,3274.9
2011,12,MA,3279.7
2012,1,MA,3293.3
2012,2,MA,3295.6
2012,3,MA,3306.2
2012,4,MA,3296.5
2012,5,MA,3299.9
2012,6,MA,3312.5
2012,7,MA,3310.6
2012,8,MA,3314.6
2012,9,MA,3322.0
2012,10,MA,3320.6
2012,11,MA,3326.8
2012,12,MA,3327.5
2013,1,MA,3337.5
2013,2,MA,3344.2
2013,3,MA,3352.7
2013,4,MA,3357.8
2013,5,MA,3362.7
2013,6,MA,3369.6
2013,7,MA,3364.1
2013,8,MA,3371.5
2013,9,MA,3374.0
2013,10,MA,3380.3
2013,11,MA,3382.6
2013,12,MA,3388.1
2014,1,MA,3396.3
2014,2,MA,3404.7
2014,3,MA,3408.3
2014,4,MA,3418.2
2014,5,MA,3422.8
2014,6,MA,3426.2
2014,7,MA,3433.4
2014,8,MA,3429.4
2014,9,MA,3448.8
2014,10,MA,3456.4
2014,11,MA,3468.0
2014,12,MA,3473.0
2015,1,MA,3470.9
2015,2,MA,3463.4
2015,3,MA,3474.5
2015,4,MA,3480.5
2015,5,MA,3503.3
2015,6,MA,3502.4
2015,7,MA,3509.2
2015,8,MA,3509.2
2015,9,MA,3508.5
2015,10,MA,3521.3
2015,11,MA,3527.4
2015,12,MA,3532.5
2016,1,MA,3538.4
2016,2,MA,3543.8
2016,3,MA,3555.7
2016,4,MA,3559.5
2016,5,MA,3559.1
2016,6,MA,3551.0
2016,7,MA,3580.5
2016,8,MA,3583.4
2016,9,MA,3585.2
2016,10,MA,3580.3
2016,11,MA,3586.4
2016,12,MA,3591.3
2017,1,MA,3595.6
2017,2,MA,3596.0
2017,3,MA,3602.0
2017,4,MA,3606.5
2017,5,MA,3608.4
2017,6,MA,3614.8
2017,7,MA,3621.7
2017,8,MA,3624.0
2017,9,MA,3624.7
2017,10,MA,3626.1
2017,11,MA,3631.4
2017,12,MA,3636.0
2018,1,MA,3635.5
2018,2,MA,3649.0
2018,3,MA,3647.6
2018,4,MA,3649.1
2018,5,MA,3653.4
2018,6,MA,3656.0
2018,7,MA,3653.6
2018,8,MA,3655.3
2018,9,MA,3662.3
2018,10,MA,3665.0
2018,11,MA,3668.2
2018,12,MA,3677.8
2019,1,MA,3683.3
2019,2,MA,3690.7
2019,3,MA,3695.3
2019,4,MA,3710.1
2019,5,MA,3713.7
2019,6,MA,3717.7
2019,7,MA,3713.2
2019,8,MA,3714.8
2019,9,MA,3718.4
2019,10,MA,3718.7
2019,11,MA,3723.9
2019,12,MA,3732.6
2020,1,MA,3734.3
2020,2,MA,3745.6
2020,3,MA,3708.6
2020,4,MA,3056.8
2020,5,MA,3110.7
2020,6,MA,3187.2
2020,7,MA,3274.3
2020,8,MA,3335.9
2020,9,MA,3382.6
2020,10,MA,3415.4
2020,11,MA,3430.8
2020,12,MA,3428.5
2021,1,MA,3440.9
2021,2,MA,3455.7
2021,3,MA,3471.1
2021,4,MA,3489.2
2021,5,MA,3504.3
2021,6,MA,3511.4
2021,7,MA,3557.7
2021,8,MA,3564.3
2021,9,MA,3560.2
2021,10,MA,3598.6
2021,11,MA,3607.3
2021,12,MA,3620.1
2022,1,MA,3623.8
2022,2,MA,3643.2
2022,3,MA,3648.7
2022,4,MA,3659.4
2022,5,MA,3663.8
2022,6,MA,3670.9
2022,7,MA,3688.7
2022,8,MA,3688.5
2022,9,MA,3691.8
2022,10,MA,3689.8
2022,11,MA,3696.8
2022,12,MA,3692.6
2023,1,MA,3706.9
2023,2,MA,3708.6
2023,3,MA,3710.0
2023,4,MA,3707.7
2023,5,MA,3710.0
2023,6,MA,3713.1
2023,7,MA,3717.5
2023,8,MA,3718.6
2023,9,MA,3718.9
2023,10,MA,3722.6
2023,11,MA,3722.4
2023,12,MA,3728.0
2024,1,MA,3725.0
2024,2,MA,3724.6
2024,3,MA,3729.8
2024,4,MA,3719.1
2024,5,MA,3723.6
2024,6,MA,3722.3
2024,7,MA,3716.4
2024,8,MA,3717.0
2024,9,MA,3718.2
2024,10,MA,3715.9
2024,11,MA,3715.2
2024,12,MA,3722.2
2025,1,MA,3718.9
2025,2,MA,3714.3
2025,3,MA,3717.1
2025,4,MA,3725.2
2025,5,MA,3728.9
2025,6,MA,3725.2
2025,7,MA,3727.3
2025,8,MA,3720.1
2025,9,MA,3710.0
2025,10,MA,3714.6
2025,11,MA,3718.9
2025,12,MA,3723.5
1990,1,MI,3904.8
1990,2,MI,3942.4
1990,3,MI,3962.6
1990,4,MI,3963.4
1990,5,MI,3967.5
1990,6,MI,3975.1
1990,7,MI,3976.4
1990,8,MI,3965.9
1990,9,MI,3950.0
1990,10,MI,3938.9
1990,11,MI,3916.0
1990,12,MI,3916.4
1991,1,MI,3908.4
1991,2,MI,3887.2
1991,3,MI,3876.0
1991,4,MI,3872.4
1991,5,MI,3877.1
1991,6,MI,3877.9
1991,7,MI,3888.1
1991,8,MI,3877.4
1991,9,MI,3887.0
1991,10,MI,3896.0
1991,11,MI,3898.3
1991,12,MI,3895.6
1992,1,MI,3880.2
1992,2,MI,3892.8
1992,3,MI,3898.5
1992,4,MI,3906.8
1992,5,MI,3915.6
1992,6,MI,3925.1
1992,7,MI,3932.8
1992,8,MI,3930.8
1992,9,MI,3926.1
1992,10,MI,3935.5
1992,11,MI,3943.3
1992,12,MI,3948.1
1993,1,MI,3966.6
1993,2,MI,3968.1
1993,3,MI,3966.8
1993,4,MI,3977.4
1993,5,MI,3985.6
1993,6,MI,3989.5
1993,7,MI,4005.0
1993,8,MI,3988.2
1993,9,MI,4009.5
1993,10,MI,4038.3
1993,11,MI,4045.2
1993,12,MI,4059.6
1994,1,MI,4079.9
1994,2,MI,4082.3
1994,3,MI,4100.2
1994,4,MI,4106.6
1994,5,MI,4118.2
1994,6,MI,4129.5
1994,7,MI,4153.1
1994,8,MI,4168.7
1994,9,MI,4183.5
1994,10,MI,4180.0
1994,11,MI,4203.6
1994,12,MI,4209.9
1995,1,MI,4216.1
1995,2,MI,4234.4
1995,3,MI,4247.7
1995,4,MI,4255.9
1995,5,MI,4259.9
1995,6,MI,4270.5
1995,7,MI,4265.9
1995,8,MI,4281.3
1995,9,MI,4298.2
1995,10,MI,4297.8
1995,11,MI,4300.2
1995,12,MI,4326.1
1996,1,MI,4321.6
1996,2,MI,4333.9
1996,3,MI,4321.1
1996,4,MI,4325.0
1996,5,MI,4339.0
1996,6,MI,4355.5
1996,7,MI,4344.9
1996,8,MI,4364.1
1996,9,MI,4376.8
1996,10,MI,4385.7
1996,11,MI,4399.1
1996,12,MI,4400.2
1997,1,MI,4403.0
1997,2,MI,4409.4
1997,3,MI,4428.1
1997,4,MI,4431.6
1997,5,MI,4438.7
1997,6,MI,4430.7
1997,7,MI,4442.6
1997,8,MI,4441.9
1997,9,MI,4465.4
1997,10,MI,4457.3
1997,11,MI,4462.1
1997,12,MI,4471.5
1998,1,MI,4503.2
1998,2,MI,4509.2
1998,3,MI,4504.6
1998,4,MI,4518.6
1998,5,MI,4524.7
1998,6,MI,4519.9
1998,7,MI,4447.7
1998,8,MI,4512.5
1998,9,MI,4521.4
1998,10,MI,4527.0
1998,11,MI,4538.6
1998,12,MI,4542.5
1999,1,MI,4533.6
1999,2,MI,4553.3
1999,3,MI,4559.1
1999,4,MI,4573.0
1999,5,MI,4581.5
1999,6,MI,4581.5
1999,7,MI,4598.5
1999,8,MI,4597.3
1999,9,MI,4598.4
1999,10,MI,4605.8
1999,11,MI,4614.5
1999,12,MI,4629.5
2000,1,MI,4654.7
2000,2,MI,4660.5
2000,3,MI,4672.0
2000,4,MI,4693.6
2000,5,MI,4691.8
2000,6,MI,4694.1
2000,7,MI,4689.7
2000,8,MI,4683.3
2000,9,MI,4676.0
2000,10,MI,4682.4
2000,11,MI,4676.8
2000,12,MI,4665.6
2001,1,MI,4609.2
2001,2,MI,4618.2
2001,3,MI,4611.9
2001,4,MI,4604.7
2001,5,MI,4590.9
2001,6,MI,4588.1
2001,7,MI,4570.2
2001,8,MI,4557.1
2001,9,MI,4540.0
2001,10,MI,4514.8
2001,11,MI,4501.4
2001,12,MI,4493.7
2002,1,MI,4489.4
2002,2,MI,4494.4
2002,3,MI,4492.4
2002,4,MI,4489.6
2002,5,MI,4490.6
2002,6,MI,4494.0
2002,7,MI,4499.4
2002,8,MI,4493.8
2002,9,MI,4491.2
2002,10,MI,4487.2
2002,11,MI,4482.8
2002,12,MI,4471.1
2003,1,MI,4453.0
2003,2,MI,4438.5
2003,3,MI,4428.5
2003,4,MI,4413.2
2003,5,MI,4423.2
2003,6,MI,4420.5
2003,7,MI,4394.9
2003,8,MI,4402.2
2003,9,MI,4406.0
2003,10,MI,4412.2
2003,11,MI,4406.5
2003,12,MI,4405.9
2004,1,MI,4404.2
2004,2,MI,4396.0
2004,3,MI,4399.6
2004,4,MI,4404.9
2004,5,MI,4404.8
2004,6,MI,4395.7
2004,7,MI,4381.0
2004,8,MI,4399.0
2004,9,MI,4402.4
2004,10,MI,4408.8
2004,11,MI,4404.0
2004,12,MI,4403.8
2005,1,MI,4393.1
2005,2,MI,4404.8
2005,3,MI,4399.5
2005,4,MI,4404.9
2005,5,MI,4402.3
2005,6,MI,4386.1
2005,7,MI,4384.0
2005,8,MI,4383.0
2005,9,MI,4396.9
2005,10,MI,4383.8
2005,11,MI,4384.4
2005,12,MI,4376.8
2006,1,MI,4368.5
2006,2,MI,4361.6
2006,3,MI,4362.2
2006,4,MI,4358.5
2006,5,MI,4340.5
2006,6,MI,4341.6
2006,7,MI,4306.7
2006,8,MI,4310.0
2006,9,MI,4313.6
2006,10,MI,4295.8
2006,11,MI,4297.5
2006,12,MI,4298.2
2007,1,MI,4284.4
2007,2,MI,4292.4
2007,3,MI,4291.2
2007,4,MI,4284.3
2007,5,MI,4282.4
2007,6,MI,4277.6
2007,7,MI,4267.7
2007,8,MI,4262.7
2007,9,MI,4258.9
2007,10,MI,4246.1
2007,11,MI,4250.8
2007,12,MI,4250.5
2008,1,MI,4240.7
2008,2,MI,4235.6
2008,3,MI,4217.7
2008,4,MI,4193.5
2008,5,MI,4186.6
2008,6,MI,4196.5
2008,7,MI,4161.0
2008,8,MI,4156.6
2008,9,MI,4137.8
2008,10,MI,4113.3
2008,11,MI,4086.7
2008,12,MI,4056.3
2009,1,MI,3954.2
2009,2,MI,3952.8
2009,3,MI,3927.1
2009,4,MI,3909.2
2009,5,MI,3877.2
2009,6,MI,3839.7
2009,7,MI,3831.5
2009,8,MI,3832.4
2009,9,MI,3838.7
2009,10,MI,3844.4
2009,11,MI,3838.5
2009,12,MI,3839.9
2010,1,MI,3839.2
2010,2,MI,3836.0
2010,3,MI,3833.8
2010,4,MI,3851.2
2010,5,MI,3864.8
2010,6,MI,3867.9
2010,7,MI,3882.9
2010,8,MI,3868.0
2010,9,MI,3879.3
2010,10,MI,3894.0
2010,11,MI,3896.3
2010,12,MI,3895.9
2011,1,MI,3910.9
2011,2,MI,3912.5
2011,3,MI,3925.8
2011,4,MI,3939.3
2011,5,MI,3942.0
2011,6,MI,3948.1
2011,7,MI,3968.8
2011,8,MI,3971.3
2011,9,MI,3982.8
2011,10,MI,3988.5
2011,11,MI,3994.4
2011,12,MI,3994.3
2012,1,MI,4009.1
2012,2,MI,4014.5
2012,3,MI,4027.1
2012,4,MI,4037.3
2012,5,MI,4029.5
2012,6,MI,4031.8
2012,7,MI,4043.3
2012,8,MI,4043.5
2012,9,MI,4049.7
2012,10,MI,4051.6
2012,11,MI,4060.7
2012,12,MI,4070.6
2013,1,MI,4085.6
2013,2,MI,4095.8
2013,3,MI,4102.0
2013,4,MI,4088.3
2013,5,MI,4107.0
2013,6,MI,4108.4
2013,7,MI,4103.8
2013,8,MI,4122.9
2013,9,MI,4132.3
2013,10,MI,4139.9
2013,11,MI,4144.3
2013,12,MI,4147.1
2014,1,MI,4145.8
2014,2,MI,4163.0
2014,3,MI,4165.1
2014,4,MI,4156.4
2014,5,MI,4179.8
2014,6,MI,4197.0
2014,7,MI,4192.1
2014,8,MI,4197.3
2014,9,MI,4193.5
2014,10,MI,4204.7
2014,11,MI,4212.4
2014,12,MI,4231.1
2015,1,MI,4221.6
2015,2,MI,4221.0
2015,3,MI,4222.9
2015,4,MI,4227.0
2015,5,MI,4245.5
2015,6,MI,4242.8
2015,7,MI,4251.2
2015,8,MI,4255.4
2015,9,MI,4257.0
2015,10,MI,4274.4
2015,11,MI,4275.8
2015,12,MI,4288.8
2016,1,MI,4295.9
2016,2,MI,4297.9
2016,3,MI,4300.1
2016,4,MI,4326.8
2016,5,MI,4314.3
2016,6,MI,4318.1
2016,7,MI,4336.3
2016,8,MI,4332.0
2016,9,MI,4347.7
2016,10,MI,4343.8
2016,11,MI,4356.1
2016,12,MI,4351.7
2017,1,MI,4363.3
2017,2,MI,4362.6
2017,3,MI,4367.7
2017,4,MI,4373.7
2017,5,MI,4378.7
2017,6,MI,4383.2
2017,7,MI,4369.0
2017,8,MI,4379.3
2017,9,MI,4385.3
2017,10,MI,4383.8
2017,11,MI,4390.0
2017,12,MI,4391.1
2018,1,MI,4402.0
2018,2,MI,4414.3
2018,3,MI,4426.0
2018,4,MI,4415.0
2018,5,MI,4422.8
2018,6,MI,4434.3
2018,7,MI,4424.2
2018,8,MI,4429.5
2018,9,MI,4426.9
2018,10,MI,4441.3
2018,11,MI,4442.3
2018,12,MI,4439.4
2019,1,MI,4437.3
2019,2,MI,4441.3
2019,3,MI,4445.9
2019,4,MI,4444.6
2019,5,MI,4444.5
2019,6,MI,4442.7
2019,7,MI,4439.4
2019,8,MI,4449.0
2019,9,MI,4449.6
2019,10,MI,4424.8
2019,11,MI,4449.1
2019,12,MI,4459.5
2020,1,MI,4448.3
2020,2,MI,4449.0
2020,3,MI,4418.1
2020,4,MI,3393.5
2020,5,MI,3524.2
2020,6,MI,3855.9
2020,7,MI,3969.6
2020,8,MI,4038.1
2020,9,MI,4081.8
2020,10,MI,4116.4
2020,11,MI,4114.8
2020,12,MI,4049.6
2021,1,MI,4083.3
2021,2,MI,4137.4
2021,3,MI,4158.5
2021,4,MI,4139.2
2021,5,MI,4151.7
2021,6,MI,4169.4
2021,7,MI,4203.6
2021,8,MI,4216.9
2021,9,MI,4224.9
2021,10,MI,4280.7
2021,11,MI,4296.3
2021,12,MI,4306.9
2022,1,MI,4307.1
2022,2,MI,4326.0
2022,3,MI,4344.9
2022,4,MI,4365.4
2022,5,MI,4361.7
2022,6,MI,4362.0
2022,7,MI,4382.3
2022,8,MI,4388.2
2022,9,MI,4389.0
2022,10,MI,4395.4
2022,11,MI,4405.3
2022,12,MI,4410.9
2023,1,MI,4431.4
2023,2,MI,4437.0
2023,3,MI,4439.6
2023,4,MI,4453.5
2023,5,MI,4468.9
2023,6,MI,4473.2
2023,7,MI,4475.1
2023,8,MI,4470.2
2023,9,MI,4480.1
2023,10,MI,4454.7
2023,11,MI,4467.5
2023,12,MI,4477.5
2024,1,MI,4473.3
2024,2,MI,4479.9
2024,3,MI,4486.4
2024,4,MI,4485.5
2024,5,MI,4489.4
2024,6,MI,4487.3
2024,7,MI,4471.1
2024,8,MI,4489.5
2024,9,MI,4497.5
2024,10,MI,4492.3
2024,11,MI,4498.5
2024,12,MI,4509.5
2025,1,MI,4513.9
2025,2,MI,4515.1
2025,3,MI,4512.3
2025,4,MI,4528.2
2025,5,MI,4531.5
2025,6,MI,4525.7
2025,7,MI,4528.8
2025,8,MI,4532.3
2025,9,MI,4533.4
2025,10,MI,4536.3
2025,11,MI,4538.2
2025,12,MI,4543.3
1990,1,MN,2123.6
1990,2,MN,2129.7
1990,3,MN,2130.6
1990,4,MN,2133.3
1990,5,MN,2131.1
1990,6,MN,2132.3
1990,7,MN,2138.8
1990,8,MN,2141.4
1990,9,MN,2142.2
1990,10,MN,2139.7
1990,11,MN,2142.2
1990,12,MN,2141.4
1991,1,MN,2143.0
1991,2,MN,2138.4
1991,3,MN,2138.7
1991,4,MN,2140.5
1991,5,MN,2141.0
1991,6,MN,2143.6
1991,7,MN,2145.0
1991,8,MN,2149.5
1991,9,MN,2150.2
1991,10,MN,2154.5
1991,11,MN,2148.3
1991,12,MN,2157.6
1992,1,MN,2169.8
1992,2,MN,2170.1
1992,3,MN,2174.9
1992,4,MN,2180.7
1992,5,MN,2189.2
1992,6,MN,2188.5
1992,7,MN,2197.0
1992,8,MN,2200.9
1992,9,MN,2204.7
1992,10,MN,2212.4
1992,11,MN,2216.1
1992,12,MN,2222.1
1993,1,MN,2230.0
1993,2,MN,2232.4
1993,3,MN,2236.6
1993,4,MN,2239.3
1993,5,MN,2243.0
1993,6,MN,2243.4
1993,7,MN,2251.3
1993,8,MN,2254.0
1993,9,MN,2256.3
1993,10,MN,2273.0
1993,11,MN,2277.8
1993,12,MN,2285.8
1994,1,MN,2284.7
1994,2,MN,2292.9
1994,3,MN,2299.3
1994,4,MN,2304.9
1994,5,MN,2313.3
1994,6,MN,2318.1
1994,7,MN,2320.2
1994,8,MN,2326.2
1994,9,MN,2335.9
1994,10,MN,2334.0
1994,11,MN,2346.8
1994,12,MN,2350.8
1995,1,MN,2359.2
1995,2,MN,2367.7
1995,3,MN,2375.0
1995,4,MN,2376.7
1995,5,MN,2377.1
1995,6,MN,2384.2
1995,7,MN,2389.6
1995,8,MN,2395.7
1995,9,MN,2394.9
1995,10,MN,2402.3
1995,11,MN,2408.3
1995,12,MN,2415.5
1996,1,MN,2419.2
1996,2,MN,2423.6
1996,3,MN,2430.9
1996,4,MN,2432.2
1996,5,MN,2436.4
1996,6,MN,2439.8
1996,7,MN,2444.0
1996,8,MN,2446.9
1996,9,MN,2448.5
1996,10,MN,2453.4
1996,11,MN,2461.6
1996,12,MN,2464.4
1997,1,MN,2465.4
1997,2,MN,2471.1
1997,3,MN,2476.4
1997,4,MN,2479.1
1997,5,MN,2488.9
1997,6,MN,2494.6
1997,7,MN,2506.1
1997,8,MN,2507.9
1997,9,MN,2516.5
1997,10,MN,2522.9
1997,11,MN,2530.0
1997,12,MN,2537.2
1998,1,MN,2540.9
1998,2,MN,2545.4
1998,3,MN,2549.5
1998,4,MN,2555.3
1998,5,MN,2566.9
1998,6,MN,2569.1
1998,7,MN,2562.7
1998,8,MN,2570.6
1998,9,MN,2556.2
1998,10,MN,2572.5
1998,11,MN,2580.2
1998,12,MN,2589.4
1999,1,MN,2590.1
1999,2,MN,2592.9
1999,3,MN,2597.0
1999,4,MN,2611.4
1999,5,MN,2612.9
1999,6,MN,2617.8
1999,7,MN,2631.7
1999,8,MN,2633.0
1999,9,MN,2626.6
1999,10,MN,2642.7
1999,11,MN,2646.9
1999,12,MN,2652.2
2000,1,MN,2651.1
2000,2,MN,2663.3
2000,3,MN,2671.4
2000,4,MN,2681.6
2000,5,MN,2678.5
2000,6,MN,2682.3
2000,7,MN,2685.5
2000,8,MN,2692.6
2000,9,MN,2694.5
2000,10,MN,2695.3
2000,11,MN,2698.4
2000,12,MN,2701.5
2001,1,MN,2700.0
2001,2,MN,2704.6
2001,3,MN,2704.9
2001,4,MN,2697.7
2001,5,MN,2694.2
2001,6,MN,2689.5
2001,7,MN,2684.5
2001,8,MN,2678.4
2001,9,MN,2678.3
2001,10,MN,2675.4
2001,11,MN,2671.8
2001,12,MN,2666.3
2002,1,MN,2664.0
2002,2,MN,2662.2
2002,3,MN,2659.2
2002,4,MN,2657.7
2002,5,MN,2659.6
2002,6,MN,2662.1
2002,7,MN,2667.8
2002,8,MN,2663.3
2002,9,MN,2668.1
2002,10,MN,2660.9
2002,11,MN,2664.1
2002,12,MN,2660.8
2003,1,MN,2661.6
2003,2,MN,2662.5
2003,3,MN,2657.8
2003,4,MN,2662.5
2003,5,MN,2662.8
2003,6,MN,2657.3
2003,7,MN,2656.4
2003,8,MN,2659.8
2003,9,MN,2658.4
2003,10,MN,2654.1
2003,11,MN,2653.0
2003,12,MN,2655.9
2004,1,MN,2654.5
2004,2,MN,2657.4
2004,3,MN,2658.6
2004,4,MN,2676.4
2004,5,MN,2680.8
2004,6,MN,2680.7
2004,7,MN,2682.5
2004,8,MN,2683.1
2004,9,MN,2686.5
2004,10,MN,2693.7
2004,11,MN,2693.8
2004,12,MN,2699.4
2005,1,MN,2682.2
2005,2,MN,2690.5
2005,3,MN,2693.8
2005,4,MN,2713.4
2005,5,MN,2721.8
2005,6,MN,2718.2
2005,7,MN,2728.3
2005,8,MN,2732.6
2005,9,MN,2737.3
2005,10,MN,2738.2
2005,11,MN,2742.2
2005,12,MN,2746.4
2006,1,MN,2754.9
2006,2,MN,2755.7
2006,3,MN,2761.6
2006,4,MN,2756.9
2006,5,MN,2751.2
2006,6,MN,2759.2
2006,7,MN,2757.0
2006,8,MN,2755.9
2006,9,MN,2756.9
2006,10,MN,2749.6
2006,11,MN,2753.9
2006,12,MN,2760.7
2007,1,MN,2765.0
2007,2,MN,2766.6
2007,3,MN,2768.3
2007,4,MN,2767.5
2007,5,MN,2768.5
2007,6,MN,2771.9
2007,7,MN,2773.5
2007,8,MN,2770.6
2007,9,MN,2768.1
2007,10,MN,2765.6
2007,11,MN,2768.6
2007,12,MN,2769.5
2008,1,MN,2772.7
2008,2,MN,2776.9
2008,3,MN,2775.6
2008,4,MN,2767.0
2008,5,MN,2768.1
2008,6,MN,2765.6
2008,7,MN,2763.9
2008,8,MN,2761.7
2008,9,MN,2757.3
2008,10,MN,2751.8
2008,11,MN,2739.4
2008,12,MN,2725.7
2009,1,MN,2708.6
2009,2,MN,2693.5
2009,3,MN,2677.1
2009,4,MN,2661.5
2009,5,MN,2658.3
2009,6,MN,2643.7
2009,7,MN,2640.9
2009,8,MN,2633.1
2009,9,MN,2618.0
2009,10,MN,2629.3
2009,11,MN,2628.1
2009,12,MN,2629.2
2010,1,MN,2625.6
2010,2,MN,2623.3
2010,3,MN,2625.8
2010,4,MN,2635.9
2010,5,MN,2637.7
2010,6,MN,2636.8
2010,7,MN,2635.9
2010,8,MN,2638.9
2010,9,MN,2634.8
2010,10,MN,2649.9
2010,11,MN,2652.7
2010,12,MN,2651.8
2011,1,MN,2660.6
2011,2,MN,2663.8
2011,3,MN,2667.3
2011,4,MN,2674.3
2011,5,MN,2681.5
2011,6,MN,2682.2
2011,7,MN,2664.8
2011,8,MN,2691.3
2011,9,MN,2704.1
2011,10,MN,2696.7
2011,11,MN,2699.2
2011,12,MN,2704.6
2012,1,MN,2704.5
2012,2,MN,2708.1
2012,3,MN,2717.4
2012,4,MN,2723.9
2012,5,MN,2718.0
2012,6,MN,2722.6
2012,7,MN,2714.4
2012,8,MN,2726.3
2012,9,MN,2739.2
2012,10,MN,2740.4
2012,11,MN,2746.3
2012,12,MN,2749.7
2013,1,MN,2758.0
2013,2,MN,2766.2
2013,3,MN,2769.5
2013,4,MN,2753.5
2013,5,MN,2768.4
2013,6,MN,2772.0
2013,7,MN,2760.6
2013,8,MN,2775.4
2013,9,MN,2787.6
2013,10,MN,2791.5
2013,11,MN,2792.7
2013,12,MN,2795.6
2014,1,MN,2793.0
2014,2,MN,2795.7
2014,3,MN,2794.8
2014,4,MN,2797.2
2014,5,MN,2810.0
2014,6,MN,2816.0
2014,7,MN,2818.6
2014,8,MN,2822.9
2014,9,MN,2821.9
2014,10,MN,2825.8
2014,11,MN,2830.8
2014,12,MN,2835.9
2015,1,MN,2833.7
2015,2,MN,2838.7
2015,3,MN,2843.6
2015,4,MN,2851.5
2015,5,MN,2860.4
2015,6,MN,2858.6
2015,7,MN,2863.3
2015,8,MN,2864.7
2015,9,MN,2863.9
2015,10,MN,2874.6
2015,11,MN,2878.5
2015,12,MN,2879.6
2016,1,MN,2877.7
2016,2,MN,2882.7
2016,3,MN,2886.7
2016,4,MN,2900.1
2016,5,MN,2893.3
2016,6,MN,2884.3
2016,7,MN,2903.5
2016,8,MN,2910.5
2016,9,MN,2912.7
2016,10,MN,2910.1
2016,11,MN,2911.7
2016,12,MN,2910.2
2017,1,MN,2927.9
2017,2,MN,2930.2
2017,3,MN,2938.8
2017,4,MN,2933.9
2017,5,MN,2930.4
2017,6,MN,2938.7
2017,7,MN,2938.4
2017,8,MN,2938.6
2017,9,MN,2946.0
2017,10,MN,2942.9
2017,11,MN,2947.5
2017,12,MN,2949.4
2018,1,MN,2957.1
2018,2,MN,2959.3
2018,3,MN,2958.4
2018,4,MN,2949.7
2018,5,MN,2960.0
2018,6,MN,2965.3
2018,7,MN,2967.0
2018,8,MN,2967.7
2018,9,MN,2969.2
2018,10,MN,2967.7
2018,11,MN,2973.2
2018,12,MN,2973.4
2019,1,MN,2973.7
2019,2,MN,2972.3
2019,3,MN,2975.4
2019,4,MN,2981.6
2019,5,MN,2985.0
2019,6,MN,2985.8
2019,7,MN,2986.8
2019,8,MN,2990.6
2019,9,MN,2987.2
2019,10,MN,2989.4
2019,11,MN,2986.6
2019,12,MN,2988.5
2020,1,MN,2993.9
2020,2,MN,2995.0
2020,3,MN,2978.7
2020,4,MN,2578.6
2020,5,MN,2600.1
2020,6,MN,2673.1
2020,7,MN,2715.8
2020,8,MN,2751.7
2020,9,MN,2772.3
2020,10,MN,2805.5
2020,11,MN,2802.9
2020,12,MN,2758.0
2021,1,MN,2800.7
2021,2,MN,2814.0
2021,3,MN,2834.6
2021,4,MN,2841.3
2021,5,MN,2843.6
2021,6,MN,2847.1
2021,7,MN,2868.3
2021,8,MN,2867.9
2021,9,MN,2850.8
2021,10,MN,2887.6
2021,11,MN,2896.0
2021,12,MN,2905.5
2022,1,MN,2895.4
2022,2,MN,2911.8
2022,3,MN,2911.2
2022,4,MN,2924.4
2022,5,MN,2927.4
2022,6,MN,2922.7
2022,7,MN,2941.3
2022,8,MN,2943.0
2022,9,MN,2946.4
2022,10,MN,2949.9
2022,11,MN,2955.1
2022,12,MN,2956.6
2023,1,MN,2967.6
2023,2,MN,2973.1
2023,3,MN,2976.5
2023,4,MN,2974.3
2023,5,MN,2983.5
2023,6,MN,2998.0
2023,7,MN,2986.3
2023,8,MN,2986.2
2023,9,MN,2993.0
2023,10,MN,2993.3
2023,11,MN,2993.0
2023,12,MN,2992.8
2024,1,MN,2995.7
2024,2,MN,2997.9
2024,3,MN,3013.1
2024,4,MN,3009.2
2024,5,MN,3012.0
2024,6,MN,3011.2
2024,7,MN,3008.3
2024,8,MN,3010.6
2024,9,MN,3017.9
2024,10,MN,3025.5
2024,11,MN,3029.7
2024,12,MN,3034.4
2025,1,MN,3038.2
2025,2,MN,3039.0
2025,3,MN,3051.3
2025,4,MN,3049.4
2025,5,MN,3055.7
2025,6,MN,3047.7
2025,7,MN,3047.2
2025,8,MN,3053.9
2025,9,MN,3060.4
2025,10,MN,3065.2
2025,11,MN,3068.5
2025,12,MN,3068.5
1990,1,MS,929.2
1990,2,MS,931.2
1990,3,MS,934.8
1990,4,MS,936.9
1990,5,MS,941.1
1990,6,MS,937.7
1990,7,MS,943.1
1990,8,MS,932.0
1990,9,MS,942.1
1990,10,MS,942.2
1990,11,MS,942.7
1990,12,MS,941.5
1991,1,MS,935.7
1991,2,MS,932.3
1991,3,MS,932.0
1991,4,MS,933.9
1991,5,MS,933.3
1991,6,MS,935.5
1991,7,MS,938.9
1991,8,MS,935.9
1991,9,MS,945.1
1991,10,MS,946.9
1991,11,MS,948.1
1991,12,MS,948.8
1992,1,MS,948.9
1992,2,MS,950.8
1992,3,MS,952.0
1992,4,MS,955.6
1992,5,MS,958.8
1992,6,MS,958.4
1992,7,MS,963.1
1992,8,MS,965.5
1992,9,MS,964.5
1992,10,MS,968.6
1992,11,MS,973.0
1992,12,MS,976.5
1993,1,MS,979.1
1993,2,MS,984.7
1993,3,MS,986.9
1993,4,MS,993.7
1993,5,MS,998.6
1993,6,MS,999.0
1993,7,MS,1000.4
1993,8,MS,1005.7
1993,9,MS,1010.0
1993,10,MS,1022.1
1993,11,MS,1027.0
1993,12,MS,1033.1
1994,1,MS,1036.1
1994,2,MS,1039.6
1994,3,MS,1045.2
1994,4,MS,1047.8
1994,5,MS,1053.5
1994,6,MS,1060.1
1994,7,MS,1066.0
1994,8,MS,1066.1
1994,9,MS,1067.0
1994,10,MS,1062.7
1994,11,MS,1067.5
1994,12,MS,1070.4
1995,1,MS,1072.9
1995,2,MS,1076.6
1995,3,MS,1073.5
1995,4,MS,1074.4
1995,5,MS,1075.9
1995,6,MS,1075.8
1995,7,MS,1069.7
1995,8,MS,1079.0
1995,9,MS,1080.0
1995,10,MS,1078.6
1995,11,MS,1078.3
1995,12,MS,1079.4
1996,1,MS,1080.7
1996,2,MS,1082.1
1996,3,MS,1085.2
1996,4,MS,1089.4
1996,5,MS,1091.5
1996,6,MS,1093.9
1996,7,MS,1089.7
1996,8,MS,1092.1
1996,9,MS,1094.1
1996,10,MS,1092.1
1996,11,MS,1095.5
1996,12,MS,1096.9
1997,1,MS,1095.9
1997,2,MS,1099.4
1997,3,MS,1102.4
1997,4,MS,1103.9
1997,5,MS,1107.3
1997,6,MS,1102.3
1997,7,MS,1105.8
1997,8,MS,1108.8
1997,9,MS,1110.7
1997,10,MS,1117.5
1997,11,MS,1120.8
1997,12,MS,1125.6
1998,1,MS,1126.0
1998,2,MS,1129.5
1998,3,MS,1126.7
1998,4,MS,1131.4
1998,5,MS,1133.6
1998,6,MS,1132.1
1998,7,MS,1135.4
1998,8,MS,1137.0
1998,9,MS,1137.4
1998,10,MS,1142.3
1998,11,MS,1143.8
1998,12,MS,1146.2
1999,1,MS,1144.2
1999,2,MS,1146.1
1999,3,MS,1150.8
1999,4,MS,1154.5
1999,5,MS,1154.8
1999,6,MS,1157.0
1999,7,MS,1157.8
1999,8,MS,1158.4
1999,9,MS,1159.8
1999,10,MS,1157.8
1999,11,MS,1157.5
1999,12,MS,1159.3
2000,1,MS,1159.4
2000,2,MS,1158.1
2000,3,MS,1160.6
2000,4,MS,1158.7
2000,5,MS,1162.1
2000,6,MS,1159.9
2000,7,MS,1157.0
2000,8,MS,1154.5
2000,9,MS,1149.9
2000,10,MS,1150.3
2000,11,MS,1148.6
2000,12,MS,1146.3
2001,1,MS,1142.8
2001,2,MS,1140.1
2001,3,MS,1136.3
2001,4,MS,1135.8
2001,5,MS,1133.5
2001,6,MS,1132.1
2001,7,MS,1131.5
2001,8,MS,1128.6
2001,9,MS,1126.0
2001,10,MS,1125.3
2001,11,MS,1124.9
2001,12,MS,1122.4
2002,1,MS,1124.2
2002,2,MS,1124.0
2002,3,MS,1124.4
2002,4,MS,1126.3
2002,5,MS,1127.2
2002,6,MS,1131.0
2002,7,MS,1130.9
2002,8,MS,1126.6
2002,9,MS,1126.0
2002,10,MS,1122.2
2002,11,MS,1119.9
2002,12,MS,1119.6
2003,1,MS,1120.9
2003,2,MS,1118.2
2003,3,MS,1115.3
2003,4,MS,1113.9
2003,5,MS,1112.3
2003,6,MS,1109.7
2003,7,MS,1116.2
2003,8,MS,1111.2
2003,9,MS,1115.4
2003,10,MS,1119.7
2003,11,MS,1121.9
2003,12,MS,1119.7
2004,1,MS,1122.2
2004,2,MS,1121.9
2004,3,MS,1122.8
2004,4,MS,1125.5
2004,5,MS,1125.3
2004,6,MS,1125.4
2004,7,MS,1126.3
2004,8,MS,1126.3
2004,9,MS,1128.6
2004,10,MS,1129.7
2004,11,MS,1129.5
2004,12,MS,1130.4
2005,1,MS,1131.6
2005,2,MS,1134.2
2005,3,MS,1135.1
2005,4,MS,1135.2
2005,5,MS,1134.8
2005,6,MS,1134.2
2005,7,MS,1137.0
2005,8,MS,1137.3
2005,9,MS,1116.4
2005,10,MS,1124.0
2005,11,MS,1132.9
2005,12,MS,1128.3
2006,1,MS,1129.8
2006,2,MS,1133.6
2006,3,MS,1138.0
2006,4,MS,1139.1
2006,5,MS,1141.2
2006,6,MS,1144.5
2006,7,MS,1139.3
2006,8,MS,1146.9
2006,9,MS,1148.8
2006,10,MS,1149.4
2006,11,MS,1150.9
2006,12,MS,1152.0
2007,1,MS,1152.1
2007,2,MS,1152.3
2007,3,MS,1149.3
2007,4,MS,1151.7
2007,5,MS,1152.2
2007,6,MS,1153.1
2007,7,MS,1151.0
2007,8,MS,1155.8
2007,9,MS,1156.9
2007,10,MS,1157.9
2007,11,MS,1158.3
2007,12,MS,1160.1
2008,1,MS,1161.7
2008,2,MS,1161.7
2008,3,MS,1158.7
2008,4,MS,1159.3
2008,5,MS,1156.8
2008,6,MS,1152.7
2008,7,MS,1144.1
2008,8,MS,1145.7
2008,9,MS,1142.3
2008,10,MS,1139.2
2008,11,MS,1134.9
2008,12,MS,1128.2
2009,1,MS,1120.2
2009,2,MS,1114.7
2009,3,MS,1105.9
2009,4,MS,1100.5
2009,5,MS,1099.1
2009,6,MS,1096.6
2009,7,MS,1094.8
2009,8,MS,1092.0
2009,9,MS,1089.8
2009,10,MS,1085.2
2009,11,MS,1086.1
2009,12,MS,1085.0
2010,1,MS,1084.5
2010,2,MS,1084.3
2010,3,MS,1086.8
2010,4,MS,1091.9
2010,5,MS,1097.4
2010,6,MS,1098.9
2010,7,MS,1097.3
2010,8,MS,1093.3
2010,9,MS,1093.1
2010,10,MS,1096.1
2010,11,MS,1092.0
2010,12,MS,1094.3
2011,1,MS,1091.3
2011,2,MS,1090.5
2011,3,MS,1093.1
2011,4,MS,1093.1
2011,5,MS,1092.9
2011,6,MS,1093.5
2011,7,MS,1095.3
2011,8,MS,1092.5
2011,9,MS,1094.2
2011,10,MS,1094.7
2011,11,MS,1094.2
2011,12,MS,1094.2
2012,1,MS,1098.5
2012,2,MS,1100.2
2012,3,MS,1102.6
2012,4,MS,1101.5
2012,5,MS,1101.1
2012,6,MS,1101.3
2012,7,MS,1102.4
2012,8,MS,1104.1
2012,9,MS,1103.3
2012,10,MS,1103.3
2012,11,MS,1104.2
2012,12,MS,1105.0
2013,1,MS,1105.1
2013,2,MS,1109.0
2013,3,MS,1109.9
2013,4,MS,1108.7
2013,5,MS,1108.5
2013,6,MS,1110.9
2013,7,MS,1109.6
2013,8,MS,1111.0
2013,9,MS,1114.6
2013,10,MS,1114.1
2013,11,MS,1116.1
2013,12,MS,1116.2
2014,1,MS,1118.9
2014,2,MS,1114.5
2014,3,MS,1116.5
2014,4,MS,1118.1
2014,5,MS,1118.7
2014,6,MS,1119.8
2014,7,MS,1120.4
2014,8,MS,1120.7
2014,9,MS,1121.9
2014,10,MS,1123.4
2014,11,MS,1126.2
2014,12,MS,1127.1
2015,1,MS,1125.3
2015,2,MS,1126.7
2015,3,MS,1124.6
2015,4,MS,1128.9
2015,5,MS,1133.3
2015,6,MS,1132.6
2015,7,MS,1133.7
2015,8,MS,1135.5
2015,9,MS,1136.5
2015,10,MS,1140.5
2015,11,MS,1141.2
2015,12,MS,1142.8
2016,1,MS,1145.0
2016,2,MS,1146.9
2016,3,MS,1146.8
2016,4,MS,1146.0
2016,5,MS,1145.0
2016,6,MS,1141.8
2016,7,MS,1148.1
2016,8,MS,1146.6
2016,9,MS,1148.1
2016,10,MS,1147.7
2016,11,MS,1148.0
2016,12,MS,1148.9
2017,1,MS,1148.9
2017,2,MS,1150.7
2017,3,MS,1151.5
2017,4,MS,1151.0
2017,5,MS,1150.0
2017,6,MS,1151.4
2017,7,MS,1152.1
2017,8,MS,1152.1
2017,9,MS,1152.2
2017,10,MS,1152.3
2017,11,MS,1153.1
2017,12,MS,1152.2
2018,1,MS,1150.4
2018,2,MS,1149.8
2018,3,MS,1153.2
2018,4,MS,1154.2
2018,5,MS,1154.8
2018,6,MS,1155.1
2018,7,MS,1152.6
2018,8,MS,1154.6
2018,9,MS,1155.3
2018,10,MS,1155.4
2018,11,MS,1156.4
2018,12,MS,1154.1
2019,1,MS,1158.9
2019,2,MS,1157.9
2019,3,MS,1158.2
2019,4,MS,1157.6
2019,5,MS,1159.5
2019,6,MS,1159.2
2019,7,MS,1158.8
2019,8,MS,1159.5
2019,9,MS,1158.7
2019,10,MS,1155.8
2019,11,MS,1156.6
2019,12,MS,1154.4
2020,1,MS,1160.5
2020,2,MS,1161.0
2020,3,MS,1154.6
2020,4,MS,1012.3
2020,5,MS,1047.2
2020,6,MS,1083.6
2020,7,MS,1094.2
2020,8,MS,1108.0
2020,9,MS,1112.6
2020,10,MS,1121.8
2020,11,MS,1126.6
2020,12,MS,1128.2
2021,1,MS,1126.2
2021,2,MS,1122.0
2021,3,MS,1128.1
2021,4,MS,1126.4
2021,5,MS,1130.8
2021,6,MS,1132.0
2021,7,MS,1143.0
2021,8,MS,1141.0
2021,9,MS,1142.7
2021,10,MS,1151.9
2021,11,MS,1153.8
2021,12,MS,1156.3
2022,1,MS,1155.8
2022,2,MS,1162.4
2022,3,MS,1160.8
2022,4,MS,1161.7
2022,5,MS,1163.5
2022,6,MS,1163.7
2022,7,MS,1169.3
2022,8,MS,1168.2
2022,9,MS,1170.2
2022,10,MS,1170.8
2022,11,MS,1172.4
2022,12,MS,1172.1
2023,1,MS,1180.5
2023,2,MS,1179.9
2023,3,MS,1180.1
2023,4,MS,1180.4
2023,5,MS,1181.9
2023,6,MS,1184.2
2023,7,MS,1180.2
2023,8,MS,1181.4
2023,9,MS,1183.0
2023,10,MS,1181.9
2023,11,MS,1180.9
2023,12,MS,1180.0
2024,1,MS,1182.4
2024,2,MS,1184.4
2024,3,MS,1188.3
2024,4,MS,1187.1
2024,5,MS,1186.5
2024,6,MS,1185.7
2024,7,MS,1188.6
2024,8,MS,1189.3
2024,9,MS,1190.8
2024,10,MS,1198.0
2024,11,MS,1196.5
2024,12,MS,1194.8
2025,1,MS,1199.3
2025,2,MS,1199.3
2025,3,MS,1197.7
2025,4,MS,1200.3
2025,5,MS,1200.5
2025,6,MS,1200.8
2025,7,MS,1202.8
2025,8,MS,1206.6
2025,9,MS,1204.8
2025,10,MS,1203.1
2025,11,MS,1206.1
2025,12,MS,1203.8
1990,1,MO,2342.1
1990,2,MO,2342.1
1990,3,MO,2343.3
1990,4,MO,2338.6
1990,5,MO,2344.7
1990,6,MO,2349.0
1990,7,MO,2348.5
1990,8,MO,2353.3
1990,9,MO,2350.0
1990,10,MO,2341.7
1990,11,MO,2339.8
1990,12,MO,2339.6
1991,1,MO,2308.4
1991,2,MO,2302.3
1991,3,MO,2305.5
1991,4,MO,2295.8
1991,5,MO,2295.9
1991,6,MO,2301.4
1991,7,MO,2313.1
1991,8,MO,2318.6
1991,9,MO,2317.9
1991,10,MO,2316.1
1991,11,MO,2313.5
1991,12,MO,2318.0
1992,1,MO,2315.1
1992,2,MO,2319.3
1992,3,MO,2319.6
1992,4,MO,2325.7
1992,5,MO,2330.0
1992,6,MO,2330.5
1992,7,MO,2338.0
1992,8,MO,2341.6
1992,9,MO,2343.3
1992,10,MO,2347.1
1992,11,MO,2348.4
1992,12,MO,2347.8
1993,1,MO,2350.1
1993,2,MO,2365.7
1993,3,MO,2363.2
1993,4,MO,2380.7
1993,5,MO,2390.2
1993,6,MO,2393.5
1993,7,MO,2395.9
1993,8,MO,2399.4
1993,9,MO,2409.5
1993,10,MO,2423.2
1993,11,MO,2432.3
1993,12,MO,2436.9
1994,1,MO,2435.3
1994,2,MO,2436.1
1994,3,MO,2441.5
1994,4,MO,2448.2
1994,5,MO,2456.4
1994,6,MO,2467.7
1994,7,MO,2477.2
1994,8,MO,2486.8
1994,9,MO,2490.2
1994,10,MO,2499.3
1994,11,MO,2507.1
1994,12,MO,2514.0
1995,1,MO,2498.4
1995,2,MO,2507.6
1995,3,MO,2517.7
1995,4,MO,2516.0
1995,5,MO,2511.9
1995,6,MO,2517.0
1995,7,MO,2516.7
1995,8,MO,2529.8
1995,9,MO,2539.4
1995,10,MO,2535.8
1995,11,MO,2540.7
1995,12,MO,2548.7
1996,1,MO,2544.9
1996,2,MO,2548.1
1996,3,MO,2557.3
1996,4,MO,2564.6
1996,5,MO,2565.7
1996,6,MO,2560.3
1996,7,MO,2563.0
1996,8,MO,2572.6
1996,9,MO,2576.0
1996,10,MO,2591.4
1996,11,MO,2601.9
1996,12,MO,2602.3
1997,1,MO,2610.1
1997,2,MO,2620.8
1997,3,MO,2630.1
1997,4,MO,2631.1
1997,5,MO,2636.3
1997,6,MO,2641.9
1997,7,MO,2644.2
1997,8,MO,2655.0
1997,9,MO,2657.0
1997,10,MO,2659.8
1997,11,MO,2668.0
1997,12,MO,2668.2
1998,1,MO,2659.0
1998,2,MO,2676.6
1998,3,MO,2667.2
1998,4,MO,2671.4
1998,5,MO,2688.9
1998,6,MO,2695.0
1998,7,MO,2687.8
1998,8,MO,2694.9
1998,9,MO,2700.1
1998,10,MO,2696.2
1998,11,MO,2698.8
1998,12,MO,2713.5
1999,1,MO,2701.2
1999,2,MO,2714.8
1999,3,MO,2714.2
1999,4,MO,2719.6
1999,5,MO,2722.8
1999,6,MO,2725.6
1999,7,MO,2732.8
1999,8,MO,2730.5
1999,9,MO,2745.5
1999,10,MO,2750.1
1999,11,MO,2753.4
1999,12,MO,2759.9
2000,1,MO,2753.2
2000,2,MO,2751.2
2000,3,MO,2757.8
2000,4,MO,2753.7
2000,5,MO,2753.7
2000,6,MO,2760.9
2000,7,MO,2746.8
2000,8,MO,2752.2
2000,9,MO,2750.4
2000,10,MO,2759.2
2000,11,MO,2758.9
2000,12,MO,2748.8
2001,1,MO,2748.1
2001,2,MO,2748.8
2001,3,MO,2750.8
2001,4,MO,2747.9
2001,5,MO,2746.6
2001,6,MO,2749.6
2001,7,MO,2727.2
2001,8,MO,2735.4
2001,9,MO,2727.5
2001,10,MO,2718.0
2001,11,MO,2716.6
2001,12,MO,2715.0
2002,1,MO,2720.1
2002,2,MO,2717.1
2002,3,MO,2714.8
2002,4,MO,2702.3
2002,5,MO,2702.8
2002,6,MO,2706.3
2002,7,MO,2682.3
2002,8,MO,2697.4
2002,9,MO,2709.4
2002,10,MO,2703.9
2002,11,MO,2706.2
2002,12,MO,2706.6
2003,1,MO,2702.5
2003,2,MO,2697.1
2003,3,MO,2689.0
2003,4,MO,2687.4
2003,5,MO,2687.0
2003,6,MO,2688.9
2003,7,MO,2675.9
2003,8,MO,2681.9
2003,9,MO,2685.4
2003,10,MO,2691.3
2003,11,MO,2686.7
2003,12,MO,2686.7
2004,1,MO,2692.2
2004,2,MO,2683.0
2004,3,MO,2691.8
2004,4,MO,2696.3
2004,5,MO,2696.9
2004,6,MO,2704.0
2004,7,MO,2694.5
2004,8,MO,2707.4
2004,9,MO,2709.4
2004,10,MO,2719.3
2004,11,MO,2718.5
2004,12,MO,2720.1
2005,1,MO,2717.7
2005,2,MO,2725.8
2005,3,MO,2728.4
2005,4,MO,2743.3
2005,5,MO,2742.1
2005,6,MO,2741.3
2005,7,MO,2749.2
2005,8,MO,2759.0
2005,9,MO,2753.5
2005,10,MO,2753.1
2005,11,MO,2757.9
2005,12,MO,2761.2
2006,1,MO,2769.7
2006,2,MO,2774.9
2006,3,MO,2781.2
2006,4,MO,2784.8
2006,5,MO,2781.2
2006,6,MO,2783.2
2006,7,MO,2782.5
2006,8,MO,2785.2
2006,9,MO,2787.3
2006,10,MO,2788.9
2006,11,MO,2794.7
2006,12,MO,2803.6
2007,1,MO,2798.8
2007,2,MO,2799.1
2007,3,MO,2812.7
2007,4,MO,2805.7
2007,5,MO,2808.3
2007,6,MO,2806.2
2007,7,MO,2804.3
2007,8,MO,2809.2
2007,9,MO,2811.0
2007,10,MO,2807.6
2007,11,MO,2812.2
2007,12,MO,2812.3
2008,1,MO,2818.1
2008,2,MO,2818.7
2008,3,MO,2811.6
2008,4,MO,2814.1
2008,5,MO,2814.5
2008,6,MO,2813.9
2008,7,MO,2800.0
2008,8,MO,2802.9
2008,9,MO,2800.8
2008,10,MO,2792.7
2008,11,MO,2780.2
2008,12,MO,2767.7
2009,1,MO,2750.3
2009,2,MO,2739.2
2009,3,MO,2723.5
2009,4,MO,2708.8
2009,5,MO,2703.3
2009,6,MO,2697.6
2009,7,MO,2689.6
2009,8,MO,2689.2
2009,9,MO,2682.7
2009,10,MO,2674.4
2009,11,MO,2672.8
2009,12,MO,2670.7
2010,1,MO,2663.0
2010,2,MO,2664.6
2010,3,MO,2665.8
2010,4,MO,2667.4
2010,5,MO,2670.4
2010,6,MO,2665.3
2010,7,MO,2664.3
2010,8,MO,2681.7
2010,9,MO,2670.1
2010,10,MO,2673.4
2010,11,MO,2672.1
2010,12,MO,2670.1
2011,1,MO,2670.9
2011,2,MO,2669.1
2011,3,MO,2675.5
2011,4,MO,2681.5
2011,5,MO,2680.0
2011,6,MO,2676.0
2011,7,MO,2681.6
2011,8,MO,2680.0
2011,9,MO,2684.9
2011,10,MO,2679.6
2011,11,MO,2682.6
2011,12,MO,2686.0
2012,1,MO,2691.7
2012,2,MO,2692.5
2012,3,MO,2697.0
2012,4,MO,2689.6
2012,5,MO,2691.8
2012,6,MO,2692.6
2012,7,MO,2695.6
2012,8,MO,2697.1
2012,9,MO,2700.9
2012,10,MO,2703.4
2012,11,MO,2709.0
2012,12,MO,2711.6
2013,1,MO,2712.8
2013,2,MO,2718.6
2013,3,MO,2716.8
2013,4,MO,2717.1
2013,5,MO,2720.1
2013,6,MO,2723.4
2013,7,MO,2721.5
2013,8,MO,2724.6
2013,9,MO,2730.3
2013,10,MO,2732.9
2013,11,MO,2734.6
2013,12,MO,2733.9
2014,1,MO,2729.1
2014,2,MO,2736.7
2014,3,MO,2736.7
2014,4,MO,2749.9
2014,5,MO,2752.7
2014,6,MO,2752.4
2014,7,MO,2753.1
2014,8,MO,2758.7
2014,9,MO,2758.3
2014,10,MO,2767.5
2014,11,MO,2770.4
2014,12,MO,2774.8
2015,1,MO,2785.2
2015,2,MO,2791.7
2015,3,MO,2788.7
2015,4,MO,2800.1
2015,5,MO,2811.4
2015,6,MO,2812.0
2015,7,MO,2818.7
2015,8,MO,2817.7
2015,9,MO,2820.0
2015,10,MO,2825.8
2015,11,MO,2831.2
2015,12,MO,2835.1
2016,1,MO,2837.8
2016,2,MO,2838.7
2016,3,MO,2843.4
2016,4,MO,2850.6
2016,5,MO,2848.4
2016,6,MO,2851.0
2016,7,MO,2856.3
2016,8,MO,2859.1
2016,9,MO,2860.7
2016,10,MO,2863.3
2016,11,MO,2863.9
2016,12,MO,2866.2
2017,1,MO,2869.2
2017,2,MO,2879.4
2017,3,MO,2878.5
2017,4,MO,2875.3
2017,5,MO,2875.1
2017,6,MO,2884.4
2017,7,MO,2879.3
2017,8,MO,2881.0
2017,9,MO,2884.7
2017,10,MO,2877.1
2017,11,MO,2882.8
2017,12,MO,2886.5
2018,1,MO,2881.7
2018,2,MO,2886.5
2018,3,MO,2890.9
2018,4,MO,2885.1
2018,5,MO,2887.8
2018,6,MO,2896.1
2018,7,MO,2895.3
2018,8,MO,2897.2
2018,9,MO,2900.0
2018,10,MO,2898.5
2018,11,MO,2898.1
2018,12,MO,2898.1
2019,1,MO,2906.2
2019,2,MO,2904.2
2019,3,MO,2906.8
2019,4,MO,2912.9
2019,5,MO,2910.7
2019,6,MO,2911.1
2019,7,MO,2912.5
2019,8,MO,2913.2
2019,9,MO,2922.0
2019,10,MO,2923.8
2019,11,MO,2927.2
2019,12,MO,2930.4
2020,1,MO,2925.9
2020,2,MO,2927.0
2020,3,MO,2911.2
2020,4,MO,2569.7
2020,5,MO,2622.0
2020,6,MO,2688.0
2020,7,MO,2740.5
2020,8,MO,2761.1
2020,9,MO,2774.2
2020,10,MO,2790.3
2020,11,MO,2797.5
2020,12,MO,2800.6
2021,1,MO,2810.7
2021,2,MO,2798.2
2021,3,MO,2821.6
2021,4,MO,2820.7
2021,5,MO,2823.9
2021,6,MO,2834.4
2021,7,MO,2858.3
2021,8,MO,2857.1
2021,9,MO,2851.0
2021,10,MO,2873.9
2021,11,MO,2882.0
2021,12,MO,2890.2
2022,1,MO,2888.3
2022,2,MO,2902.7
2022,3,MO,2904.8
2022,4,MO,2907.2
2022,5,MO,2913.1
2022,6,MO,2917.2
2022,7,MO,2929.0
2022,8,MO,2932.9
2022,9,MO,2935.9
2022,10,MO,2935.9
2022,11,MO,2938.8
2022,12,MO,2940.7
2023,1,MO,2957.9
2023,2,MO,2960.2
2023,3,MO,2963.1
2023,4,MO,2963.4
2023,5,MO,2962.8
2023,6,MO,2970.2
2023,7,MO,2971.6
2023,8,MO,2962.7
2023,9,MO,2974.5
2023,10,MO,2972.3
2023,11,MO,2975.5
2023,12,MO,2978.6
2024,1,MO,2972.1
2024,2,MO,2983.6
2024,3,MO,2986.1
2024,4,MO,2990.4
2024,5,MO,2991.4
2024,6,MO,2989.2
2024,7,MO,2980.1
2024,8,MO,2987.9
2024,9,MO,2992.3
2024,10,MO,2999.4
2024,11,MO,2994.6
2024,12,MO,3000.0
2025,1,MO,2981.4
2025,2,MO,2992.4
2025,3,MO,3001.2
2025,4,MO,2998.6
2025,5,MO,3006.9
2025,6,MO,3012.3
2025,7,MO,3027.7
2025,8,MO,3022.9
2025,9,MO,3042.2
2025,10,MO,3048.8
2025,11,MO,3052.0
2025,12,MO,3052.8
1990,1,MT,293.4
1990,2,MT,293.6
1990,3,MT,295.0
1990,4,MT,297.2
1990,5,MT,297.2
1990,6,MT,299.0
1990,7,MT,297.7
1990,8,MT,297.1
1990,9,MT,296.4
1990,10,MT,300.2
1990,11,MT,300.0
1990,12,MT,299.7
1991,1,MT,299.3
1991,2,MT,299.7
1991,3,MT,298.7
1991,4,MT,299.6
1991,5,MT,300.5
1991,6,MT,304.2
1991,7,MT,304.1
1991,8,MT,305.4
1991,9,MT,306.5
1991,10,MT,307.4
1991,11,MT,308.5
1991,12,MT,310.4
1992,1,MT,312.7
1992,2,MT,312.5
1992,3,MT,313.8
1992,4,MT,314.7
1992,5,MT,316.6
1992,6,MT,319.3
1992,7,MT,316.9
1992,8,MT,316.8
1992,9,MT,316.8
1992,10,MT,317.4
1992,11,MT,320.6
1992,12,MT,320.1
1993,1,MT,319.7
1993,2,MT,321.1
1993,3,MT,321.3
1993,4,MT,324.1
1993,5,MT,324.7
1993,6,MT,328.1
1993,7,MT,325.3
1993,8,MT,327.8
1993,9,MT,326.9
1993,10,MT,328.8
1993,11,MT,328.8
1993,12,MT,330.9
1994,1,MT,331.8
1994,2,MT,332.9
1994,3,MT,333.7
1994,4,MT,336.2
1994,5,MT,338.7
1994,6,MT,339.4
1994,7,MT,341.4
1994,8,MT,344.7
1994,9,MT,346.2
1994,10,MT,344.8
1994,11,MT,346.3
1994,12,MT,346.6
1995,1,MT,347.5
1995,2,MT,349.0
1995,3,MT,349.7
1995,4,MT,348.3
1995,5,MT,348.6
1995,6,MT,350.5
1995,7,MT,353.3
1995,8,MT,353.5
1995,9,MT,354.7
1995,10,MT,354.7
1995,11,MT,354.9
1995,12,MT,355.4
1996,1,MT,356.6
1996,2,MT,358.3
1996,3,MT,359.0
1996,4,MT,360.8
1996,5,MT,361.1
1996,6,MT,362.1
1996,7,MT,362.3
1996,8,MT,363.2
1996,9,MT,363.4
1996,10,MT,365.0
1996,11,MT,366.0
1996,12,MT,364.5
1997,1,MT,364.4
1997,2,MT,364.9
1997,3,MT,364.3
1997,4,MT,365.1
1997,5,MT,366.6
1997,6,MT,365.6
1997,7,MT,366.7
1997,8,MT,366.9
1997,9,MT,368.1
1997,10,MT,370.2
1997,11,MT,370.6
1997,12,MT,372.2
1998,1,MT,372.3
1998,2,MT,372.9
1998,3,MT,372.5
1998,4,MT,372.6
1998,5,MT,374.2
1998,6,MT,374.4
1998,7,MT,376.0
1998,8,MT,377.4
1998,9,MT,377.5
1998,10,MT,379.1
1998,11,MT,379.6
1998,12,MT,380.6
1999,1,MT,379.5
1999,2,MT,380.6
1999,3,MT,381.8
1999,4,MT,382.5
1999,5,MT,382.1
1999,6,MT,383.3
1999,7,MT,384.0
1999,8,MT,384.5
1999,9,MT,384.7
1999,10,MT,385.7
1999,11,MT,386.3
1999,12,MT,387.4
2000,1,MT,388.5
2000,2,MT,389.2
2000,3,MT,392.8
2000,4,MT,391.1
2000,5,MT,392.8
2000,6,MT,390.9
2000,7,MT,391.6
2000,8,MT,392.6
2000,9,MT,392.5
2000,10,MT,390.8
2000,11,MT,392.2
2000,12,MT,390.8
2001,1,MT,391.7
2001,2,MT,392.0
2001,3,MT,392.3
2001,4,MT,391.4
2001,5,MT,392.6
2001,6,MT,392.2
2001,7,MT,391.1
2001,8,MT,390.6
2001,9,MT,389.8
2001,10,MT,391.0
2001,11,MT,391.3
2001,12,MT,390.9
2002,1,MT,393.8
2002,2,MT,394.2
2002,3,MT,392.7
2002,4,MT,394.1
2002,5,MT,394.8
2002,6,MT,397.5
2002,7,MT,395.3
2002,8,MT,395.0
2002,9,MT,396.8
2002,10,MT,397.2
2002,11,MT,398.3
2002,12,MT,399.5
2003,1,MT,399.2
2003,2,MT,399.5
2003,3,MT,397.5
2003,4,MT,400.2
2003,5,MT,399.8
2003,6,MT,399.4
2003,7,MT,399.1
2003,8,MT,400.6
2003,9,MT,401.0
2003,10,MT,402.4
2003,11,MT,401.9
2003,12,MT,403.5
2004,1,MT,403.6
2004,2,MT,405.0
2004,3,MT,406.6
2004,4,MT,410.2
2004,5,MT,410.2
2004,6,MT,413.3
2004,7,MT,412.4
2004,8,MT,411.2
2004,9,MT,412.7
2004,10,MT,413.5
2004,11,MT,414.3
2004,12,MT,415.6
2005,1,MT,413.5
2005,2,MT,416.7
2005,3,MT,417.7
2005,4,MT,416.0
2005,5,MT,417.2
2005,6,MT,418.9
2005,7,MT,422.0
2005,8,MT,420.9
2005,9,MT,423.1
2005,10,MT,424.6
2005,11,MT,425.8
2005,12,MT,425.7
2006,1,MT,427.7
2006,2,MT,430.3
2006,3,MT,431.2
2006,4,MT,433.2
2006,5,MT,433.7
2006,6,MT,437.2
2006,7,MT,439.9
2006,8,MT,434.9
2006,9,MT,434.1
2006,10,MT,434.9
2006,11,MT,435.8
2006,12,MT,437.8
2007,1,MT,440.4
2007,2,MT,441.2
2007,3,MT,443.9
2007,4,MT,443.6
2007,5,MT,443.6
2007,6,MT,443.4
2007,7,MT,445.4
2007,8,MT,444.7
2007,9,MT,443.3
2007,10,MT,445.8
2007,11,MT,445.6
2007,12,MT,446.5
2008,1,MT,447.1
2008,2,MT,447.6
2008,3,MT,448.0
2008,4,MT,446.0
2008,5,MT,446.1
2008,6,MT,444.7
2008,7,MT,445.4
2008,8,MT,444.5
2008,9,MT,443.7
2008,10,MT,442.3
2008,11,MT,441.5
2008,12,MT,439.2
2009,1,MT,433.9
2009,2,MT,432.6
2009,3,MT,428.9
2009,4,MT,429.2
2009,5,MT,429.1
2009,6,MT,429.2
2009,7,MT,427.9
2009,8,MT,427.5
2009,9,MT,427.0
2009,10,MT,427.3
2009,11,MT,427.5
2009,12,MT,427.0
2010,1,MT,427.6
2010,2,MT,426.3
2010,3,MT,427.9
2010,4,MT,427.5
2010,5,MT,429.7
2010,6,MT,428.0
2010,7,MT,428.4
2010,8,MT,428.8
2010,9,MT,428.1
2010,10,MT,428.3
2010,11,MT,427.6
2010,12,MT,427.7
2011,1,MT,427.9
2011,2,MT,427.9
2011,3,MT,429.4
2011,4,MT,429.7
2011,5,MT,430.3
2011,6,MT,430.3
2011,7,MT,429.5
2011,8,MT,431.9
2011,9,MT,433.4
2011,10,MT,433.6
2011,11,MT,434.7
2011,12,MT,435.7
2012,1,MT,437.0
2012,2,MT,436.5
2012,3,MT,437.0
2012,4,MT,438.7
2012,5,MT,440.0
2012,6,MT,440.1
2012,7,MT,440.6
2012,8,MT,441.3
2012,9,MT,443.2
2012,10,MT,442.8
2012,11,MT,442.9
2012,12,MT,444.1
2013,1,MT,445.4
2013,2,MT,446.7
2013,3,MT,447.5
2013,4,MT,448.4
2013,5,MT,448.5
2013,6,MT,448.1
2013,7,MT,447.1
2013,8,MT,449.3
2013,9,MT,450.4
2013,10,MT,450.8
2013,11,MT,451.2
2013,12,MT,451.2
2014,1,MT,451.6
2014,2,MT,452.3
2014,3,MT,451.1
2014,4,MT,452.5
2014,5,MT,452.5
2014,6,MT,453.2
2014,7,MT,454.5
2014,8,MT,455.0
2014,9,MT,455.6
2014,10,MT,453.6
2014,11,MT,453.5
2014,12,MT,455.1
2015,1,MT,458.9
2015,2,MT,460.3
2015,3,MT,460.9
2015,4,MT,460.8
2015,5,MT,460.9
2015,6,MT,460.5
2015,7,MT,461.2
2015,8,MT,461.8
2015,9,MT,463.5
2015,10,MT,464.8
2015,11,MT,465.6
2015,12,MT,466.2
2016,1,MT,466.0
2016,2,MT,466.7
2016,3,MT,467.3
2016,4,MT,467.5
2016,5,MT,467.3
2016,6,MT,467.1
2016,7,MT,467.5
2016,8,MT,468.4
2016,9,MT,469.6
2016,10,MT,469.1
2016,11,MT,470.3
2016,12,MT,470.1
2017,1,MT,470.3
2017,2,MT,470.4
2017,3,MT,472.1
2017,4,MT,472.5
2017,5,MT,472.8
2017,6,MT,473.7
2017,7,MT,472.9
2017,8,MT,473.7
2017,9,MT,474.2
2017,10,MT,473.7
2017,11,MT,473.8
2017,12,MT,474.5
2018,1,MT,476.0
2018,2,MT,475.6
2018,3,MT,476.6
2018,4,MT,476.0
2018,5,MT,478.2
2018,6,MT,479.1
2018,7,MT,479.1
2018,8,MT,479.5
2018,9,MT,480.1
2018,10,MT,480.5
2018,11,MT,481.9
2018,12,MT,482.2
2019,1,MT,482.2
2019,2,MT,480.8
2019,3,MT,480.1
2019,4,MT,482.4
2019,5,MT,484.2
2019,6,MT,483.1
2019,7,MT,485.7
2019,8,MT,486.3
2019,9,MT,486.4
2019,10,MT,488.1
2019,11,MT,487.6
2019,12,MT,487.3
2020,1,MT,488.7
2020,2,MT,487.9
2020,3,MT,486.6
2020,4,MT,425.3
2020,5,MT,449.3
2020,6,MT,458.8
2020,7,MT,464.3
2020,8,MT,468.6
2020,9,MT,475.4
2020,10,MT,477.8
2020,11,MT,479.2
2020,12,MT,480.3
2021,1,MT,482.6
2021,2,MT,482.6
2021,3,MT,487.0
2021,4,MT,488.2
2021,5,MT,489.9
2021,6,MT,491.6
2021,7,MT,492.5
2021,8,MT,493.6
2021,9,MT,494.8
2021,10,MT,499.0
2021,11,MT,500.6
2021,12,MT,503.0
2022,1,MT,502.1
2022,2,MT,505.3
2022,3,MT,506.9
2022,4,MT,506.7
2022,5,MT,507.0
2022,6,MT,506.9
2022,7,MT,512.2
2022,8,MT,512.8
2022,9,MT,513.5
2022,10,MT,513.9
2022,11,MT,513.6
2022,12,MT,514.2
2023,1,MT,517.3
2023,2,MT,517.7
2023,3,MT,518.1
2023,4,MT,518.1
2023,5,MT,518.1
2023,6,MT,520.3
2023,7,MT,518.7
2023,8,MT,520.7
2023,9,MT,520.5
2023,10,MT,521.4
2023,11,MT,521.5
2023,12,MT,522.2
2024,1,MT,520.9
2024,2,MT,521.8
2024,3,MT,523.3
2024,4,MT,524.6
2024,5,MT,526.5
2024,6,MT,529.3
2024,7,MT,528.7
2024,8,MT,528.1
2024,9,MT,528.0
2024,10,MT,526.0
2024,11,MT,526.6
2024,12,MT,528.2
2025,1,MT,528.0
2025,2,MT,524.6
2025,3,MT,525.8
2025,4,MT,526.4
2025,5,MT,529.2
2025,6,MT,528.6
2025,7,MT,529.8
2025,8,MT,529.2
2025,9,MT,529.0
2025,10,MT,529.9
2025,11,MT,530.3
2025,12,MT,532.4
1990,1,NE,720.6
1990,2,NE,723.7
1990,3,NE,724.3
1990,4,NE,730.2
1990,5,NE,731.1
1990,6,NE,732.8
1990,7,NE,732.9
1990,8,NE,734.3
1990,9,NE,733.2
1990,10,NE,732.3
1990,11,NE,739.3
1990,12,NE,736.7
1991,1,NE,738.9
1991,2,NE,738.3
1991,3,NE,738.8
1991,4,NE,738.6
1991,5,NE,736.3
1991,6,NE,738.0
1991,7,NE,744.7
1991,8,NE,745.4
1991,9,NE,746.7
1991,10,NE,742.0
1991,11,NE,739.8
1991,12,NE,742.2
1992,1,NE,747.0
1992,2,NE,747.8
1992,3,NE,747.2
1992,4,NE,748.0
1992,5,NE,751.1
1992,6,NE,752.0
1992,7,NE,751.5
1992,8,NE,752.7
1992,9,NE,754.8
1992,10,NE,756.1
1992,11,NE,759.1
1992,12,NE,756.9
1993,1,NE,756.7
1993,2,NE,758.8
1993,3,NE,759.9
1993,4,NE,766.4
1993,5,NE,766.5
1993,6,NE,768.2
1993,7,NE,768.2
1993,8,NE,774.1
1993,9,NE,775.3
1993,10,NE,779.3
1993,11,NE,781.1
1993,12,NE,781.7
1994,1,NE,785.1
1994,2,NE,787.2
1994,3,NE,787.6
1994,4,NE,792.4
1994,5,NE,798.0
1994,6,NE,799.0
1994,7,NE,801.9
1994,8,NE,801.6
1994,9,NE,805.1
1994,10,NE,806.0
1994,11,NE,815.5
1994,12,NE,811.7
1995,1,NE,813.0
1995,2,NE,814.5
1995,3,NE,815.5
1995,4,NE,816.8
1995,5,NE,814.7
1995,6,NE,817.9
1995,7,NE,819.5
1995,8,NE,827.5
1995,9,NE,823.3
1995,10,NE,826.4
1995,11,NE,828.2
1995,12,NE,827.5
1996,1,NE,832.4
1996,2,NE,834.3
1996,3,NE,835.3
1996,4,NE,836.3
1996,5,NE,835.9
1996,6,NE,837.9
1996,7,NE,836.8
1996,8,NE,841.0
1996,9,NE,840.5
1996,10,NE,844.2
1996,11,NE,845.6
1996,12,NE,845.4
1997,1,NE,847.6
1997,2,NE,847.9
1997,3,NE,854.0
1997,4,NE,852.6
1997,5,NE,855.4
1997,6,NE,857.1
1997,7,NE,860.2
1997,8,NE,858.9
1997,9,NE,861.9
1997,10,NE,862.0
1997,11,NE,866.4
1997,12,NE,868.4
1998,1,NE,868.2
1998,2,NE,871.3
1998,3,NE,869.9
1998,4,NE,875.4
1998,5,NE,875.7
1998,6,NE,876.7
1998,7,NE,883.3
1998,8,NE,881.9
1998,9,NE,883.1
1998,10,NE,886.2
1998,11,NE,890.9
1998,12,NE,892.3
1999,1,NE,886.5
1999,2,NE,889.7
1999,3,NE,888.6
1999,4,NE,891.4
1999,5,NE,890.8
1999,6,NE,895.5
1999,7,NE,900.9
1999,8,NE,899.5
1999,9,NE,900.0
1999,10,NE,901.1
1999,11,NE,903.0
1999,12,NE,905.7
2000,1,NE,909.3
2000,2,NE,908.7
2000,3,NE,912.9
2000,4,NE,909.7
2000,5,NE,912.6
2000,6,NE,916.6
2000,7,NE,913.5
2000,8,NE,915.6
2000,9,NE,914.6
2000,10,NE,914.9
2000,11,NE,916.1
2000,12,NE,914.1
2001,1,NE,918.8
2001,2,NE,917.7
2001,3,NE,918.5
2001,4,NE,919.4
2001,5,NE,920.9
2001,6,NE,922.2
2001,7,NE,920.1
2001,8,NE,922.8
2001,9,NE,918.4
2001,10,NE,916.8
2001,11,NE,919.1
2001,12,NE,916.9
2002,1,NE,910.7
2002,2,NE,911.8
2002,3,NE,911.5
2002,4,NE,912.6
2002,5,NE,911.6
2002,6,NE,912.3
2002,7,NE,910.7
2002,8,NE,910.2
2002,9,NE,910.2
2002,10,NE,910.6
2002,11,NE,909.0
2002,12,NE,910.4
2003,1,NE,916.4
2003,2,NE,914.3
2003,3,NE,911.7
2003,4,NE,915.7
2003,5,NE,914.1
2003,6,NE,914.0
2003,7,NE,911.0
2003,8,NE,911.0
2003,9,NE,911.3
2003,10,NE,913.3
2003,11,NE,914.3
2003,12,NE,915.0
2004,1,NE,916.9
2004,2,NE,913.3
2004,3,NE,915.7
2004,4,NE,919.2
2004,5,NE,919.6
2004,6,NE,921.4
2004,7,NE,921.9
2004,8,NE,924.7
2004,9,NE,925.2
2004,10,NE,925.2
2004,11,NE,925.9
2004,12,NE,927.3
2005,1,NE,927.4
2005,2,NE,929.9
2005,3,NE,931.8
2005,4,NE,932.7
2005,5,NE,932.1
2005,6,NE,933.4
2005,7,NE,936.1
2005,8,NE,935.6
2005,9,NE,936.9
2005,10,NE,937.5
2005,11,NE,938.5
2005,12,NE,938.3
2006,1,NE,940.9
2006,2,NE,944.3
2006,3,NE,943.9
2006,4,NE,942.5
2006,5,NE,942.8
2006,6,NE,946.1
2006,7,NE,945.5
2006,8,NE,946.0
2006,9,NE,948.6
2006,10,NE,947.7
2006,11,NE,949.9
2006,12,NE,951.6
2007,1,NE,954.6
2007,2,NE,955.6
2007,3,NE,955.7
2007,4,NE,957.8
2007,5,NE,960.0
2007,6,NE,962.1
2007,7,NE,962.9
2007,8,NE,964.6
2007,9,NE,965.3
2007,10,NE,966.5
2007,11,NE,967.0
2007,12,NE,967.9
2008,1,NE,971.9
2008,2,NE,970.9
2008,3,NE,971.1
2008,4,NE,970.5
2008,5,NE,970.4
2008,6,NE,968.7
2008,7,NE,968.1
2008,8,NE,968.8
2008,9,NE,968.6
2008,10,NE,969.9
2008,11,NE,968.0
2008,12,NE,966.5
2009,1,NE,962.6
2009,2,NE,959.4
2009,3,NE,956.3
2009,4,NE,950.7
2009,5,NE,950.4
2009,6,NE,947.8
2009,7,NE,949.6
2009,8,NE,946.6
2009,9,NE,944.8
2009,10,NE,944.1
2009,11,NE,944.0
2009,12,NE,939.7
2010,1,NE,938.4
2010,2,NE,939.7
2010,3,NE,939.9
2010,4,NE,943.2
2010,5,NE,945.0
2010,6,NE,947.5
2010,7,NE,948.2
2010,8,NE,949.0
2010,9,NE,946.8
2010,10,NE,947.9
2010,11,NE,946.8
2010,12,NE,947.5
2011,1,NE,945.6
2011,2,NE,946.0
2011,3,NE,947.8
2011,4,NE,951.8
2011,5,NE,950.9
2011,6,NE,952.7
2011,7,NE,953.7
2011,8,NE,953.3
2011,9,NE,956.1
2011,10,NE,957.1
2011,11,NE,958.8
2011,12,NE,959.7
2012,1,NE,962.5
2012,2,NE,963.2
2012,3,NE,966.6
2012,4,NE,966.9
2012,5,NE,968.1
2012,6,NE,969.4
2012,7,NE,970.1
2012,8,NE,969.6
2012,9,NE,970.4
2012,10,NE,971.8
2012,11,NE,972.4
2012,12,NE,974.2
2013,1,NE,973.6
2013,2,NE,975.3
2013,3,NE,974.8
2013,4,NE,974.9
2013,5,NE,978.2
2013,6,NE,978.6
2013,7,NE,980.6
2013,8,NE,982.5
2013,9,NE,983.8
2013,10,NE,985.5
2013,11,NE,987.2
2013,12,NE,987.9
2014,1,NE,989.1
2014,2,NE,991.3
2014,3,NE,990.5
2014,4,NE,990.9
2014,5,NE,991.9
2014,6,NE,991.2
2014,7,NE,991.4
2014,8,NE,992.6
2014,9,NE,994.1
2014,10,NE,994.9
2014,11,NE,995.7
2014,12,NE,998.7
2015,1,NE,999.3
2015,2,NE,1001.6
2015,3,NE,1001.9
2015,4,NE,1003.4
2015,5,NE,1004.0
2015,6,NE,1005.9
2015,7,NE,1007.1
2015,8,NE,1009.0
2015,9,NE,1009.3
2015,10,NE,1011.3
2015,11,NE,1011.5
2015,12,NE,1013.3
2016,1,NE,1010.3
2016,2,NE,1010.7
2016,3,NE,1014.6
2016,4,NE,1015.0
2016,5,NE,1014.2
2016,6,NE,1014.6
2016,7,NE,1017.0
2016,8,NE,1015.9
2016,9,NE,1020.0
2016,10,NE,1018.2
2016,11,NE,1016.0
2016,12,NE,1014.5
2017,1,NE,1016.7
2017,2,NE,1019.1
2017,3,NE,1019.4
2017,4,NE,1019.2
2017,5,NE,1017.3
2017,6,NE,1019.1
2017,7,NE,1016.9
2017,8,NE,1017.6
2017,9,NE,1018.6
2017,10,NE,1020.4
2017,11,NE,1020.1
2017,12,NE,1022.4
2018,1,NE,1020.9
2018,2,NE,1021.8
2018,3,NE,1023.0
2018,4,NE,1021.9
2018,5,NE,1025.3
2018,6,NE,1025.8
2018,7,NE,1026.2
2018,8,NE,1025.7
2018,9,NE,1025.9
2018,10,NE,1023.7
2018,11,NE,1024.8
2018,12,NE,1023.0
2019,1,NE,1028.2
2019,2,NE,1024.6
2019,3,NE,1021.8
2019,4,NE,1025.3
2019,5,NE,1026.4
2019,6,NE,1025.8
2019,7,NE,1026.7
2019,8,NE,1028.2
2019,9,NE,1027.6
2019,10,NE,1028.9
2019,11,NE,1030.0
2019,12,NE,1029.1
2020,1,NE,1032.2
2020,2,NE,1031.7
2020,3,NE,1026.4
2020,4,NE,934.0
2020,5,NE,943.8
2020,6,NE,960.9
2020,7,NE,974.4
2020,8,NE,984.1
2020,9,NE,988.5
2020,10,NE,992.4
2020,11,NE,993.7
2020,12,NE,996.5
2021,1,NE,997.9
2021,2,NE,995.9
2021,3,NE,1000.8
2021,4,NE,1003.1
2021,5,NE,1003.9
2021,6,NE,1006.9
2021,7,NE,1011.1
2021,8,NE,1011.8
2021,9,NE,1007.5
2021,10,NE,1013.0
2021,11,NE,1015.6
2021,12,NE,1019.3
2022,1,NE,1017.6
2022,2,NE,1021.8
2022,3,NE,1021.9
2022,4,NE,1021.8
2022,5,NE,1021.1
2022,6,NE,1023.3
2022,7,NE,1027.2
2022,8,NE,1029.6
2022,9,NE,1030.7
2022,10,NE,1032.3
2022,11,NE,1035.0
2022,12,NE,1036.4
2023,1,NE,1040.4
2023,2,NE,1042.3
2023,3,NE,1042.8
2023,4,NE,1045.8
2023,5,NE,1047.5
2023,6,NE,1054.9
2023,7,NE,1049.9
2023,8,NE,1050.8
2023,9,NE,1053.6
2023,10,NE,1053.1
2023,11,NE,1052.4
2023,12,NE,1053.9
2024,1,NE,1050.2
2024,2,NE,1055.3
2024,3,NE,1058.8
2024,4,NE,1057.4
2024,5,NE,1058.4
2024,6,NE,1057.8
2024,7,NE,1057.2
2024,8,NE,1057.5
2024,9,NE,1059.1
2024,10,NE,1060.6
2024,11,NE,1059.3
2024,12,NE,1060.3
2025,1,NE,1059.3
2025,2,NE,1059.1
2025,3,NE,1060.9
2025,4,NE,1063.2
2025,5,NE,1065.8
2025,6,NE,1066.7
2025,7,NE,1063.0
2025,8,NE,1063.5
2025,9,NE,1061.1
2025,10,NE,1058.5
2025,11,NE,1058.0
2025,12,NE,1055.3
1990,1,NV,609.8
1990,2,NV,610.0
1990,3,NV,613.0
1990,4,NV,615.9
1990,5,NV,616.0
1990,6,NV,619.1
1990,7,NV,626.5
1990,8,NV,626.3
1990,9,NV,626.8
1990,10,NV,628.0
1990,11,NV,629.3
1990,12,NV,628.0
1991,1,NV,628.4
1991,2,NV,628.1
1991,3,NV,627.6
1991,4,NV,628.9
1991,5,NV,628.3
1991,6,NV,630.1
1991,7,NV,629.1
1991,8,NV,627.5
1991,9,NV,630.5
1991,10,NV,628.6
1991,11,NV,625.8
1991,12,NV,628.4
1992,1,NV,627.8
1992,2,NV,629.1
1992,3,NV,629.9
1992,4,NV,632.6
1992,5,NV,636.9
1992,6,NV,633.7
1992,7,NV,639.8
1992,8,NV,641.2
1992,9,NV,647.3
1992,10,NV,643.5
1992,11,NV,650.9
1992,12,NV,647.9
1993,1,NV,652.4
1993,2,NV,654.0
1993,3,NV,657.0
1993,4,NV,659.5
1993,5,NV,662.6
1993,6,NV,667.8
1993,7,NV,669.8
1993,8,NV,672.8
1993,9,NV,675.0
1993,10,NV,689.2
1993,11,NV,693.5
1993,12,NV,703.0
1994,1,NV,711.2
1994,2,NV,715.7
1994,3,NV,719.6
1994,4,NV,726.2
1994,5,NV,731.3
1994,6,NV,732.2
1994,7,NV,741.7
1994,8,NV,747.0
1994,9,NV,751.5
1994,10,NV,753.4
1994,11,NV,760.2
1994,12,NV,763.0
1995,1,NV,762.1
1995,2,NV,767.0
1995,3,NV,775.0
1995,4,NV,777.2
1995,5,NV,778.9
1995,6,NV,781.9
1995,7,NV,787.3
1995,8,NV,791.1
1995,9,NV,797.6
1995,10,NV,800.4
1995,11,NV,804.9
1995,12,NV,807.6
1996,1,NV,815.4
1996,2,NV,820.2
1996,3,NV,823.3
1996,4,NV,832.9
1996,5,NV,835.3
1996,6,NV,839.1
1996,7,NV,846.6
1996,8,NV,847.9
1996,9,NV,855.1
1996,10,NV,858.4
1996,11,NV,868.6
1996,12,NV,868.9
1997,1,NV,875.9
1997,2,NV,879.3
1997,3,NV,881.4
1997,4,NV,881.3
1997,5,NV,884.9
1997,6,NV,887.2
1997,7,NV,892.0
1997,8,NV,892.0
1997,9,NV,897.5
1997,10,NV,900.9
1997,11,NV,904.0
1997,12,NV,909.2
1998,1,NV,903.4
1998,2,NV,906.4
1998,3,NV,908.4
1998,4,NV,912.7
1998,5,NV,918.3
1998,6,NV,923.6
1998,7,NV,927.5
1998,8,NV,931.5
1998,9,NV,934.4
1998,10,NV,941.6
1998,11,NV,947.5
1998,12,NV,952.6
1999,1,NV,958.2
1999,2,NV,963.4
1999,3,NV,971.4
1999,4,NV,974.5
1999,5,NV,977.3
1999,6,NV,979.8
1999,7,NV,983.8
1999,8,NV,986.9
1999,9,NV,990.7
1999,10,NV,999.4
1999,11,NV,1003.6
1999,12,NV,1007.7
2000,1,NV,1009.1
2000,2,NV,1010.5
2000,3,NV,1012.7
2000,4,NV,1017.6
2000,5,NV,1023.2
2000,6,NV,1021.7
2000,7,NV,1028.1
2000,8,NV,1038.1
2000,9,NV,1037.3
2000,10,NV,1038.3
2000,11,NV,1042.1
2000,12,NV,1045.7
2001,1,NV,1051.5
2001,2,NV,1056.0
2001,3,NV,1056.7
2001,4,NV,1055.5
2001,5,NV,1055.2
2001,6,NV,1056.3
2001,7,NV,1056.1
2001,8,NV,1055.8
2001,9,NV,1056.3
2001,10,NV,1039.3
2001,11,NV,1038.2
2001,12,NV,1037.9
2002,1,NV,1036.1
2002,2,NV,1037.3
2002,3,NV,1042.2
2002,4,NV,1047.9
2002,5,NV,1050.5
2002,6,NV,1049.7
2002,7,NV,1052.9
2002,8,NV,1055.6
2002,9,NV,1057.0
2002,10,NV,1061.9
2002,11,NV,1063.8
2002,12,NV,1067.0
2003,1,NV,1071.1
2003,2,NV,1075.6
2003,3,NV,1076.6
2003,4,NV,1075.3
2003,5,NV,1078.5
2003,6,NV,1079.7
2003,7,NV,1086.6
2003,8,NV,1091.9
2003,9,NV,1097.4
2003,10,NV,1104.7
2003,11,NV,1108.1
2003,12,NV,1114.2
2004,1,NV,1120.1
2004,2,NV,1121.2
2004,3,NV,1127.0
2004,4,NV,1137.3
2004,5,NV,1142.2
2004,6,NV,1149.1
2004,7,NV,1156.6
2004,8,NV,1160.1
2004,9,NV,1167.4
2004,10,NV,1180.2
2004,11,NV,1181.7
2004,12,NV,1186.7
2005,1,NV,1186.4
2005,2,NV,1193.1
2005,3,NV,1200.8
2005,4,NV,1212.8
2005,5,NV,1215.3
2005,6,NV,1219.4
2005,7,NV,1228.1
2005,8,NV,1231.6
2005,9,NV,1239.6
2005,10,NV,1241.2
2005,11,NV,1248.2
2005,12,NV,1254.3
2006,1,NV,1261.4
2006,2,NV,1268.4
2006,3,NV,1275.0
2006,4,NV,1276.7
2006,5,NV,1279.5
2006,6,NV,1283.4
2006,7,NV,1282.2
2006,8,NV,1285.7
2006,9,NV,1285.6
2006,10,NV,1282.6
2006,11,NV,1284.4
2006,12,NV,1288.4
2007,1,NV,1289.0
2007,2,NV,1296.8
2007,3,NV,1298.0
2007,4,NV,1295.5
2007,5,NV,1297.0
2007,6,NV,1294.2
2007,7,NV,1289.9
2007,8,NV,1288.2
2007,9,NV,1285.8
2007,10,NV,1287.7
2007,11,NV,1289.7
2007,12,NV,1293.0
2008,1,NV,1289.1
2008,2,NV,1286.7
2008,3,NV,1283.5
2008,4,NV,1282.4
2008,5,NV,1279.8
2008,6,NV,1274.4
2008,7,NV,1268.2
2008,8,NV,1261.8
2008,9,NV,1255.7
2008,10,NV,1240.8
2008,11,NV,1227.7
2008,12,NV,1213.4
2009,1,NV,1197.6
2009,2,NV,1184.7
2009,3,NV,1170.4
2009,4,NV,1156.4
2009,5,NV,1149.5
2009,6,NV,1143.5
2009,7,NV,1137.2
2009,8,NV,1133.0
2009,9,NV,1131.7
2009,10,NV,1125.3
2009,11,NV,1124.9
2009,12,NV,1126.7
2010,1,NV,1119.2
2010,2,NV,1117.5
2010,3,NV,1115.4
2010,4,NV,1118.7
2010,5,NV,1122.3
2010,6,NV,1120.6
2010,7,NV,1120.3
2010,8,NV,1119.2
2010,9,NV,1112.4
2010,10,NV,1115.9
2010,11,NV,1116.2
2010,12,NV,1117.6
2011,1,NV,1120.9
2011,2,NV,1121.4
2011,3,NV,1121.2
2011,4,NV,1123.7
2011,5,NV,1124.5
2011,6,NV,1123.2
2011,7,NV,1127.0
2011,8,NV,1127.3
2011,9,NV,1129.1
2011,10,NV,1130.2
2011,11,NV,1129.9
2011,12,NV,1130.4
2012,1,NV,1133.8
2012,2,NV,1134.7
2012,3,NV,1136.6
2012,4,NV,1139.2
2012,5,NV,1141.9
2012,6,NV,1145.2
2012,7,NV,1143.9
2012,8,NV,1147.5
2012,9,NV,1150.1
2012,10,NV,1152.9
2012,11,NV,1155.4
2012,12,NV,1154.2
2013,1,NV,1158.8
2013,2,NV,1160.4
2013,3,NV,1163.8
2013,4,NV,1168.0
2013,5,NV,1169.4
2013,6,NV,1176.0
2013,7,NV,1176.5
2013,8,NV,1180.0
2013,9,NV,1179.0
2013,10,NV,1181.8
2013,11,NV,1187.3
2013,12,NV,1188.5
2014,1,NV,1193.4
2014,2,NV,1198.2
2014,3,NV,1202.8
2014,4,NV,1208.2
2014,5,NV,1211.9
2014,6,NV,1213.1
2014,7,NV,1214.9
2014,8,NV,1221.4
2014,9,NV,1226.5
2014,10,NV,1229.2
2014,11,NV,1232.3
2014,12,NV,1237.6
2015,1,NV,1241.9
2015,2,NV,1243.7
2015,3,NV,1246.0
2015,4,NV,1248.7
2015,5,NV,1253.7
2015,6,NV,1255.1
2015,7,NV,1258.0
2015,8,NV,1263.0
2015,9,NV,1265.4
2015,10,NV,1271.5
2015,11,NV,1276.2
2015,12,NV,1281.0
2016,1,NV,1278.6
2016,2,NV,1280.9
2016,3,NV,1283.6
2016,4,NV,1289.2
2016,5,NV,1290.4
2016,6,NV,1293.5
2016,7,NV,1304.9
2016,8,NV,1307.1
2016,9,NV,1310.8
2016,10,NV,1311.5
2016,11,NV,1314.1
2016,12,NV,1316.8
2017,1,NV,1323.1
2017,2,NV,1327.6
2017,3,NV,1336.8
2017,4,NV,1332.3
2017,5,NV,1336.2
2017,6,NV,1337.8
2017,7,NV,1339.5
2017,8,NV,1341.4
2017,9,NV,1346.3
2017,10,NV,1348.2
2017,11,NV,1351.9
2017,12,NV,1358.4
2018,1,NV,1359.9
2018,2,NV,1368.2
2018,3,NV,1371.8
2018,4,NV,1373.7
2018,5,NV,1378.7
2018,6,NV,1382.3
2018,7,NV,1385.5
2018,8,NV,1391.0
2018,9,NV,1395.1
2018,10,NV,1397.5
2018,11,NV,1399.9
2018,12,NV,1399.9
2019,1,NV,1406.7
2019,2,NV,1409.8
2019,3,NV,1413.1
2019,4,NV,1414.9
2019,5,NV,1418.8
2019,6,NV,1418.6
2019,7,NV,1421.4
2019,8,NV,1425.5
2019,9,NV,1426.5
2019,10,NV,1426.4
2019,11,NV,1436.9
2019,12,NV,1439.9
2020,1,NV,1442.4
2020,2,NV,1443.2
2020,3,NV,1431.5
2020,4,NV,1114.1
2020,5,NV,1107.0
2020,6,NV,1201.4
2020,7,NV,1237.1
2020,8,NV,1253.5
2020,9,NV,1271.2
2020,10,NV,1290.1
2020,11,NV,1294.2
2020,12,NV,1293.8
2021,1,NV,1298.8
2021,2,NV,1308.0
2021,3,NV,1320.5
2021,4,NV,1339.6
2021,5,NV,1355.8
2021,6,NV,1372.6
2021,7,NV,1391.8
2021,8,NV,1402.0
2021,9,NV,1404.2
2021,10,NV,1424.6
2021,11,NV,1435.1
2021,12,NV,1443.1
2022,1,NV,1444.0
2022,2,NV,1460.7
2022,3,NV,1468.6
2022,4,NV,1480.4
2022,5,NV,1486.2
2022,6,NV,1490.4
2022,7,NV,1498.0
2022,8,NV,1504.3
2022,9,NV,1510.4
2022,10,NV,1508.4
2022,11,NV,1510.6
2022,12,NV,1513.2
2023,1,NV,1519.0
2023,2,NV,1522.4
2023,3,NV,1525.2
2023,4,NV,1527.1
2023,5,NV,1532.1
2023,6,NV,1540.0
2023,7,NV,1539.3
2023,8,NV,1542.2
2023,9,NV,1552.7
2023,10,NV,1554.7
2023,11,NV,1558.1
2023,12,NV,1562.9
2024,1,NV,1560.8
2024,2,NV,1565.8
2024,3,NV,1565.4
2024,4,NV,1570.1
2024,5,NV,1570.5
2024,6,NV,1568.5
2024,7,NV,1567.0
2024,8,NV,1570.2
2024,9,NV,1573.5
2024,10,NV,1572.2
2024,11,NV,1572.5
2024,12,NV,1580.4
2025,1,NV,1573.8
2025,2,NV,1573.2
2025,3,NV,1575.5
2025,4,NV,1579.9
2025,5,NV,1577.3
2025,6,NV,1573.2
2025,7,NV,1573.9
2025,8,NV,1570.5
2025,9,NV,1575.8
2025,10,NV,1572.0
2025,11,NV,1571.9
2025,12,NV,1571.4
1990,1,NH,518.6
1990,2,NH,516.9
1990,3,NH,517.1
1990,4,NH,512.5
1990,5,NH,509.7
1990,6,NH,507.9
1990,7,NH,504.8
1990,8,NH,503.4
1990,9,NH,503.9
1990,10,NH,497.7
1990,11,NH,495.4
1990,12,NH,492.7
1991,1,NH,488.7
1991,2,NH,485.6
1991,3,NH,483.6
1991,4,NH,480.0
1991,5,NH,478.7
1991,6,NH,478.8
1991,7,NH,475.6
1991,8,NH,477.6
1991,9,NH,478.3
1991,10,NH,480.5
1991,11,NH,481.6
1991,12,NH,481.5
1992,1,NH,482.6
1992,2,NH,481.8
1992,3,NH,482.4
1992,4,NH,484.3
1992,5,NH,486.8
1992,6,NH,486.2
1992,7,NH,484.6
1992,8,NH,484.7
1992,9,NH,486.7
1992,10,NH,488.5
1992,11,NH,489.9
1992,12,NH,491.2
1993,1,NH,494.0
1993,2,NH,495.9
1993,3,NH,495.5
1993,4,NH,497.4
1993,5,NH,499.1
1993,6,NH,500.4
1993,7,NH,503.4
1993,8,NH,505.3
1993,9,NH,505.8
1993,10,NH,504.9
1993,11,NH,506.2
1993,12,NH,508.5
1994,1,NH,512.2
1994,2,NH,514.6
1994,3,NH,516.3
1994,4,NH,517.5
1994,5,NH,518.1
1994,6,NH,520.6
1994,7,NH,522.6
1994,8,NH,526.0
1994,9,NH,526.7
1994,10,NH,527.4
1994,11,NH,529.0
1994,12,NH,531.5
1995,1,NH,531.1
1995,2,NH,532.7
1995,3,NH,535.5
1995,4,NH,535.7
1995,5,NH,535.5
1995,6,NH,537.8
1995,7,NH,536.0
1995,8,NH,540.0
1995,9,NH,541.6
1995,10,NH,544.5
1995,11,NH,545.0
1995,12,NH,546.7
1996,1,NH,546.5
1996,2,NH,548.0
1996,3,NH,548.6
1996,4,NH,548.8
1996,5,NH,550.0
1996,6,NH,553.2
1996,7,NH,552.9
1996,8,NH,554.0
1996,9,NH,554.8
1996,10,NH,556.1
1996,11,NH,557.8
1996,12,NH,558.6
1997,1,NH,560.7
1997,2,NH,561.0
1997,3,NH,561.8
1997,4,NH,563.1
1997,5,NH,567.3
1997,6,NH,568.5
1997,7,NH,570.6
1997,8,NH,570.8
1997,9,NH,573.6
1997,10,NH,575.0
1997,11,NH,576.8
1997,12,NH,577.3
1998,1,NH,581.2
1998,2,NH,583.0
1998,3,NH,585.1
1998,4,NH,584.1
1998,5,NH,585.7
1998,6,NH,585.9
1998,7,NH,588.2
1998,8,NH,588.6
1998,9,NH,589.4
1998,10,NH,590.9
1998,11,NH,593.6
1998,12,NH,595.1
1999,1,NH,597.4
1999,2,NH,599.3
1999,3,NH,599.4
1999,4,NH,601.7
1999,5,NH,601.7
1999,6,NH,603.8
1999,7,NH,605.8
1999,8,NH,607.6
1999,9,NH,606.8
1999,10,NH,609.6
1999,11,NH,608.9
1999,12,NH,611.2
2000,1,NH,613.1
2000,2,NH,614.6
2000,3,NH,616.7
2000,4,NH,618.7
2000,5,NH,619.6
2000,6,NH,620.3
2000,7,NH,621.6
2000,8,NH,621.1
2000,9,NH,622.5
2000,10,NH,623.7
2000,11,NH,626.3
2000,12,NH,627.6
2001,1,NH,631.1
2001,2,NH,631.7
2001,3,NH,630.8
2001,4,NH,628.3
2001,5,NH,628.9
2001,6,NH,627.1
2001,7,NH,623.5
2001,8,NH,621.4
2001,9,NH,621.5
2001,10,NH,620.5
2001,11,NH,618.6
2001,12,NH,617.8
2002,1,NH,617.5
2002,2,NH,617.0
2002,3,NH,617.8
2002,4,NH,617.0
2002,5,NH,616.1
2002,6,NH,616.4
2002,7,NH,616.8
2002,8,NH,615.7
2002,9,NH,616.5
2002,10,NH,615.2
2002,11,NH,614.2
2002,12,NH,614.6
2003,1,NH,613.3
2003,2,NH,612.5
2003,3,NH,612.1
2003,4,NH,611.9
2003,5,NH,612.7
2003,6,NH,615.2
2003,7,NH,615.8
2003,8,NH,617.9
2003,9,NH,616.8
2003,10,NH,618.3
2003,11,NH,619.8
2003,12,NH,620.0
2004,1,NH,618.3
2004,2,NH,619.3
2004,3,NH,622.9
2004,4,NH,623.4
2004,5,NH,625.4
2004,6,NH,624.9
2004,7,NH,626.9
2004,8,NH,627.0
2004,9,NH,627.4
2004,10,NH,629.1
2004,11,NH,628.5
2004,12,NH,628.6
2005,1,NH,632.0
2005,2,NH,630.2
2005,3,NH,629.7
2005,4,NH,632.5
2005,5,NH,633.3
2005,6,NH,632.8
2005,7,NH,635.2
2005,8,NH,634.8
2005,9,NH,637.1
2005,10,NH,636.2
2005,11,NH,637.5
2005,12,NH,639.1
2006,1,NH,635.8
2006,2,NH,637.3
2006,3,NH,638.5
2006,4,NH,641.5
2006,5,NH,639.1
2006,6,NH,640.4
2006,7,NH,641.8
2006,8,NH,641.3
2006,9,NH,641.8
2006,10,NH,642.2
2006,11,NH,641.5
2006,12,NH,643.6
2007,1,NH,643.5
2007,2,NH,644.9
2007,3,NH,644.9
2007,4,NH,642.6
2007,5,NH,645.2
2007,6,NH,646.6
2007,7,NH,646.7
2007,8,NH,645.3
2007,9,NH,645.7
2007,10,NH,645.5
2007,11,NH,646.7
2007,12,NH,647.4
2008,1,NH,649.9
2008,2,NH,648.4
2008,3,NH,648.1
2008,4,NH,648.0
2008,5,NH,647.6
2008,6,NH,647.8
2008,7,NH,647.4
2008,8,NH,647.3
2008,9,NH,647.4
2008,10,NH,644.5
2008,11,NH,642.9
2008,12,NH,638.6
2009,1,NH,637.3
2009,2,NH,632.8
2009,3,NH,629.1
2009,4,NH,626.2
2009,5,NH,627.7
2009,6,NH,625.0
2009,7,NH,621.0
2009,8,NH,621.2
2009,9,NH,622.2
2009,10,NH,621.7
2009,11,NH,620.5
2009,12,NH,621.2
2010,1,NH,620.0
2010,2,NH,619.2
2010,3,NH,621.5
2010,4,NH,621.6
2010,5,NH,624.0
2010,6,NH,621.4
2010,7,NH,621.9
2010,8,NH,621.4
2010,9,NH,621.1
2010,10,NH,623.0
2010,11,NH,622.4
2010,12,NH,623.3
2011,1,NH,623.2
2011,2,NH,623.6
2011,3,NH,624.5
2011,4,NH,626.5
2011,5,NH,624.8
2011,6,NH,624.1
2011,7,NH,624.0
2011,8,NH,623.6
2011,9,NH,625.4
2011,10,NH,625.8
2011,11,NH,627.6
2011,12,NH,626.8
2012,1,NH,629.1
2012,2,NH,627.5
2012,3,NH,629.8
2012,4,NH,629.7
2012,5,NH,629.7
2012,6,NH,631.2
2012,7,NH,631.3
2012,8,NH,632.9
2012,9,NH,634.9
2012,10,NH,633.2
2012,11,NH,633.9
2012,12,NH,633.0
2013,1,NH,634.4
2013,2,NH,635.3
2013,3,NH,634.2
2013,4,NH,635.0
2013,5,NH,636.3
2013,6,NH,635.3
2013,7,NH,635.0
2013,8,NH,637.3
2013,9,NH,636.2
2013,10,NH,638.9
2013,11,NH,639.7
2013,12,NH,640.8
2014,1,NH,641.2
2014,2,NH,641.3
2014,3,NH,641.1
2014,4,NH,642.3
2014,5,NH,640.2
2014,6,NH,643.9
2014,7,NH,644.8
2014,8,NH,638.8
2014,9,NH,646.5
2014,10,NH,646.7
2014,11,NH,647.0
2014,12,NH,648.1
2015,1,NH,648.7
2015,2,NH,647.7
2015,3,NH,650.2
2015,4,NH,650.3
2015,5,NH,654.2
2015,6,NH,654.0
2015,7,NH,654.6
2015,8,NH,653.9
2015,9,NH,655.9
2015,10,NH,657.5
2015,11,NH,659.4
2015,12,NH,659.9
2016,1,NH,660.7
2016,2,NH,663.4
2016,3,NH,662.9
2016,4,NH,665.3
2016,5,NH,664.1
2016,6,NH,663.7
2016,7,NH,666.3
2016,8,NH,666.4
2016,9,NH,670.1
2016,10,NH,668.5
2016,11,NH,669.3
2016,12,NH,669.3
2017,1,NH,669.5
2017,2,NH,669.6
2017,3,NH,670.8
2017,4,NH,672.7
2017,5,NH,672.6
2017,6,NH,673.4
2017,7,NH,674.3
2017,8,NH,674.4
2017,9,NH,673.7
2017,10,NH,674.5
2017,11,NH,674.6
2017,12,NH,675.7
2018,1,NH,675.4
2018,2,NH,677.5
2018,3,NH,677.0
2018,4,NH,676.4
2018,5,NH,677.4
2018,6,NH,678.6
2018,7,NH,678.0
2018,8,NH,677.8
2018,9,NH,677.6
2018,10,NH,679.4
2018,11,NH,680.3
2018,12,NH,680.6
2019,1,NH,681.9
2019,2,NH,683.3
2019,3,NH,684.1
2019,4,NH,682.7
2019,5,NH,684.1
2019,6,NH,684.2
2019,7,NH,683.3
2019,8,NH,684.5
2019,9,NH,684.4
2019,10,NH,685.4
2019,11,NH,686.0
2019,12,NH,687.8
2020,1,NH,687.5
2020,2,NH,689.5
2020,3,NH,682.8
2020,4,NH,571.8
2020,5,NH,589.1
2020,6,NH,609.8
2020,7,NH,621.5
2020,8,NH,635.5
2020,9,NH,644.3
2020,10,NH,648.1
2020,11,NH,649.4
2020,12,NH,643.3
2021,1,NH,651.0
2021,2,NH,649.8
2021,3,NH,654.0
2021,4,NH,657.2
2021,5,NH,659.5
2021,6,NH,659.4
2021,7,NH,667.1
2021,8,NH,668.6
2021,9,NH,666.5
2021,10,NH,673.5
2021,11,NH,674.3
2021,12,NH,674.0
2022,1,NH,675.7
2022,2,NH,679.2
2022,3,NH,682.0
2022,4,NH,684.0
2022,5,NH,682.2
2022,6,NH,681.8
2022,7,NH,689.2
2022,8,NH,689.7
2022,9,NH,691.2
2022,10,NH,690.3
2022,11,NH,692.3
2022,12,NH,693.1
2023,1,NH,695.6
2023,2,NH,696.0
2023,3,NH,696.3
2023,4,NH,697.3
2023,5,NH,697.3
2023,6,NH,700.5
2023,7,NH,699.6
2023,8,NH,699.0
2023,9,NH,700.5
2023,10,NH,699.9
2023,11,NH,700.7
2023,12,NH,701.7
2024,1,NH,702.6
2024,2,NH,702.2
2024,3,NH,703.4
2024,4,NH,701.6
2024,5,NH,698.8
2024,6,NH,705.3
2024,7,NH,704.6
2024,8,NH,706.2
2024,9,NH,704.4
2024,10,NH,707.0
2024,11,NH,708.9
2024,12,NH,711.6
2025,1,NH,710.2
2025,2,NH,709.8
2025,3,NH,710.7
2025,4,NH,709.4
2025,5,NH,711.0
2025,6,NH,710.3
2025,7,NH,708.7
2025,8,NH,706.8
2025,9,NH,708.9
2025,10,NH,708.9
2025,11,NH,706.6
2025,12,NH,705.6
1990,1,NJ,3703.3
1990,2,NJ,3701.9
1990,3,NJ,3703.4
1990,4,NJ,3676.5
1990,5,NJ,3667.7
1990,6,NJ,3659.0
1990,7,NJ,3649.4
1990,8,NJ,3641.1
1990,9,NJ,3616.7
1990,10,NJ,3589.5
1990,11,NJ,3570.9
1990,12,NJ,3560.4
1991,1,NJ,3555.0
1991,2,NJ,3543.9
1991,3,NJ,3536.4
1991,4,NJ,3524.8
1991,5,NJ,3515.0
1991,6,NJ,3503.9
1991,7,NJ,3495.0
1991,8,NJ,3490.2
1991,9,NJ,3486.9
1991,10,NJ,3481.5
1991,11,NJ,3481.8
1991,12,NJ,3476.8
1992,1,NJ,3469.2
1992,2,NJ,3469.8
1992,3,NJ,3459.7
1992,4,NJ,3452.9
1992,5,NJ,3453.3
1992,6,NJ,3455.3
1992,7,NJ,3470.3
1992,8,NJ,3468.2
1992,9,NJ,3458.8
1992,10,NJ,3470.0
1992,11,NJ,3472.3
1992,12,NJ,3470.2
1993,1,NJ,3489.7
1993,2,NJ,3495.3
1993,3,NJ,3480.1
1993,4,NJ,3488.5
1993,5,NJ,3493.4
1993,6,NJ,3495.5
1993,7,NJ,3492.5
1993,8,NJ,3497.3
1993,9,NJ,3496.9
1993,10,NJ,3511.2
1993,11,NJ,3514.7
1993,12,NJ,3521.8
1994,1,NJ,3514.1
1994,2,NJ,3505.6
1994,3,NJ,3523.9
1994,4,NJ,3544.2
1994,5,NJ,3553.8
1994,6,NJ,3553.9
1994,7,NJ,3564.8
1994,8,NJ,3574.1
1994,9,NJ,3576.3
1994,10,NJ,3582.7
1994,11,NJ,3588.3
1994,12,NJ,3594.2
1995,1,NJ,3596.2
1995,2,NJ,3593.1
1995,3,NJ,3598.8
1995,4,NJ,3603.6
1995,5,NJ,3601.3
1995,6,NJ,3592.4
1995,7,NJ,3594.4
1995,8,NJ,3607.5
1995,9,NJ,3612.0
1995,10,NJ,3613.5
1995,11,NJ,3610.8
1995,12,NJ,3611.0
1996,1,NJ,3591.8
1996,2,NJ,3617.9
1996,3,NJ,3622.5
1996,4,NJ,3620.4
1996,5,NJ,3636.6
1996,6,NJ,3642.0
1996,7,NJ,3644.4
1996,8,NJ,3651.0
1996,9,NJ,3655.7
1996,10,NJ,3659.3
1996,11,NJ,3668.2
1996,12,NJ,3674.4
1997,1,NJ,3684.8
1997,2,NJ,3692.4
1997,3,NJ,3698.9
1997,4,NJ,3706.8
1997,5,NJ,3715.7
1997,6,NJ,3722.1
1997,7,NJ,3730.9
1997,8,NJ,3727.6
1997,9,NJ,3746.9
1997,10,NJ,3750.0
1997,11,NJ,3758.7
1997,12,NJ,3765.9
1998,1,NJ,3778.6
1998,2,NJ,3781.5
1998,3,NJ,3781.3
1998,4,NJ,3787.2
1998,5,NJ,3802.6
1998,6,NJ,3801.6
1998,7,NJ,3802.9
1998,8,NJ,3807.3
1998,9,NJ,3816.2
1998,10,NJ,3830.7
1998,11,NJ,3836.1
1998,12,NJ,3845.5
1999,1,NJ,3862.2
1999,2,NJ,3875.4
1999,3,NJ,3881.3
1999,4,NJ,3888.9
1999,5,NJ,3889.7
1999,6,NJ,3898.6
1999,7,NJ,3913.8
1999,8,NJ,3917.1
1999,9,NJ,3915.7
1999,10,NJ,3934.0
1999,11,NJ,3941.2
1999,12,NJ,3953.3
2000,1,NJ,3969.4
2000,2,NJ,3969.3
2000,3,NJ,3984.9
2000,4,NJ,3992.1
2000,5,NJ,3994.4
2000,6,NJ,3999.8
2000,7,NJ,4005.5
2000,8,NJ,4002.8
2000,9,NJ,4013.1
2000,10,NJ,4009.4
2000,11,NJ,4018.0
2000,12,NJ,4031.0
2001,1,NJ,4007.5
2001,2,NJ,4011.1
2001,3,NJ,4006.1
2001,4,NJ,4016.7
2001,5,NJ,4019.5
2001,6,NJ,4020.3
2001,7,NJ,3999.7
2001,8,NJ,3997.2
2001,9,NJ,3999.5
2001,10,NJ,4008.4
2001,11,NJ,4004.5
2001,12,NJ,4001.7
2002,1,NJ,4015.2
2002,2,NJ,4018.2
2002,3,NJ,4017.1
2002,4,NJ,4003.6
2002,5,NJ,3998.3
2002,6,NJ,3990.5
2002,7,NJ,3971.4
2002,8,NJ,3974.9
2002,9,NJ,3975.6
2002,10,NJ,3976.6
2002,11,NJ,3982.2
2002,12,NJ,3980.6
2003,1,NJ,3986.6
2003,2,NJ,3975.4
2003,3,NJ,3969.9
2003,4,NJ,3976.3
2003,5,NJ,3981.1
2003,6,NJ,3975.4
2003,7,NJ,3988.0
2003,8,NJ,3987.4
2003,9,NJ,3989.5
2003,10,NJ,3990.9
2003,11,NJ,3992.3
2003,12,NJ,3989.0
2004,1,NJ,3982.4
2004,2,NJ,3986.7
2004,3,NJ,3993.5
2004,4,NJ,3987.1
2004,5,NJ,3999.0
2004,6,NJ,4004.2
2004,7,NJ,4005.4
2004,8,NJ,4009.1
2004,9,NJ,4014.1
2004,10,NJ,4015.6
2004,11,NJ,4023.2
2004,12,NJ,4027.7
2005,1,NJ,4026.4
2005,2,NJ,4030.7
2005,3,NJ,4024.6
2005,4,NJ,4041.9
2005,5,NJ,4042.4
2005,6,NJ,4046.1
2005,7,NJ,4049.8
2005,8,NJ,4051.3
2005,9,NJ,4053.8
2005,10,NJ,4047.2
2005,11,NJ,4056.0
2005,12,NJ,4056.4
2006,1,NJ,4066.3
2006,2,NJ,4070.9
2006,3,NJ,4078.5
2006,4,NJ,4074.0
2006,5,NJ,4072.9
2006,6,NJ,4073.6
2006,7,NJ,4073.5
2006,8,NJ,4078.0
2006,9,NJ,4073.5
2006,10,NJ,4074.8
2006,11,NJ,4077.1
2006,12,NJ,4083.5
2007,1,NJ,4078.6
2007,2,NJ,4068.9
2007,3,NJ,4075.2
2007,4,NJ,4076.1
2007,5,NJ,4084.8
2007,6,NJ,4085.7
2007,7,NJ,4083.6
2007,8,NJ,4084.3
2007,9,NJ,4074.2
2007,10,NJ,4088.7
2007,11,NJ,4087.2
2007,12,NJ,4088.8
2008,1,NJ,4097.0
2008,2,NJ,4095.1
2008,3,NJ,4093.5
2008,4,NJ,4082.9
2008,5,NJ,4073.8
2008,6,NJ,4068.2
2008,7,NJ,4055.1
2008,8,NJ,4042.5
2008,9,NJ,4033.9
2008,10,NJ,4015.9
2008,11,NJ,3996.1
2008,12,NJ,3977.2
2009,1,NJ,3961.1
2009,2,NJ,3946.5
2009,3,NJ,3923.5
2009,4,NJ,3901.6
2009,5,NJ,3905.3
2009,6,NJ,3893.3
2009,7,NJ,3880.1
2009,8,NJ,3877.9
2009,9,NJ,3872.3
2009,10,NJ,3862.4
2009,11,NJ,3864.2
2009,12,NJ,3864.3
2010,1,NJ,3855.2
2010,2,NJ,3841.9
2010,3,NJ,3844.8
2010,4,NJ,3859.6
2010,5,NJ,3869.0
2010,6,NJ,3865.0
2010,7,NJ,3854.7
2010,8,NJ,3847.9
2010,9,NJ,3835.5
2010,10,NJ,3844.0
2010,11,NJ,3840.4
2010,12,NJ,3841.2
2011,1,NJ,3835.0
2011,2,NJ,3838.5
2011,3,NJ,3839.0
2011,4,NJ,3844.3
2011,5,NJ,3840.4
2011,6,NJ,3839.5
2011,7,NJ,3852.7
2011,8,NJ,3846.5
2011,9,NJ,3854.8
2011,10,NJ,3856.4
2011,11,NJ,3859.4
2011,12,NJ,3862.7
2012,1,NJ,3875.5
2012,2,NJ,3883.0
2012,3,NJ,3893.9
2012,4,NJ,3874.0
2012,5,NJ,3881.3
2012,6,NJ,3890.5
2012,7,NJ,3885.8
2012,8,NJ,3891.6
2012,9,NJ,3898.9
2012,10,NJ,3902.5
2012,11,NJ,3885.4
2012,12,NJ,3905.8
2013,1,NJ,3922.2
2013,2,NJ,3927.6
2013,3,NJ,3933.0
2013,4,NJ,3918.9
2013,5,NJ,3923.5
2013,6,NJ,3932.4
2013,7,NJ,3934.8
2013,8,NJ,3943.8
2013,9,NJ,3943.7
2013,10,NJ,3945.2
2013,11,NJ,3949.3
2013,12,NJ,3944.9
2014,1,NJ,3943.6
2014,2,NJ,3939.8
2014,3,NJ,3941.0
2014,4,NJ,3962.6
2014,5,NJ,3970.7
2014,6,NJ,3967.6
2014,7,NJ,3971.7
2014,8,NJ,3971.7
2014,9,NJ,3976.4
2014,10,NJ,3976.2
2014,11,NJ,3983.0
2014,12,NJ,3987.7
2015,1,NJ,3979.9
2015,2,NJ,3983.2
2015,3,NJ,3985.6
2015,4,NJ,3986.9
2015,5,NJ,4002.6
2015,6,NJ,4003.1
2015,7,NJ,4013.4
2015,8,NJ,4019.1
2015,9,NJ,4020.2
2015,10,NJ,4031.3
2015,11,NJ,4038.8
2015,12,NJ,4039.6
2016,1,NJ,4034.7
2016,2,NJ,4043.7
2016,3,NJ,4053.9
2016,4,NJ,4056.1
2016,5,NJ,4054.6
2016,6,NJ,4058.3
2016,7,NJ,4077.8
2016,8,NJ,4079.6
2016,9,NJ,4092.0
2016,10,NJ,4090.0
2016,11,NJ,4093.9
2016,12,NJ,4099.2
2017,1,NJ,4102.2
2017,2,NJ,4107.1
2017,3,NJ,4107.1
2017,4,NJ,4106.7
2017,5,NJ,4121.3
2017,6,NJ,4128.6
2017,7,NJ,4124.1
2017,8,NJ,4129.3
2017,9,NJ,4139.9
2017,10,NJ,4141.0
2017,11,NJ,4141.9
2017,12,NJ,4148.2
2018,1,NJ,4139.0
2018,2,NJ,4151.4
2018,3,NJ,4148.1
2018,4,NJ,4151.3
2018,5,NJ,4157.8
2018,6,NJ,4164.0
2018,7,NJ,4165.2
2018,8,NJ,4164.1
2018,9,NJ,4165.2
2018,10,NJ,4175.7
2018,11,NJ,4184.2
2018,12,NJ,4181.8
2019,1,NJ,4187.8
2019,2,NJ,4187.5
2019,3,NJ,4192.9
2019,4,NJ,4196.3
2019,5,NJ,4193.8
2019,6,NJ,4200.7
2019,7,NJ,4206.2
2019,8,NJ,4201.4
2019,9,NJ,4201.5
2019,10,NJ,4203.0
2019,11,NJ,4215.3
2019,12,NJ,4212.1
2020,1,NJ,4219.6
2020,2,NJ,4225.1
2020,3,NJ,4195.3
2020,4,NJ,3501.4
2020,5,NJ,3515.6
2020,6,NJ,3576.6
2020,7,NJ,3706.4
2020,8,NJ,3780.1
2020,9,NJ,3870.2
2020,10,NJ,3901.5
2020,11,NJ,3906.0
2020,12,NJ,3910.0
2021,1,NJ,3931.0
2021,2,NJ,3941.1
2021,3,NJ,3961.4
2021,4,NJ,3983.7
2021,5,NJ,3995.2
2021,6,NJ,4011.1
2021,7,NJ,4050.0
2021,8,NJ,4057.4
2021,9,NJ,4074.5
2021,10,NJ,4135.3
2021,11,NJ,4154.2
2021,12,NJ,4174.4
2022,1,NJ,4176.6
2022,2,NJ,4209.5
2022,3,NJ,4222.3
2022,4,NJ,4227.8
2022,5,NJ,4232.3
2022,6,NJ,4233.5
2022,7,NJ,4261.2
2022,8,NJ,4266.4
2022,9,NJ,4265.7
2022,10,NJ,4273.9
2022,11,NJ,4287.2
2022,12,NJ,4289.8
2023,1,NJ,4307.1
2023,2,NJ,4309.7
2023,3,NJ,4309.5
2023,4,NJ,4296.4
2023,5,NJ,4316.4
2023,6,NJ,4330.4
2023,7,NJ,4327.1
2023,8,NJ,4332.6
2023,9,NJ,4346.1
2023,10,NJ,4338.4
2023,11,NJ,4345.0
2023,12,NJ,4354.0
2024,1,NJ,4351.5
2024,2,NJ,4356.2
2024,3,NJ,4360.0
2024,4,NJ,4362.3
2024,5,NJ,4369.2
2024,6,NJ,4375.6
2024,7,NJ,4360.6
2024,8,NJ,4360.3
2024,9,NJ,4375.4
2024,10,NJ,4375.9
2024,11,NJ,4375.4
2024,12,NJ,4393.2
2025,1,NJ,4384.3
2025,2,NJ,4396.7
2025,3,NJ,4393.3
2025,4,NJ,4394.5
2025,5,NJ,4392.3
2025,6,NJ,4377.9
2025,7,NJ,4384.3
2025,8,NJ,4390.9
2025,9,NJ,4401.3
2025,10,NJ,4397.7
2025,11,NJ,4396.5
2025,12,NJ,4402.2
1990,1,NM,572.6
1990,2,NM,572.8
1990,3,NM,575.3
1990,4,NM,579.8
1990,5,NM,581.7
1990,6,NM,585.7
1990,7,NM,581.5
1990,8,NM,582.0
1990,9,NM,581.5
1990,10,NM,582.2
1990,11,NM,586.1
1990,12,NM,582.5
1991,1,NM,582.0
1991,2,NM,582.8
1991,3,NM,581.8
1991,4,NM,583.0
1991,5,NM,583.4
1991,6,NM,584.3
1991,7,NM,587.1
1991,8,NM,587.6
1991,9,NM,589.3
1991,10,NM,587.3
1991,11,NM,587.4
1991,12,NM,589.3
1992,1,NM,590.9
1992,2,NM,591.7
1992,3,NM,593.5
1992,4,NM,595.8
1992,5,NM,597.8
1992,6,NM,602.2
1992,7,NM,603.5
1992,8,NM,604.0
1992,9,NM,606.1
1992,10,NM,608.0
1992,11,NM,614.0
1992,12,NM,610.5
1993,1,NM,611.5
1993,2,NM,614.0
1993,3,NM,616.4
1993,4,NM,621.2
1993,5,NM,621.4
1993,6,NM,624.5
1993,7,NM,625.3
1993,8,NM,627.8
1993,9,NM,633.1
1993,10,NM,638.1
1993,11,NM,638.9
1993,12,NM,641.9
1994,1,NM,642.0
1994,2,NM,644.9
1994,3,NM,647.0
1994,4,NM,649.0
1994,5,NM,651.2
1994,6,NM,656.2
1994,7,NM,661.1
1994,8,NM,660.5
1994,9,NM,663.4
1994,10,NM,665.2
1994,11,NM,672.0
1994,12,NM,674.0
1995,1,NM,677.6
1995,2,NM,679.3
1995,3,NM,679.5
1995,4,NM,678.8
1995,5,NM,680.6
1995,6,NM,683.1
1995,7,NM,681.5
1995,8,NM,683.9
1995,9,NM,685.6
1995,10,NM,685.1
1995,11,NM,686.8
1995,12,NM,687.5
1996,1,NM,688.3
1996,2,NM,689.9
1996,3,NM,689.9
1996,4,NM,692.8
1996,5,NM,693.5
1996,6,NM,694.5
1996,7,NM,695.1
1996,8,NM,694.3
1996,9,NM,696.1
1996,10,NM,698.5
1996,11,NM,700.3
1996,12,NM,701.7
1997,1,NM,699.9
1997,2,NM,701.7
1997,3,NM,701.5
1997,4,NM,704.7
1997,5,NM,706.6
1997,6,NM,707.9
1997,7,NM,710.7
1997,8,NM,710.6
1997,9,NM,712.0
1997,10,NM,714.5
1997,11,NM,716.1
1997,12,NM,717.8
1998,1,NM,716.5
1998,2,NM,718.4
1998,3,NM,718.8
1998,4,NM,718.8
1998,5,NM,720.2
1998,6,NM,720.9
1998,7,NM,721.2
1998,8,NM,720.3
1998,9,NM,720.9
1998,10,NM,719.6
1998,11,NM,721.4
1998,12,NM,722.9
1999,1,NM,724.7
1999,2,NM,724.0
1999,3,NM,724.9
1999,4,NM,726.0
1999,5,NM,727.0
1999,6,NM,729.8
1999,7,NM,730.7
1999,8,NM,732.8
1999,9,NM,734.0
1999,10,NM,735.0
1999,11,NM,734.8
1999,12,NM,734.5
2000,1,NM,735.8
2000,2,NM,737.6
2000,3,NM,740.4
2000,4,NM,742.2
2000,5,NM,743.7
2000,6,NM,742.3
2000,7,NM,745.5
2000,8,NM,747.6
2000,9,NM,748.5
2000,10,NM,749.0
2000,11,NM,751.6
2000,12,NM,753.5
2001,1,NM,752.8
2001,2,NM,754.8
2001,3,NM,757.1
2001,4,NM,757.0
2001,5,NM,758.0
2001,6,NM,759.1
2001,7,NM,758.3
2001,8,NM,758.8
2001,9,NM,758.9
2001,10,NM,756.5
2001,11,NM,757.2
2001,12,NM,757.0
2002,1,NM,760.7
2002,2,NM,760.5
2002,3,NM,762.4
2002,4,NM,764.3
2002,5,NM,765.2
2002,6,NM,766.9
2002,7,NM,767.4
2002,8,NM,767.6
2002,9,NM,769.4
2002,10,NM,767.1
2002,11,NM,769.2
2002,12,NM,770.4
2003,1,NM,772.5
2003,2,NM,772.1
2003,3,NM,771.5
2003,4,NM,772.7
2003,5,NM,772.5
2003,6,NM,774.1
2003,7,NM,776.0
2003,8,NM,776.6
2003,9,NM,776.9
2003,10,NM,778.7
2003,11,NM,780.5
2003,12,NM,781.3
2004,1,NM,782.6
2004,2,NM,784.1
2004,3,NM,785.1
2004,4,NM,786.5
2004,5,NM,788.3
2004,6,NM,788.8
2004,7,NM,790.9
2004,8,NM,790.8
2004,9,NM,789.7
2004,10,NM,796.9
2004,11,NM,797.7
2004,12,NM,799.2
2005,1,NM,798.7
2005,2,NM,799.7
2005,3,NM,800.1
2005,4,NM,804.9
2005,5,NM,805.8
2005,6,NM,805.5
2005,7,NM,809.8
2005,8,NM,811.1
2005,9,NM,812.6
2005,10,NM,813.1
2005,11,NM,817.1
2005,12,NM,818.2
2006,1,NM,821.5
2006,2,NM,825.4
2006,3,NM,828.4
2006,4,NM,828.9
2006,5,NM,830.7
2006,6,NM,833.9
2006,7,NM,832.5
2006,8,NM,833.2
2006,9,NM,835.7
2006,10,NM,833.4
2006,11,NM,836.1
2006,12,NM,837.7
2007,1,NM,836.9
2007,2,NM,839.4
2007,3,NM,843.6
2007,4,NM,840.0
2007,5,NM,840.9
2007,6,NM,842.8
2007,7,NM,842.4
2007,8,NM,843.6
2007,9,NM,844.0
2007,10,NM,845.6
2007,11,NM,846.9
2007,12,NM,848.5
2008,1,NM,846.5
2008,2,NM,848.7
2008,3,NM,848.8
2008,4,NM,848.7
2008,5,NM,847.6
2008,6,NM,847.9
2008,7,NM,846.4
2008,8,NM,847.1
2008,9,NM,847.7
2008,10,NM,844.5
2008,11,NM,840.7
2008,12,NM,835.3
2009,1,NM,829.1
2009,2,NM,823.7
2009,3,NM,817.2
2009,4,NM,812.7
2009,5,NM,812.2
2009,6,NM,810.0
2009,7,NM,808.3
2009,8,NM,808.4
2009,9,NM,806.3
2009,10,NM,803.1
2009,11,NM,802.1
2009,12,NM,801.1
2010,1,NM,800.2
2010,2,NM,800.5
2010,3,NM,801.3
2010,4,NM,803.0
2010,5,NM,805.6
2010,6,NM,807.8
2010,7,NM,805.8
2010,8,NM,802.1
2010,9,NM,796.6
2010,10,NM,799.7
2010,11,NM,799.2
2010,12,NM,800.4
2011,1,NM,798.3
2011,2,NM,799.9
2011,3,NM,800.7
2011,4,NM,801.5
2011,5,NM,801.7
2011,6,NM,802.6
2011,7,NM,804.6
2011,8,NM,800.7
2011,9,NM,800.9
2011,10,NM,797.8
2011,11,NM,797.6
2011,12,NM,798.3
2012,1,NM,796.1
2012,2,NM,799.3
2012,3,NM,802.0
2012,4,NM,799.8
2012,5,NM,800.6
2012,6,NM,803.8
2012,7,NM,801.8
2012,8,NM,800.3
2012,9,NM,803.1
2012,10,NM,810.2
2012,11,NM,809.8
2012,12,NM,808.0
2013,1,NM,808.9
2013,2,NM,809.4
2013,3,NM,808.5
2013,4,NM,811.0
2013,5,NM,812.3
2013,6,NM,808.1
2013,7,NM,808.2
2013,8,NM,809.4
2013,9,NM,810.0
2013,10,NM,810.6
2013,11,NM,810.4
2013,12,NM,811.7
2014,1,NM,813.9
2014,2,NM,812.7
2014,3,NM,812.1
2014,4,NM,814.1
2014,5,NM,818.0
2014,6,NM,815.0
2014,7,NM,818.7
2014,8,NM,820.1
2014,9,NM,820.2
2014,10,NM,823.5
2014,11,NM,824.1
2014,12,NM,825.2
2015,1,NM,824.8
2015,2,NM,824.9
2015,3,NM,825.0
2015,4,NM,822.0
2015,5,NM,823.5
2015,6,NM,824.1
2015,7,NM,824.7
2015,8,NM,824.8
2015,9,NM,824.3
2015,10,NM,825.2
2015,11,NM,826.1
2015,12,NM,823.6
2016,1,NM,825.5
2016,2,NM,827.6
2016,3,NM,825.2
2016,4,NM,826.0
2016,5,NM,825.6
2016,6,NM,823.7
2016,7,NM,825.7
2016,8,NM,825.1
2016,9,NM,827.2
2016,10,NM,823.5
2016,11,NM,823.2
2016,12,NM,826.4
2017,1,NM,825.3
2017,2,NM,825.6
2017,3,NM,827.4
2017,4,NM,828.6
2017,5,NM,827.2
2017,6,NM,831.1
2017,7,NM,829.0
2017,8,NM,829.2
2017,9,NM,831.1
2017,10,NM,828.6
2017,11,NM,830.4
2017,12,NM,833.0
2018,1,NM,834.3
2018,2,NM,835.7
2018,3,NM,837.0
2018,4,NM,838.9
2018,5,NM,838.8
2018,6,NM,843.9
2018,7,NM,841.8
2018,8,NM,843.3
2018,9,NM,844.2
2018,10,NM,843.0
2018,11,NM,845.2
2018,12,NM,845.8
2019,1,NM,848.0
2019,2,NM,850.4
2019,3,NM,851.3
2019,4,NM,850.3
2019,5,NM,852.1
2019,6,NM,854.0
2019,7,NM,857.1
2019,8,NM,858.4
2019,9,NM,858.3
2019,10,NM,859.4
2019,11,NM,860.5
2019,12,NM,861.8
2020,1,NM,863.3
2020,2,NM,861.0
2020,3,NM,858.9
2020,4,NM,758.1
2020,5,NM,758.0
2020,6,NM,776.3
2020,7,NM,779.4
2020,8,NM,779.9
2020,9,NM,788.7
2020,10,NM,795.3
2020,11,NM,793.2
2020,12,NM,782.9
2021,1,NM,785.4
2021,2,NM,791.0
2021,3,NM,799.8
2021,4,NM,803.3
2021,5,NM,808.7
2021,6,NM,810.4
2021,7,NM,822.4
2021,8,NM,823.9
2021,9,NM,825.5
2021,10,NM,835.2
2021,11,NM,835.9
2021,12,NM,836.8
2022,1,NM,835.1
2022,2,NM,839.2
2022,3,NM,842.0
2022,4,NM,846.4
2022,5,NM,846.2
2022,6,NM,840.8
2022,7,NM,852.8
2022,8,NM,857.2
2022,9,NM,859.4
2022,10,NM,860.6
2022,11,NM,861.3
2022,12,NM,864.5
2023,1,NM,867.9
2023,2,NM,869.3
2023,3,NM,870.3
2023,4,NM,872.9
2023,5,NM,873.1
2023,6,NM,878.3
2023,7,NM,874.6
2023,8,NM,876.7
2023,9,NM,877.9
2023,10,NM,878.8
2023,11,NM,882.1
2023,12,NM,886.2
2024,1,NM,885.4
2024,2,NM,887.9
2024,3,NM,888.7
2024,4,NM,885.1
2024,5,NM,885.4
2024,6,NM,889.2
2024,7,NM,885.2
2024,8,NM,888.0
2024,9,NM,888.4
2024,10,NM,889.8
2024,11,NM,893.4
2024,12,NM,895.7
2025,1,NM,899.1
2025,2,NM,899.5
2025,3,NM,899.4
2025,4,NM,899.7
2025,5,NM,903.7
2025,6,NM,906.7
2025,7,NM,907.9
2025,8,NM,904.5
2025,9,NM,904.4
2025,10,NM,904.2
2025,11,NM,905.7
2025,12,NM,904.3
1990,1,NY,8264.6
1990,2,NY,8263.7
1990,3,NY,8267.6
1990,4,NY,8244.6
1990,5,NY,8255.6
1990,6,NY,8233.4
1990,7,NY,8209.2
1990,8,NY,8201.7
1990,9,NY,8180.4
1990,10,NY,8135.3
1990,11,NY,8105.8
1990,12,NY,8088.2
1991,1,NY,8011.6
1991,2,NY,7980.5
1991,3,NY,7957.4
1991,4,NY,7934.1
1991,5,NY,7911.9
1991,6,NY,7899.2
1991,7,NY,7839.2
1991,8,NY,7831.5
1991,9,NY,7814.8
1991,10,NY,7810.7
1991,11,NY,7800.3
1991,12,NY,7775.5
1992,1,NY,7761.6
1992,2,NY,7748.8
1992,3,NY,7734.9
1992,4,NY,7740.5
1992,5,NY,7731.4
1992,6,NY,7718.0
1992,7,NY,7719.4
1992,8,NY,7711.5
1992,9,NY,7702.0
1992,10,NY,7699.1
1992,11,NY,7690.5
1992,12,NY,7693.9
1993,1,NY,7726.3
1993,2,NY,7732.1
1993,3,NY,7715.8
1993,4,NY,7723.9
1993,5,NY,7738.8
1993,6,NY,7745.7
1993,7,NY,7772.2
1993,8,NY,7764.5
1993,9,NY,7754.5
1993,10,NY,7765.3
1993,11,NY,7769.7
1993,12,NY,7786.6
1994,1,NY,7772.2
1994,2,NY,7770.1
1994,3,NY,7782.9
1994,4,NY,7789.9
1994,5,NY,7802.0
1994,6,NY,7804.8
1994,7,NY,7832.0
1994,8,NY,7840.5
1994,9,NY,7838.4
1994,10,NY,7853.2
1994,11,NY,7867.6
1994,12,NY,7869.9
1995,1,NY,7887.6
1995,2,NY,7884.9
1995,3,NY,7891.6
1995,4,NY,7887.8
1995,5,NY,7868.7
1995,6,NY,7870.2
1995,7,NY,7868.0
1995,8,NY,7881.0
1995,9,NY,7881.7
1995,10,NY,7870.0
1995,11,NY,7878.4
1995,12,NY,7879.8
1996,1,NY,7861.4
1996,2,NY,7898.2
1996,3,NY,7897.7
1996,4,NY,7896.4
1996,5,NY,7918.0
1996,6,NY,7927.4
1996,7,NY,7917.3
1996,8,NY,7929.4
1996,9,NY,7943.8
1996,10,NY,7958.6
1996,11,NY,7968.7
1996,12,NY,7977.2
1997,1,NY,7975.8
1997,2,NY,7987.5
1997,3,NY,8014.4
1997,4,NY,8019.4
1997,5,NY,8027.3
1997,6,NY,8035.4
1997,7,NY,8069.8
1997,8,NY,8068.8
1997,9,NY,8101.5
1997,10,NY,8111.8
1997,11,NY,8122.4
1997,12,NY,8142.3
1998,1,NY,8134.4
1998,2,NY,8163.8
1998,3,NY,8176.5
1998,4,NY,8168.8
1998,5,NY,8205.8
1998,6,NY,8217.3
1998,7,NY,8225.5
1998,8,NY,8245.8
1998,9,NY,8254.3
1998,10,NY,8270.3
1998,11,NY,8289.1
1998,12,NY,8305.0
1999,1,NY,8361.9
1999,2,NY,8386.0
1999,3,NY,8386.3
1999,4,NY,8418.2
1999,5,NY,8424.8
1999,6,NY,8438.0
1999,7,NY,8455.8
1999,8,NY,8472.1
1999,9,NY,8455.3
1999,10,NY,8489.4
1999,11,NY,8509.7
1999,12,NY,8533.4
2000,1,NY,8538.3
2000,2,NY,8544.9
2000,3,NY,8567.9
2000,4,NY,8606.7
2000,5,NY,8617.0
2000,6,NY,8610.9
2000,7,NY,8638.0
2000,8,NY,8606.5
2000,9,NY,8659.3
2000,10,NY,8667.5
2000,11,NY,8675.2
2000,12,NY,8682.6
2001,1,NY,8673.9
2001,2,NY,8666.7
2001,3,NY,8657.9
2001,4,NY,8626.6
2001,5,NY,8628.0
2001,6,NY,8614.4
2001,7,NY,8579.7
2001,8,NY,8558.2
2001,9,NY,8547.5
2001,10,NY,8458.9
2001,11,NY,8454.0
2001,12,NY,8442.5
2002,1,NY,8444.7
2002,2,NY,8449.0
2002,3,NY,8449.4
2002,4,NY,8453.2
2002,5,NY,8457.9
2002,6,NY,8451.9
2002,7,NY,8456.6
2002,8,NY,8458.1
2002,9,NY,8442.8
2002,10,NY,8446.4
2002,11,NY,8441.2
2002,12,NY,8438.0
2003,1,NY,8425.4
2003,2,NY,8417.2
2003,3,NY,8412.0
2003,4,NY,8399.9
2003,5,NY,8399.8
2003,6,NY,8394.1
2003,7,NY,8382.3
2003,8,NY,8381.2
2003,9,NY,8390.9
2003,10,NY,8391.7
2003,11,NY,8401.7
2003,12,NY,8398.0
2004,1,NY,8392.6
2004,2,NY,8408.3
2004,3,NY,8431.3
2004,4,NY,8414.5
2004,5,NY,8445.0
2004,6,NY,8456.6
2004,7,NY,8463.2
2004,8,NY,8467.3
2004,9,NY,8471.0
2004,10,NY,8486.8
2004,11,NY,8485.0
2004,12,NY,8494.2
2005,1,NY,8490.6
2005,2,NY,8487.2
2005,3,NY,8483.7
2005,4,NY,8518.8
2005,5,NY,8510.3
2005,6,NY,8513.6
2005,7,NY,8531.8
2005,8,NY,8542.2
2005,9,NY,8552.4
2005,10,NY,8528.7
2005,11,NY,8543.6
2005,12,NY,8560.0
2006,1,NY,8562.0
2006,2,NY,8563.6
2006,3,NY,8580.3
2006,4,NY,8588.9
2006,5,NY,8592.4
2006,6,NY,8600.1
2006,7,NY,8599.2
2006,8,NY,8603.0
2006,9,NY,8617.0
2006,10,NY,8627.1
2006,11,NY,8646.3
2006,12,NY,8666.6
2007,1,NY,8686.5
2007,2,NY,8685.8
2007,3,NY,8696.5
2007,4,NY,8687.8
2007,5,NY,8705.8
2007,6,NY,8721.4
2007,7,NY,8722.1
2007,8,NY,8720.8
2007,9,NY,8721.1
2007,10,NY,8749.3
2007,11,NY,8762.0
2007,12,NY,8768.4
2008,1,NY,8790.4
2008,2,NY,8790.8
2008,3,NY,8789.9
2008,4,NY,8806.1
2008,5,NY,8803.3
2008,6,NY,8804.7
2008,7,NY,8812.2
2008,8,NY,8801.0
2008,9,NY,8777.7
2008,10,NY,8750.0
2008,11,NY,8723.7
2008,12,NY,8694.9
2009,1,NY,8652.1
2009,2,NY,8628.9
2009,3,NY,8594.7
2009,4,NY,8528.0
2009,5,NY,8535.4
2009,6,NY,8520.7
2009,7,NY,8554.0
2009,8,NY,8537.1
2009,9,NY,8491.6
2009,10,NY,8474.9
2009,11,NY,8478.6
2009,12,NY,8478.0
2010,1,NY,8487.1
2010,2,NY,8490.2
2010,3,NY,8509.7
2010,4,NY,8545.3
2010,5,NY,8580.0
2010,6,NY,8565.6
2010,7,NY,8556.6
2010,8,NY,8530.9
2010,9,NY,8536.3
2010,10,NY,8571.2
2010,11,NY,8579.8
2010,12,NY,8582.7
2011,1,NY,8642.6
2011,2,NY,8645.2
2011,3,NY,8652.1
2011,4,NY,8685.7
2011,5,NY,8672.4
2011,6,NY,8674.2
2011,7,NY,8704.8
2011,8,NY,8693.5
2011,9,NY,8721.3
2011,10,NY,8717.0
2011,11,NY,8730.4
2011,12,NY,8746.0
2012,1,NY,8774.4
2012,2,NY,8793.4
2012,3,NY,8808.9
2012,4,NY,8799.4
2012,5,NY,8819.5
2012,6,NY,8817.9
2012,7,NY,8801.9
2012,8,NY,8819.8
2012,9,NY,8842.8
2012,10,NY,8857.0
2012,11,NY,8828.6
2012,12,NY,8873.1
2013,1,NY,8883.6
2013,2,NY,8893.3
2013,3,NY,8911.8
2013,4,NY,8936.7
2013,5,NY,8936.8
2013,6,NY,8944.2
2013,7,NY,8957.4
2013,8,NY,8964.1
2013,9,NY,8998.1
2013,10,NY,9010.1
2013,11,NY,9025.0
2013,12,NY,9030.0
2014,1,NY,9018.2
2014,2,NY,9045.2
2014,3,NY,9060.2
2014,4,NY,9086.9
2014,5,NY,9111.6
2014,6,NY,9127.7
2014,7,NY,9140.3
2014,8,NY,9158.0
2014,9,NY,9162.7
2014,10,NY,9173.0
2014,11,NY,9189.1
2014,12,NY,9204.0
2015,1,NY,9214.2
2015,2,NY,9217.4
2015,3,NY,9226.5
2015,4,NY,9232.9
2015,5,NY,9279.9
2015,6,NY,9292.2
2015,7,NY,9309.8
2015,8,NY,9316.4
2015,9,NY,9318.1
2015,10,NY,9345.5
2015,11,NY,9358.0
2015,12,NY,9367.4
2016,1,NY,9374.2
2016,2,NY,9382.9
2016,3,NY,9407.5
2016,4,NY,9423.4
2016,5,NY,9403.8
2016,6,NY,9416.3
2016,7,NY,9451.3
2016,8,NY,9455.3
2016,9,NY,9468.2
2016,10,NY,9466.5
2016,11,NY,9471.5
2016,12,NY,9491.4
2017,1,NY,9513.6
2017,2,NY,9522.0
2017,3,NY,9520.0
2017,4,NY,9520.6
2017,5,NY,9542.5
2017,6,NY,9560.5
2017,7,NY,9564.2
2017,8,NY,9578.6
2017,9,NY,9590.6
2017,10,NY,9598.8
2017,11,NY,9608.9
2017,12,NY,9622.4
2018,1,NY,9611.6
2018,2,NY,9643.5
2018,3,NY,9652.1
2018,4,NY,9650.4
2018,5,NY,9667.7
2018,6,NY,9696.6
2018,7,NY,9691.1
2018,8,NY,9699.7
2018,9,NY,9700.3
2018,10,NY,9730.0
2018,11,NY,9736.3
2018,12,NY,9744.3
2019,1,NY,9758.2
2019,2,NY,9764.0
2019,3,NY,9779.4
2019,4,NY,9791.2
2019,5,NY,9791.4
2019,6,NY,9799.2
2019,7,NY,9785.2
2019,8,NY,9785.9
2019,9,NY,9804.6
2019,10,NY,9793.9
2019,11,NY,9810.4
2019,12,NY,9809.0
2020,1,NY,9828.0
2020,2,NY,9835.0
2020,3,NY,9720.7
2020,4,NY,7852.8
2020,5,NY,8010.2
2020,6,NY,8250.9
2020,7,NY,8367.4
2020,8,NY,8574.9
2020,9,NY,8778.2
2020,10,NY,8845.6
2020,11,NY,8857.3
2020,12,NY,8828.8
2021,1,NY,8824.2
2021,2,NY,8849.2
2021,3,NY,8910.7
2021,4,NY,8947.1
2021,5,NY,8970.7
2021,6,NY,8997.4
2021,7,NY,9057.3
2021,8,NY,9085.7
2021,9,NY,9148.0
2021,10,NY,9274.9
2021,11,NY,9317.1
2021,12,NY,9363.6
2022,1,NY,9349.9
2022,2,NY,9407.0
2022,3,NY,9432.5
2022,4,NY,9428.7
2022,5,NY,9461.2
2022,6,NY,9488.7
2022,7,NY,9559.8
2022,8,NY,9587.4
2022,9,NY,9583.1
2022,10,NY,9598.4
2022,11,NY,9614.4
2022,12,NY,9617.1
2023,1,NY,9659.8
2023,2,NY,9660.6
2023,3,NY,9666.9
2023,4,NY,9661.5
2023,5,NY,9693.5
2023,6,NY,9723.2
2023,7,NY,9723.6
2023,8,NY,9732.3
2023,9,NY,9748.9
2023,10,NY,9743.9
2023,11,NY,9748.1
2023,12,NY,9773.7
2024,1,NY,9800.1
2024,2,NY,9813.4
2024,3,NY,9840.4
2024,4,NY,9860.0
2024,5,NY,9869.2
2024,6,NY,9871.5
2024,7,NY,9869.9
2024,8,NY,9883.5
2024,9,NY,9908.8
2024,10,NY,9891.9
2024,11,NY,9908.8
2024,12,NY,9946.5
2025,1,NY,9960.2
2025,2,NY,9960.3
2025,3,NY,9958.9
2025,4,NY,9964.5
2025,5,NY,9963.4
2025,6,NY,9967.8
2025,7,NY,10024.7
2025,8,NY,10009.1
2025,9,NY,9980.9
2025,10,NY,9979.6
2025,11,NY,10001.3
2025,12,NY,10020.4
1990,1,NC,3118.3
1990,2,NC,3131.6
1990,3,NC,3138.4
1990,4,NC,3136.7
1990,5,NC,3133.1
1990,6,NC,3131.7
1990,7,NC,3127.6
1990,8,NC,3115.9
1990,9,NC,3116.5
1990,10,NC,3100.9
1990,11,NC,3105.9
1990,12,NC,3096.5
1991,1,NC,3083.9
1991,2,NC,3072.7
1991,3,NC,3064.6
1991,4,NC,3065.6
1991,5,NC,3064.4
1991,6,NC,3060.1
1991,7,NC,3070.6
1991,8,NC,3073.2
1991,9,NC,3078.1
1991,10,NC,3086.6
1991,11,NC,3083.7
1991,12,NC,3083.9
1992,1,NC,3095.2
1992,2,NC,3100.4
1992,3,NC,3107.8
1992,4,NC,3115.3
1992,5,NC,3130.4
1992,6,NC,3141.4
1992,7,NC,3146.2
1992,8,NC,3156.0
1992,9,NC,3165.2
1992,10,NC,3174.6
1992,11,NC,3184.2
1992,12,NC,3192.0
1993,1,NC,3202.1
1993,2,NC,3218.1
1993,3,NC,3216.9
1993,4,NC,3234.8
1993,5,NC,3239.2
1993,6,NC,3246.9
1993,7,NC,3262.7
1993,8,NC,3262.0
1993,9,NC,3267.5
1993,10,NC,3273.8
1993,11,NC,3287.1
1993,12,NC,3293.2
1994,1,NC,3293.9
1994,2,NC,3300.5
1994,3,NC,3315.3
1994,4,NC,3325.6
1994,5,NC,3332.2
1994,6,NC,3348.4
1994,7,NC,3353.5
1994,8,NC,3359.3
1994,9,NC,3379.7
1994,10,NC,3382.5
1994,11,NC,3395.2
1994,12,NC,3402.2
1995,1,NC,3415.6
1995,2,NC,3418.4
1995,3,NC,3428.9
1995,4,NC,3431.5
1995,5,NC,3434.0
1995,6,NC,3446.8
1995,7,NC,3449.1
1995,8,NC,3445.4
1995,9,NC,3465.1
1995,10,NC,3476.0
1995,11,NC,3480.8
1995,12,NC,3489.4
1996,1,NC,3468.9
1996,2,NC,3492.9
1996,3,NC,3504.4
1996,4,NC,3511.7
1996,5,NC,3528.0
1996,6,NC,3541.5
1996,7,NC,3533.1
1996,8,NC,3536.0
1996,9,NC,3545.6
1996,10,NC,3561.5
1996,11,NC,3574.9
1996,12,NC,3586.2
1997,1,NC,3596.1
1997,2,NC,3604.5
1997,3,NC,3616.2
1997,4,NC,3629.6
1997,5,NC,3636.5
1997,6,NC,3645.5
1997,7,NC,3648.3
1997,8,NC,3648.5
1997,9,NC,3674.2
1997,10,NC,3679.7
1997,11,NC,3694.3
1997,12,NC,3701.5
1998,1,NC,3702.3
1998,2,NC,3710.1
1998,3,NC,3716.3
1998,4,NC,3730.1
1998,5,NC,3740.3
1998,6,NC,3752.9
1998,7,NC,3752.1
1998,8,NC,3769.5
1998,9,NC,3778.0
1998,10,NC,3782.7
1998,11,NC,3794.4
1998,12,NC,3800.3
1999,1,NC,3810.9
1999,2,NC,3825.7
1999,3,NC,3826.0
1999,4,NC,3830.0
1999,5,NC,3825.7
1999,6,NC,3823.3
1999,7,NC,3841.7
1999,8,NC,3851.8
1999,9,NC,3847.1
1999,10,NC,3868.6
1999,11,NC,3874.6
1999,12,NC,3883.9
2000,1,NC,3877.6
2000,2,NC,3882.4
2000,3,NC,3899.1
2000,4,NC,3905.1
2000,5,NC,3913.3
2000,6,NC,3923.7
2000,7,NC,3922.3
2000,8,NC,3926.1
2000,9,NC,3921.0
2000,10,NC,3910.9
2000,11,NC,3917.5
2000,12,NC,3912.7
2001,1,NC,3936.3
2001,2,NC,3933.6
2001,3,NC,3924.5
2001,4,NC,3909.4
2001,5,NC,3901.4
2001,6,NC,3889.3
2001,7,NC,3886.3
2001,8,NC,3876.9
2001,9,NC,3860.4
2001,10,NC,3851.4
2001,11,NC,3841.2
2001,12,NC,3830.5
2002,1,NC,3835.1
2002,2,NC,3835.4
2002,3,NC,3837.4
2002,4,NC,3844.0
2002,5,NC,3839.7
2002,6,NC,3827.7
2002,7,NC,3837.1
2002,8,NC,3832.4
2002,9,NC,3824.9
2002,10,NC,3825.1
2002,11,NC,3818.6
2002,12,NC,3811.6
2003,1,NC,3800.1
2003,2,NC,3793.2
2003,3,NC,3786.4
2003,4,NC,3787.8
2003,5,NC,3787.7
2003,6,NC,3782.9
2003,7,NC,3763.7
2003,8,NC,3765.7
2003,9,NC,3770.7
2003,10,NC,3785.3
2003,11,NC,3779.6
2003,12,NC,3783.4
2004,1,NC,3783.3
2004,2,NC,3787.2
2004,3,NC,3794.9
2004,4,NC,3806.0
2004,5,NC,3818.2
2004,6,NC,3822.9
2004,7,NC,3836.2
2004,8,NC,3845.9
2004,9,NC,3855.0
2004,10,NC,3853.5
2004,11,NC,3858.4
2004,12,NC,3870.6
2005,1,NC,3879.3
2005,2,NC,3886.7
2005,3,NC,3887.6
2005,4,NC,3892.8
2005,5,NC,3892.3
2005,6,NC,3888.1
2005,7,NC,3903.7
2005,8,NC,3912.7
2005,9,NC,3927.1
2005,10,NC,3928.9
2005,11,NC,3937.2
2005,12,NC,3942.9
2006,1,NC,3968.5
2006,2,NC,3972.3
2006,3,NC,3980.5
2006,4,NC,4013.7
2006,5,NC,4017.7
2006,6,NC,4025.2
2006,7,NC,4044.3
2006,8,NC,4049.6
2006,9,NC,4051.6
2006,10,NC,4071.3
2006,11,NC,4088.1
2006,12,NC,4096.2
2007,1,NC,4102.8
2007,2,NC,4112.5
2007,3,NC,4125.1
2007,4,NC,4122.7
2007,5,NC,4130.7
2007,6,NC,4143.3
2007,7,NC,4137.5
2007,8,NC,4143.0
2007,9,NC,4145.9
2007,10,NC,4148.3
2007,11,NC,4155.8
2007,12,NC,4162.4
2008,1,NC,4164.8
2008,2,NC,4170.2
2008,3,NC,4163.9
2008,4,NC,4153.5
2008,5,NC,4148.6
2008,6,NC,4141.1
2008,7,NC,4130.5
2008,8,NC,4124.0
2008,9,NC,4119.4
2008,10,NC,4089.7
2008,11,NC,4067.0
2008,12,NC,4047.5
2009,1,NC,3997.9
2009,2,NC,3976.1
2009,3,NC,3941.8
2009,4,NC,3915.6
2009,5,NC,3907.9
2009,6,NC,3893.8
2009,7,NC,3880.5
2009,8,NC,3873.4
2009,9,NC,3870.5
2009,10,NC,3850.5
2009,11,NC,3850.6
2009,12,NC,3845.0
2010,1,NC,3843.9
2010,2,NC,3837.6
2010,3,NC,3847.6
2010,4,NC,3859.4
2010,5,NC,3878.1
2010,6,NC,3873.7
2010,7,NC,3874.3
2010,8,NC,3873.8
2010,9,NC,3867.2
2010,10,NC,3887.8
2010,11,NC,3890.0
2010,12,NC,3890.4
2011,1,NC,3884.8
2011,2,NC,3902.9
2011,3,NC,3906.9
2011,4,NC,3912.5
2011,5,NC,3913.8
2011,6,NC,3920.5
2011,7,NC,3923.5
2011,8,NC,3927.8
2011,9,NC,3929.6
2011,10,NC,3929.3
2011,11,NC,3935.9
2011,12,NC,3942.7
2012,1,NC,3961.0
2012,2,NC,3965.3
2012,3,NC,3975.6
2012,4,NC,3979.1
2012,5,NC,3987.4
2012,6,NC,3976.8
2012,7,NC,3982.6
2012,8,NC,3992.9
2012,9,NC,4001.5
2012,10,NC,4009.5
2012,11,NC,4018.2
2012,12,NC,4023.6
2013,1,NC,4029.7
2013,2,NC,4037.8
2013,3,NC,4045.4
2013,4,NC,4049.1
2013,5,NC,4050.8
2013,6,NC,4048.2
2013,7,NC,4056.3
2013,8,NC,4066.6
2013,9,NC,4081.7
2013,10,NC,4089.5
2013,11,NC,4094.0
2013,12,NC,4101.8
2014,1,NC,4102.2
2014,2,NC,4088.2
2014,3,NC,4114.3
2014,4,NC,4133.9
2014,5,NC,4142.6
2014,6,NC,4143.8
2014,7,NC,4151.2
2014,8,NC,4157.2
2014,9,NC,4168.0
2014,10,NC,4179.4
2014,11,NC,4189.1
2014,12,NC,4198.6
2015,1,NC,4205.4
2015,2,NC,4214.0
2015,3,NC,4211.6
2015,4,NC,4218.8
2015,5,NC,4237.8
2015,6,NC,4243.8
2015,7,NC,4252.3
2015,8,NC,4259.7
2015,9,NC,4272.8
2015,10,NC,4284.0
2015,11,NC,4292.3
2015,12,NC,4305.5
2016,1,NC,4306.0
2016,2,NC,4313.2
2016,3,NC,4326.1
2016,4,NC,4341.1
2016,5,NC,4342.2
2016,6,NC,4346.1
2016,7,NC,4356.3
2016,8,NC,4359.5
2016,9,NC,4375.5
2016,10,NC,4371.2
2016,11,NC,4384.5
2016,12,NC,4391.9
2017,1,NC,4383.9
2017,2,NC,4394.4
2017,3,NC,4403.4
2017,4,NC,4407.9
2017,5,NC,4414.6
2017,6,NC,4425.9
2017,7,NC,4432.9
2017,8,NC,4437.7
2017,9,NC,4447.0
2017,10,NC,4449.8
2017,11,NC,4449.2
2017,12,NC,4455.0
2018,1,NC,4467.2
2018,2,NC,4477.6
2018,3,NC,4490.6
2018,4,NC,4496.9
2018,5,NC,4507.3
2018,6,NC,4516.0
2018,7,NC,4518.1
2018,8,NC,4525.1
2018,9,NC,4509.0
2018,10,NC,4537.2
2018,11,NC,4539.3
2018,12,NC,4533.6
2019,1,NC,4572.7
2019,2,NC,4572.7
2019,3,NC,4583.0
2019,4,NC,4581.8
2019,5,NC,4588.1
2019,6,NC,4595.6
2019,7,NC,4596.1
2019,8,NC,4602.1
2019,9,NC,4613.9
2019,10,NC,4617.2
2019,11,NC,4623.2
2019,12,NC,4625.8
2020,1,NC,4640.1
2020,2,NC,4641.4
2020,3,NC,4619.0
2020,4,NC,4076.5
2020,5,NC,4152.9
2020,6,NC,4289.0
2020,7,NC,4335.7
2020,8,NC,4393.0
2020,9,NC,4433.8
2020,10,NC,4471.4
2020,11,NC,4490.7
2020,12,NC,4519.0
2021,1,NC,4518.3
2021,2,NC,4529.7
2021,3,NC,4555.4
2021,4,NC,4567.6
2021,5,NC,4588.5
2021,6,NC,4601.9
2021,7,NC,4636.9
2021,8,NC,4631.5
2021,9,NC,4628.7
2021,10,NC,4680.0
2021,11,NC,4695.6
2021,12,NC,4712.8
2022,1,NC,4704.5
2022,2,NC,4745.6
2022,3,NC,4766.0
2022,4,NC,4782.6
2022,5,NC,4796.6
2022,6,NC,4808.0
2022,7,NC,4841.7
2022,8,NC,4850.9
2022,9,NC,4859.3
2022,10,NC,4859.4
2022,11,NC,4869.7
2022,12,NC,4873.1
2023,1,NC,4904.2
2023,2,NC,4910.4
2023,3,NC,4917.5
2023,4,NC,4922.5
2023,5,NC,4929.9
2023,6,NC,4954.4
2023,7,NC,4944.7
2023,8,NC,4956.0
2023,9,NC,4964.0
2023,10,NC,4971.3
2023,11,NC,4979.7
2023,12,NC,4997.1
2024,1,NC,4991.5
2024,2,NC,4998.3
2024,3,NC,5006.5
2024,4,NC,5017.4
2024,5,NC,5024.0
2024,6,NC,5019.0
2024,7,NC,5011.5
2024,8,NC,5014.6
2024,9,NC,5027.0
2024,10,NC,5019.8
2024,11,NC,5032.0
2024,12,NC,5044.3
2025,1,NC,5053.0
2025,2,NC,5062.6
2025,3,NC,5076.0
2025,4,NC,5091.5
2025,5,NC,5094.2
2025,6,NC,5096.1
2025,7,NC,5090.6
2025,8,NC,5096.5
2025,9,NC,5108.1
2025,10,NC,5116.6
2025,11,NC,5121.7
2025,12,NC,5125.0
1990,1,ND,263.3
1990,2,ND,263.6
1990,3,ND,263.9
1990,4,ND,265.8
1990,5,ND,266.8
1990,6,ND,266.1
1990,7,ND,266.3
1990,8,ND,266.6
1990,9,ND,266.3
1990,10,ND,267.1
1990,11,ND,268.3
1990,12,ND,268.5
1991,1,ND,268.7
1991,2,ND,269.3
1991,3,ND,269.2
1991,4,ND,269.9
1991,5,ND,269.6
1991,6,ND,270.4
1991,7,ND,271.0
1991,8,ND,271.3
1991,9,ND,273.3
1991,10,ND,272.7
1991,11,ND,272.7
1991,12,ND,272.9
1992,1,ND,274.8
1992,2,ND,274.7
1992,3,ND,275.7
1992,4,ND,275.7
1992,5,ND,276.0
1992,6,ND,276.9
1992,7,ND,276.9
1992,8,ND,277.9
1992,9,ND,278.2
1992,10,ND,279.2
1992,11,ND,279.7
1992,12,ND,281.0
1993,1,ND,283.1
1993,2,ND,282.1
1993,3,ND,282.9
1993,4,ND,282.6
1993,5,ND,284.9
1993,6,ND,284.3
1993,7,ND,285.3
1993,8,ND,285.5
1993,9,ND,286.8
1993,10,ND,287.2
1993,11,ND,287.6
1993,12,ND,288.5
1994,1,ND,289.2
1994,2,ND,290.1
1994,3,ND,292.0
1994,4,ND,292.8
1994,5,ND,293.6
1994,6,ND,294.4
1994,7,ND,296.5
1994,8,ND,296.5
1994,9,ND,297.8
1994,10,ND,298.5
1994,11,ND,299.6
1994,12,ND,300.3
1995,1,ND,299.7
1995,2,ND,300.3
1995,3,ND,301.5
1995,4,ND,301.5
1995,5,ND,301.2
1995,6,ND,302.3
1995,7,ND,302.9
1995,8,ND,303.8
1995,9,ND,302.9
1995,10,ND,302.9
1995,11,ND,304.4
1995,12,ND,303.8
1996,1,ND,305.2
1996,2,ND,306.7
1996,3,ND,306.4
1996,4,ND,307.0
1996,5,ND,308.1
1996,6,ND,310.3
1996,7,ND,310.3
1996,8,ND,311.3
1996,9,ND,310.8
1996,10,ND,311.2
1996,11,ND,310.9
1996,12,ND,310.5
1997,1,ND,311.4
1997,2,ND,312.4
1997,3,ND,311.7
1997,4,ND,311.6
1997,5,ND,311.9
1997,6,ND,313.1
1997,7,ND,314.6
1997,8,ND,315.4
1997,9,ND,317.2
1997,10,ND,317.0
1997,11,ND,317.9
1997,12,ND,319.2
1998,1,ND,319.5
1998,2,ND,319.0
1998,3,ND,319.6
1998,4,ND,317.9
1998,5,ND,318.7
1998,6,ND,317.1
1998,7,ND,319.3
1998,8,ND,318.6
1998,9,ND,319.6
1998,10,ND,321.5
1998,11,ND,322.0
1998,12,ND,321.1
1999,1,ND,321.5
1999,2,ND,320.9
1999,3,ND,320.0
1999,4,ND,323.3
1999,5,ND,322.9
1999,6,ND,324.0
1999,7,ND,324.3
1999,8,ND,324.9
1999,9,ND,326.3
1999,10,ND,325.6
1999,11,ND,326.9
1999,12,ND,327.2
2000,1,ND,326.8
2000,2,ND,326.4
2000,3,ND,327.7
2000,4,ND,327.7
2000,5,ND,328.3
2000,6,ND,326.9
2000,7,ND,331.7
2000,8,ND,329.5
2000,9,ND,328.5
2000,10,ND,327.8
2000,11,ND,327.7
2000,12,ND,328.2
2001,1,ND,330.0
2001,2,ND,330.2
2001,3,ND,331.0
2001,4,ND,330.5
2001,5,ND,330.6
2001,6,ND,330.7
2001,7,ND,329.3
2001,8,ND,328.5
2001,9,ND,330.5
2001,10,ND,330.0
2001,11,ND,329.9
2001,12,ND,329.3
2002,1,ND,329.9
2002,2,ND,329.9
2002,3,ND,328.4
2002,4,ND,328.9
2002,5,ND,329.5
2002,6,ND,330.7
2002,7,ND,330.0
2002,8,ND,330.4
2002,9,ND,330.6
2002,10,ND,330.6
2002,11,ND,331.3
2002,12,ND,331.8
2003,1,ND,331.6
2003,2,ND,331.7
2003,3,ND,331.8
2003,4,ND,331.8
2003,5,ND,332.3
2003,6,ND,332.3
2003,7,ND,331.9
2003,8,ND,334.7
2003,9,ND,335.0
2003,10,ND,333.9
2003,11,ND,334.4
2003,12,ND,334.8
2004,1,ND,334.4
2004,2,ND,334.5
2004,3,ND,335.2
2004,4,ND,336.0
2004,5,ND,337.3
2004,6,ND,338.1
2004,7,ND,339.4
2004,8,ND,339.7
2004,9,ND,339.6
2004,10,ND,341.2
2004,11,ND,341.4
2004,12,ND,341.2
2005,1,ND,341.3
2005,2,ND,342.8
2005,3,ND,343.1
2005,4,ND,345.0
2005,5,ND,345.0
2005,6,ND,345.0
2005,7,ND,345.3
2005,8,ND,345.9
2005,9,ND,346.8
2005,10,ND,345.7
2005,11,ND,346.6
2005,12,ND,347.6
2006,1,ND,348.3
2006,2,ND,350.1
2006,3,ND,351.6
2006,4,ND,352.3
2006,5,ND,352.0
2006,6,ND,352.3
2006,7,ND,351.5
2006,8,ND,353.0
2006,9,ND,354.0
2006,10,ND,353.6
2006,11,ND,354.5
2006,12,ND,356.1
2007,1,ND,356.1
2007,2,ND,355.9
2007,3,ND,357.3
2007,4,ND,356.8
2007,5,ND,357.9
2007,6,ND,358.5
2007,7,ND,358.9
2007,8,ND,358.7
2007,9,ND,359.3
2007,10,ND,360.5
2007,11,ND,362.0
2007,12,ND,362.3
2008,1,ND,364.4
2008,2,ND,365.7
2008,3,ND,366.7
2008,4,ND,366.5
2008,5,ND,366.9
2008,6,ND,367.0
2008,7,ND,369.0
2008,8,ND,368.1
2008,9,ND,368.8
2008,10,ND,368.8
2008,11,ND,369.3
2008,12,ND,368.6
2009,1,ND,366.6
2009,2,ND,367.1
2009,3,ND,366.4
2009,4,ND,363.6
2009,5,ND,367.2
2009,6,ND,367.2
2009,7,ND,366.7
2009,8,ND,366.5
2009,9,ND,367.9
2009,10,ND,367.8
2009,11,ND,368.6
2009,12,ND,368.9
2010,1,ND,369.0
2010,2,ND,370.3
2010,3,ND,372.0
2010,4,ND,375.3
2010,5,ND,375.9
2010,6,ND,375.0
2010,7,ND,376.2
2010,8,ND,377.1
2010,9,ND,378.4
2010,10,ND,382.2
2010,11,ND,383.3
2010,12,ND,385.0
2011,1,ND,386.0
2011,2,ND,387.4
2011,3,ND,389.5
2011,4,ND,390.9
2011,5,ND,392.5
2011,6,ND,393.4
2011,7,ND,397.2
2011,8,ND,399.6
2011,9,ND,403.5
2011,10,ND,405.3
2011,11,ND,408.5
2011,12,ND,412.4
2012,1,ND,418.0
2012,2,ND,420.9
2012,3,ND,424.4
2012,4,ND,427.2
2012,5,ND,429.0
2012,6,ND,432.2
2012,7,ND,430.9
2012,8,ND,432.3
2012,9,ND,434.3
2012,10,ND,434.9
2012,11,ND,433.4
2012,12,ND,436.7
2013,1,ND,437.4
2013,2,ND,440.0
2013,3,ND,441.5
2013,4,ND,438.7
2013,5,ND,443.4
2013,6,ND,445.1
2013,7,ND,446.2
2013,8,ND,447.7
2013,9,ND,449.0
2013,10,ND,449.4
2013,11,ND,452.6
2013,12,ND,450.4
2014,1,ND,452.3
2014,2,ND,454.2
2014,3,ND,455.9
2014,4,ND,457.5
2014,5,ND,460.0
2014,6,ND,462.1
2014,7,ND,465.4
2014,8,ND,465.6
2014,9,ND,466.0
2014,10,ND,467.8
2014,11,ND,468.7
2014,12,ND,468.9
2015,1,ND,467.1
2015,2,ND,464.9
2015,3,ND,462.9
2015,4,ND,458.5
2015,5,ND,457.2
2015,6,ND,454.3
2015,7,ND,452.4
2015,8,ND,451.0
2015,9,ND,448.9
2015,10,ND,446.9
2015,11,ND,445.6
2015,12,ND,443.6
2016,1,ND,439.1
2016,2,ND,437.4
2016,3,ND,435.6
2016,4,ND,436.2
2016,5,ND,434.8
2016,6,ND,434.2
2016,7,ND,436.7
2016,8,ND,436.1
2016,9,ND,435.6
2016,10,ND,434.1
2016,11,ND,433.4
2016,12,ND,431.5
2017,1,ND,431.5
2017,2,ND,432.1
2017,3,ND,432.6
2017,4,ND,435.2
2017,5,ND,434.2
2017,6,ND,433.4
2017,7,ND,433.3
2017,8,ND,432.6
2017,9,ND,431.5
2017,10,ND,432.4
2017,11,ND,432.2
2017,12,ND,432.9
2018,1,ND,434.1
2018,2,ND,434.3
2018,3,ND,435.5
2018,4,ND,433.0
2018,5,ND,436.3
2018,6,ND,437.3
2018,7,ND,437.1
2018,8,ND,436.8
2018,9,ND,437.2
2018,10,ND,437.9
2018,11,ND,438.8
2018,12,ND,439.8
2019,1,ND,439.9
2019,2,ND,439.7
2019,3,ND,440.0
2019,4,ND,440.9
2019,5,ND,442.0
2019,6,ND,441.5
2019,7,ND,441.2
2019,8,ND,442.0
2019,9,ND,440.9
2019,10,ND,441.7
2019,11,ND,441.0
2019,12,ND,440.8
2020,1,ND,440.5
2020,2,ND,440.5
2020,3,ND,438.2
2020,4,ND,386.4
2020,5,ND,395.8
2020,6,ND,399.2
2020,7,ND,404.8
2020,8,ND,407.9
2020,9,ND,409.3
2020,10,ND,411.0
2020,11,ND,408.3
2020,12,ND,408.7
2021,1,ND,410.9
2021,2,ND,411.2
2021,3,ND,413.1
2021,4,ND,415.9
2021,5,ND,415.1
2021,6,ND,416.4
2021,7,ND,419.1
2021,8,ND,419.1
2021,9,ND,419.2
2021,10,ND,420.7
2021,11,ND,421.9
2021,12,ND,422.9
2022,1,ND,422.6
2022,2,ND,423.7
2022,3,ND,425.1
2022,4,ND,424.8
2022,5,ND,426.0
2022,6,ND,428.1
2022,7,ND,429.6
2022,8,ND,430.1
2022,9,ND,430.4
2022,10,ND,431.7
2022,11,ND,433.6
2022,12,ND,432.5
2023,1,ND,435.2
2023,2,ND,436.5
2023,3,ND,436.5
2023,4,ND,435.4
2023,5,ND,436.8
2023,6,ND,438.7
2023,7,ND,438.3
2023,8,ND,439.2
2023,9,ND,440.5
2023,10,ND,440.6
2023,11,ND,440.7
2023,12,ND,442.6
2024,1,ND,442.1
2024,2,ND,443.1
2024,3,ND,444.6
2024,4,ND,445.9
2024,5,ND,446.4
2024,6,ND,446.7
2024,7,ND,446.7
2024,8,ND,446.6
2024,9,ND,446.8
2024,10,ND,446.4
2024,11,ND,447.6
2024,12,ND,449.2
2025,1,ND,448.0
2025,2,ND,447.9
2025,3,ND,449.9
2025,4,ND,450.2
2025,5,ND,450.9
2025,6,ND,450.8
2025,7,ND,449.7
2025,8,ND,448.1
2025,9,ND,448.5
2025,10,ND,448.9
2025,11,ND,449.8
2025,12,ND,449.0
1990,1,OH,4841.2
1990,2,OH,4865.3
1990,3,OH,4877.2
1990,4,OH,4888.8
1990,5,OH,4895.4
1990,6,OH,4904.8
1990,7,OH,4900.5
1990,8,OH,4899.7
1990,9,OH,4899.5
1990,10,OH,4883.7
1990,11,OH,4868.7
1990,12,OH,4861.6
1991,1,OH,4848.4
1991,2,OH,4820.0
1991,3,OH,4818.0
1991,4,OH,4811.1
1991,5,OH,4802.3
1991,6,OH,4808.8
1991,7,OH,4822.2
1991,8,OH,4817.0
1991,9,OH,4822.6
1991,10,OH,4817.7
1991,11,OH,4821.8
1991,12,OH,4814.6
1992,1,OH,4823.4
1992,2,OH,4827.5
1992,3,OH,4828.1
1992,4,OH,4855.7
1992,5,OH,4860.2
1992,6,OH,4851.0
1992,7,OH,4856.7
1992,8,OH,4847.5
1992,9,OH,4839.9
1992,10,OH,4863.2
1992,11,OH,4854.0
1992,12,OH,4858.1
1993,1,OH,4885.6
1993,2,OH,4889.2
1993,3,OH,4873.9
1993,4,OH,4882.2
1993,5,OH,4894.1
1993,6,OH,4903.4
1993,7,OH,4920.0
1993,8,OH,4930.4
1993,9,OH,4944.4
1993,10,OH,4956.1
1993,11,OH,4965.0
1993,12,OH,4977.3
1994,1,OH,5007.5
1994,2,OH,5024.2
1994,3,OH,5041.9
1994,4,OH,5042.6
1994,5,OH,5058.3
1994,6,OH,5065.8
1994,7,OH,5071.5
1994,8,OH,5080.2
1994,9,OH,5103.4
1994,10,OH,5122.2
1994,11,OH,5139.6
1994,12,OH,5160.1
1995,1,OH,5168.3
1995,2,OH,5178.6
1995,3,OH,5200.3
1995,4,OH,5211.2
1995,5,OH,5210.4
1995,6,OH,5226.4
1995,7,OH,5215.7
1995,8,OH,5232.9
1995,9,OH,5251.8
1995,10,OH,5245.6
1995,11,OH,5253.9
1995,12,OH,5259.5
1996,1,OH,5255.8
1996,2,OH,5275.4
1996,3,OH,5267.0
1996,4,OH,5279.1
1996,5,OH,5289.2
1996,6,OH,5300.6
1996,7,OH,5301.8
1996,8,OH,5310.9
1996,9,OH,5305.8
1996,10,OH,5316.5
1996,11,OH,5324.4
1996,12,OH,5328.3
1997,1,OH,5340.8
1997,2,OH,5347.3
1997,3,OH,5361.5
1997,4,OH,5371.7
1997,5,OH,5385.1
1997,6,OH,5390.9
1997,7,OH,5400.4
1997,8,OH,5406.2
1997,9,OH,5414.5
1997,10,OH,5420.6
1997,11,OH,5428.0
1997,12,OH,5436.5
1998,1,OH,5444.4
1998,2,OH,5452.3
1998,3,OH,5455.9
1998,4,OH,5469.3
1998,5,OH,5485.2
1998,6,OH,5483.6
1998,7,OH,5454.9
1998,8,OH,5492.3
1998,9,OH,5498.5
1998,10,OH,5509.2
1998,11,OH,5513.3
1998,12,OH,5516.8
1999,1,OH,5491.0
1999,2,OH,5526.5
1999,3,OH,5527.8
1999,4,OH,5549.9
1999,5,OH,5549.3
1999,6,OH,5550.5
1999,7,OH,5579.6
1999,8,OH,5578.9
1999,9,OH,5584.1
1999,10,OH,5593.8
1999,11,OH,5606.4
1999,12,OH,5625.8
2000,1,OH,5617.9
2000,2,OH,5618.4
2000,3,OH,5632.0
2000,4,OH,5629.4
2000,5,OH,5638.2
2000,6,OH,5636.4
2000,7,OH,5629.7
2000,8,OH,5626.7
2000,9,OH,5619.6
2000,10,OH,5619.5
2000,11,OH,5618.8
2000,12,OH,5615.2
2001,1,OH,5603.2
2001,2,OH,5596.8
2001,3,OH,5591.3
2001,4,OH,5577.8
2001,5,OH,5565.9
2001,6,OH,5558.3
2001,7,OH,5531.9
2001,8,OH,5521.2
2001,9,OH,5505.5
2001,10,OH,5496.8
2001,11,OH,5484.7
2001,12,OH,5473.5
2002,1,OH,5464.9
2002,2,OH,5462.3
2002,3,OH,5457.7
2002,4,OH,5446.1
2002,5,OH,5446.0
2002,6,OH,5442.8
2002,7,OH,5444.2
2002,8,OH,5442.7
2002,9,OH,5442.3
2002,10,OH,5435.6
2002,11,OH,5430.4
2002,12,OH,5421.0
2003,1,OH,5423.0
2003,2,OH,5407.9
2003,3,OH,5398.7
2003,4,OH,5405.5
2003,5,OH,5404.7
2003,6,OH,5391.1
2003,7,OH,5390.1
2003,8,OH,5390.5
2003,9,OH,5386.2
2003,10,OH,5392.6
2003,11,OH,5387.3
2003,12,OH,5388.0
2004,1,OH,5390.4
2004,2,OH,5394.3
2004,3,OH,5402.6
2004,4,OH,5405.1
2004,5,OH,5403.8
2004,6,OH,5406.4
2004,7,OH,5415.5
2004,8,OH,5413.3
2004,9,OH,5409.9
2004,10,OH,5422.5
2004,11,OH,5417.9
2004,12,OH,5420.0
2005,1,OH,5404.4
2005,2,OH,5414.2
2005,3,OH,5415.0
2005,4,OH,5433.7
2005,5,OH,5429.6
2005,6,OH,5420.4
2005,7,OH,5432.5
2005,8,OH,5431.0
2005,9,OH,5438.7
2005,10,OH,5434.0
2005,11,OH,5437.4
2005,12,OH,5437.6
2006,1,OH,5440.5
2006,2,OH,5445.3
2006,3,OH,5451.5
2006,4,OH,5448.5
2006,5,OH,5441.5
2006,6,OH,5442.2
2006,7,OH,5430.1
2006,8,OH,5431.5
2006,9,OH,5429.9
2006,10,OH,5423.2
2006,11,OH,5419.7
2006,12,OH,5425.3
2007,1,OH,5433.8
2007,2,OH,5416.8
2007,3,OH,5431.9
2007,4,OH,5431.0
2007,5,OH,5435.6
2007,6,OH,5443.2
2007,7,OH,5426.0
2007,8,OH,5424.8
2007,9,OH,5418.9
2007,10,OH,5420.7
2007,11,OH,5423.6
2007,12,OH,5418.7
2008,1,OH,5425.0
2008,2,OH,5420.3
2008,3,OH,5390.3
2008,4,OH,5397.4
2008,5,OH,5392.5
2008,6,OH,5383.3
2008,7,OH,5370.8
2008,8,OH,5358.4
2008,9,OH,5342.9
2008,10,OH,5317.9
2008,11,OH,5284.4
2008,12,OH,5253.7
2009,1,OH,5209.2
2009,2,OH,5183.6
2009,3,OH,5149.4
2009,4,OH,5105.3
2009,5,OH,5081.2
2009,6,OH,5052.1
2009,7,OH,5021.8
2009,8,OH,5010.0
2009,9,OH,5018.6
2009,10,OH,5014.3
2009,11,OH,5010.4
2009,12,OH,5005.9
2010,1,OH,5014.7
2010,2,OH,5010.1
2010,3,OH,5016.6
2010,4,OH,5031.9
2010,5,OH,5040.0
2010,6,OH,5038.8
2010,7,OH,5028.6
2010,8,OH,5024.4
2010,9,OH,5039.5
2010,10,OH,5058.8
2010,11,OH,5063.9
2010,12,OH,5068.8
2011,1,OH,5074.2
2011,2,OH,5080.6
2011,3,OH,5086.9
2011,4,OH,5098.0
2011,5,OH,5090.4
2011,6,OH,5085.8
2011,7,OH,5116.8
2011,8,OH,5124.2
2011,9,OH,5126.8
2011,10,OH,5126.6
2011,11,OH,5140.4
2011,12,OH,5148.4
2012,1,OH,5166.1
2012,2,OH,5182.3
2012,3,OH,5200.7
2012,4,OH,5193.4
2012,5,OH,5202.1
2012,6,OH,5209.7
2012,7,OH,5198.6
2012,8,OH,5199.9
2012,9,OH,5207.3
2012,10,OH,5219.7
2012,11,OH,5218.7
2012,12,OH,5222.8
2013,1,OH,5229.7
2013,2,OH,5242.1
2013,3,OH,5242.6
2013,4,OH,5253.4
2013,5,OH,5264.4
2013,6,OH,5266.4
2013,7,OH,5266.2
2013,8,OH,5274.5
2013,9,OH,5281.3
2013,10,OH,5285.9
2013,11,OH,5297.3
2013,12,OH,5300.2
2014,1,OH,5292.9
2014,2,OH,5300.7
2014,3,OH,5308.8
2014,4,OH,5322.2
2014,5,OH,5332.1
2014,6,OH,5342.3
2014,7,OH,5337.5
2014,8,OH,5356.5
2014,9,OH,5367.1
2014,10,OH,5374.2
2014,11,OH,5386.4
2014,12,OH,5395.6
2015,1,OH,5386.4
2015,2,OH,5390.6
2015,3,OH,5390.9
2015,4,OH,5404.0
2015,5,OH,5423.4
2015,6,OH,5424.6
2015,7,OH,5432.4
2015,8,OH,5438.5
2015,9,OH,5437.4
2015,10,OH,5445.0
2015,11,OH,5449.0
2015,12,OH,5456.7
2016,1,OH,5456.6
2016,2,OH,5461.9
2016,3,OH,5468.0
2016,4,OH,5480.7
2016,5,OH,5476.2
2016,6,OH,5466.2
2016,7,OH,5486.6
2016,8,OH,5484.1
2016,9,OH,5500.9
2016,10,OH,5496.8
2016,11,OH,5505.4
2016,12,OH,5500.1
2017,1,OH,5514.5
2017,2,OH,5514.9
2017,3,OH,5519.5
2017,4,OH,5520.8
2017,5,OH,5520.9
2017,6,OH,5527.8
2017,7,OH,5521.6
2017,8,OH,5531.6
2017,9,OH,5532.1
2017,10,OH,5537.6
2017,11,OH,5538.8
2017,12,OH,5539.8
2018,1,OH,5538.9
2018,2,OH,5551.9
2018,3,OH,5556.6
2018,4,OH,5549.7
2018,5,OH,5555.4
2018,6,OH,5567.5
2018,7,OH,5565.3
2018,8,OH,5570.4
2018,9,OH,5573.9
2018,10,OH,5576.1
2018,11,OH,5573.8
2018,12,OH,5573.8
2019,1,OH,5584.1
2019,2,OH,5582.5
2019,3,OH,5587.8
2019,4,OH,5591.5
2019,5,OH,5593.2
2019,6,OH,5596.1
2019,7,OH,5597.8
2019,8,OH,5600.9
2019,9,OH,5597.9
2019,10,OH,5597.8
2019,11,OH,5606.0
2019,12,OH,5607.9
2020,1,OH,5611.0
2020,2,OH,5607.7
2020,3,OH,5557.6
2020,4,OH,4726.6
2020,5,OH,4902.9
2020,6,OH,5133.7
2020,7,OH,5185.7
2020,8,OH,5228.7
2020,9,OH,5275.5
2020,10,OH,5300.5
2020,11,OH,5310.6
2020,12,OH,5314.0
2021,1,OH,5331.8
2021,2,OH,5330.5
2021,3,OH,5347.8
2021,4,OH,5338.4
2021,5,OH,5349.6
2021,6,OH,5362.6
2021,7,OH,5405.3
2021,8,OH,5412.8
2021,9,OH,5393.4
2021,10,OH,5446.1
2021,11,OH,5463.4
2021,12,OH,5471.7
2022,1,OH,5476.3
2022,2,OH,5494.6
2022,3,OH,5504.7
2022,4,OH,5525.4
2022,5,OH,5527.3
2022,6,OH,5522.4
2022,7,OH,5546.0
2022,8,OH,5551.2
2022,9,OH,5555.1
2022,10,OH,5561.2
2022,11,OH,5565.1
2022,12,OH,5566.1
2023,1,OH,5589.6
2023,2,OH,5598.2
2023,3,OH,5601.1
2023,4,OH,5602.6
2023,5,OH,5608.7
2023,6,OH,5626.8
2023,7,OH,5624.3
2023,8,OH,5630.1
2023,9,OH,5635.6
2023,10,OH,5623.7
2023,11,OH,5626.9
2023,12,OH,5631.9
2024,1,OH,5637.2
2024,2,OH,5641.5
2024,3,OH,5650.7
2024,4,OH,5645.3
2024,5,OH,5649.9
2024,6,OH,5652.3
2024,7,OH,5651.2
2024,8,OH,5653.4
2024,9,OH,5658.4
2024,10,OH,5652.9
2024,11,OH,5654.1
2024,12,OH,5654.6
2025,1,OH,5658.0
2025,2,OH,5685.7
2025,3,OH,5690.9
2025,4,OH,5712.1
2025,5,OH,5703.5
2025,6,OH,5716.0
2025,7,OH,5720.3
2025,8,OH,5730.0
2025,9,OH,5721.6
2025,10,OH,5702.2
2025,11,OH,5705.4
2025,12,OH,5708.9
1990,1,OK,1196.5
1990,2,OK,1199.9
1990,3,OK,1200.0
1990,4,OK,1204.4
1990,5,OK,1207.4
1990,6,OK,1211.6
1990,7,OK,1215.8
1990,8,OK,1216.8
1990,9,OK,1220.2
1990,10,OK,1213.7
1990,11,OK,1215.4
1990,12,OK,1216.6
1991,1,OK,1218.5
1991,2,OK,1221.4
1991,3,OK,1222.6
1991,4,OK,1227.5
1991,5,OK,1226.0
1991,6,OK,1227.9
1991,7,OK,1223.5
1991,8,OK,1223.2
1991,9,OK,1226.5
1991,10,OK,1227.3
1991,11,OK,1228.0
1991,12,OK,1229.2
1992,1,OK,1232.0
1992,2,OK,1228.4
1992,3,OK,1227.1
1992,4,OK,1231.0
1992,5,OK,1235.5
1992,6,OK,1231.1
1992,7,OK,1234.0
1992,8,OK,1235.4
1992,9,OK,1238.5
1992,10,OK,1242.9
1992,11,OK,1244.6
1992,12,OK,1244.7
1993,1,OK,1248.2
1993,2,OK,1252.2
1993,3,OK,1252.9
1993,4,OK,1253.7
1993,5,OK,1254.9
1993,6,OK,1259.9
1993,7,OK,1264.2
1993,8,OK,1265.5
1993,9,OK,1264.0
1993,10,OK,1268.7
1993,11,OK,1270.3
1993,12,OK,1273.6
1994,1,OK,1278.5
1994,2,OK,1276.8
1994,3,OK,1279.4
1994,4,OK,1284.4
1994,5,OK,1286.8
1994,6,OK,1291.2
1994,7,OK,1300.4
1994,8,OK,1300.4
1994,9,OK,1303.9
1994,10,OK,1301.3
1994,11,OK,1307.3
1994,12,OK,1310.8
1995,1,OK,1315.1
1995,2,OK,1318.3
1995,3,OK,1319.6
1995,4,OK,1323.2
1995,5,OK,1324.2
1995,6,OK,1326.8
1995,7,OK,1328.5
1995,8,OK,1332.9
1995,9,OK,1335.7
1995,10,OK,1340.8
1995,11,OK,1344.9
1995,12,OK,1348.6
1996,1,OK,1350.7
1996,2,OK,1351.6
1996,3,OK,1358.6
1996,4,OK,1359.7
1996,5,OK,1364.6
1996,6,OK,1367.6
1996,7,OK,1366.8
1996,8,OK,1375.1
1996,9,OK,1375.3
1996,10,OK,1377.2
1996,11,OK,1379.4
1996,12,OK,1383.0
1997,1,OK,1385.2
1997,2,OK,1390.3
1997,3,OK,1394.0
1997,4,OK,1392.0
1997,5,OK,1395.0
1997,6,OK,1403.6
1997,7,OK,1407.7
1997,8,OK,1408.9
1997,9,OK,1414.3
1997,10,OK,1425.0
1997,11,OK,1429.0
1997,12,OK,1432.0
1998,1,OK,1438.2
1998,2,OK,1441.5
1998,3,OK,1443.7
1998,4,OK,1447.7
1998,5,OK,1454.1
1998,6,OK,1454.6
1998,7,OK,1453.2
1998,8,OK,1457.2
1998,9,OK,1457.9
1998,10,OK,1462.0
1998,11,OK,1466.0
1998,12,OK,1470.5
1999,1,OK,1467.9
1999,2,OK,1471.2
1999,3,OK,1469.8
1999,4,OK,1467.8
1999,5,OK,1469.1
1999,6,OK,1471.2
1999,7,OK,1474.9
1999,8,OK,1477.3
1999,9,OK,1477.9
1999,10,OK,1480.2
1999,11,OK,1482.2
1999,12,OK,1485.5
2000,1,OK,1484.1
2000,2,OK,1483.4
2000,3,OK,1490.2
2000,4,OK,1494.7
2000,5,OK,1500.9
2000,6,OK,1505.3
2000,7,OK,1505.1
2000,8,OK,1508.3
2000,9,OK,1510.8
2000,10,OK,1513.4
2000,11,OK,1517.0
2000,12,OK,1517.0
2001,1,OK,1517.3
2001,2,OK,1520.5
2001,3,OK,1523.7
2001,4,OK,1526.4
2001,5,OK,1525.6
2001,6,OK,1527.6
2001,7,OK,1520.2
2001,8,OK,1519.5
2001,9,OK,1519.0
2001,10,OK,1511.2
2001,11,OK,1513.8
2001,12,OK,1511.1
2002,1,OK,1505.5
2002,2,OK,1504.3
2002,3,OK,1504.3
2002,4,OK,1506.5
2002,5,OK,1507.0
2002,6,OK,1503.4
2002,7,OK,1500.4
2002,8,OK,1500.9
2002,9,OK,1495.5
2002,10,OK,1489.9
2002,11,OK,1488.5
2002,12,OK,1486.6
2003,1,OK,1484.0
2003,2,OK,1480.1
2003,3,OK,1471.8
2003,4,OK,1470.8
2003,5,OK,1468.5
2003,6,OK,1463.2
2003,7,OK,1468.9
2003,8,OK,1466.7
2003,9,OK,1468.0
2003,10,OK,1470.3
2003,11,OK,1470.7
2003,12,OK,1470.7
2004,1,OK,1475.4
2004,2,OK,1475.6
2004,3,OK,1478.6
2004,4,OK,1479.8
2004,5,OK,1481.1
2004,6,OK,1481.3
2004,7,OK,1487.6
2004,8,OK,1491.1
2004,9,OK,1491.9
2004,10,OK,1499.0
2004,11,OK,1499.5
2004,12,OK,1502.6
2005,1,OK,1502.7
2005,2,OK,1506.9
2005,3,OK,1511.4
2005,4,OK,1517.9
2005,5,OK,1520.6
2005,6,OK,1521.0
2005,7,OK,1526.9
2005,8,OK,1530.5
2005,9,OK,1533.3
2005,10,OK,1538.1
2005,11,OK,1545.4
2005,12,OK,1548.3
2006,1,OK,1553.0
2006,2,OK,1556.7
2006,3,OK,1560.9
2006,4,OK,1556.5
2006,5,OK,1562.2
2006,6,OK,1566.3
2006,7,OK,1566.4
2006,8,OK,1572.1
2006,9,OK,1573.4
2006,10,OK,1571.6
2006,11,OK,1572.2
2006,12,OK,1578.0
2007,1,OK,1578.3
2007,2,OK,1582.8
2007,3,OK,1592.1
2007,4,OK,1586.6
2007,5,OK,1589.2
2007,6,OK,1594.6
2007,7,OK,1595.1
2007,8,OK,1600.2
2007,9,OK,1601.8
2007,10,OK,1605.5
2007,11,OK,1608.5
2007,12,OK,1605.0
2008,1,OK,1615.5
2008,2,OK,1621.1
2008,3,OK,1620.4
2008,4,OK,1620.0
2008,5,OK,1619.1
2008,6,OK,1616.1
2008,7,OK,1619.6
2008,8,OK,1620.6
2008,9,OK,1621.2
2008,10,OK,1618.5
2008,11,OK,1616.0
2008,12,OK,1613.3
2009,1,OK,1603.3
2009,2,OK,1596.5
2009,3,OK,1587.6
2009,4,OK,1575.1
2009,5,OK,1570.0
2009,6,OK,1566.1
2009,7,OK,1562.5
2009,8,OK,1557.6
2009,9,OK,1552.5
2009,10,OK,1546.7
2009,11,OK,1546.8
2009,12,OK,1543.9
2010,1,OK,1543.1
2010,2,OK,1542.6
2010,3,OK,1547.1
2010,4,OK,1551.5
2010,5,OK,1559.4
2010,6,OK,1562.3
2010,7,OK,1560.3
2010,8,OK,1557.7
2010,9,OK,1554.3
2010,10,OK,1562.9
2010,11,OK,1563.0
2010,12,OK,1565.7
2011,1,OK,1564.0
2011,2,OK,1556.3
2011,3,OK,1568.3
2011,4,OK,1575.5
2011,5,OK,1575.3
2011,6,OK,1576.6
2011,7,OK,1582.0
2011,8,OK,1577.7
2011,9,OK,1591.3
2011,10,OK,1588.5
2011,11,OK,1588.8
2011,12,OK,1591.6
2012,1,OK,1597.3
2012,2,OK,1602.7
2012,3,OK,1606.1
2012,4,OK,1611.0
2012,5,OK,1613.0
2012,6,OK,1615.2
2012,7,OK,1612.2
2012,8,OK,1614.4
2012,9,OK,1616.8
2012,10,OK,1624.9
2012,11,OK,1626.2
2012,12,OK,1629.6
2013,1,OK,1623.2
2013,2,OK,1626.8
2013,3,OK,1629.5
2013,4,OK,1630.5
2013,5,OK,1634.0
2013,6,OK,1635.3
2013,7,OK,1636.8
2013,8,OK,1639.3
2013,9,OK,1642.3
2013,10,OK,1641.6
2013,11,OK,1644.1
2013,12,OK,1639.6
2014,1,OK,1644.1
2014,2,OK,1645.1
2014,3,OK,1647.0
2014,4,OK,1650.4
2014,5,OK,1651.2
2014,6,OK,1654.2
2014,7,OK,1657.4
2014,8,OK,1659.8
2014,9,OK,1660.8
2014,10,OK,1664.1
2014,11,OK,1668.0
2014,12,OK,1672.7
2015,1,OK,1674.8
2015,2,OK,1674.3
2015,3,OK,1668.3
2015,4,OK,1666.5
2015,5,OK,1667.1
2015,6,OK,1667.0
2015,7,OK,1668.6
2015,8,OK,1666.8
2015,9,OK,1664.9
2015,10,OK,1665.7
2015,11,OK,1665.1
2015,12,OK,1663.1
2016,1,OK,1661.9
2016,2,OK,1662.1
2016,3,OK,1657.7
2016,4,OK,1655.3
2016,5,OK,1651.1
2016,6,OK,1647.3
2016,7,OK,1651.4
2016,8,OK,1652.2
2016,9,OK,1651.2
2016,10,OK,1648.9
2016,11,OK,1649.2
2016,12,OK,1648.0
2017,1,OK,1648.1
2017,2,OK,1650.4
2017,3,OK,1654.3
2017,4,OK,1658.1
2017,5,OK,1658.5
2017,6,OK,1666.8
2017,7,OK,1667.5
2017,8,OK,1668.3
2017,9,OK,1670.2
2017,10,OK,1668.5
2017,11,OK,1669.3
2017,12,OK,1672.4
2018,1,OK,1679.1
2018,2,OK,1679.9
2018,3,OK,1685.6
2018,4,OK,1680.2
2018,5,OK,1686.3
2018,6,OK,1691.6
2018,7,OK,1691.6
2018,8,OK,1694.9
2018,9,OK,1694.1
2018,10,OK,1696.3
2018,11,OK,1697.3
2018,12,OK,1698.2
2019,1,OK,1701.2
2019,2,OK,1704.4
2019,3,OK,1705.4
2019,4,OK,1706.8
2019,5,OK,1705.1
2019,6,OK,1702.8
2019,7,OK,1707.1
2019,8,OK,1706.1
2019,9,OK,1707.5
2019,10,OK,1705.9
2019,11,OK,1707.4
2019,12,OK,1705.7
2020,1,OK,1704.2
2020,2,OK,1702.8
2020,3,OK,1693.1
2020,4,OK,1533.8
2020,5,OK,1566.3
2020,6,OK,1601.8
2020,7,OK,1607.9
2020,8,OK,1614.6
2020,9,OK,1619.0
2020,10,OK,1625.6
2020,11,OK,1627.8
2020,12,OK,1630.8
2021,1,OK,1631.6
2021,2,OK,1620.7
2021,3,OK,1639.1
2021,4,OK,1638.1
2021,5,OK,1641.6
2021,6,OK,1649.1
2021,7,OK,1654.1
2021,8,OK,1654.1
2021,9,OK,1655.1
2021,10,OK,1669.1
2021,11,OK,1670.6
2021,12,OK,1676.2
2022,1,OK,1677.9
2022,2,OK,1683.4
2022,3,OK,1685.0
2022,4,OK,1693.2
2022,5,OK,1697.6
2022,6,OK,1694.4
2022,7,OK,1711.8
2022,8,OK,1713.8
2022,9,OK,1722.2
2022,10,OK,1724.0
2022,11,OK,1727.5
2022,12,OK,1731.4
2023,1,OK,1745.6
2023,2,OK,1746.5
2023,3,OK,1749.7
2023,4,OK,1753.0
2023,5,OK,1754.0
2023,6,OK,1758.4
2023,7,OK,1753.5
2023,8,OK,1759.0
2023,9,OK,1763.8
2023,10,OK,1766.8
2023,11,OK,1767.7
2023,12,OK,1768.9
2024,1,OK,1767.7
2024,2,OK,1774.8
2024,3,OK,1779.4
2024,4,OK,1776.3
2024,5,OK,1777.0
2024,6,OK,1771.3
2024,7,OK,1774.4
2024,8,OK,1778.9
2024,9,OK,1780.3
2024,10,OK,1785.2
2024,11,OK,1788.9
2024,12,OK,1792.3
2025,1,OK,1794.8
2025,2,OK,1797.6
2025,3,OK,1797.8
2025,4,OK,1801.3
2025,5,OK,1802.6
2025,6,OK,1802.8
2025,7,OK,1801.3
2025,8,OK,1801.9
2025,9,OK,1805.3
2025,10,OK,1806.8
2025,11,OK,1808.8
2025,12,OK,1808.7
1990,1,OR,1246.3
1990,2,OR,1242.7
1990,3,OR,1248.9
1990,4,OR,1255.3
1990,5,OR,1258.3
1990,6,OR,1261.0
1990,7,OR,1262.0
1990,8,OR,1271.0
1990,9,OR,1261.8
1990,10,OR,1258.7
1990,11,OR,1261.1
1990,12,OR,1259.1
1991,1,OR,1253.9
1991,2,OR,1254.1
1991,3,OR,1252.3
1991,4,OR,1249.5
1991,5,OR,1249.4
1991,6,OR,1253.5
1991,7,OR,1253.8
1991,8,OR,1255.6
1991,9,OR,1257.3
1991,10,OR,1263.0
1991,11,OR,1258.9
1991,12,OR,1259.8
1992,1,OR,1264.0
1992,2,OR,1265.3
1992,3,OR,1265.6
1992,4,OR,1271.1
1992,5,OR,1276.1
1992,6,OR,1276.1
1992,7,OR,1282.9
1992,8,OR,1282.2
1992,9,OR,1282.7
1992,10,OR,1286.2
1992,11,OR,1290.2
1992,12,OR,1287.9
1993,1,OR,1292.7
1993,2,OR,1301.0
1993,3,OR,1305.8
1993,4,OR,1308.3
1993,5,OR,1310.4
1993,6,OR,1316.1
1993,7,OR,1318.0
1993,8,OR,1322.8
1993,9,OR,1329.3
1993,10,OR,1336.5
1993,11,OR,1340.5
1993,12,OR,1345.6
1994,1,OR,1348.8
1994,2,OR,1352.2
1994,3,OR,1356.2
1994,4,OR,1360.2
1994,5,OR,1365.8
1994,6,OR,1370.2
1994,7,OR,1377.1
1994,8,OR,1381.8
1994,9,OR,1386.6
1994,10,OR,1390.5
1994,11,OR,1399.4
1994,12,OR,1402.1
1995,1,OR,1405.0
1995,2,OR,1409.5
1995,3,OR,1414.4
1995,4,OR,1414.3
1995,5,OR,1418.6
1995,6,OR,1425.4
1995,7,OR,1429.0
1995,8,OR,1438.8
1995,9,OR,1447.8
1995,10,OR,1450.0
1995,11,OR,1452.8
1995,12,OR,1458.3
1996,1,OR,1467.3
1996,2,OR,1465.3
1996,3,OR,1470.0
1996,4,OR,1472.7
1996,5,OR,1477.2
1996,6,OR,1481.7
1996,7,OR,1487.1
1996,8,OR,1492.7
1996,9,OR,1498.8
1996,10,OR,1504.4
1996,11,OR,1514.4
1996,12,OR,1512.6
1997,1,OR,1519.4
1997,2,OR,1524.0
1997,3,OR,1527.6
1997,4,OR,1533.2
1997,5,OR,1539.1
1997,6,OR,1539.9
1997,7,OR,1541.8
1997,8,OR,1540.5
1997,9,OR,1544.1
1997,10,OR,1548.6
1997,11,OR,1550.2
1997,12,OR,1556.0
1998,1,OR,1554.8
1998,2,OR,1559.7
1998,3,OR,1560.5
1998,4,OR,1561.7
1998,5,OR,1565.7
1998,6,OR,1566.3
1998,7,OR,1559.2
1998,8,OR,1565.0
1998,9,OR,1567.3
1998,10,OR,1565.6
1998,11,OR,1570.3
1998,12,OR,1571.1
1999,1,OR,1573.8
1999,2,OR,1574.8
1999,3,OR,1579.8
1999,4,OR,1581.3
1999,5,OR,1579.0
1999,6,OR,1580.8
1999,7,OR,1589.2
1999,8,OR,1589.2
1999,9,OR,1592.2
1999,10,OR,1598.3
1999,11,OR,1603.4
1999,12,OR,1606.0
2000,1,OR,1605.5
2000,2,OR,1608.1
2000,3,OR,1610.3
2000,4,OR,1614.2
2000,5,OR,1620.4
2000,6,OR,1621.9
2000,7,OR,1620.9
2000,8,OR,1621.2
2000,9,OR,1625.1
2000,10,OR,1625.4
2000,11,OR,1632.7
2000,12,OR,1632.6
2001,1,OR,1631.0
2001,2,OR,1628.6
2001,3,OR,1624.0
2001,4,OR,1618.0
2001,5,OR,1614.7
2001,6,OR,1613.3
2001,7,OR,1604.6
2001,8,OR,1599.7
2001,9,OR,1596.4
2001,10,OR,1591.8
2001,11,OR,1586.3
2001,12,OR,1584.2
2002,1,OR,1584.7
2002,2,OR,1584.8
2002,3,OR,1583.9
2002,4,OR,1586.2
2002,5,OR,1586.8
2002,6,OR,1587.9
2002,7,OR,1591.7
2002,8,OR,1591.7
2002,9,OR,1590.8
2002,10,OR,1589.5
2002,11,OR,1587.4
2002,12,OR,1584.3
2003,1,OR,1588.1
2003,2,OR,1583.3
2003,3,OR,1578.4
2003,4,OR,1571.6
2003,5,OR,1569.3
2003,6,OR,1568.5
2003,7,OR,1568.9
2003,8,OR,1571.6
2003,9,OR,1573.7
2003,10,OR,1579.3
2003,11,OR,1580.0
2003,12,OR,1584.9
2004,1,OR,1577.0
2004,2,OR,1583.9
2004,3,OR,1591.5
2004,4,OR,1598.6
2004,5,OR,1602.3
2004,6,OR,1608.2
2004,7,OR,1613.5
2004,8,OR,1618.1
2004,9,OR,1621.4
2004,10,OR,1626.4
2004,11,OR,1628.2
2004,12,OR,1631.9
2005,1,OR,1636.5
2005,2,OR,1639.5
2005,3,OR,1645.1
2005,4,OR,1646.9
2005,5,OR,1648.5
2005,6,OR,1651.9
2005,7,OR,1660.0
2005,8,OR,1662.1
2005,9,OR,1666.9
2005,10,OR,1668.1
2005,11,OR,1676.9
2005,12,OR,1682.4
2006,1,OR,1685.8
2006,2,OR,1692.2
2006,3,OR,1695.1
2006,4,OR,1700.0
2006,5,OR,1704.2
2006,6,OR,1707.1
2006,7,OR,1709.0
2006,8,OR,1710.7
2006,9,OR,1714.2
2006,10,OR,1716.9
2006,11,OR,1721.0
2006,12,OR,1724.3
2007,1,OR,1725.9
2007,2,OR,1730.7
2007,3,OR,1735.2
2007,4,OR,1730.7
2007,5,OR,1733.1
2007,6,OR,1733.6
2007,7,OR,1732.9
2007,8,OR,1735.7
2007,9,OR,1734.8
2007,10,OR,1738.8
2007,11,OR,1739.7
2007,12,OR,1741.2
2008,1,OR,1739.0
2008,2,OR,1739.4
2008,3,OR,1738.4
2008,4,OR,1736.8
2008,5,OR,1732.3
2008,6,OR,1728.6
2008,7,OR,1726.7
2008,8,OR,1721.2
2008,9,OR,1718.2
2008,10,OR,1706.0
2008,11,OR,1691.7
2008,12,OR,1674.7
2009,1,OR,1659.3
2009,2,OR,1644.8
2009,3,OR,1629.1
2009,4,OR,1619.1
2009,5,OR,1615.8
2009,6,OR,1610.7
2009,7,OR,1610.4
2009,8,OR,1603.8
2009,9,OR,1602.6
2009,10,OR,1598.2
2009,11,OR,1596.5
2009,12,OR,1595.4
2010,1,OR,1594.8
2010,2,OR,1594.0
2010,3,OR,1596.1
2010,4,OR,1601.0
2010,5,OR,1607.5
2010,6,OR,1610.4
2010,7,OR,1604.2
2010,8,OR,1608.8
2010,9,OR,1605.4
2010,10,OR,1613.6
2010,11,OR,1613.6
2010,12,OR,1611.9
2011,1,OR,1618.3
2011,2,OR,1618.9
2011,3,OR,1620.6
2011,4,OR,1621.4
2011,5,OR,1619.9
2011,6,OR,1621.3
2011,7,OR,1624.3
2011,8,OR,1625.1
2011,9,OR,1627.8
2011,10,OR,1626.9
2011,11,OR,1629.4
2011,12,OR,1631.1
2012,1,OR,1634.3
2012,2,OR,1636.1
2012,3,OR,1637.3
2012,4,OR,1637.8
2012,5,OR,1640.5
2012,6,OR,1641.2
2012,7,OR,1644.6
2012,8,OR,1648.1
2012,9,OR,1648.7
2012,10,OR,1652.9
2012,11,OR,1653.2
2012,12,OR,1655.4
2013,1,OR,1659.1
2013,2,OR,1663.2
2013,3,OR,1665.6
2013,4,OR,1670.8
2013,5,OR,1673.7
2013,6,OR,1676.2
2013,7,OR,1678.6
2013,8,OR,1683.4
2013,9,OR,1691.3
2013,10,OR,1692.9
2013,11,OR,1697.3
2013,12,OR,1701.1
2014,1,OR,1706.5
2014,2,OR,1704.6
2014,3,OR,1711.7
2014,4,OR,1716.8
2014,5,OR,1719.9
2014,6,OR,1725.8
2014,7,OR,1727.6
2014,8,OR,1731.1
2014,9,OR,1738.0
2014,10,OR,1742.5
2014,11,OR,1748.8
2014,12,OR,1756.7
2015,1,OR,1759.6
2015,2,OR,1766.1
2015,3,OR,1768.9
2015,4,OR,1777.3
2015,5,OR,1783.8
2015,6,OR,1789.3
2015,7,OR,1789.1
2015,8,OR,1795.9
2015,9,OR,1798.5
2015,10,OR,1807.1
2015,11,OR,1810.8
2015,12,OR,1817.2
2016,1,OR,1819.8
2016,2,OR,1828.2
2016,3,OR,1832.4
2016,4,OR,1835.7
2016,5,OR,1837.8
2016,6,OR,1840.2
2016,7,OR,1844.8
2016,8,OR,1848.7
2016,9,OR,1854.4
2016,10,OR,1858.3
2016,11,OR,1864.7
2016,12,OR,1863.3
2017,1,OR,1854.2
2017,2,OR,1870.0
2017,3,OR,1876.0
2017,4,OR,1880.9
2017,5,OR,1884.2
2017,6,OR,1891.1
2017,7,OR,1892.8
2017,8,OR,1894.6
2017,9,OR,1897.1
2017,10,OR,1896.5
2017,11,OR,1899.1
2017,12,OR,1903.1
2018,1,OR,1908.5
2018,2,OR,1912.7
2018,3,OR,1916.8
2018,4,OR,1915.7
2018,5,OR,1920.3
2018,6,OR,1923.8
2018,7,OR,1919.9
2018,8,OR,1923.5
2018,9,OR,1930.7
2018,10,OR,1932.2
2018,11,OR,1935.7
2018,12,OR,1938.0
2019,1,OR,1944.4
2019,2,OR,1938.7
2019,3,OR,1942.0
2019,4,OR,1947.9
2019,5,OR,1950.2
2019,6,OR,1951.9
2019,7,OR,1956.1
2019,8,OR,1960.1
2019,9,OR,1961.6
2019,10,OR,1964.7
2019,11,OR,1967.5
2019,12,OR,1969.2
2020,1,OR,1969.6
2020,2,OR,1969.2
2020,3,OR,1953.9
2020,4,OR,1687.0
2020,5,OR,1706.8
2020,6,OR,1764.3
2020,7,OR,1794.0
2020,8,OR,1812.1
2020,9,OR,1822.1
2020,10,OR,1832.3
2020,11,OR,1838.4
2020,12,OR,1817.0
2021,1,OR,1816.9
2021,2,OR,1827.3
2021,3,OR,1852.7
2021,4,OR,1859.5
2021,5,OR,1862.6
2021,6,OR,1867.7
2021,7,OR,1895.6
2021,8,OR,1895.1
2021,9,OR,1893.2
2021,10,OR,1907.8
2021,11,OR,1913.1
2021,12,OR,1918.7
2022,1,OR,1919.6
2022,2,OR,1927.1
2022,3,OR,1935.0
2022,4,OR,1937.4
2022,5,OR,1938.6
2022,6,OR,1936.8
2022,7,OR,1962.4
2022,8,OR,1964.0
2022,9,OR,1963.0
2022,10,OR,1961.5
2022,11,OR,1959.7
2022,12,OR,1966.5
2023,1,OR,1983.1
2023,2,OR,1981.9
2023,3,OR,1982.7
2023,4,OR,1983.6
2023,5,OR,1987.0
2023,6,OR,1992.6
2023,7,OR,1985.4
2023,8,OR,1986.8
2023,9,OR,1991.5
2023,10,OR,1987.1
2023,11,OR,1987.4
2023,12,OR,1988.2
2024,1,OR,1980.1
2024,2,OR,1984.6
2024,3,OR,1987.4
2024,4,OR,1991.4
2024,5,OR,1991.3
2024,6,OR,1992.5
2024,7,OR,1991.7
2024,8,OR,1995.3
2024,9,OR,1997.2
2024,10,OR,1997.0
2024,11,OR,2001.7
2024,12,OR,1999.7
2025,1,OR,2003.2
2025,2,OR,2004.8
2025,3,OR,2011.0
2025,4,OR,2012.0
2025,5,OR,2009.9
2025,6,OR,2001.3
2025,7,OR,2001.4
2025,8,OR,2004.9
2025,9,OR,2008.6
2025,10,OR,2006.6
2025,11,OR,2007.4
2025,12,OR,2005.2
1990,1,PA,5193.1
1990,2,PA,5191.5
1990,3,PA,5197.3
1990,4,PA,5180.7
1990,5,PA,5180.6
1990,6,PA,5178.1
1990,7,PA,5178.3
1990,8,PA,5174.1
1990,9,PA,5171.3
1990,10,PA,5153.2
1990,11,PA,5144.9
1990,12,PA,5137.2
1991,1,PA,5135.2
1991,2,PA,5116.7
1991,3,PA,5106.8
1991,4,PA,5094.4
1991,5,PA,5081.4
1991,6,PA,5082.0
1991,7,PA,5065.7
1991,8,PA,5070.3
1991,9,PA,5073.2
1991,10,PA,5072.9
1991,11,PA,5075.0
1991,12,PA,5070.7
1992,1,PA,5075.3
1992,2,PA,5069.7
1992,3,PA,5064.1
1992,4,PA,5071.1
1992,5,PA,5079.8
1992,6,PA,5081.0
1992,7,PA,5082.1
1992,8,PA,5080.6
1992,9,PA,5074.9
1992,10,PA,5083.4
1992,11,PA,5081.7
1992,12,PA,5078.9
1993,1,PA,5107.0
1993,2,PA,5121.2
1993,3,PA,5094.2
1993,4,PA,5109.0
1993,5,PA,5116.8
1993,6,PA,5113.1
1993,7,PA,5124.0
1993,8,PA,5130.5
1993,9,PA,5129.4
1993,10,PA,5145.9
1993,11,PA,5147.5
1993,12,PA,5156.7
1994,1,PA,5139.4
1994,2,PA,5139.1
1994,3,PA,5156.3
1994,4,PA,5169.8
1994,5,PA,5184.9
1994,6,PA,5202.8
1994,7,PA,5207.5
1994,8,PA,5213.6
1994,9,PA,5224.7
1994,10,PA,5227.0
1994,11,PA,5235.5
1994,12,PA,5241.2
1995,1,PA,5240.8
1995,2,PA,5242.4
1995,3,PA,5252.7
1995,4,PA,5250.5
1995,5,PA,5247.6
1995,6,PA,5259.6
1995,7,PA,5241.4
1995,8,PA,5262.1
1995,9,PA,5268.7
1995,10,PA,5270.3
1995,11,PA,5269.2
1995,12,PA,5271.3
1996,1,PA,5223.1
1996,2,PA,5275.3
1996,3,PA,5282.0
1996,4,PA,5299.4
1996,5,PA,5306.0
1996,6,PA,5306.8
1996,7,PA,5315.1
1996,8,PA,5324.9
1996,9,PA,5328.6
1996,10,PA,5343.4
1996,11,PA,5353.4
1996,12,PA,5361.9
1997,1,PA,5370.7
1997,2,PA,5378.6
1997,3,PA,5381.5
1997,4,PA,5384.0
1997,5,PA,5390.8
1997,6,PA,5392.3
1997,7,PA,5412.5
1997,8,PA,5408.3
1997,9,PA,5432.6
1997,10,PA,5441.7
1997,11,PA,5455.5
1997,12,PA,5466.2
1998,1,PA,5468.0
1998,2,PA,5477.2
1998,3,PA,5474.9
1998,4,PA,5485.1
1998,5,PA,5502.1
1998,6,PA,5485.2
1998,7,PA,5487.4
1998,8,PA,5495.9
1998,9,PA,5501.8
1998,10,PA,5515.1
1998,11,PA,5529.0
1998,12,PA,5538.4
1999,1,PA,5537.5
1999,2,PA,5562.0
1999,3,PA,5563.5
1999,4,PA,5571.6
1999,5,PA,5576.4
1999,6,PA,5584.7
1999,7,PA,5597.8
1999,8,PA,5602.8
1999,9,PA,5594.0
1999,10,PA,5610.5
1999,11,PA,5618.5
1999,12,PA,5635.9
2000,1,PA,5653.2
2000,2,PA,5658.7
2000,3,PA,5677.0
2000,4,PA,5688.5
2000,5,PA,5697.2
2000,6,PA,5699.7
2000,7,PA,5710.6
2000,8,PA,5697.3
2000,9,PA,5712.0
2000,10,PA,5706.2
2000,11,PA,5712.3
2000,12,PA,5714.1
2001,1,PA,5717.4
2001,2,PA,5721.2
2001,3,PA,5716.5
2001,4,PA,5701.6
2001,5,PA,5695.2
2001,6,PA,5696.1
2001,7,PA,5677.6
2001,8,PA,5677.9
2001,9,PA,5670.2
2001,10,PA,5652.2
2001,11,PA,5648.1
2001,12,PA,5643.2
2002,1,PA,5654.0
2002,2,PA,5656.4
2002,3,PA,5654.4
2002,4,PA,5646.7
2002,5,PA,5646.8
2002,6,PA,5649.0
2002,7,PA,5640.3
2002,8,PA,5639.0
2002,9,PA,5640.9
2002,10,PA,5636.4
2002,11,PA,5631.5
2002,12,PA,5619.4
2003,1,PA,5624.5
2003,2,PA,5614.6
2003,3,PA,5611.2
2003,4,PA,5608.5
2003,5,PA,5612.2
2003,6,PA,5612.5
2003,7,PA,5601.1
2003,8,PA,5604.9
2003,9,PA,5608.1
2003,10,PA,5611.6
2003,11,PA,5617.5
2003,12,PA,5620.5
2004,1,PA,5610.1
2004,2,PA,5615.7
2004,3,PA,5626.1
2004,4,PA,5625.4
2004,5,PA,5636.7
2004,6,PA,5646.4
2004,7,PA,5645.0
2004,8,PA,5649.9
2004,9,PA,5656.1
2004,10,PA,5669.4
2004,11,PA,5672.3
2004,12,PA,5678.0
2005,1,PA,5675.0
2005,2,PA,5684.3
2005,3,PA,5674.8
2005,4,PA,5698.1
2005,5,PA,5699.8
2005,6,PA,5701.4
2005,7,PA,5715.6
2005,8,PA,5713.3
2005,9,PA,5719.2
2005,10,PA,5713.3
2005,11,PA,5720.8
2005,12,PA,5720.2
2006,1,PA,5729.3
2006,2,PA,5741.0
2006,3,PA,5748.3
2006,4,PA,5756.4
2006,5,PA,5754.7
2006,6,PA,5755.1
2006,7,PA,5754.8
2006,8,PA,5759.1
2006,9,PA,5764.6
2006,10,PA,5769.2
2006,11,PA,5772.3
2006,12,PA,5782.6
2007,1,PA,5787.4
2007,2,PA,5774.9
2007,3,PA,5791.0
2007,4,PA,5789.6
2007,5,PA,5797.2
2007,6,PA,5810.2
2007,7,PA,5809.8
2007,8,PA,5804.0
2007,9,PA,5800.2
2007,10,PA,5807.1
2007,11,PA,5811.3
2007,12,PA,5811.7
2008,1,PA,5819.6
2008,2,PA,5816.4
2008,3,PA,5810.4
2008,4,PA,5822.6
2008,5,PA,5821.8
2008,6,PA,5815.5
2008,7,PA,5810.1
2008,8,PA,5805.6
2008,9,PA,5801.9
2008,10,PA,5779.8
2008,11,PA,5756.9
2008,12,PA,5740.6
2009,1,PA,5706.5
2009,2,PA,5689.4
2009,3,PA,5654.2
2009,4,PA,5623.6
2009,5,PA,5617.8
2009,6,PA,5603.8
2009,7,PA,5589.9
2009,8,PA,5583.0
2009,9,PA,5580.3
2009,10,PA,5580.9
2009,11,PA,5584.0
2009,12,PA,5580.1
2010,1,PA,5577.8
2010,2,PA,5567.2
2010,3,PA,5587.9
2010,4,PA,5607.5
2010,5,PA,5631.1
2010,6,PA,5633.8
2010,7,PA,5628.2
2010,8,PA,5638.6
2010,9,PA,5630.8
2010,10,PA,5648.1
2010,11,PA,5653.3
2010,12,PA,5658.4
2011,1,PA,5664.7
2011,2,PA,5668.1
2011,3,PA,5674.8
2011,4,PA,5683.4
2011,5,PA,5684.6
2011,6,PA,5694.8
2011,7,PA,5686.1
2011,8,PA,5685.4
2011,9,PA,5693.8
2011,10,PA,5695.0
2011,11,PA,5703.2
2011,12,PA,5706.2
2012,1,PA,5710.9
2012,2,PA,5726.2
2012,3,PA,5743.8
2012,4,PA,5729.9
2012,5,PA,5729.6
2012,6,PA,5725.2
2012,7,PA,5718.5
2012,8,PA,5719.2
2012,9,PA,5729.5
2012,10,PA,5728.8
2012,11,PA,5729.3
2012,12,PA,5729.9
2013,1,PA,5730.5
2013,2,PA,5741.0
2013,3,PA,5745.0
2013,4,PA,5733.6
2013,5,PA,5738.0
2013,6,PA,5734.2
2013,7,PA,5739.5
2013,8,PA,5742.2
2013,9,PA,5746.6
2013,10,PA,5745.9
2013,11,PA,5748.5
2013,12,PA,5748.1
2014,1,PA,5753.4
2014,2,PA,5747.0
2014,3,PA,5760.1
2014,4,PA,5776.7
2014,5,PA,5785.9
2014,6,PA,5791.0
2014,7,PA,5789.5
2014,8,PA,5798.0
2014,9,PA,5804.1
2014,10,PA,5808.9
2014,11,PA,5817.5
2014,12,PA,5825.9
2015,1,PA,5812.5
2015,2,PA,5812.6
2015,3,PA,5805.0
2015,4,PA,5818.3
2015,5,PA,5834.2
2015,6,PA,5840.1
2015,7,PA,5836.8
2015,8,PA,5845.4
2015,9,PA,5845.3
2015,10,PA,5847.9
2015,11,PA,5855.1
2015,12,PA,5861.0
2016,1,PA,5854.9
2016,2,PA,5860.0
2016,3,PA,5872.6
2016,4,PA,5875.9
2016,5,PA,5871.4
2016,6,PA,5867.1
2016,7,PA,5890.9
2016,8,PA,5888.9
2016,9,PA,5903.3
2016,10,PA,5901.6
2016,11,PA,5901.3
2016,12,PA,5903.3
2017,1,PA,5914.9
2017,2,PA,5920.8
2017,3,PA,5915.7
2017,4,PA,5927.2
2017,5,PA,5934.8
2017,6,PA,5936.2
2017,7,PA,5943.2
2017,8,PA,5947.5
2017,9,PA,5961.8
2017,10,PA,5960.8
2017,11,PA,5966.7
2017,12,PA,5976.1
2018,1,PA,5975.8
2018,2,PA,5988.0
2018,3,PA,5989.6
2018,4,PA,5997.3
2018,5,PA,6002.9
2018,6,PA,6012.0
2018,7,PA,6012.2
2018,8,PA,6017.5
2018,9,PA,6028.9
2018,10,PA,6036.2
2018,11,PA,6036.0
2018,12,PA,6036.4
2019,1,PA,6045.3
2019,2,PA,6043.3
2019,3,PA,6052.0
2019,4,PA,6058.6
2019,5,PA,6061.1
2019,6,PA,6059.8
2019,7,PA,6067.4
2019,8,PA,6082.5
2019,9,PA,6079.4
2019,10,PA,6079.6
2019,11,PA,6084.6
2019,12,PA,6084.9
2020,1,PA,6088.5
2020,2,PA,6084.3
2020,3,PA,6037.2
2020,4,PA,4961.5
2020,5,PA,5163.9
2020,6,PA,5373.5
2020,7,PA,5497.0
2020,8,PA,5552.7
2020,9,PA,5605.4
2020,10,PA,5639.7
2020,11,PA,5648.2
2020,12,PA,5606.7
2021,1,PA,5637.9
2021,2,PA,5653.8
2021,3,PA,5695.8
2021,4,PA,5702.9
2021,5,PA,5721.8
2021,6,PA,5740.4
2021,7,PA,5778.7
2021,8,PA,5794.5
2021,9,PA,5789.7
2021,10,PA,5846.9
2021,11,PA,5871.4
2021,12,PA,5892.7
2022,1,PA,5892.0
2022,2,PA,5928.4
2022,3,PA,5947.4
2022,4,PA,5967.3
2022,5,PA,5976.9
2022,6,PA,5976.9
2022,7,PA,6011.2
2022,8,PA,6014.7
2022,9,PA,6022.2
2022,10,PA,6028.4
2022,11,PA,6031.2
2022,12,PA,6037.6
2023,1,PA,6060.8
2023,2,PA,6061.4
2023,3,PA,6067.7
2023,4,PA,6072.1
2023,5,PA,6073.5
2023,6,PA,6095.2
2023,7,PA,6092.4
2023,8,PA,6100.0
2023,9,PA,6101.9
2023,10,PA,6101.3
2023,11,PA,6102.6
2023,12,PA,6114.1
2024,1,PA,6114.5
2024,2,PA,6121.1
2024,3,PA,6131.0
2024,4,PA,6128.1
2024,5,PA,6134.2
2024,6,PA,6135.6
2024,7,PA,6139.6
2024,8,PA,6147.9
2024,9,PA,6153.0
2024,10,PA,6156.8
2024,11,PA,6160.7
2024,12,PA,6180.8
2025,1,PA,6191.8
2025,2,PA,6196.8
2025,3,PA,6215.3
2025,4,PA,6221.4
2025,5,PA,6221.4
2025,6,PA,6230.1
2025,7,PA,6236.9
2025,8,PA,6247.1
2025,9,PA,6252.5
2025,10,PA,6254.8
2025,11,PA,6257.1
2025,12,PA,6257.4
1990,1,RI,464.6
1990,2,RI,464.4
1990,3,RI,464.8
1990,4,RI,459.6
1990,5,RI,458.8
1990,6,RI,457.6
1990,7,RI,455.8
1990,8,RI,454.3
1990,9,RI,455.1
1990,10,RI,452.6
1990,11,RI,452.3
1990,12,RI,450.3
1991,1,RI,441.2
1991,2,RI,437.3
1991,3,RI,434.7
1991,4,RI,429.6
1991,5,RI,428.2
1991,6,RI,426.5
1991,7,RI,424.7
1991,8,RI,423.7
1991,9,RI,421.5
1991,10,RI,421.4
1991,11,RI,421.5
1991,12,RI,419.6
1992,1,RI,425.8
1992,2,RI,426.4
1992,3,RI,426.5
1992,4,RI,427.9
1992,5,RI,426.7
1992,6,RI,426.8
1992,7,RI,428.2
1992,8,RI,426.5
1992,9,RI,426.5
1992,10,RI,428.5
1992,11,RI,429.1
1992,12,RI,428.8
1993,1,RI,430.5
1993,2,RI,430.5
1993,3,RI,429.7
1993,4,RI,430.3
1993,5,RI,432.2
1993,6,RI,432.4
1993,7,RI,434.7
1993,8,RI,435.7
1993,9,RI,435.0
1993,10,RI,435.0
1993,11,RI,435.0
1993,12,RI,436.2
1994,1,RI,436.0
1994,2,RI,435.0
1994,3,RI,436.2
1994,4,RI,436.3
1994,5,RI,435.3
1994,6,RI,436.8
1994,7,RI,436.1
1994,8,RI,439.6
1994,9,RI,437.0
1994,10,RI,437.5
1994,11,RI,440.4
1994,12,RI,438.9
1995,1,RI,442.2
1995,2,RI,441.7
1995,3,RI,442.5
1995,4,RI,441.6
1995,5,RI,440.6
1995,6,RI,440.6
1995,7,RI,439.3
1995,8,RI,444.6
1995,9,RI,442.5
1995,10,RI,442.6
1995,11,RI,442.1
1995,12,RI,441.6
1996,1,RI,440.8
1996,2,RI,442.1
1996,3,RI,442.8
1996,4,RI,440.9
1996,5,RI,442.7
1996,6,RI,443.4
1996,7,RI,439.4
1996,8,RI,443.8
1996,9,RI,443.9
1996,10,RI,445.7
1996,11,RI,447.2
1996,12,RI,448.4
1997,1,RI,448.5
1997,2,RI,448.9
1997,3,RI,450.4
1997,4,RI,450.8
1997,5,RI,451.0
1997,6,RI,452.0
1997,7,RI,452.6
1997,8,RI,453.8
1997,9,RI,456.6
1997,10,RI,454.8
1997,11,RI,454.9
1997,12,RI,457.2
1998,1,RI,457.4
1998,2,RI,458.6
1998,3,RI,458.4
1998,4,RI,458.2
1998,5,RI,460.8
1998,6,RI,460.7
1998,7,RI,461.9
1998,8,RI,462.7
1998,9,RI,461.9
1998,10,RI,462.8
1998,11,RI,464.0
1998,12,RI,463.7
1999,1,RI,461.8
1999,2,RI,463.4
1999,3,RI,464.3
1999,4,RI,467.2
1999,5,RI,467.8
1999,6,RI,467.6
1999,7,RI,468.0
1999,8,RI,470.4
1999,9,RI,470.7
1999,10,RI,475.0
1999,11,RI,473.7
1999,12,RI,475.3
2000,1,RI,476.0
2000,2,RI,476.3
2000,3,RI,478.3
2000,4,RI,479.0
2000,5,RI,480.7
2000,6,RI,478.7
2000,7,RI,481.1
2000,8,RI,479.9
2000,9,RI,481.4
2000,10,RI,482.5
2000,11,RI,483.4
2000,12,RI,484.5
2001,1,RI,483.7
2001,2,RI,485.3
2001,3,RI,484.4
2001,4,RI,483.1
2001,5,RI,481.7
2001,6,RI,480.8
2001,7,RI,480.7
2001,8,RI,481.7
2001,9,RI,480.1
2001,10,RI,480.0
2001,11,RI,479.1
2001,12,RI,480.6
2002,1,RI,481.5
2002,2,RI,481.6
2002,3,RI,483.1
2002,4,RI,482.9
2002,5,RI,482.1
2002,6,RI,482.6
2002,7,RI,481.3
2002,8,RI,482.6
2002,9,RI,482.7
2002,10,RI,483.5
2002,11,RI,483.8
2002,12,RI,484.6
2003,1,RI,486.3
2003,2,RI,484.9
2003,3,RI,485.6
2003,4,RI,486.2
2003,5,RI,487.1
2003,6,RI,488.0
2003,7,RI,488.4
2003,8,RI,488.4
2003,9,RI,488.4
2003,10,RI,489.3
2003,11,RI,489.8
2003,12,RI,490.2
2004,1,RI,489.9
2004,2,RI,490.6
2004,3,RI,490.7
2004,4,RI,490.5
2004,5,RI,492.8
2004,6,RI,491.8
2004,7,RI,492.2
2004,8,RI,492.7
2004,9,RI,493.2
2004,10,RI,494.1
2004,11,RI,493.2
2004,12,RI,493.2
2005,1,RI,493.1
2005,2,RI,493.5
2005,3,RI,493.4
2005,4,RI,495.7
2005,5,RI,494.0
2005,6,RI,494.9
2005,7,RI,496.2
2005,8,RI,496.2
2005,9,RI,495.9
2005,10,RI,494.2
2005,11,RI,494.5
2005,12,RI,494.2
2006,1,RI,493.3
2006,2,RI,493.6
2006,3,RI,495.1
2006,4,RI,498.3
2006,5,RI,495.9
2006,6,RI,496.7
2006,7,RI,495.2
2006,8,RI,496.2
2006,9,RI,498.2
2006,10,RI,498.0
2006,11,RI,498.2
2006,12,RI,499.0
2007,1,RI,499.2
2007,2,RI,498.2
2007,3,RI,497.6
2007,4,RI,496.9
2007,5,RI,497.7
2007,6,RI,497.5
2007,7,RI,496.7
2007,8,RI,495.5
2007,9,RI,493.4
2007,10,RI,493.0
2007,11,RI,491.9
2007,12,RI,491.3
2008,1,RI,491.7
2008,2,RI,490.7
2008,3,RI,489.8
2008,4,RI,488.7
2008,5,RI,487.8
2008,6,RI,486.8
2008,7,RI,483.7
2008,8,RI,483.3
2008,9,RI,482.5
2008,10,RI,479.9
2008,11,RI,477.4
2008,12,RI,475.6
2009,1,RI,471.8
2009,2,RI,469.9
2009,3,RI,466.9
2009,4,RI,464.0
2009,5,RI,464.3
2009,6,RI,463.2
2009,7,RI,459.7
2009,8,RI,459.7
2009,9,RI,460.2
2009,10,RI,460.2
2009,11,RI,459.9
2009,12,RI,460.2
2010,1,RI,460.9
2010,2,RI,460.4
2010,3,RI,461.1
2010,4,RI,460.9
2010,5,RI,462.5
2010,6,RI,461.5
2010,7,RI,462.8
2010,8,RI,464.1
2010,9,RI,463.1
2010,10,RI,462.3
2010,11,RI,463.4
2010,12,RI,462.9
2011,1,RI,462.7
2011,2,RI,462.8
2011,3,RI,463.5
2011,4,RI,465.0
2011,5,RI,464.7
2011,6,RI,464.8
2011,7,RI,465.7
2011,8,RI,464.4
2011,9,RI,465.0
2011,10,RI,465.4
2011,11,RI,465.9
2011,12,RI,465.9
2012,1,RI,467.3
2012,2,RI,469.2
2012,3,RI,469.8
2012,4,RI,468.8
2012,5,RI,469.4
2012,6,RI,469.4
2012,7,RI,467.8
2012,8,RI,470.2
2012,9,RI,471.7
2012,10,RI,470.2
2012,11,RI,470.2
2012,12,RI,472.2
2013,1,RI,473.5
2013,2,RI,472.3
2013,3,RI,474.5
2013,4,RI,473.4
2013,5,RI,474.1
2013,6,RI,476.4
2013,7,RI,475.9
2013,8,RI,477.0
2013,9,RI,477.4
2013,10,RI,478.5
2013,11,RI,478.8
2013,12,RI,477.3
2014,1,RI,478.2
2014,2,RI,480.0
2014,3,RI,479.6
2014,4,RI,481.7
2014,5,RI,483.2
2014,6,RI,482.7
2014,7,RI,483.4
2014,8,RI,483.8
2014,9,RI,485.1
2014,10,RI,484.6
2014,11,RI,485.8
2014,12,RI,486.7
2015,1,RI,487.6
2015,2,RI,484.4
2015,3,RI,485.6
2015,4,RI,488.0
2015,5,RI,490.7
2015,6,RI,489.5
2015,7,RI,490.3
2015,8,RI,489.5
2015,9,RI,491.2
2015,10,RI,491.9
2015,11,RI,492.9
2015,12,RI,493.6
2016,1,RI,492.4
2016,2,RI,493.5
2016,3,RI,494.9
2016,4,RI,493.6
2016,5,RI,493.4
2016,6,RI,493.6
2016,7,RI,494.7
2016,8,RI,494.3
2016,9,RI,494.6
2016,10,RI,495.3
2016,11,RI,494.8
2016,12,RI,495.4
2017,1,RI,496.2
2017,2,RI,496.1
2017,3,RI,496.2
2017,4,RI,497.5
2017,5,RI,498.0
2017,6,RI,498.7
2017,7,RI,498.4
2017,8,RI,499.6
2017,9,RI,498.6
2017,10,RI,498.2
2017,11,RI,499.2
2017,12,RI,499.7
2018,1,RI,498.0
2018,2,RI,500.0
2018,3,RI,499.7
2018,4,RI,499.8
2018,5,RI,501.3
2018,6,RI,501.5
2018,7,RI,501.5
2018,8,RI,502.2
2018,9,RI,502.6
2018,10,RI,502.3
2018,11,RI,502.1
2018,12,RI,502.7
2019,1,RI,505.1
2019,2,RI,504.3
2019,3,RI,503.5
2019,4,RI,503.9
2019,5,RI,503.9
2019,6,RI,503.3
2019,7,RI,504.8
2019,8,RI,505.3
2019,9,RI,504.9
2019,10,RI,505.0
2019,11,RI,505.7
2019,12,RI,505.8
2020,1,RI,507.0
2020,2,RI,508.7
2020,3,RI,502.5
2020,4,RI,399.5
2020,5,RI,414.5
2020,6,RI,437.0
2020,7,RI,448.3
2020,8,RI,458.7
2020,9,RI,463.6
2020,10,RI,469.6
2020,11,RI,470.3
2020,12,RI,464.0
2021,1,RI,468.3
2021,2,RI,471.2
2021,3,RI,474.4
2021,4,RI,475.7
2021,5,RI,478.7
2021,6,RI,480.4
2021,7,RI,482.7
2021,8,RI,482.2
2021,9,RI,483.3
2021,10,RI,486.9
2021,11,RI,488.6
2021,12,RI,489.7
2022,1,RI,488.3
2022,2,RI,492.5
2022,3,RI,493.7
2022,4,RI,497.2
2022,5,RI,497.6
2022,6,RI,498.8
2022,7,RI,501.6
2022,8,RI,502.1
2022,9,RI,498.8
2022,10,RI,500.8
2022,11,RI,501.6
2022,12,RI,502.0
2023,1,RI,502.3
2023,2,RI,503.4
2023,3,RI,504.9
2023,4,RI,501.9
2023,5,RI,504.6
2023,6,RI,506.9
2023,7,RI,506.9
2023,8,RI,507.9
2023,9,RI,508.6
2023,10,RI,507.7
2023,11,RI,507.6
2023,12,RI,509.1
2024,1,RI,507.7
2024,2,RI,509.5
2024,3,RI,511.9
2024,4,RI,511.7
2024,5,RI,512.1
2024,6,RI,513.6
2024,7,RI,511.5
2024,8,RI,512.0
2024,9,RI,512.0
2024,10,RI,513.9
2024,11,RI,514.4
2024,12,RI,514.5
2025,1,RI,514.4
2025,2,RI,515.2
2025,3,RI,515.7
2025,4,RI,515.8
2025,5,RI,515.6
2025,6,RI,513.2
2025,7,RI,513.2
2025,8,RI,514.3
2025,9,RI,514.7
2025,10,RI,513.7
2025,11,RI,513.6
2025,12,RI,513.1
1990,1,SC,1517.8
1990,2,SC,1521.5
1990,3,SC,1522.8
1990,4,SC,1528.1
1990,5,SC,1532.4
1990,6,SC,1536.0
1990,7,SC,1529.6
1990,8,SC,1529.2
1990,9,SC,1535.2
1990,10,SC,1531.7
1990,11,SC,1527.0
1990,12,SC,1519.7
1991,1,SC,1511.3
1991,2,SC,1506.6
1991,3,SC,1504.6
1991,4,SC,1495.3
1991,5,SC,1496.5
1991,6,SC,1492.4
1991,7,SC,1489.7
1991,8,SC,1489.7
1991,9,SC,1491.6
1991,10,SC,1493.5
1991,11,SC,1500.6
1991,12,SC,1496.8
1992,1,SC,1500.6
1992,2,SC,1501.7
1992,3,SC,1503.0
1992,4,SC,1504.3
1992,5,SC,1507.6
1992,6,SC,1509.7
1992,7,SC,1511.7
1992,8,SC,1515.6
1992,9,SC,1516.4
1992,10,SC,1520.8
1992,11,SC,1523.3
1992,12,SC,1523.5
1993,1,SC,1530.2
1993,2,SC,1536.4
1993,3,SC,1536.4
1993,4,SC,1547.3
1993,5,SC,1549.1
1993,6,SC,1551.3
1993,7,SC,1555.4
1993,8,SC,1557.8
1993,9,SC,1563.6
1993,10,SC,1566.7
1993,11,SC,1569.0
1993,12,SC,1574.7
1994,1,SC,1574.8
1994,2,SC,1578.2
1994,3,SC,1583.1
1994,4,SC,1583.2
1994,5,SC,1585.7
1994,6,SC,1592.6
1994,7,SC,1594.7
1994,8,SC,1597.0
1994,9,SC,1604.3
1994,10,SC,1602.8
1994,11,SC,1606.4
1994,12,SC,1610.1
1995,1,SC,1618.4
1995,2,SC,1620.8
1995,3,SC,1624.0
1995,4,SC,1630.7
1995,5,SC,1633.8
1995,6,SC,1637.5
1995,7,SC,1639.4
1995,8,SC,1645.7
1995,9,SC,1650.7
1995,10,SC,1646.2
1995,11,SC,1648.7
1995,12,SC,1652.1
1996,1,SC,1649.5
1996,2,SC,1654.7
1996,3,SC,1657.3
1996,4,SC,1658.9
1996,5,SC,1664.4
1996,6,SC,1669.9
1996,7,SC,1670.4
1996,8,SC,1678.1
1996,9,SC,1678.1
1996,10,SC,1682.5
1996,11,SC,1684.9
1996,12,SC,1687.8
1997,1,SC,1694.9
1997,2,SC,1700.9
1997,3,SC,1704.6
1997,4,SC,1708.0
1997,5,SC,1711.4
1997,6,SC,1713.8
1997,7,SC,1718.8
1997,8,SC,1721.4
1997,9,SC,1728.0
1997,10,SC,1736.5
1997,11,SC,1740.7
1997,12,SC,1745.7
1998,1,SC,1757.6
1998,2,SC,1759.1
1998,3,SC,1765.4
1998,4,SC,1761.4
1998,5,SC,1771.2
1998,6,SC,1776.4
1998,7,SC,1787.5
1998,8,SC,1789.4
1998,9,SC,1794.1
1998,10,SC,1792.9
1998,11,SC,1797.4
1998,12,SC,1803.2
1999,1,SC,1806.1
1999,2,SC,1812.7
1999,3,SC,1814.1
1999,4,SC,1819.5
1999,5,SC,1821.4
1999,6,SC,1824.7
1999,7,SC,1826.9
1999,8,SC,1829.1
1999,9,SC,1829.7
1999,10,SC,1840.1
1999,11,SC,1844.7
1999,12,SC,1853.4
2000,1,SC,1853.7
2000,2,SC,1853.3
2000,3,SC,1860.7
2000,4,SC,1859.6
2000,5,SC,1867.8
2000,6,SC,1873.6
2000,7,SC,1847.9
2000,8,SC,1848.3
2000,9,SC,1844.8
2000,10,SC,1851.9
2000,11,SC,1851.8
2000,12,SC,1850.6
2001,1,SC,1838.0
2001,2,SC,1834.5
2001,3,SC,1830.0
2001,4,SC,1825.1
2001,5,SC,1820.0
2001,6,SC,1813.9
2001,7,SC,1816.3
2001,8,SC,1814.4
2001,9,SC,1809.3
2001,10,SC,1797.8
2001,11,SC,1798.0
2001,12,SC,1792.8
2002,1,SC,1787.7
2002,2,SC,1787.4
2002,3,SC,1788.7
2002,4,SC,1798.1
2002,5,SC,1798.6
2002,6,SC,1800.8
2002,7,SC,1795.9
2002,8,SC,1801.0
2002,9,SC,1797.7
2002,10,SC,1801.1
2002,11,SC,1799.5
2002,12,SC,1798.2
2003,1,SC,1800.5
2003,2,SC,1803.9
2003,3,SC,1802.5
2003,4,SC,1798.9
2003,5,SC,1797.0
2003,6,SC,1795.2
2003,7,SC,1797.3
2003,8,SC,1799.2
2003,9,SC,1799.1
2003,10,SC,1799.2
2003,11,SC,1799.6
2003,12,SC,1803.0
2004,1,SC,1804.4
2004,2,SC,1804.6
2004,3,SC,1812.4
2004,4,SC,1818.6
2004,5,SC,1823.7
2004,6,SC,1827.3
2004,7,SC,1829.7
2004,8,SC,1835.6
2004,9,SC,1839.2
2004,10,SC,1842.7
2004,11,SC,1846.3
2004,12,SC,1848.7
2005,1,SC,1853.1
2005,2,SC,1853.9
2005,3,SC,1849.0
2005,4,SC,1855.2
2005,5,SC,1859.2
2005,6,SC,1849.7
2005,7,SC,1869.5
2005,8,SC,1876.7
2005,9,SC,1874.5
2005,10,SC,1877.0
2005,11,SC,1882.5
2005,12,SC,1875.5
2006,1,SC,1894.4
2006,2,SC,1900.8
2006,3,SC,1902.2
2006,4,SC,1909.9
2006,5,SC,1907.7
2006,6,SC,1888.9
2006,7,SC,1897.6
2006,8,SC,1901.4
2006,9,SC,1908.4
2006,10,SC,1924.2
2006,11,SC,1923.8
2006,12,SC,1934.1
2007,1,SC,1941.8
2007,2,SC,1940.9
2007,3,SC,1945.5
2007,4,SC,1943.3
2007,5,SC,1943.6
2007,6,SC,1952.5
2007,7,SC,1946.4
2007,8,SC,1946.3
2007,9,SC,1950.4
2007,10,SC,1949.0
2007,11,SC,1949.0
2007,12,SC,1950.6
2008,1,SC,1955.9
2008,2,SC,1954.7
2008,3,SC,1950.8
2008,4,SC,1943.9
2008,5,SC,1944.2
2008,6,SC,1936.9
2008,7,SC,1923.7
2008,8,SC,1919.5
2008,9,SC,1918.6
2008,10,SC,1907.5
2008,11,SC,1896.9
2008,12,SC,1883.9
2009,1,SC,1861.2
2009,2,SC,1847.6
2009,3,SC,1834.3
2009,4,SC,1824.1
2009,5,SC,1819.2
2009,6,SC,1810.7
2009,7,SC,1807.6
2009,8,SC,1803.8
2009,9,SC,1797.5
2009,10,SC,1796.7
2009,11,SC,1795.2
2009,12,SC,1791.0
2010,1,SC,1794.1
2010,2,SC,1795.9
2010,3,SC,1797.4
2010,4,SC,1809.2
2010,5,SC,1821.7
2010,6,SC,1816.3
2010,7,SC,1820.8
2010,8,SC,1820.9
2010,9,SC,1816.6
2010,10,SC,1820.8
2010,11,SC,1818.6
2010,12,SC,1824.0
2011,1,SC,1817.1
2011,2,SC,1824.9
2011,3,SC,1827.9
2011,4,SC,1834.7
2011,5,SC,1834.8
2011,6,SC,1835.2
2011,7,SC,1839.0
2011,8,SC,1839.7
2011,9,SC,1840.3
2011,10,SC,1839.8
2011,11,SC,1840.2
2011,12,SC,1844.3
2012,1,SC,1853.6
2012,2,SC,1856.1
2012,3,SC,1860.7
2012,4,SC,1860.7
2012,5,SC,1860.9
2012,6,SC,1865.7
2012,7,SC,1865.0
2012,8,SC,1869.0
2012,9,SC,1871.0
2012,10,SC,1874.2
2012,11,SC,1880.5
2012,12,SC,1882.3
2013,1,SC,1884.7
2013,2,SC,1886.5
2013,3,SC,1887.5
2013,4,SC,1891.7
2013,5,SC,1895.0
2013,6,SC,1900.5
2013,7,SC,1904.6
2013,8,SC,1908.9
2013,9,SC,1914.1
2013,10,SC,1919.3
2013,11,SC,1921.4
2013,12,SC,1926.9
2014,1,SC,1928.9
2014,2,SC,1925.9
2014,3,SC,1938.9
2014,4,SC,1945.8
2014,5,SC,1949.9
2014,6,SC,1951.4
2014,7,SC,1950.6
2014,8,SC,1956.2
2014,9,SC,1964.1
2014,10,SC,1970.9
2014,11,SC,1978.2
2014,12,SC,1983.7
2015,1,SC,1982.6
2015,2,SC,1987.7
2015,3,SC,1990.1
2015,4,SC,1991.2
2015,5,SC,2000.8
2015,6,SC,2006.5
2015,7,SC,2011.9
2015,8,SC,2017.8
2015,9,SC,2021.6
2015,10,SC,2029.7
2015,11,SC,2031.7
2015,12,SC,2038.7
2016,1,SC,2034.6
2016,2,SC,2040.5
2016,3,SC,2044.5
2016,4,SC,2049.9
2016,5,SC,2053.3
2016,6,SC,2053.8
2016,7,SC,2063.7
2016,8,SC,2066.0
2016,9,SC,2072.3
2016,10,SC,2065.2
2016,11,SC,2074.4
2016,12,SC,2079.4
2017,1,SC,2081.5
2017,2,SC,2086.2
2017,3,SC,2092.8
2017,4,SC,2089.2
2017,5,SC,2094.0
2017,6,SC,2099.2
2017,7,SC,2103.5
2017,8,SC,2101.2
2017,9,SC,2100.7
2017,10,SC,2111.1
2017,11,SC,2114.4
2017,12,SC,2117.2
2018,1,SC,2138.8
2018,2,SC,2144.8
2018,3,SC,2147.7
2018,4,SC,2155.0
2018,5,SC,2158.2
2018,6,SC,2163.7
2018,7,SC,2159.9
2018,8,SC,2162.2
2018,9,SC,2156.4
2018,10,SC,2166.7
2018,11,SC,2170.9
2018,12,SC,2169.1
2019,1,SC,2173.8
2019,2,SC,2175.1
2019,3,SC,2180.2
2019,4,SC,2189.2
2019,5,SC,2193.1
2019,6,SC,2195.6
2019,7,SC,2197.4
2019,8,SC,2200.9
2019,9,SC,2203.7
2019,10,SC,2199.9
2019,11,SC,2200.8
2019,12,SC,2200.7
2020,1,SC,2200.6
2020,2,SC,2195.1
2020,3,SC,2186.2
2020,4,SC,1894.3
2020,5,SC,1961.4
2020,6,SC,2032.5
2020,7,SC,2038.7
2020,8,SC,2075.3
2020,9,SC,2088.7
2020,10,SC,2104.0
2020,11,SC,2116.5
2020,12,SC,2125.4
2021,1,SC,2127.8
2021,2,SC,2128.4
2021,3,SC,2135.0
2021,4,SC,2136.3
2021,5,SC,2143.4
2021,6,SC,2147.0
2021,7,SC,2161.2
2021,8,SC,2164.3
2021,9,SC,2165.3
2021,10,SC,2188.1
2021,11,SC,2194.2
2021,12,SC,2201.9
2022,1,SC,2203.6
2022,2,SC,2222.7
2022,3,SC,2220.5
2022,4,SC,2234.1
2022,5,SC,2240.3
2022,6,SC,2242.6
2022,7,SC,2257.5
2022,8,SC,2259.4
2022,9,SC,2267.2
2022,10,SC,2270.0
2022,11,SC,2271.8
2022,12,SC,2276.1
2023,1,SC,2287.3
2023,2,SC,2290.2
2023,3,SC,2295.6
2023,4,SC,2292.9
2023,5,SC,2297.0
2023,6,SC,2306.7
2023,7,SC,2311.0
2023,8,SC,2317.4
2023,9,SC,2322.8
2023,10,SC,2327.8
2023,11,SC,2330.6
2023,12,SC,2332.5
2024,1,SC,2331.5
2024,2,SC,2339.9
2024,3,SC,2344.6
2024,4,SC,2350.5
2024,5,SC,2350.6
2024,6,SC,2351.8
2024,7,SC,2350.4
2024,8,SC,2355.2
2024,9,SC,2366.5
2024,10,SC,2368.4
2024,11,SC,2376.4
2024,12,SC,2383.7
2025,1,SC,2387.7
2025,2,SC,2389.8
2025,3,SC,2401.0
2025,4,SC,2407.7
2025,5,SC,2414.8
2025,6,SC,2420.4
2025,7,SC,2427.5
2025,8,SC,2425.5
2025,9,SC,2421.2
2025,10,SC,2423.6
2025,11,SC,2423.2
2025,12,SC,2417.3
1990,1,SD,283.4
1990,2,SD,284.1
1990,3,SD,285.6
1990,4,SD,286.4
1990,5,SD,287.7
1990,6,SD,287.5
1990,7,SD,290.1
1990,8,SD,289.5
1990,9,SD,289.8
1990,10,SD,290.7
1990,11,SD,291.6
1990,12,SD,292.2
1991,1,SD,292.1
1991,2,SD,293.1
1991,3,SD,293.4
1991,4,SD,294.5
1991,5,SD,295.2
1991,6,SD,295.1
1991,7,SD,297.3
1991,8,SD,296.6
1991,9,SD,296.7
1991,10,SD,297.2
1991,11,SD,298.3
1991,12,SD,299.6
1992,1,SD,302.9
1992,2,SD,304.3
1992,3,SD,304.2
1992,4,SD,305.5
1992,5,SD,306.8
1992,6,SD,307.9
1992,7,SD,308.1
1992,8,SD,309.5
1992,9,SD,309.1
1992,10,SD,309.9
1992,11,SD,311.0
1992,12,SD,311.3
1993,1,SD,311.2
1993,2,SD,312.6
1993,3,SD,313.2
1993,4,SD,314.0
1993,5,SD,315.6
1993,6,SD,316.9
1993,7,SD,318.1
1993,8,SD,319.3
1993,9,SD,319.5
1993,10,SD,321.9
1993,11,SD,323.4
1993,12,SD,323.0
1994,1,SD,325.1
1994,2,SD,325.8
1994,3,SD,327.5
1994,4,SD,327.6
1994,5,SD,328.0
1994,6,SD,330.4
1994,7,SD,332.1
1994,8,SD,331.1
1994,9,SD,332.6
1994,10,SD,333.1
1994,11,SD,334.0
1994,12,SD,335.6
1995,1,SD,338.4
1995,2,SD,339.2
1995,3,SD,341.0
1995,4,SD,339.5
1995,5,SD,339.3
1995,6,SD,341.3
1995,7,SD,341.2
1995,8,SD,343.0
1995,9,SD,343.4
1995,10,SD,343.3
1995,11,SD,345.1
1995,12,SD,345.1
1996,1,SD,346.0
1996,2,SD,345.7
1996,3,SD,345.1
1996,4,SD,346.1
1996,5,SD,345.6
1996,6,SD,345.6
1996,7,SD,345.8
1996,8,SD,346.9
1996,9,SD,347.3
1996,10,SD,348.7
1996,11,SD,349.4
1996,12,SD,347.4
1997,1,SD,347.4
1997,2,SD,349.7
1997,3,SD,350.3
1997,4,SD,351.0
1997,5,SD,353.4
1997,6,SD,352.7
1997,7,SD,354.1
1997,8,SD,353.8
1997,9,SD,354.7
1997,10,SD,354.1
1997,11,SD,355.2
1997,12,SD,355.5
1998,1,SD,356.2
1998,2,SD,357.5
1998,3,SD,357.0
1998,4,SD,357.4
1998,5,SD,358.7
1998,6,SD,358.9
1998,7,SD,360.5
1998,8,SD,360.7
1998,9,SD,361.5
1998,10,SD,361.5
1998,11,SD,363.4
1998,12,SD,363.8
1999,1,SD,365.0
1999,2,SD,365.4
1999,3,SD,365.7
1999,4,SD,367.7
1999,5,SD,368.6
1999,6,SD,368.9
1999,7,SD,370.4
1999,8,SD,371.2
1999,9,SD,371.1
1999,10,SD,373.3
1999,11,SD,374.8
1999,12,SD,375.1
2000,1,SD,377.4
2000,2,SD,377.7
2000,3,SD,379.9
2000,4,SD,379.4
2000,5,SD,377.9
2000,6,SD,377.2
2000,7,SD,376.5
2000,8,SD,376.5
2000,9,SD,377.2
2000,10,SD,377.4
2000,11,SD,376.9
2000,12,SD,377.2
2001,1,SD,379.5
2001,2,SD,380.0
2001,3,SD,379.6
2001,4,SD,378.8
2001,5,SD,379.4
2001,6,SD,378.6
2001,7,SD,378.5
2001,8,SD,377.9
2001,9,SD,377.4
2001,10,SD,377.0
2001,11,SD,377.1
2001,12,SD,376.5
2002,1,SD,376.0
2002,2,SD,375.8
2002,3,SD,375.6
2002,4,SD,376.2
2002,5,SD,377.2
2002,6,SD,377.7
2002,7,SD,377.8
2002,8,SD,377.9
2002,9,SD,378.2
2002,10,SD,378.5
2002,11,SD,377.9
2002,12,SD,378.1
2003,1,SD,377.9
2003,2,SD,377.3
2003,3,SD,377.2
2003,4,SD,377.6
2003,5,SD,377.2
2003,6,SD,377.4
2003,7,SD,378.0
2003,8,SD,378.7
2003,9,SD,377.6
2003,10,SD,378.9
2003,11,SD,379.5
2003,12,SD,379.2
2004,1,SD,379.9
2004,2,SD,380.2
2004,3,SD,380.2
2004,4,SD,382.6
2004,5,SD,383.2
2004,6,SD,383.4
2004,7,SD,382.9
2004,8,SD,384.1
2004,9,SD,385.5
2004,10,SD,385.5
2004,11,SD,385.5
2004,12,SD,385.0
2005,1,SD,385.7
2005,2,SD,386.5
2005,3,SD,387.9
2005,4,SD,388.9
2005,5,SD,388.5
2005,6,SD,388.8
2005,7,SD,390.2
2005,8,SD,390.7
2005,9,SD,392.0
2005,10,SD,391.0
2005,11,SD,392.5
2005,12,SD,393.3
2006,1,SD,394.6
2006,2,SD,395.5
2006,3,SD,396.4
2006,4,SD,396.4
2006,5,SD,397.1
2006,6,SD,397.7
2006,7,SD,398.3
2006,8,SD,399.7
2006,9,SD,399.6
2006,10,SD,399.8
2006,11,SD,400.9
2006,12,SD,402.3
2007,1,SD,402.8
2007,2,SD,403.3
2007,3,SD,404.7
2007,4,SD,405.3
2007,5,SD,406.2
2007,6,SD,406.0
2007,7,SD,407.2
2007,8,SD,407.3
2007,9,SD,406.9
2007,10,SD,407.4
2007,11,SD,407.9
2007,12,SD,407.9
2008,1,SD,410.7
2008,2,SD,411.6
2008,3,SD,411.6
2008,4,SD,410.7
2008,5,SD,411.2
2008,6,SD,410.7
2008,7,SD,410.6
2008,8,SD,411.9
2008,9,SD,411.4
2008,10,SD,411.3
2008,11,SD,410.3
2008,12,SD,410.0
2009,1,SD,408.6
2009,2,SD,407.4
2009,3,SD,405.5
2009,4,SD,401.5
2009,5,SD,404.3
2009,6,SD,402.8
2009,7,SD,403.4
2009,8,SD,401.8
2009,9,SD,402.2
2009,10,SD,400.9
2009,11,SD,401.4
2009,12,SD,400.2
2010,1,SD,398.7
2010,2,SD,398.9
2010,3,SD,399.8
2010,4,SD,401.5
2010,5,SD,401.8
2010,6,SD,402.9
2010,7,SD,403.2
2010,8,SD,403.7
2010,9,SD,403.2
2010,10,SD,404.6
2010,11,SD,405.2
2010,12,SD,404.4
2011,1,SD,403.7
2011,2,SD,404.3
2011,3,SD,404.5
2011,4,SD,405.2
2011,5,SD,405.9
2011,6,SD,407.7
2011,7,SD,406.9
2011,8,SD,407.2
2011,9,SD,408.5
2011,10,SD,409.4
2011,11,SD,409.5
2011,12,SD,411.0
2012,1,SD,411.1
2012,2,SD,411.2
2012,3,SD,412.7
2012,4,SD,414.7
2012,5,SD,413.7
2012,6,SD,414.4
2012,7,SD,413.5
2012,8,SD,413.7
2012,9,SD,414.7
2012,10,SD,414.7
2012,11,SD,415.4
2012,12,SD,415.6
2013,1,SD,415.9
2013,2,SD,416.5
2013,3,SD,416.5
2013,4,SD,414.2
2013,5,SD,417.2
2013,6,SD,416.9
2013,7,SD,417.1
2013,8,SD,417.5
2013,9,SD,418.3
2013,10,SD,419.1
2013,11,SD,420.3
2013,12,SD,420.0
2014,1,SD,421.9
2014,2,SD,421.8
2014,3,SD,421.4
2014,4,SD,422.5
2014,5,SD,422.9
2014,6,SD,423.2
2014,7,SD,424.6
2014,8,SD,424.9
2014,9,SD,425.4
2014,10,SD,425.6
2014,11,SD,424.9
2014,12,SD,425.9
2015,1,SD,426.1
2015,2,SD,426.8
2015,3,SD,427.3
2015,4,SD,427.4
2015,5,SD,428.0
2015,6,SD,428.1
2015,7,SD,428.6
2015,8,SD,428.3
2015,9,SD,428.6
2015,10,SD,429.4
2015,11,SD,430.0
2015,12,SD,430.6
2016,1,SD,429.9
2016,2,SD,430.1
2016,3,SD,430.7
2016,4,SD,431.6
2016,5,SD,431.5
2016,6,SD,431.8
2016,7,SD,433.9
2016,8,SD,432.9
2016,9,SD,433.4
2016,10,SD,433.0
2016,11,SD,433.3
2016,12,SD,433.0
2017,1,SD,432.8
2017,2,SD,432.8
2017,3,SD,433.1
2017,4,SD,435.1
2017,5,SD,433.8
2017,6,SD,433.9
2017,7,SD,433.1
2017,8,SD,434.1
2017,9,SD,434.4
2017,10,SD,435.2
2017,11,SD,434.5
2017,12,SD,435.3
2018,1,SD,435.9
2018,2,SD,436.5
2018,3,SD,436.8
2018,4,SD,435.2
2018,5,SD,437.8
2018,6,SD,437.6
2018,7,SD,437.8
2018,8,SD,438.6
2018,9,SD,439.0
2018,10,SD,438.9
2018,11,SD,438.8
2018,12,SD,439.4
2019,1,SD,440.2
2019,2,SD,439.2
2019,3,SD,438.7
2019,4,SD,438.7
2019,5,SD,439.8
2019,6,SD,440.1
2019,7,SD,440.6
2019,8,SD,441.0
2019,9,SD,440.8
2019,10,SD,441.9
2019,11,SD,442.5
2019,12,SD,441.8
2020,1,SD,441.9
2020,2,SD,443.2
2020,3,SD,440.1
2020,4,SD,398.6
2020,5,SD,404.6
2020,6,SD,413.8
2020,7,SD,419.3
2020,8,SD,425.3
2020,9,SD,428.9
2020,10,SD,433.4
2020,11,SD,432.2
2020,12,SD,432.4
2021,1,SD,433.9
2021,2,SD,433.5
2021,3,SD,435.7
2021,4,SD,438.3
2021,5,SD,439.6
2021,6,SD,440.2
2021,7,SD,442.9
2021,8,SD,442.6
2021,9,SD,443.1
2021,10,SD,444.1
2021,11,SD,445.2
2021,12,SD,446.6
2022,1,SD,447.7
2022,2,SD,449.0
2022,3,SD,450.4
2022,4,SD,451.1
2022,5,SD,451.0
2022,6,SD,452.1
2022,7,SD,454.0
2022,8,SD,454.8
2022,9,SD,455.0
2022,10,SD,455.8
2022,11,SD,456.3
2022,12,SD,455.6
2023,1,SD,457.7
2023,2,SD,458.4
2023,3,SD,459.3
2023,4,SD,459.0
2023,5,SD,460.2
2023,6,SD,463.3
2023,7,SD,462.3
2023,8,SD,463.4
2023,9,SD,464.4
2023,10,SD,464.5
2023,11,SD,465.3
2023,12,SD,466.1
2024,1,SD,465.1
2024,2,SD,466.0
2024,3,SD,467.7
2024,4,SD,467.6
2024,5,SD,468.1
2024,6,SD,466.7
2024,7,SD,467.3
2024,8,SD,467.5
2024,9,SD,468.6
2024,10,SD,470.1
2024,11,SD,470.0
2024,12,SD,470.5
2025,1,SD,472.6
2025,2,SD,471.4
2025,3,SD,471.8
2025,4,SD,472.5
2025,5,SD,471.0
2025,6,SD,472.1
2025,7,SD,471.9
2025,8,SD,471.0
2025,9,SD,473.2
2025,10,SD,474.7
2025,11,SD,473.5
2025,12,SD,473.1
1990,1,TN,2196.4
1990,2,TN,2199.2
1990,3,TN,2202.2
1990,4,TN,2202.5
1990,5,TN,2207.1
1990,6,TN,2207.9
1990,7,TN,2203.1
1990,8,TN,2207.5
1990,9,TN,2201.9
1990,10,TN,2194.3
1990,11,TN,2191.6
1990,12,TN,2186.9
1991,1,TN,2185.4
1991,2,TN,2183.1
1991,3,TN,2181.4
1991,4,TN,2175.6
1991,5,TN,2183.0
1991,6,TN,2182.3
1991,7,TN,2187.6
1991,8,TN,2195.7
1991,9,TN,2200.2
1991,10,TN,2203.8
1991,11,TN,2205.9
1991,12,TN,2203.1
1992,1,TN,2215.8
1992,2,TN,2218.8
1992,3,TN,2242.0
1992,4,TN,2229.4
1992,5,TN,2238.8
1992,6,TN,2242.8
1992,7,TN,2251.3
1992,8,TN,2255.7
1992,9,TN,2260.9
1992,10,TN,2278.9
1992,11,TN,2287.1
1992,12,TN,2293.0
1993,1,TN,2300.7
1993,2,TN,2309.4
1993,3,TN,2306.8
1993,4,TN,2318.3
1993,5,TN,2323.8
1993,6,TN,2330.2
1993,7,TN,2340.2
1993,8,TN,2343.7
1993,9,TN,2349.2
1993,10,TN,2362.9
1993,11,TN,2366.4
1993,12,TN,2375.3
1994,1,TN,2381.6
1994,2,TN,2390.6
1994,3,TN,2403.7
1994,4,TN,2407.2
1994,5,TN,2423.8
1994,6,TN,2427.8
1994,7,TN,2432.3
1994,8,TN,2438.5
1994,9,TN,2453.7
1994,10,TN,2453.8
1994,11,TN,2486.3
1994,12,TN,2475.8
1995,1,TN,2483.5
1995,2,TN,2489.3
1995,3,TN,2496.0
1995,4,TN,2489.1
1995,5,TN,2498.1
1995,6,TN,2502.5
1995,7,TN,2500.7
1995,8,TN,2515.4
1995,9,TN,2529.0
1995,10,TN,2527.7
1995,11,TN,2531.2
1995,12,TN,2538.2
1996,1,TN,2525.7
1996,2,TN,2531.3
1996,3,TN,2559.3
1996,4,TN,2524.4
1996,5,TN,2538.9
1996,6,TN,2535.3
1996,7,TN,2536.4
1996,8,TN,2542.7
1996,9,TN,2551.6
1996,10,TN,2553.8
1996,11,TN,2558.3
1996,12,TN,2559.3
1997,1,TN,2561.7
1997,2,TN,2572.0
1997,3,TN,2578.1
1997,4,TN,2588.5
1997,5,TN,2589.7
1997,6,TN,2595.0
1997,7,TN,2591.0
1997,8,TN,2595.3
1997,9,TN,2599.9
1997,10,TN,2611.1
1997,11,TN,2616.2
1997,12,TN,2621.9
1998,1,TN,2621.2
1998,2,TN,2625.3
1998,3,TN,2629.1
1998,4,TN,2631.6
1998,5,TN,2646.0
1998,6,TN,2650.8
1998,7,TN,2648.4
1998,8,TN,2654.6
1998,9,TN,2655.3
1998,10,TN,2662.4
1998,11,TN,2669.5
1998,12,TN,2674.4
1999,1,TN,2660.9
1999,2,TN,2672.7
1999,3,TN,2678.5
1999,4,TN,2682.0
1999,5,TN,2686.1
1999,6,TN,2691.3
1999,7,TN,2701.6
1999,8,TN,2705.7
1999,9,TN,2704.4
1999,10,TN,2716.5
1999,11,TN,2717.2
1999,12,TN,2722.7
2000,1,TN,2726.0
2000,2,TN,2728.8
2000,3,TN,2751.7
2000,4,TN,2736.3
2000,5,TN,2741.7
2000,6,TN,2744.9
2000,7,TN,2743.3
2000,8,TN,2744.3
2000,9,TN,2739.2
2000,10,TN,2741.0
2000,11,TN,2736.8
2000,12,TN,2735.5
2001,1,TN,2730.0
2001,2,TN,2727.6
2001,3,TN,2722.0
2001,4,TN,2711.2
2001,5,TN,2704.8
2001,6,TN,2699.1
2001,7,TN,2687.0
2001,8,TN,2684.2
2001,9,TN,2679.5
2001,10,TN,2668.2
2001,11,TN,2662.9
2001,12,TN,2660.2
2002,1,TN,2667.5
2002,2,TN,2666.1
2002,3,TN,2663.8
2002,4,TN,2664.6
2002,5,TN,2665.8
2002,6,TN,2668.3
2002,7,TN,2678.3
2002,8,TN,2674.5
2002,9,TN,2673.7
2002,10,TN,2677.3
2002,11,TN,2673.4
2002,12,TN,2676.2
2003,1,TN,2670.7
2003,2,TN,2667.6
2003,3,TN,2665.4
2003,4,TN,2667.0
2003,5,TN,2667.2
2003,6,TN,2665.9
2003,7,TN,2658.7
2003,8,TN,2661.5
2003,9,TN,2665.3
2003,10,TN,2672.7
2003,11,TN,2677.3
2003,12,TN,2679.9
2004,1,TN,2687.0
2004,2,TN,2707.3
2004,3,TN,2697.3
2004,4,TN,2700.9
2004,5,TN,2702.9
2004,6,TN,2710.3
2004,7,TN,2711.7
2004,8,TN,2717.8
2004,9,TN,2714.2
2004,10,TN,2727.6
2004,11,TN,2728.6
2004,12,TN,2734.8
2005,1,TN,2723.2
2005,2,TN,2734.5
2005,3,TN,2735.9
2005,4,TN,2740.5
2005,5,TN,2743.2
2005,6,TN,2746.1
2005,7,TN,2755.1
2005,8,TN,2755.2
2005,9,TN,2764.4
2005,10,TN,2762.6
2005,11,TN,2766.5
2005,12,TN,2766.2
2006,1,TN,2778.1
2006,2,TN,2776.3
2006,3,TN,2782.9
2006,4,TN,2787.0
2006,5,TN,2788.3
2006,6,TN,2796.0
2006,7,TN,2794.3
2006,8,TN,2797.8
2006,9,TN,2797.7
2006,10,TN,2788.5
2006,11,TN,2789.6
2006,12,TN,2794.6
2007,1,TN,2795.3
2007,2,TN,2795.6
2007,3,TN,2802.2
2007,4,TN,2794.5
2007,5,TN,2796.3
2007,6,TN,2805.2
2007,7,TN,2807.9
2007,8,TN,2811.2
2007,9,TN,2810.4
2007,10,TN,2808.7
2007,11,TN,2810.5
2007,12,TN,2812.4
2008,1,TN,2812.6
2008,2,TN,2814.0
2008,3,TN,2809.0
2008,4,TN,2803.4
2008,5,TN,2801.8
2008,6,TN,2793.4
2008,7,TN,2785.6
2008,8,TN,2780.5
2008,9,TN,2769.0
2008,10,TN,2753.1
2008,11,TN,2736.6
2008,12,TN,2720.9
2009,1,TN,2694.0
2009,2,TN,2674.8
2009,3,TN,2653.9
2009,4,TN,2633.1
2009,5,TN,2626.7
2009,6,TN,2611.3
2009,7,TN,2607.5
2009,8,TN,2603.7
2009,9,TN,2600.1
2009,10,TN,2601.4
2009,11,TN,2605.0
2009,12,TN,2597.7
2010,1,TN,2604.2
2010,2,TN,2601.1
2010,3,TN,2604.7
2010,4,TN,2616.5
2010,5,TN,2633.1
2010,6,TN,2627.1
2010,7,TN,2626.5
2010,8,TN,2625.9
2010,9,TN,2625.7
2010,10,TN,2635.1
2010,11,TN,2631.9
2010,12,TN,2632.6
2011,1,TN,2639.6
2011,2,TN,2647.4
2011,3,TN,2651.8
2011,4,TN,2660.2
2011,5,TN,2664.6
2011,6,TN,2662.4
2011,7,TN,2675.1
2011,8,TN,2679.1
2011,9,TN,2681.6
2011,10,TN,2686.6
2011,11,TN,2690.3
2011,12,TN,2693.1
2012,1,TN,2700.9
2012,2,TN,2708.4
2012,3,TN,2718.7
2012,4,TN,2717.7
2012,5,TN,2720.7
2012,6,TN,2724.4
2012,7,TN,2722.4
2012,8,TN,2725.0
2012,9,TN,2730.6
2012,10,TN,2735.1
2012,11,TN,2737.2
2012,12,TN,2742.7
2013,1,TN,2743.6
2013,2,TN,2751.9
2013,3,TN,2752.5
2013,4,TN,2759.8
2013,5,TN,2763.5
2013,6,TN,2766.6
2013,7,TN,2765.4
2013,8,TN,2771.0
2013,9,TN,2775.9
2013,10,TN,2785.8
2013,11,TN,2794.5
2013,12,TN,2799.9
2014,1,TN,2798.8
2014,2,TN,2800.4
2014,3,TN,2810.7
2014,4,TN,2817.6
2014,5,TN,2822.2
2014,6,TN,2823.7
2014,7,TN,2829.5
2014,8,TN,2839.3
2014,9,TN,2845.4
2014,10,TN,2848.3
2014,11,TN,2861.4
2014,12,TN,2868.8
2015,1,TN,2867.7
2015,2,TN,2866.5
2015,3,TN,2865.9
2015,4,TN,2880.6
2015,5,TN,2894.5
2015,6,TN,2900.0
2015,7,TN,2905.6
2015,8,TN,2911.3
2015,9,TN,2919.9
2015,10,TN,2931.3
2015,11,TN,2936.7
2015,12,TN,2944.5
2016,1,TN,2945.0
2016,2,TN,2947.9
2016,3,TN,2959.0
2016,4,TN,2963.0
2016,5,TN,2964.5
2016,6,TN,2968.1
2016,7,TN,2979.1
2016,8,TN,2985.0
2016,9,TN,2993.6
2016,10,TN,2994.1
2016,11,TN,2995.2
2016,12,TN,3002.1
2017,1,TN,3000.0
2017,2,TN,3009.8
2017,3,TN,3008.9
2017,4,TN,3014.0
2017,5,TN,3014.0
2017,6,TN,3020.1
2017,7,TN,3025.2
2017,8,TN,3028.3
2017,9,TN,3034.8
2017,10,TN,3037.4
2017,11,TN,3040.0
2017,12,TN,3044.4
2018,1,TN,3043.8
2018,2,TN,3052.4
2018,3,TN,3058.4
2018,4,TN,3061.1
2018,5,TN,3068.2
2018,6,TN,3069.3
2018,7,TN,3075.7
2018,8,TN,3083.7
2018,9,TN,3089.2
2018,10,TN,3091.9
2018,11,TN,3097.9
2018,12,TN,3097.4
2019,1,TN,3109.9
2019,2,TN,3112.7
2019,3,TN,3117.4
2019,4,TN,3121.6
2019,5,TN,3125.1
2019,6,TN,3120.3
2019,7,TN,3130.1
2019,8,TN,3138.6
2019,9,TN,3142.4
2019,10,TN,3131.8
2019,11,TN,3145.9
2019,12,TN,3148.2
2020,1,TN,3154.3
2020,2,TN,3157.0
2020,3,TN,3141.5
2020,4,TN,2781.7
2020,5,TN,2842.2
2020,6,TN,2925.5
2020,7,TN,2954.7
2020,8,TN,2987.1
2020,9,TN,3005.5
2020,10,TN,3039.6
2020,11,TN,3059.5
2020,12,TN,3077.1
2021,1,TN,3060.1
2021,2,TN,3064.3
2021,3,TN,3077.3
2021,4,TN,3066.1
2021,5,TN,3082.3
2021,6,TN,3095.2
2021,7,TN,3126.3
2021,8,TN,3136.1
2021,9,TN,3128.9
2021,10,TN,3154.9
2021,11,TN,3160.3
2021,12,TN,3175.9
2022,1,TN,3188.8
2022,2,TN,3212.6
2022,3,TN,3217.6
2022,4,TN,3229.7
2022,5,TN,3241.0
2022,6,TN,3242.6
2022,7,TN,3269.0
2022,8,TN,3275.7
2022,9,TN,3286.0
2022,10,TN,3288.4
2022,11,TN,3292.6
2022,12,TN,3296.7
2023,1,TN,3308.0
2023,2,TN,3312.1
2023,3,TN,3313.3
2023,4,TN,3314.3
2023,5,TN,3322.7
2023,6,TN,3335.1
2023,7,TN,3338.9
2023,8,TN,3338.2
2023,9,TN,3350.7
2023,10,TN,3349.9
2023,11,TN,3356.5
2023,12,TN,3363.7
2024,1,TN,3354.3
2024,2,TN,3364.3
2024,3,TN,3374.5
2024,4,TN,3370.5
2024,5,TN,3374.6
2024,6,TN,3377.0
2024,7,TN,3372.9
2024,8,TN,3373.9
2024,9,TN,3375.9
2024,10,TN,3381.3
2024,11,TN,3382.7
2024,12,TN,3385.9
2025,1,TN,3374.4
2025,2,TN,3384.5
2025,3,TN,3385.9
2025,4,TN,3393.3
2025,5,TN,3393.8
2025,6,TN,3395.3
2025,7,TN,3398.8
2025,8,TN,3408.3
2025,9,TN,3411.0
2025,10,TN,3409.9
2025,11,TN,3414.0
2025,12,TN,3408.9
1990,1,TX,7024.6
1990,2,TX,7037.2
1990,3,TX,7057.4
1990,4,TX,7085.1
1990,5,TX,7123.0
1990,6,TX,7136.6
1990,7,TX,7149.7
1990,8,TX,7150.3
1990,9,TX,7184.7
1990,10,TX,7182.1
1990,11,TX,7187.5
1990,12,TX,7186.7
1991,1,TX,7171.8
1991,2,TX,7184.4
1991,3,TX,7197.5
1991,4,TX,7184.8
1991,5,TX,7198.9
1991,6,TX,7209.6
1991,7,TX,7197.9
1991,8,TX,7188.8
1991,9,TX,7236.2
1991,10,TX,7223.2
1991,11,TX,7228.3
1991,12,TX,7235.8
1992,1,TX,7229.9
1992,2,TX,7245.7
1992,3,TX,7255.4
1992,4,TX,7265.7
1992,5,TX,7283.6
1992,6,TX,7284.2
1992,7,TX,7311.4
1992,8,TX,7309.3
1992,9,TX,7316.0
1992,10,TX,7354.3
1992,11,TX,7367.4
1992,12,TX,7376.3
1993,1,TX,7406.9
1993,2,TX,7435.7
1993,3,TX,7447.3
1993,4,TX,7458.6
1993,5,TX,7474.6
1993,6,TX,7493.9
1993,7,TX,7542.5
1993,8,TX,7554.7
1993,9,TX,7571.1
1993,10,TX,7580.2
1993,11,TX,7588.1
1993,12,TX,7618.1
1994,1,TX,7639.7
1994,2,TX,7643.8
1994,3,TX,7673.1
1994,4,TX,7724.6
1994,5,TX,7735.1
1994,6,TX,7756.7
1994,7,TX,7829.4
1994,8,TX,7835.9
1994,9,TX,7851.9
1994,10,TX,7882.8
1994,11,TX,7917.4
1994,12,TX,7945.8
1995,1,TX,7956.0
1995,2,TX,7980.3
1995,3,TX,7998.2
1995,4,TX,8008.6
1995,5,TX,8024.0
1995,6,TX,8042.9
1995,7,TX,8071.2
1995,8,TX,8082.3
1995,9,TX,8111.2
1995,10,TX,8120.4
1995,11,TX,8139.8
1995,12,TX,8172.8
1996,1,TX,8170.6
1996,2,TX,8180.8
1996,3,TX,8198.5
1996,4,TX,8235.7
1996,5,TX,8258.0
1996,6,TX,8264.2
1996,7,TX,8311.3
1996,8,TX,8316.9
1996,9,TX,8333.9
1996,10,TX,8389.5
1996,11,TX,8418.8
1996,12,TX,8430.1
1997,1,TX,8461.3
1997,2,TX,8502.9
1997,3,TX,8536.0
1997,4,TX,8570.3
1997,5,TX,8602.3
1997,6,TX,8631.0
1997,7,TX,8668.2
1997,8,TX,8685.9
1997,9,TX,8734.2
1997,10,TX,8746.3
1997,11,TX,8783.2
1997,12,TX,8801.7
1998,1,TX,8840.3
1998,2,TX,8868.5
1998,3,TX,8886.1
1998,4,TX,8908.2
1998,5,TX,8942.2
1998,6,TX,8953.8
1998,7,TX,8970.5
1998,8,TX,9003.1
1998,9,TX,9046.0
1998,10,TX,9057.6
1998,11,TX,9084.7
1998,12,TX,9114.2
1999,1,TX,9100.7
1999,2,TX,9122.8
1999,3,TX,9141.7
1999,4,TX,9132.8
1999,5,TX,9145.1
1999,6,TX,9168.3
1999,7,TX,9172.3
1999,8,TX,9199.8
1999,9,TX,9231.9
1999,10,TX,9259.0
1999,11,TX,9280.5
1999,12,TX,9315.1
2000,1,TX,9341.9
2000,2,TX,9362.8
2000,3,TX,9395.7
2000,4,TX,9404.8
2000,5,TX,9449.4
2000,6,TX,9464.5
2000,7,TX,9469.5
2000,8,TX,9499.1
2000,9,TX,9520.4
2000,10,TX,9527.3
2000,11,TX,9541.4
2000,12,TX,9568.1
2001,1,TX,9572.0
2001,2,TX,9580.9
2001,3,TX,9586.1
2001,4,TX,9580.1
2001,5,TX,9575.8
2001,6,TX,9576.6
2001,7,TX,9547.3
2001,8,TX,9552.4
2001,9,TX,9537.7
2001,10,TX,9496.2
2001,11,TX,9477.2
2001,12,TX,9458.9
2002,1,TX,9456.0
2002,2,TX,9447.8
2002,3,TX,9452.9
2002,4,TX,9451.7
2002,5,TX,9462.2
2002,6,TX,9451.8
2002,7,TX,9438.4
2002,8,TX,9446.6
2002,9,TX,9455.1
2002,10,TX,9437.2
2002,11,TX,9439.0
2002,12,TX,9429.5
2003,1,TX,9426.8
2003,2,TX,9416.3
2003,3,TX,9398.6
2003,4,TX,9399.6
2003,5,TX,9393.4
2003,6,TX,9381.4
2003,7,TX,9376.5
2003,8,TX,9386.7
2003,9,TX,9401.0
2003,10,TX,9404.8
2003,11,TX,9416.1
2003,12,TX,9421.3
2004,1,TX,9450.8
2004,2,TX,9460.5
2004,3,TX,9471.2
2004,4,TX,9492.1
2004,5,TX,9500.1
2004,6,TX,9510.4
2004,7,TX,9532.1
2004,8,TX,9553.9
2004,9,TX,9546.6
2004,10,TX,9594.0
2004,11,TX,9601.2
2004,12,TX,9615.3
2005,1,TX,9642.5
2005,2,TX,9654.4
2005,3,TX,9671.5
2005,4,TX,9713.2
2005,5,TX,9726.0
2005,6,TX,9733.8
2005,7,TX,9797.2
2005,8,TX,9813.9
2005,9,TX,9841.1
2005,10,TX,9854.3
2005,11,TX,9902.5
2005,12,TX,9922.0
2006,1,TX,9961.9
2006,2,TX,9982.8
2006,3,TX,10018.4
2006,4,TX,10032.5
2006,5,TX,10058.3
2006,6,TX,10087.4
2006,7,TX,10094.5
2006,8,TX,10139.3
2006,9,TX,10173.8
2006,10,TX,10184.3
2006,11,TX,10211.5
2006,12,TX,10247.0
2007,1,TX,10266.6
2007,2,TX,10304.7
2007,3,TX,10346.3
2007,4,TX,10371.6
2007,5,TX,10396.9
2007,6,TX,10433.9
2007,7,TX,10455.2
2007,8,TX,10469.3
2007,9,TX,10492.2
2007,10,TX,10519.8
2007,11,TX,10541.9
2007,12,TX,10565.0
2008,1,TX,10598.7
2008,2,TX,10630.3
2008,3,TX,10621.0
2008,4,TX,10645.8
2008,5,TX,10654.3
2008,6,TX,10661.1
2008,7,TX,10677.7
2008,8,TX,10677.5
2008,9,TX,10649.3
2008,10,TX,10654.6
2008,11,TX,10645.3
2008,12,TX,10617.8
2009,1,TX,10562.1
2009,2,TX,10499.2
2009,3,TX,10439.9
2009,4,TX,10374.8
2009,5,TX,10353.7
2009,6,TX,10323.3
2009,7,TX,10290.9
2009,8,TX,10266.2
2009,9,TX,10256.7
2009,10,TX,10249.3
2009,11,TX,10249.7
2009,12,TX,10248.3
2010,1,TX,10275.3
2010,2,TX,10278.3
2010,3,TX,10311.8
2010,4,TX,10332.8
2010,5,TX,10394.0
2010,6,TX,10393.3
2010,7,TX,10379.5
2010,8,TX,10393.7
2010,9,TX,10396.3
2010,10,TX,10447.6
2010,11,TX,10451.5
2010,12,TX,10471.4
2011,1,TX,10490.1
2011,2,TX,10493.3
2011,3,TX,10535.1
2011,4,TX,10571.5
2011,5,TX,10582.1
2011,6,TX,10603.7
2011,7,TX,10636.9
2011,8,TX,10652.5
2011,9,TX,10673.2
2011,10,TX,10667.5
2011,11,TX,10686.1
2011,12,TX,10708.2
2012,1,TX,10752.8
2012,2,TX,10783.2
2012,3,TX,10821.9
2012,4,TX,10847.6
2012,5,TX,10880.1
2012,6,TX,10909.6
2012,7,TX,10925.3
2012,8,TX,10961.1
2012,9,TX,10988.9
2012,10,TX,11019.2
2012,11,TX,11049.4
2012,12,TX,11075.4
2013,1,TX,11078.3
2013,2,TX,11138.4
2013,3,TX,11168.6
2013,4,TX,11183.8
2013,5,TX,11199.3
2013,6,TX,11231.6
2013,7,TX,11262.2
2013,8,TX,11282.1
2013,9,TX,11315.2
2013,10,TX,11335.2
2013,11,TX,11367.1
2013,12,TX,11375.6
2014,1,TX,11403.8
2014,2,TX,11431.4
2014,3,TX,11471.8
2014,4,TX,11519.9
2014,5,TX,11555.0
2014,6,TX,11586.1
2014,7,TX,11613.7
2014,8,TX,11637.9
2014,9,TX,11672.3
2014,10,TX,11716.4
2014,11,TX,11756.3
2014,12,TX,11792.0
2015,1,TX,11804.9
2015,2,TX,11811.6
2015,3,TX,11805.3
2015,4,TX,11808.5
2015,5,TX,11841.0
2015,6,TX,11864.6
2015,7,TX,11883.9
2015,8,TX,11902.6
2015,9,TX,11909.9
2015,10,TX,11919.0
2015,11,TX,11925.1
2015,12,TX,11941.9
2016,1,TX,11959.6
2016,2,TX,11967.2
2016,3,TX,11959.5
2016,4,TX,11978.8
2016,5,TX,11991.5
2016,6,TX,11978.7
2016,7,TX,12030.8
2016,8,TX,12041.0
2016,9,TX,12066.3
2016,10,TX,12063.4
2016,11,TX,12077.0
2016,12,TX,12092.9
2017,1,TX,12130.8
2017,2,TX,12143.7
2017,3,TX,12185.5
2017,4,TX,12194.3
2017,5,TX,12216.8
2017,6,TX,12242.0
2017,7,TX,12230.3
2017,8,TX,12247.0
2017,9,TX,12253.1
2017,10,TX,12294.0
2017,11,TX,12313.5
2017,12,TX,12341.9
2018,1,TX,12356.5
2018,2,TX,12395.0
2018,3,TX,12439.8
2018,4,TX,12449.8
2018,5,TX,12488.6
2018,6,TX,12526.1
2018,7,TX,12547.7
2018,8,TX,12579.6
2018,9,TX,12592.1
2018,10,TX,12614.2
2018,11,TX,12632.8
2018,12,TX,12658.6
2019,1,TX,12683.4
2019,2,TX,12716.4
2019,3,TX,12728.6
2019,4,TX,12755.5
2019,5,TX,12786.0
2019,6,TX,12811.8
2019,7,TX,12835.0
2019,8,TX,12862.1
2019,9,TX,12878.7
2019,10,TX,12881.6
2019,11,TX,12916.3
2019,12,TX,12920.4
2020,1,TX,12945.9
2020,2,TX,12963.0
2020,3,TX,12909.5
2020,4,TX,11511.3
2020,5,TX,11755.2
2020,6,TX,11989.8
2020,7,TX,11993.5
2020,8,TX,12104.1
2020,9,TX,12173.9
2020,10,TX,12253.0
2020,11,TX,12312.6
2020,12,TX,12360.8
2021,1,TX,12393.7
2021,2,TX,12356.2
2021,3,TX,12497.4
2021,4,TX,12537.1
2021,5,TX,12600.2
2021,6,TX,12668.3
2021,7,TX,12769.7
2021,8,TX,12815.6
2021,9,TX,12863.4
2021,10,TX,13012.4
2021,11,TX,13067.7
2021,12,TX,13143.6
2022,1,TX,13139.3
2022,2,TX,13224.8
2022,3,TX,13277.3
2022,4,TX,13356.1
2022,5,TX,13401.8
2022,6,TX,13417.5
2022,7,TX,13556.4
2022,8,TX,13598.3
2022,9,TX,13641.6
2022,10,TX,13672.7
2022,11,TX,13704.0
2022,12,TX,13729.2
2023,1,TX,13798.9
2023,2,TX,13825.8
2023,3,TX,13861.2
2023,4,TX,13876.7
2023,5,TX,13894.2
2023,6,TX,13937.7
2023,7,TX,13928.8
2023,8,TX,13955.1
2023,9,TX,13983.3
2023,10,TX,13990.8
2023,11,TX,13994.4
2023,12,TX,14019.6
2024,1,TX,14048.7
2024,2,TX,14071.9
2024,3,TX,14090.5
2024,4,TX,14104.6
2024,5,TX,14127.5
2024,6,TX,14130.9
2024,7,TX,14101.3
2024,8,TX,14152.1
2024,9,TX,14175.8
2024,10,TX,14179.9
2024,11,TX,14174.7
2024,12,TX,14208.5
2025,1,TX,14234.1
2025,2,TX,14256.1
2025,3,TX,14282.4
2025,4,TX,14312.7
2025,5,TX,14331.1
2025,6,TX,14325.1
2025,7,TX,14330.1
2025,8,TX,14339.2
2025,9,TX,14335.7
2025,10,TX,14313.7
2025,11,TX,14321.3
2025,12,TX,14341.0
1990,1,UT,712.5
1990,2,UT,712.8
1990,3,UT,715.6
1990,4,UT,720.5
1990,5,UT,721.8
1990,6,UT,724.5
1990,7,UT,725.8
1990,8,UT,728.6
1990,9,UT,732.6
1990,10,UT,735.3
1990,11,UT,736.9
1990,12,UT,738.5
1991,1,UT,740.1
1991,2,UT,742.5
1991,3,UT,744.2
1991,4,UT,742.7
1991,5,UT,744.4
1991,6,UT,747.5
1991,7,UT,749.5
1991,8,UT,751.6
1991,9,UT,752.5
1991,10,UT,753.7
1991,11,UT,755.2
1991,12,UT,754.7
1992,1,UT,758.9
1992,2,UT,761.4
1992,3,UT,763.1
1992,4,UT,763.8
1992,5,UT,768.4
1992,6,UT,768.2
1992,7,UT,771.1
1992,8,UT,774.6
1992,9,UT,775.6
1992,10,UT,779.9
1992,11,UT,783.3
1992,12,UT,784.8
1993,1,UT,790.3
1993,2,UT,793.3
1993,3,UT,797.7
1993,4,UT,802.0
1993,5,UT,805.4
1993,6,UT,810.9
1993,7,UT,814.7
1993,8,UT,818.7
1993,9,UT,821.3
1993,10,UT,828.8
1993,11,UT,830.5
1993,12,UT,835.5
1994,1,UT,840.1
1994,2,UT,842.9
1994,3,UT,847.5
1994,4,UT,850.2
1994,5,UT,856.5
1994,6,UT,860.4
1994,7,UT,865.7
1994,8,UT,868.7
1994,9,UT,873.3
1994,10,UT,876.8
1994,11,UT,881.0
1994,12,UT,885.9
1995,1,UT,887.3
1995,2,UT,892.7
1995,3,UT,897.5
1995,4,UT,899.8
1995,5,UT,901.8
1995,6,UT,905.8
1995,7,UT,909.8
1995,8,UT,914.9
1995,9,UT,921.9
1995,10,UT,924.1
1995,11,UT,926.7
1995,12,UT,932.0
1996,1,UT,937.0
1996,2,UT,939.9
1996,3,UT,942.0
1996,4,UT,945.8
1996,5,UT,950.0
1996,6,UT,954.6
1996,7,UT,957.3
1996,8,UT,961.7
1996,9,UT,963.8
1996,10,UT,967.3
1996,11,UT,972.2
1996,12,UT,974.8
1997,1,UT,976.5
1997,2,UT,981.8
1997,3,UT,986.2
1997,4,UT,987.5
1997,5,UT,992.0
1997,6,UT,992.8
1997,7,UT,997.3
1997,8,UT,997.1
1997,9,UT,1000.3
1997,10,UT,1003.9
1997,11,UT,1007.2
1997,12,UT,1008.7
1998,1,UT,1008.2
1998,2,UT,1013.4
1998,3,UT,1014.6
1998,4,UT,1015.3
1998,5,UT,1020.7
1998,6,UT,1022.9
1998,7,UT,1026.2
1998,8,UT,1028.8
1998,9,UT,1030.5
1998,10,UT,1031.3
1998,11,UT,1033.4
1998,12,UT,1033.7
1999,1,UT,1032.6
1999,2,UT,1037.1
1999,3,UT,1040.1
1999,4,UT,1043.9
1999,5,UT,1044.8
1999,6,UT,1048.6
1999,7,UT,1049.9
1999,8,UT,1052.1
1999,9,UT,1054.6
1999,10,UT,1057.1
1999,11,UT,1059.6
1999,12,UT,1062.9
2000,1,UT,1060.3
2000,2,UT,1065.0
2000,3,UT,1069.0
2000,4,UT,1072.4
2000,5,UT,1074.5
2000,6,UT,1076.0
2000,7,UT,1076.6
2000,8,UT,1077.7
2000,9,UT,1080.6
2000,10,UT,1083.2
2000,11,UT,1083.7
2000,12,UT,1087.2
2001,1,UT,1084.2
2001,2,UT,1084.7
2001,3,UT,1086.7
2001,4,UT,1084.4
2001,5,UT,1084.8
2001,6,UT,1083.6
2001,7,UT,1082.3
2001,8,UT,1082.0
2001,9,UT,1081.1
2001,10,UT,1077.0
2001,11,UT,1074.3
2001,12,UT,1071.1
2002,1,UT,1077.4
2002,2,UT,1081.5
2002,3,UT,1072.9
2002,4,UT,1074.3
2002,5,UT,1071.0
2002,6,UT,1070.1
2002,7,UT,1072.9
2002,8,UT,1070.4
2002,9,UT,1071.7
2002,10,UT,1073.0
2002,11,UT,1073.5
2002,12,UT,1072.0
2003,1,UT,1072.7
2003,2,UT,1071.4
2003,3,UT,1069.5
2003,4,UT,1069.9
2003,5,UT,1068.6
2003,6,UT,1069.8
2003,7,UT,1072.4
2003,8,UT,1074.1
2003,9,UT,1075.4
2003,10,UT,1079.6
2003,11,UT,1082.3
2003,12,UT,1083.8
2004,1,UT,1086.7
2004,2,UT,1090.2
2004,3,UT,1093.2
2004,4,UT,1098.1
2004,5,UT,1100.3
2004,6,UT,1103.8
2004,7,UT,1105.6
2004,8,UT,1107.1
2004,9,UT,1109.7
2004,10,UT,1115.4
2004,11,UT,1120.5
2004,12,UT,1122.5
2005,1,UT,1125.4
2005,2,UT,1130.3
2005,3,UT,1133.2
2005,4,UT,1137.4
2005,5,UT,1140.2
2005,6,UT,1142.4
2005,7,UT,1150.9
2005,8,UT,1156.4
2005,9,UT,1160.2
2005,10,UT,1162.3
2005,11,UT,1168.0
2005,12,UT,1171.6
2006,1,UT,1177.7
2006,2,UT,1183.4
2006,3,UT,1188.9
2006,4,UT,1193.1
2006,5,UT,1197.4
2006,6,UT,1204.3
2006,7,UT,1207.2
2006,8,UT,1212.1
2006,9,UT,1214.3
2006,10,UT,1215.1
2006,11,UT,1223.2
2006,12,UT,1228.0
2007,1,UT,1234.2
2007,2,UT,1239.0
2007,3,UT,1244.9
2007,4,UT,1247.1
2007,5,UT,1251.7
2007,6,UT,1255.5
2007,7,UT,1256.6
2007,8,UT,1258.8
2007,9,UT,1258.1
2007,10,UT,1261.5
2007,11,UT,1264.4
2007,12,UT,1265.5
2008,1,UT,1259.6
2008,2,UT,1260.3
2008,3,UT,1259.4
2008,4,UT,1259.5
2008,5,UT,1256.9
2008,6,UT,1256.2
2008,7,UT,1255.1
2008,8,UT,1255.6
2008,9,UT,1252.5
2008,10,UT,1244.4
2008,11,UT,1237.9
2008,12,UT,1230.9
2009,1,UT,1218.4
2009,2,UT,1210.5
2009,3,UT,1202.4
2009,4,UT,1191.8
2009,5,UT,1189.6
2009,6,UT,1185.9
2009,7,UT,1180.0
2009,8,UT,1179.1
2009,9,UT,1179.4
2009,10,UT,1176.6
2009,11,UT,1176.1
2009,12,UT,1174.4
2010,1,UT,1174.7
2010,2,UT,1173.1
2010,3,UT,1175.6
2010,4,UT,1178.8
2010,5,UT,1182.8
2010,6,UT,1183.0
2010,7,UT,1184.3
2010,8,UT,1184.2
2010,9,UT,1184.2
2010,10,UT,1187.9
2010,11,UT,1189.8
2010,12,UT,1191.7
2011,1,UT,1193.0
2011,2,UT,1195.4
2011,3,UT,1197.7
2011,4,UT,1201.9
2011,5,UT,1201.9
2011,6,UT,1204.5
2011,7,UT,1210.8
2011,8,UT,1213.1
2011,9,UT,1216.2
2011,10,UT,1217.0
2011,11,UT,1218.5
2011,12,UT,1223.5
2012,1,UT,1228.4
2012,2,UT,1231.7
2012,3,UT,1235.8
2012,4,UT,1244.2
2012,5,UT,1250.2
2012,6,UT,1252.3
2012,7,UT,1250.9
2012,8,UT,1254.5
2012,9,UT,1258.8
2012,10,UT,1261.2
2012,11,UT,1267.6
2012,12,UT,1268.5
2013,1,UT,1274.0
2013,2,UT,1277.3
2013,3,UT,1280.2
2013,4,UT,1284.9
2013,5,UT,1286.6
2013,6,UT,1287.1
2013,7,UT,1292.8
2013,8,UT,1293.7
2013,9,UT,1294.8
2013,10,UT,1300.0
2013,11,UT,1304.3
2013,12,UT,1307.8
2014,1,UT,1308.7
2014,2,UT,1312.0
2014,3,UT,1314.0
2014,4,UT,1318.7
2014,5,UT,1321.0
2014,6,UT,1324.3
2014,7,UT,1325.7
2014,8,UT,1331.4
2014,9,UT,1335.8
2014,10,UT,1339.9
2014,11,UT,1345.0
2014,12,UT,1348.0
2015,1,UT,1355.5
2015,2,UT,1360.2
2015,3,UT,1364.9
2015,4,UT,1364.8
2015,5,UT,1371.0
2015,6,UT,1375.6
2015,7,UT,1379.8
2015,8,UT,1383.7
2015,9,UT,1387.6
2015,10,UT,1393.4
2015,11,UT,1396.8
2015,12,UT,1399.6
2016,1,UT,1402.6
2016,2,UT,1408.0
2016,3,UT,1412.7
2016,4,UT,1417.4
2016,5,UT,1420.2
2016,6,UT,1424.2
2016,7,UT,1433.4
2016,8,UT,1433.9
2016,9,UT,1438.6
2016,10,UT,1438.6
2016,11,UT,1439.9
2016,12,UT,1442.1
2017,1,UT,1447.8
2017,2,UT,1450.6
2017,3,UT,1456.6
2017,4,UT,1458.5
2017,5,UT,1460.9
2017,6,UT,1466.4
2017,7,UT,1469.3
2017,8,UT,1472.3
2017,9,UT,1477.0
2017,10,UT,1481.3
2017,11,UT,1485.8
2017,12,UT,1490.6
2018,1,UT,1495.0
2018,2,UT,1501.7
2018,3,UT,1503.6
2018,4,UT,1503.9
2018,5,UT,1507.8
2018,6,UT,1514.6
2018,7,UT,1516.9
2018,8,UT,1521.3
2018,9,UT,1527.2
2018,10,UT,1528.9
2018,11,UT,1532.9
2018,12,UT,1536.0
2019,1,UT,1540.1
2019,2,UT,1541.8
2019,3,UT,1545.7
2019,4,UT,1550.7
2019,5,UT,1555.4
2019,6,UT,1554.0
2019,7,UT,1558.7
2019,8,UT,1562.6
2019,9,UT,1566.7
2019,10,UT,1569.2
2019,11,UT,1572.4
2019,12,UT,1572.1
2020,1,UT,1572.3
2020,2,UT,1572.8
2020,3,UT,1568.1
2020,4,UT,1428.4
2020,5,UT,1474.3
2020,6,UT,1501.6
2020,7,UT,1521.4
2020,8,UT,1535.8
2020,9,UT,1544.8
2020,10,UT,1561.5
2020,11,UT,1567.8
2020,12,UT,1572.8
2021,1,UT,1580.8
2021,2,UT,1585.5
2021,3,UT,1591.3
2021,4,UT,1599.0
2021,5,UT,1604.0
2021,6,UT,1612.6
2021,7,UT,1622.6
2021,8,UT,1624.0
2021,9,UT,1620.9
2021,10,UT,1633.8
2021,11,UT,1639.2
2021,12,UT,1645.5
2022,1,UT,1651.7
2022,2,UT,1659.7
2022,3,UT,1665.3
2022,4,UT,1674.1
2022,5,UT,1676.4
2022,6,UT,1678.8
2022,7,UT,1689.7
2022,8,UT,1691.3
2022,9,UT,1693.5
2022,10,UT,1694.9
2022,11,UT,1700.8
2022,12,UT,1701.9
2023,1,UT,1707.2
2023,2,UT,1708.8
2023,3,UT,1708.7
2023,4,UT,1714.8
2023,5,UT,1719.3
2023,6,UT,1727.9
2023,7,UT,1723.0
2023,8,UT,1723.6
2023,9,UT,1729.5
2023,10,UT,1729.3
2023,11,UT,1728.9
2023,12,UT,1734.6
2024,1,UT,1733.3
2024,2,UT,1734.0
2024,3,UT,1739.5
2024,4,UT,1741.2
2024,5,UT,1739.4
2024,6,UT,1741.3
2024,7,UT,1740.0
2024,8,UT,1744.7
2024,9,UT,1749.8
2024,10,UT,1757.1
2024,11,UT,1758.9
2024,12,UT,1764.0
2025,1,UT,1769.6
2025,2,UT,1770.4
2025,3,UT,1774.8
2025,4,UT,1777.3
2025,5,UT,1778.7
2025,6,UT,1771.1
2025,7,UT,1766.8
2025,8,UT,1775.9
2025,9,UT,1779.3
2025,10,UT,1775.7
2025,11,UT,1779.9
2025,12,UT,1784.6
1990,1,VT,261.5
1990,2,VT,260.3
1990,3,VT,260.1
1990,4,VT,260.1
1990,5,VT,260.7
1990,6,VT,259.7
1990,7,VT,258.6
1990,8,VT,258.0
1990,9,VT,255.3
1990,10,VT,254.3
1990,11,VT,252.7
1990,12,VT,253.1
1991,1,VT,251.2
1991,2,VT,249.1
1991,3,VT,248.5
1991,4,VT,248.7
1991,5,VT,248.6
1991,6,VT,248.4
1991,7,VT,249.7
1991,8,VT,250.1
1991,9,VT,249.1
1991,10,VT,249.4
1991,11,VT,249.5
1991,12,VT,249.7
1992,1,VT,248.6
1992,2,VT,250.1
1992,3,VT,250.1
1992,4,VT,250.4
1992,5,VT,250.2
1992,6,VT,250.3
1992,7,VT,251.4
1992,8,VT,252.0
1992,9,VT,253.1
1992,10,VT,253.1
1992,11,VT,254.0
1992,12,VT,253.5
1993,1,VT,255.3
1993,2,VT,255.2
1993,3,VT,254.8
1993,4,VT,255.8
1993,5,VT,256.3
1993,6,VT,258.4
1993,7,VT,257.3
1993,8,VT,258.3
1993,9,VT,259.0
1993,10,VT,259.7
1993,11,VT,260.4
1993,12,VT,260.2
1994,1,VT,260.1
1994,2,VT,261.0
1994,3,VT,263.1
1994,4,VT,262.2
1994,5,VT,263.6
1994,6,VT,264.1
1994,7,VT,264.2
1994,8,VT,264.4
1994,9,VT,265.1
1994,10,VT,265.8
1994,11,VT,267.0
1994,12,VT,268.5
1995,1,VT,268.3
1995,2,VT,269.0
1995,3,VT,270.1
1995,4,VT,270.0
1995,5,VT,269.2
1995,6,VT,268.9
1995,7,VT,270.3
1995,8,VT,270.9
1995,9,VT,271.6
1995,10,VT,272.0
1995,11,VT,272.1
1995,12,VT,272.6
1996,1,VT,273.7
1996,2,VT,274.3
1996,3,VT,273.9
1996,4,VT,275.1
1996,5,VT,275.7
1996,6,VT,275.6
1996,7,VT,274.0
1996,8,VT,275.1
1996,9,VT,276.1
1996,10,VT,276.3
1996,11,VT,276.4
1996,12,VT,277.3
1997,1,VT,276.6
1997,2,VT,277.2
1997,3,VT,276.9
1997,4,VT,278.1
1997,5,VT,278.5
1997,6,VT,279.4
1997,7,VT,280.4
1997,8,VT,280.2
1997,9,VT,280.6
1997,10,VT,281.8
1997,11,VT,281.8
1997,12,VT,283.2
1998,1,VT,282.3
1998,2,VT,283.8
1998,3,VT,284.2
1998,4,VT,285.3
1998,5,VT,285.4
1998,6,VT,285.4
1998,7,VT,285.6
1998,8,VT,285.9
1998,9,VT,286.3
1998,10,VT,284.8
1998,11,VT,285.9
1998,12,VT,286.4
1999,1,VT,288.0
1999,2,VT,288.4
1999,3,VT,289.3
1999,4,VT,291.1
1999,5,VT,290.8
1999,6,VT,290.7
1999,7,VT,292.6
1999,8,VT,292.4
1999,9,VT,292.2
1999,10,VT,294.4
1999,11,VT,295.9
1999,12,VT,295.2
2000,1,VT,295.9
2000,2,VT,296.6
2000,3,VT,299.2
2000,4,VT,296.9
2000,5,VT,298.4
2000,6,VT,298.7
2000,7,VT,298.9
2000,8,VT,299.2
2000,9,VT,299.5
2000,10,VT,300.4
2000,11,VT,300.6
2000,12,VT,302.3
2001,1,VT,303.4
2001,2,VT,303.2
2001,3,VT,302.5
2001,4,VT,303.3
2001,5,VT,302.3
2001,6,VT,303.0
2001,7,VT,303.1
2001,8,VT,302.1
2001,9,VT,301.7
2001,10,VT,301.6
2001,11,VT,301.2
2001,12,VT,299.5
2002,1,VT,300.8
2002,2,VT,299.9
2002,3,VT,300.1
2002,4,VT,301.2
2002,5,VT,300.1
2002,6,VT,300.6
2002,7,VT,299.2
2002,8,VT,298.7
2002,9,VT,298.5
2002,10,VT,299.0
2002,11,VT,298.3
2002,12,VT,297.8
2003,1,VT,299.6
2003,2,VT,298.0
2003,3,VT,298.1
2003,4,VT,297.7
2003,5,VT,298.7
2003,6,VT,299.6
2003,7,VT,299.6
2003,8,VT,299.6
2003,9,VT,299.2
2003,10,VT,299.9
2003,11,VT,300.6
2003,12,VT,301.5
2004,1,VT,301.1
2004,2,VT,300.9
2004,3,VT,301.7
2004,4,VT,302.3
2004,5,VT,303.1
2004,6,VT,303.3
2004,7,VT,303.8
2004,8,VT,304.2
2004,9,VT,304.9
2004,10,VT,304.5
2004,11,VT,304.4
2004,12,VT,304.1
2005,1,VT,304.5
2005,2,VT,304.5
2005,3,VT,305.2
2005,4,VT,305.8
2005,5,VT,305.5
2005,6,VT,304.7
2005,7,VT,306.3
2005,8,VT,306.7
2005,9,VT,306.2
2005,10,VT,305.5
2005,11,VT,305.9
2005,12,VT,307.3
2006,1,VT,307.1
2006,2,VT,307.6
2006,3,VT,307.8
2006,4,VT,307.5
2006,5,VT,307.2
2006,6,VT,307.9
2006,7,VT,307.6
2006,8,VT,308.0
2006,9,VT,308.6
2006,10,VT,308.6
2006,11,VT,309.4
2006,12,VT,308.2
2007,1,VT,308.2
2007,2,VT,308.1
2007,3,VT,308.7
2007,4,VT,307.9
2007,5,VT,308.6
2007,6,VT,309.8
2007,7,VT,309.2
2007,8,VT,308.3
2007,9,VT,308.2
2007,10,VT,307.7
2007,11,VT,308.3
2007,12,VT,308.7
2008,1,VT,309.0
2008,2,VT,309.3
2008,3,VT,308.7
2008,4,VT,309.3
2008,5,VT,309.2
2008,6,VT,307.7
2008,7,VT,307.3
2008,8,VT,306.6
2008,9,VT,306.7
2008,10,VT,305.9
2008,11,VT,305.5
2008,12,VT,303.6
2009,1,VT,301.5
2009,2,VT,300.8
2009,3,VT,299.2
2009,4,VT,297.3
2009,5,VT,298.3
2009,6,VT,296.6
2009,7,VT,295.3
2009,8,VT,296.8
2009,9,VT,295.2
2009,10,VT,295.7
2009,11,VT,296.0
2009,12,VT,295.5
2010,1,VT,296.1
2010,2,VT,295.6
2010,3,VT,296.5
2010,4,VT,299.0
2010,5,VT,298.1
2010,6,VT,297.6
2010,7,VT,299.6
2010,8,VT,298.5
2010,9,VT,298.8
2010,10,VT,301.0
2010,11,VT,299.3
2010,12,VT,298.5
2011,1,VT,299.3
2011,2,VT,299.2
2011,3,VT,299.8
2011,4,VT,299.4
2011,5,VT,300.7
2011,6,VT,300.2
2011,7,VT,300.3
2011,8,VT,301.8
2011,9,VT,302.0
2011,10,VT,302.1
2011,11,VT,302.1
2011,12,VT,303.2
2012,1,VT,303.3
2012,2,VT,304.0
2012,3,VT,305.1
2012,4,VT,303.5
2012,5,VT,305.1
2012,6,VT,304.4
2012,7,VT,304.9
2012,8,VT,305.3
2012,9,VT,305.5
2012,10,VT,304.3
2012,11,VT,305.1
2012,12,VT,305.7
2013,1,VT,305.9
2013,2,VT,306.0
2013,3,VT,306.9
2013,4,VT,307.5
2013,5,VT,306.1
2013,6,VT,306.7
2013,7,VT,305.3
2013,8,VT,306.8
2013,9,VT,306.3
2013,10,VT,307.4
2013,11,VT,308.2
2013,12,VT,308.3
2014,1,VT,308.5
2014,2,VT,308.5
2014,3,VT,309.3
2014,4,VT,308.2
2014,5,VT,309.5
2014,6,VT,310.2
2014,7,VT,309.6
2014,8,VT,310.8
2014,9,VT,310.1
2014,10,VT,310.0
2014,11,VT,311.1
2014,12,VT,310.4
2015,1,VT,312.4
2015,2,VT,311.8
2015,3,VT,312.1
2015,4,VT,312.0
2015,5,VT,313.3
2015,6,VT,312.8
2015,7,VT,311.6
2015,8,VT,311.9
2015,9,VT,312.2
2015,10,VT,313.0
2015,11,VT,312.9
2015,12,VT,312.3
2016,1,VT,312.4
2016,2,VT,312.5
2016,3,VT,312.5
2016,4,VT,312.1
2016,5,VT,313.5
2016,6,VT,312.8
2016,7,VT,314.6
2016,8,VT,313.3
2016,9,VT,314.5
2016,10,VT,313.9
2016,11,VT,313.7
2016,12,VT,313.8
2017,1,VT,314.9
2017,2,VT,313.1
2017,3,VT,314.3
2017,4,VT,315.0
2017,5,VT,314.9
2017,6,VT,316.7
2017,7,VT,314.9
2017,8,VT,315.5
2017,9,VT,315.3
2017,10,VT,315.1
2017,11,VT,315.7
2017,12,VT,316.5
2018,1,VT,314.0
2018,2,VT,315.7
2018,3,VT,315.8
2018,4,VT,315.1
2018,5,VT,315.3
2018,6,VT,315.7
2018,7,VT,317.5
2018,8,VT,317.1
2018,9,VT,316.2
2018,10,VT,316.5
2018,11,VT,316.8
2018,12,VT,316.8
2019,1,VT,316.3
2019,2,VT,316.8
2019,3,VT,318.8
2019,4,VT,316.6
2019,5,VT,316.3
2019,6,VT,317.2
2019,7,VT,315.5
2019,8,VT,315.6
2019,9,VT,315.8
2019,10,VT,315.5
2019,11,VT,315.9
2019,12,VT,316.0
2020,1,VT,316.5
2020,2,VT,315.6
2020,3,VT,312.6
2020,4,VT,248.9
2020,5,VT,262.7
2020,6,VT,273.3
2020,7,VT,277.7
2020,8,VT,283.4
2020,9,VT,289.0
2020,10,VT,290.1
2020,11,VT,289.0
2020,12,VT,285.4
2021,1,VT,286.5
2021,2,VT,287.6
2021,3,VT,289.0
2021,4,VT,293.7
2021,5,VT,294.6
2021,6,VT,295.0
2021,7,VT,297.8
2021,8,VT,297.8
2021,9,VT,296.9
2021,10,VT,299.4
2021,11,VT,299.4
2021,12,VT,299.8
2022,1,VT,300.2
2022,2,VT,301.1
2022,3,VT,302.3
2022,4,VT,304.9
2022,5,VT,303.6
2022,6,VT,304.0
2022,7,VT,306.8
2022,8,VT,305.6
2022,9,VT,305.4
2022,10,VT,305.9
2022,11,VT,307.4
2022,12,VT,305.5
2023,1,VT,309.3
2023,2,VT,308.9
2023,3,VT,309.3
2023,4,VT,310.0
2023,5,VT,309.3
2023,6,VT,311.9
2023,7,VT,310.1
2023,8,VT,309.5
2023,9,VT,310.9
2023,10,VT,310.6
2023,11,VT,310.9
2023,12,VT,310.8
2024,1,VT,311.8
2024,2,VT,311.4
2024,3,VT,311.7
2024,4,VT,311.0
2024,5,VT,311.4
2024,6,VT,311.4
2024,7,VT,311.9
2024,8,VT,313.1
2024,9,VT,312.1
2024,10,VT,311.8
2024,11,VT,311.7
2024,12,VT,311.2
2025,1,VT,312.7
2025,2,VT,313.2
2025,3,VT,314.3
2025,4,VT,313.7
2025,5,VT,314.1
2025,6,VT,314.1
2025,7,VT,313.8
2025,8,VT,314.6
2025,9,VT,315.0
2025,10,VT,313.9
2025,11,VT,313.7
2025,12,VT,314.2
1990,1,VA,2902.1
1990,2,VA,2908.1
1990,3,VA,2911.5
1990,4,VA,2907.0
1990,5,VA,2907.0
1990,6,VA,2903.3
1990,7,VA,2898.7
1990,8,VA,2897.5
1990,9,VA,2894.2
1990,10,VA,2876.9
1990,11,VA,2872.8
1990,12,VA,2868.0
1991,1,VA,2857.2
1991,2,VA,2838.3
1991,3,VA,2835.0
1991,4,VA,2829.0
1991,5,VA,2828.5
1991,6,VA,2829.3
1991,7,VA,2818.6
1991,8,VA,2822.7
1991,9,VA,2824.7
1991,10,VA,2825.0
1991,11,VA,2824.6
1991,12,VA,2827.2
1992,1,VA,2831.1
1992,2,VA,2833.2
1992,3,VA,2832.4
1992,4,VA,2834.3
1992,5,VA,2840.3
1992,6,VA,2840.7
1992,7,VA,2850.1
1992,8,VA,2852.8
1992,9,VA,2853.9
1992,10,VA,2865.7
1992,11,VA,2870.7
1992,12,VA,2874.0
1993,1,VA,2885.4
1993,2,VA,2898.9
1993,3,VA,2888.5
1993,4,VA,2898.6
1993,5,VA,2910.1
1993,6,VA,2913.9
1993,7,VA,2923.8
1993,8,VA,2928.4
1993,9,VA,2933.8
1993,10,VA,2946.0
1993,11,VA,2948.6
1993,12,VA,2955.7
1994,1,VA,2957.3
1994,2,VA,2956.8
1994,3,VA,2971.5
1994,4,VA,2984.2
1994,5,VA,2992.2
1994,6,VA,2999.7
1994,7,VA,3011.6
1994,8,VA,3021.5
1994,9,VA,3028.2
1994,10,VA,3031.4
1994,11,VA,3039.6
1994,12,VA,3047.5
1995,1,VA,3059.5
1995,2,VA,3057.8
1995,3,VA,3064.4
1995,4,VA,3064.8
1995,5,VA,3064.7
1995,6,VA,3071.0
1995,7,VA,3071.0
1995,8,VA,3073.6
1995,9,VA,3077.7
1995,10,VA,3080.9
1995,11,VA,3084.9
1995,12,VA,3093.2
1996,1,VA,3077.1
1996,2,VA,3100.8
1996,3,VA,3111.8
1996,4,VA,3116.7
1996,5,VA,3123.4
1996,6,VA,3131.2
1996,7,VA,3142.7
1996,8,VA,3150.4
1996,9,VA,3156.0
1996,10,VA,3171.2
1996,11,VA,3181.6
1996,12,VA,3184.5
1997,1,VA,3200.1
1997,2,VA,3208.0
1997,3,VA,3215.6
1997,4,VA,3216.4
1997,5,VA,3223.8
1997,6,VA,3227.7
1997,7,VA,3234.9
1997,8,VA,3234.8
1997,9,VA,3245.7
1997,10,VA,3257.8
1997,11,VA,3264.9
1997,12,VA,3274.2
1998,1,VA,3268.7
1998,2,VA,3279.2
1998,3,VA,3280.8
1998,4,VA,3291.3
1998,5,VA,3309.8
1998,6,VA,3319.0
1998,7,VA,3324.2
1998,8,VA,3334.9
1998,9,VA,3352.8
1998,10,VA,3348.7
1998,11,VA,3359.6
1998,12,VA,3370.6
1999,1,VA,3370.3
1999,2,VA,3386.7
1999,3,VA,3385.5
1999,4,VA,3395.5
1999,5,VA,3398.4
1999,6,VA,3410.3
1999,7,VA,3409.5
1999,8,VA,3418.6
1999,9,VA,3427.0
1999,10,VA,3444.6
1999,11,VA,3452.4
1999,12,VA,3461.7
2000,1,VA,3474.1
2000,2,VA,3477.5
2000,3,VA,3495.8
2000,4,VA,3500.8
2000,5,VA,3511.9
2000,6,VA,3519.6
2000,7,VA,3520.9
2000,8,VA,3525.3
2000,9,VA,3538.5
2000,10,VA,3549.3
2000,11,VA,3556.5
2000,12,VA,3559.7
2001,1,VA,3534.0
2001,2,VA,3534.7
2001,3,VA,3537.8
2001,4,VA,3528.9
2001,5,VA,3529.0
2001,6,VA,3528.0
2001,7,VA,3530.0
2001,8,VA,3525.8
2001,9,VA,3516.5
2001,10,VA,3501.7
2001,11,VA,3498.0
2001,12,VA,3495.0
2002,1,VA,3495.7
2002,2,VA,3498.7
2002,3,VA,3498.4
2002,4,VA,3500.5
2002,5,VA,3502.4
2002,6,VA,3504.0
2002,7,VA,3498.7
2002,8,VA,3499.7
2002,9,VA,3498.6
2002,10,VA,3498.6
2002,11,VA,3497.5
2002,12,VA,3496.9
2003,1,VA,3494.6
2003,2,VA,3490.9
2003,3,VA,3487.9
2003,4,VA,3486.7
2003,5,VA,3493.0
2003,6,VA,3490.9
2003,7,VA,3498.2
2003,8,VA,3502.8
2003,9,VA,3507.7
2003,10,VA,3519.7
2003,11,VA,3529.8
2003,12,VA,3529.7
2004,1,VA,3539.6
2004,2,VA,3551.2
2004,3,VA,3561.7
2004,4,VA,3569.7
2004,5,VA,3577.7
2004,6,VA,3585.6
2004,7,VA,3596.9
2004,8,VA,3600.3
2004,9,VA,3602.8
2004,10,VA,3617.1
2004,11,VA,3623.2
2004,12,VA,3631.3
2005,1,VA,3633.0
2005,2,VA,3640.7
2005,3,VA,3638.8
2005,4,VA,3652.1
2005,5,VA,3656.1
2005,6,VA,3658.6
2005,7,VA,3675.5
2005,8,VA,3682.1
2005,9,VA,3694.8
2005,10,VA,3688.1
2005,11,VA,3695.1
2005,12,VA,3700.1
2006,1,VA,3715.3
2006,2,VA,3720.6
2006,3,VA,3727.5
2006,4,VA,3725.2
2006,5,VA,3730.0
2006,6,VA,3736.9
2006,7,VA,3736.4
2006,8,VA,3739.6
2006,9,VA,3736.8
2006,10,VA,3738.8
2006,11,VA,3743.3
2006,12,VA,3750.2
2007,1,VA,3763.7
2007,2,VA,3762.6
2007,3,VA,3769.1
2007,4,VA,3767.7
2007,5,VA,3770.3
2007,6,VA,3773.8
2007,7,VA,3774.1
2007,8,VA,3772.4
2007,9,VA,3775.0
2007,10,VA,3773.0
2007,11,VA,3777.4
2007,12,VA,3779.6
2008,1,VA,3787.7
2008,2,VA,3787.9
2008,3,VA,3783.1
2008,4,VA,3787.4
2008,5,VA,3783.2
2008,6,VA,3782.5
2008,7,VA,3780.6
2008,8,VA,3777.6
2008,9,VA,3770.3
2008,10,VA,3760.1
2008,11,VA,3746.3
2008,12,VA,3731.7
2009,1,VA,3704.6
2009,2,VA,3690.0
2009,3,VA,3672.0
2009,4,VA,3653.0
2009,5,VA,3656.2
2009,6,VA,3651.4
2009,7,VA,3639.9
2009,8,VA,3639.1
2009,9,VA,3628.9
2009,10,VA,3629.0
2009,11,VA,3629.0
2009,12,VA,3624.5
2010,1,VA,3617.6
2010,2,VA,3598.0
2010,3,VA,3617.7
2010,4,VA,3639.5
2010,5,VA,3659.9
2010,6,VA,3659.9
2010,7,VA,3662.8
2010,8,VA,3658.1
2010,9,VA,3654.5
2010,10,VA,3664.3
2010,11,VA,3664.2
2010,12,VA,3665.7
2011,1,VA,3677.4
2011,2,VA,3681.0
2011,3,VA,3685.5
2011,4,VA,3687.6
2011,5,VA,3683.6
2011,6,VA,3683.2
2011,7,VA,3691.5
2011,8,VA,3690.3
2011,9,VA,3714.1
2011,10,VA,3709.5
2011,11,VA,3713.4
2011,12,VA,3711.8
2012,1,VA,3724.0
2012,2,VA,3727.7
2012,3,VA,3733.4
2012,4,VA,3728.0
2012,5,VA,3724.5
2012,6,VA,3726.8
2012,7,VA,3718.5
2012,8,VA,3732.7
2012,9,VA,3746.4
2012,10,VA,3758.0
2012,11,VA,3759.0
2012,12,VA,3761.0
2013,1,VA,3764.2
2013,2,VA,3769.6
2013,3,VA,3770.1
2013,4,VA,3761.7
2013,5,VA,3756.2
2013,6,VA,3757.3
2013,7,VA,3757.4
2013,8,VA,3761.5
2013,9,VA,3765.8
2013,10,VA,3761.6
2013,11,VA,3768.6
2013,12,VA,3763.8
2014,1,VA,3763.9
2014,2,VA,3759.1
2014,3,VA,3764.7
2014,4,VA,3781.4
2014,5,VA,3789.3
2014,6,VA,3790.6
2014,7,VA,3786.0
2014,8,VA,3788.9
2014,9,VA,3794.1
2014,10,VA,3792.6
2014,11,VA,3797.0
2014,12,VA,3801.4
2015,1,VA,3812.5
2015,2,VA,3815.8
2015,3,VA,3808.3
2015,4,VA,3832.5
2015,5,VA,3847.7
2015,6,VA,3853.7
2015,7,VA,3869.6
2015,8,VA,3878.2
2015,9,VA,3887.4
2015,10,VA,3897.3
2015,11,VA,3902.3
2015,12,VA,3907.7
2016,1,VA,3890.3
2016,2,VA,3896.2
2016,3,VA,3904.1
2016,4,VA,3911.3
2016,5,VA,3907.5
2016,6,VA,3912.5
2016,7,VA,3915.7
2016,8,VA,3922.0
2016,9,VA,3927.8
2016,10,VA,3929.9
2016,11,VA,3935.0
2016,12,VA,3934.7
2017,1,VA,3936.4
2017,2,VA,3946.6
2017,3,VA,3948.3
2017,4,VA,3951.5
2017,5,VA,3954.2
2017,6,VA,3960.7
2017,7,VA,3962.7
2017,8,VA,3963.3
2017,9,VA,3969.2
2017,10,VA,3971.5
2017,11,VA,3969.3
2017,12,VA,3982.0
2018,1,VA,3991.0
2018,2,VA,3995.5
2018,3,VA,4000.9
2018,4,VA,4004.6
2018,5,VA,4010.5
2018,6,VA,4017.9
2018,7,VA,4021.5
2018,8,VA,4017.8
2018,9,VA,4015.2
2018,10,VA,4020.9
2018,11,VA,4027.2
2018,12,VA,4026.9
2019,1,VA,4035.3
2019,2,VA,4039.6
2019,3,VA,4046.6
2019,4,VA,4050.1
2019,5,VA,4053.1
2019,6,VA,4062.3
2019,7,VA,4061.6
2019,8,VA,4062.9
2019,9,VA,4063.5
2019,10,VA,4076.4
2019,11,VA,4078.5
2019,12,VA,4079.3
2020,1,VA,4090.0
2020,2,VA,4088.6
2020,3,VA,4068.6
2020,4,VA,3611.2
2020,5,VA,3631.8
2020,6,VA,3709.1
2020,7,VA,3764.5
2020,8,VA,3826.7
2020,9,VA,3858.3
2020,10,VA,3875.2
2020,11,VA,3882.7
2020,12,VA,3891.2
2021,1,VA,3900.6
2021,2,VA,3898.0
2021,3,VA,3911.9
2021,4,VA,3914.0
2021,5,VA,3925.8
2021,6,VA,3932.9
2021,7,VA,3964.3
2021,8,VA,3974.9
2021,9,VA,3967.0
2021,10,VA,3994.6
2021,11,VA,4006.6
2021,12,VA,4018.0
2022,1,VA,4004.6
2022,2,VA,4031.5
2022,3,VA,4034.6
2022,4,VA,4059.0
2022,5,VA,4062.3
2022,6,VA,4061.0
2022,7,VA,4086.6
2022,8,VA,4101.8
2022,9,VA,4108.0
2022,10,VA,4107.0
2022,11,VA,4122.2
2022,12,VA,4119.2
2023,1,VA,4141.8
2023,2,VA,4152.6
2023,3,VA,4152.9
2023,4,VA,4156.3
2023,5,VA,4161.8
2023,6,VA,4170.2
2023,7,VA,4173.0
2023,8,VA,4183.9
2023,9,VA,4187.4
2023,10,VA,4190.4
2023,11,VA,4193.7
2023,12,VA,4199.9
2024,1,VA,4206.2
2024,2,VA,4212.0
2024,3,VA,4223.1
2024,4,VA,4224.8
2024,5,VA,4226.7
2024,6,VA,4232.7
2024,7,VA,4236.3
2024,8,VA,4237.2
2024,9,VA,4250.2
2024,10,VA,4253.7
2024,11,VA,4259.7
2024,12,VA,4273.9
2025,1,VA,4267.1
2025,2,VA,4265.5
2025,3,VA,4272.2
2025,4,VA,4274.9
2025,5,VA,4276.7
2025,6,VA,4271.1
2025,7,VA,4274.4
2025,8,VA,4283.4
2025,9,VA,4279.6
2025,10,VA,4259.5
2025,11,VA,4266.3
2025,12,VA,4262.2
1990,1,WA,2122.6
1990,2,WA,2124.5
1990,3,WA,2131.1
1990,4,WA,2141.0
1990,5,WA,2144.8
1990,6,WA,2150.3
1990,7,WA,2155.3
1990,8,WA,2165.6
1990,9,WA,2161.5
1990,10,WA,2153.7
1990,11,WA,2159.1
1990,12,WA,2160.5
1991,1,WA,2165.9
1991,2,WA,2165.6
1991,3,WA,2169.9
1991,4,WA,2173.4
1991,5,WA,2179.8
1991,6,WA,2178.6
1991,7,WA,2186.8
1991,8,WA,2187.1
1991,9,WA,2191.5
1991,10,WA,2196.2
1991,11,WA,2196.7
1991,12,WA,2199.3
1992,1,WA,2211.1
1992,2,WA,2215.3
1992,3,WA,2218.6
1992,4,WA,2219.7
1992,5,WA,2224.9
1992,6,WA,2227.0
1992,7,WA,2224.6
1992,8,WA,2231.4
1992,9,WA,2234.1
1992,10,WA,2238.7
1992,11,WA,2238.9
1992,12,WA,2245.4
1993,1,WA,2236.5
1993,2,WA,2245.5
1993,3,WA,2248.6
1993,4,WA,2254.9
1993,5,WA,2259.8
1993,6,WA,2267.0
1993,7,WA,2277.9
1993,8,WA,2276.9
1993,9,WA,2284.3
1993,10,WA,2278.9
1993,11,WA,2281.8
1993,12,WA,2289.9
1994,1,WA,2292.0
1994,2,WA,2297.3
1994,3,WA,2294.0
1994,4,WA,2302.1
1994,5,WA,2306.2
1994,6,WA,2307.8
1994,7,WA,2313.5
1994,8,WA,2325.3
1994,9,WA,2334.0
1994,10,WA,2333.1
1994,11,WA,2343.3
1994,12,WA,2348.6
1995,1,WA,2348.9
1995,2,WA,2354.2
1995,3,WA,2361.2
1995,4,WA,2360.9
1995,5,WA,2360.5
1995,6,WA,2367.8
1995,7,WA,2354.1
1995,8,WA,2366.4
1995,9,WA,2374.9
1995,10,WA,2351.1
1995,11,WA,2356.3
1995,12,WA,2379.4
1996,1,WA,2390.2
1996,2,WA,2393.9
1996,3,WA,2404.9
1996,4,WA,2410.1
1996,5,WA,2417.2
1996,6,WA,2423.6
1996,7,WA,2432.1
1996,8,WA,2441.2
1996,9,WA,2449.2
1996,10,WA,2462.3
1996,11,WA,2470.8
1996,12,WA,2480.2
1997,1,WA,2484.3
1997,2,WA,2496.3
1997,3,WA,2504.1
1997,4,WA,2515.3
1997,5,WA,2527.6
1997,6,WA,2542.7
1997,7,WA,2543.6
1997,8,WA,2544.3
1997,9,WA,2553.6
1997,10,WA,2565.4
1997,11,WA,2575.2
1997,12,WA,2588.3
1998,1,WA,2581.5
1998,2,WA,2594.5
1998,3,WA,2596.4
1998,4,WA,2604.5
1998,5,WA,2617.8
1998,6,WA,2623.9
1998,7,WA,2625.9
1998,8,WA,2630.6
1998,9,WA,2636.6
1998,10,WA,2641.2
1998,11,WA,2647.8
1998,12,WA,2655.2
1999,1,WA,2652.9
1999,2,WA,2656.4
1999,3,WA,2664.0
1999,4,WA,2659.2
1999,5,WA,2662.7
1999,6,WA,2669.4
1999,7,WA,2682.7
1999,8,WA,2689.3
1999,9,WA,2689.7
1999,10,WA,2703.7
1999,11,WA,2706.4
1999,12,WA,2716.5
2000,1,WA,2723.2
2000,2,WA,2719.2
2000,3,WA,2744.8
2000,4,WA,2734.0
2000,5,WA,2747.0
2000,6,WA,2745.7
2000,7,WA,2741.0
2000,8,WA,2756.2
2000,9,WA,2753.8
2000,10,WA,2758.6
2000,11,WA,2761.6
2000,12,WA,2769.7
2001,1,WA,2759.3
2001,2,WA,2754.5
2001,3,WA,2754.7
2001,4,WA,2749.0
2001,5,WA,2745.8
2001,6,WA,2739.6
2001,7,WA,2734.0
2001,8,WA,2729.5
2001,9,WA,2721.8
2001,10,WA,2713.8
2001,11,WA,2701.7
2001,12,WA,2694.0
2002,1,WA,2690.2
2002,2,WA,2681.9
2002,3,WA,2675.9
2002,4,WA,2678.7
2002,5,WA,2681.3
2002,6,WA,2680.1
2002,7,WA,2697.4
2002,8,WA,2696.7
2002,9,WA,2696.5
2002,10,WA,2699.0
2002,11,WA,2699.9
2002,12,WA,2697.2
2003,1,WA,2704.7
2003,2,WA,2701.5
2003,3,WA,2692.5
2003,4,WA,2695.2
2003,5,WA,2697.5
2003,6,WA,2697.9
2003,7,WA,2700.9
2003,8,WA,2701.5
2003,9,WA,2703.9
2003,10,WA,2707.2
2003,11,WA,2708.7
2003,12,WA,2714.0
2004,1,WA,2708.4
2004,2,WA,2713.3
2004,3,WA,2722.7
2004,4,WA,2728.3
2004,5,WA,2732.6
2004,6,WA,2740.2
2004,7,WA,2741.4
2004,8,WA,2746.2
2004,9,WA,2745.4
2004,10,WA,2762.7
2004,11,WA,2766.9
2004,12,WA,2772.5
2005,1,WA,2778.0
2005,2,WA,2779.3
2005,3,WA,2789.1
2005,4,WA,2797.2
2005,5,WA,2804.3
2005,6,WA,2804.8
2005,7,WA,2818.0
2005,8,WA,2824.9
2005,9,WA,2817.5
2005,10,WA,2836.7
2005,11,WA,2846.2
2005,12,WA,2857.6
2006,1,WA,2864.9
2006,2,WA,2870.9
2006,3,WA,2876.1
2006,4,WA,2880.0
2006,5,WA,2886.6
2006,6,WA,2898.1
2006,7,WA,2893.5
2006,8,WA,2904.6
2006,9,WA,2911.3
2006,10,WA,2912.7
2006,11,WA,2917.2
2006,12,WA,2925.0
2007,1,WA,2931.6
2007,2,WA,2946.7
2007,3,WA,2951.1
2007,4,WA,2957.5
2007,5,WA,2963.6
2007,6,WA,2971.7
2007,7,WA,2973.2
2007,8,WA,2977.7
2007,9,WA,2979.8
2007,10,WA,2984.3
2007,11,WA,2995.4
2007,12,WA,2998.6
2008,1,WA,3004.5
2008,2,WA,3009.2
2008,3,WA,3008.9
2008,4,WA,3007.1
2008,5,WA,3005.8
2008,6,WA,3005.4
2008,7,WA,3007.7
2008,8,WA,3009.2
2008,9,WA,2999.4
2008,10,WA,2965.2
2008,11,WA,2971.4
2008,12,WA,2951.0
2009,1,WA,2938.7
2009,2,WA,2918.2
2009,3,WA,2896.9
2009,4,WA,2873.9
2009,5,WA,2871.3
2009,6,WA,2860.7
2009,7,WA,2847.1
2009,8,WA,2842.0
2009,9,WA,2838.3
2009,10,WA,2835.1
2009,11,WA,2828.5
2009,12,WA,2825.2
2010,1,WA,2825.2
2010,2,WA,2821.1
2010,3,WA,2825.9
2010,4,WA,2831.6
2010,5,WA,2841.2
2010,6,WA,2838.8
2010,7,WA,2834.4
2010,8,WA,2833.3
2010,9,WA,2832.2
2010,10,WA,2846.8
2010,11,WA,2847.1
2010,12,WA,2849.2
2011,1,WA,2856.0
2011,2,WA,2856.6
2011,3,WA,2856.6
2011,4,WA,2866.6
2011,5,WA,2867.5
2011,6,WA,2866.8
2011,7,WA,2877.5
2011,8,WA,2880.7
2011,9,WA,2881.5
2011,10,WA,2880.8
2011,11,WA,2886.5
2011,12,WA,2886.2
2012,1,WA,2888.2
2012,2,WA,2892.2
2012,3,WA,2900.9
2012,4,WA,2907.2
2012,5,WA,2913.5
2012,6,WA,2918.8
2012,7,WA,2920.5
2012,8,WA,2925.1
2012,9,WA,2929.1
2012,10,WA,2942.1
2012,11,WA,2945.7
2012,12,WA,2947.7
2013,1,WA,2954.1
2013,2,WA,2962.3
2013,3,WA,2963.6
2013,4,WA,2969.2
2013,5,WA,2976.1
2013,6,WA,2978.8
2013,7,WA,2980.2
2013,8,WA,2990.2
2013,9,WA,2996.3
2013,10,WA,3007.0
2013,11,WA,3011.1
2013,12,WA,3017.6
2014,1,WA,3030.7
2014,2,WA,3028.7
2014,3,WA,3035.6
2014,4,WA,3035.6
2014,5,WA,3036.9
2014,6,WA,3046.4
2014,7,WA,3059.6
2014,8,WA,3068.5
2014,9,WA,3076.8
2014,10,WA,3078.0
2014,11,WA,3086.8
2014,12,WA,3100.8
2015,1,WA,3104.0
2015,2,WA,3109.9
2015,3,WA,3120.4
2015,4,WA,3122.5
2015,5,WA,3132.1
2015,6,WA,3146.0
2015,7,WA,3148.2
2015,8,WA,3156.8
2015,9,WA,3164.4
2015,10,WA,3168.0
2015,11,WA,3174.5
2015,12,WA,3183.4
2016,1,WA,3193.4
2016,2,WA,3205.9
2016,3,WA,3213.2
2016,4,WA,3224.5
2016,5,WA,3233.3
2016,6,WA,3235.5
2016,7,WA,3247.7
2016,8,WA,3254.3
2016,9,WA,3265.0
2016,10,WA,3264.9
2016,11,WA,3274.6
2016,12,WA,3278.9
2017,1,WA,3279.8
2017,2,WA,3290.0
2017,3,WA,3299.2
2017,4,WA,3306.8
2017,5,WA,3313.5
2017,6,WA,3323.6
2017,7,WA,3327.2
2017,8,WA,3327.2
2017,9,WA,3333.7
2017,10,WA,3340.6
2017,11,WA,3346.3
2017,12,WA,3357.5
2018,1,WA,3372.2
2018,2,WA,3382.2
2018,3,WA,3388.6
2018,4,WA,3385.9
2018,5,WA,3394.1
2018,6,WA,3399.8
2018,7,WA,3398.6
2018,8,WA,3404.3
2018,9,WA,3411.2
2018,10,WA,3421.3
2018,11,WA,3425.6
2018,12,WA,3427.2
2019,1,WA,3442.4
2019,2,WA,3422.9
2019,3,WA,3444.5
2019,4,WA,3457.0
2019,5,WA,3464.9
2019,6,WA,3469.7
2019,7,WA,3475.8
2019,8,WA,3478.2
2019,9,WA,3480.1
2019,10,WA,3485.2
2019,11,WA,3490.6
2019,12,WA,3502.5
2020,1,WA,3507.1
2020,2,WA,3512.9
2020,3,WA,3491.3
2020,4,WA,3096.9
2020,5,WA,3086.6
2020,6,WA,3166.5
2020,7,WA,3210.2
2020,8,WA,3242.7
2020,9,WA,3261.3
2020,10,WA,3269.5
2020,11,WA,3277.6
2020,12,WA,3258.7
2021,1,WA,3261.9
2021,2,WA,3283.6
2021,3,WA,3307.6
2021,4,WA,3329.6
2021,5,WA,3341.2
2021,6,WA,3352.8
2021,7,WA,3381.1
2021,8,WA,3397.0
2021,9,WA,3411.0
2021,10,WA,3446.4
2021,11,WA,3457.6
2021,12,WA,3466.1
2022,1,WA,3459.6
2022,2,WA,3490.1
2022,3,WA,3499.5
2022,4,WA,3504.2
2022,5,WA,3509.3
2022,6,WA,3506.7
2022,7,WA,3542.6
2022,8,WA,3555.9
2022,9,WA,3552.6
2022,10,WA,3559.4
2022,11,WA,3561.2
2022,12,WA,3563.0
2023,1,WA,3581.8
2023,2,WA,3585.6
2023,3,WA,3582.5
2023,4,WA,3589.6
2023,5,WA,3594.0
2023,6,WA,3603.4
2023,7,WA,3594.6
2023,8,WA,3598.3
2023,9,WA,3600.9
2023,10,WA,3598.2
2023,11,WA,3605.3
2023,12,WA,3613.9
2024,1,WA,3609.8
2024,2,WA,3619.7
2024,3,WA,3625.8
2024,4,WA,3631.8
2024,5,WA,3639.1
2024,6,WA,3640.6
2024,7,WA,3639.3
2024,8,WA,3642.0
2024,9,WA,3654.0
2024,10,WA,3628.2
2024,11,WA,3661.9
2024,12,WA,3674.2
2025,1,WA,3671.7
2025,2,WA,3662.4
2025,3,WA,3666.2
2025,4,WA,3664.1
2025,5,WA,3667.7
2025,6,WA,3667.6
2025,7,WA,3672.3
2025,8,WA,3662.5
2025,9,WA,3666.5
2025,10,WA,3663.4
2025,11,WA,3663.3
2025,12,WA,3662.0
1990,1,WV,606.2
1990,2,WV,606.4
1990,3,WV,611.1
1990,4,WV,611.1
1990,5,WV,622.7
1990,6,WV,613.5
1990,7,WV,613.0
1990,8,WV,612.3
1990,9,WV,612.0
1990,10,WV,610.4
1990,11,WV,609.0
1990,12,WV,609.7
1991,1,WV,610.3
1991,2,WV,608.6
1991,3,WV,610.3
1991,4,WV,608.7
1991,5,WV,609.0
1991,6,WV,610.9
1991,7,WV,609.3
1991,8,WV,609.0
1991,9,WV,610.4
1991,10,WV,609.4
1991,11,WV,609.7
1991,12,WV,610.1
1992,1,WV,613.4
1992,2,WV,614.5
1992,3,WV,615.2
1992,4,WV,616.0
1992,5,WV,629.6
1992,6,WV,617.2
1992,7,WV,619.3
1992,8,WV,619.4
1992,9,WV,620.4
1992,10,WV,623.3
1992,11,WV,625.1
1992,12,WV,626.4
1993,1,WV,627.4
1993,2,WV,627.0
1993,3,WV,625.3
1993,4,WV,629.8
1993,5,WV,631.9
1993,6,WV,630.8
1993,7,WV,632.5
1993,8,WV,632.0
1993,9,WV,633.6
1993,10,WV,636.9
1993,11,WV,637.4
1993,12,WV,644.9
1994,1,WV,636.5
1994,2,WV,641.6
1994,3,WV,643.9
1994,4,WV,649.5
1994,5,WV,663.3
1994,6,WV,651.7
1994,7,WV,653.7
1994,8,WV,656.7
1994,9,WV,658.7
1994,10,WV,656.8
1994,11,WV,670.4
1994,12,WV,660.2
1995,1,WV,660.0
1995,2,WV,659.2
1995,3,WV,663.3
1995,4,WV,665.5
1995,5,WV,665.2
1995,6,WV,664.5
1995,7,WV,666.0
1995,8,WV,668.0
1995,9,WV,667.4
1995,10,WV,667.6
1995,11,WV,667.4
1995,12,WV,668.1
1996,1,WV,664.2
1996,2,WV,669.4
1996,3,WV,671.2
1996,4,WV,669.7
1996,5,WV,685.3
1996,6,WV,672.9
1996,7,WV,674.2
1996,8,WV,674.0
1996,9,WV,675.6
1996,10,WV,674.5
1996,11,WV,675.6
1996,12,WV,673.9
1997,1,WV,676.6
1997,2,WV,676.1
1997,3,WV,677.4
1997,4,WV,676.8
1997,5,WV,676.9
1997,6,WV,678.8
1997,7,WV,678.6
1997,8,WV,678.5
1997,9,WV,679.8
1997,10,WV,682.7
1997,11,WV,685.1
1997,12,WV,684.8
1998,1,WV,684.3
1998,2,WV,685.7
1998,3,WV,685.2
1998,4,WV,685.0
1998,5,WV,698.4
1998,6,WV,689.6
1998,7,WV,689.1
1998,8,WV,690.4
1998,9,WV,690.7
1998,10,WV,692.8
1998,11,WV,693.7
1998,12,WV,694.1
1999,1,WV,691.0
1999,2,WV,693.1
1999,3,WV,691.3
1999,4,WV,694.6
1999,5,WV,695.0
1999,6,WV,694.5
1999,7,WV,693.9
1999,8,WV,693.9
1999,9,WV,693.3
1999,10,WV,698.0
1999,11,WV,696.9
1999,12,WV,698.9
2000,1,WV,698.2
2000,2,WV,695.6
2000,3,WV,702.4
2000,4,WV,701.5
2000,5,WV,713.4
2000,6,WV,699.6
2000,7,WV,702.5
2000,8,WV,697.7
2000,9,WV,701.6
2000,10,WV,702.1
2000,11,WV,702.9
2000,12,WV,702.4
2001,1,WV,702.0
2001,2,WV,702.8
2001,3,WV,703.9
2001,4,WV,702.0
2001,5,WV,700.6
2001,6,WV,700.9
2001,7,WV,700.0
2001,8,WV,700.4
2001,9,WV,699.0
2001,10,WV,700.2
2001,11,WV,699.7
2001,12,WV,699.2
2002,1,WV,698.6
2002,2,WV,700.5
2002,3,WV,700.6
2002,4,WV,698.9
2002,5,WV,708.2
2002,6,WV,697.7
2002,7,WV,699.6
2002,8,WV,698.7
2002,9,WV,698.0
2002,10,WV,696.4
2002,11,WV,696.7
2002,12,WV,694.8
2003,1,WV,695.3
2003,2,WV,691.0
2003,3,WV,691.7
2003,4,WV,693.9
2003,5,WV,693.0
2003,6,WV,693.4
2003,7,WV,694.6
2003,8,WV,694.6
2003,9,WV,694.5
2003,10,WV,695.8
2003,11,WV,694.1
2003,12,WV,696.1
2004,1,WV,697.2
2004,2,WV,697.9
2004,3,WV,700.7
2004,4,WV,702.4
2004,5,WV,714.0
2004,6,WV,702.6
2004,7,WV,703.8
2004,8,WV,703.8
2004,9,WV,704.5
2004,10,WV,707.1
2004,11,WV,706.2
2004,12,WV,707.0
2005,1,WV,708.4
2005,2,WV,709.2
2005,3,WV,707.9
2005,4,WV,710.5
2005,5,WV,712.3
2005,6,WV,712.6
2005,7,WV,714.5
2005,8,WV,714.8
2005,9,WV,715.6
2005,10,WV,713.5
2005,11,WV,715.8
2005,12,WV,717.8
2006,1,WV,721.4
2006,2,WV,721.7
2006,3,WV,723.5
2006,4,WV,721.2
2006,5,WV,731.0
2006,6,WV,722.4
2006,7,WV,718.8
2006,8,WV,720.7
2006,9,WV,722.1
2006,10,WV,722.0
2006,11,WV,723.6
2006,12,WV,724.1
2007,1,WV,723.4
2007,2,WV,717.6
2007,3,WV,721.9
2007,4,WV,721.0
2007,5,WV,721.3
2007,6,WV,723.5
2007,7,WV,722.4
2007,8,WV,724.2
2007,9,WV,724.7
2007,10,WV,724.6
2007,11,WV,724.9
2007,12,WV,726.4
2008,1,WV,728.0
2008,2,WV,728.9
2008,3,WV,726.2
2008,4,WV,726.0
2008,5,WV,735.8
2008,6,WV,726.2
2008,7,WV,728.3
2008,8,WV,727.1
2008,9,WV,727.7
2008,10,WV,727.8
2008,11,WV,726.8
2008,12,WV,724.9
2009,1,WV,721.7
2009,2,WV,719.5
2009,3,WV,716.1
2009,4,WV,711.5
2009,5,WV,711.7
2009,6,WV,713.5
2009,7,WV,708.7
2009,8,WV,708.8
2009,9,WV,704.9
2009,10,WV,704.2
2009,11,WV,704.9
2009,12,WV,706.8
2010,1,WV,705.1
2010,2,WV,704.5
2010,3,WV,709.6
2010,4,WV,709.8
2010,5,WV,723.0
2010,6,WV,715.2
2010,7,WV,716.1
2010,8,WV,715.1
2010,9,WV,713.0
2010,10,WV,715.5
2010,11,WV,715.1
2010,12,WV,713.4
2011,1,WV,712.0
2011,2,WV,715.4
2011,3,WV,715.9
2011,4,WV,719.1
2011,5,WV,719.2
2011,6,WV,716.2
2011,7,WV,718.5
2011,8,WV,720.0
2011,9,WV,724.4
2011,10,WV,725.8
2011,11,WV,727.3
2011,12,WV,729.0
2012,1,WV,729.9
2012,2,WV,731.2
2012,3,WV,732.6
2012,4,WV,731.5
2012,5,WV,740.3
2012,6,WV,725.3
2012,7,WV,725.1
2012,8,WV,724.1
2012,9,WV,728.9
2012,10,WV,728.3
2012,11,WV,725.4
2012,12,WV,726.4
2013,1,WV,727.9
2013,2,WV,728.3
2013,3,WV,727.8
2013,4,WV,726.8
2013,5,WV,727.7
2013,6,WV,726.3
2013,7,WV,726.0
2013,8,WV,725.9
2013,9,WV,724.2
2013,10,WV,724.4
2013,11,WV,724.9
2013,12,WV,723.9
2014,1,WV,722.4
2014,2,WV,721.4
2014,3,WV,722.4
2014,4,WV,724.8
2014,5,WV,735.4
2014,6,WV,715.9
2014,7,WV,719.0
2014,8,WV,721.4
2014,9,WV,725.5
2014,10,WV,727.2
2014,11,WV,726.6
2014,12,WV,726.5
2015,1,WV,725.5
2015,2,WV,724.8
2015,3,WV,721.7
2015,4,WV,722.0
2015,5,WV,723.3
2015,6,WV,720.4
2015,7,WV,718.9
2015,8,WV,718.3
2015,9,WV,718.3
2015,10,WV,718.3
2015,11,WV,718.9
2015,12,WV,719.4
2016,1,WV,714.7
2016,2,WV,713.0
2016,3,WV,715.4
2016,4,WV,714.3
2016,5,WV,719.9
2016,6,WV,706.6
2016,7,WV,706.9
2016,8,WV,706.7
2016,9,WV,707.8
2016,10,WV,707.0
2016,11,WV,717.6
2016,12,WV,709.0
2017,1,WV,710.7
2017,2,WV,711.5
2017,3,WV,712.0
2017,4,WV,709.0
2017,5,WV,709.2
2017,6,WV,708.1
2017,7,WV,709.1
2017,8,WV,708.3
2017,9,WV,710.2
2017,10,WV,711.4
2017,11,WV,710.7
2017,12,WV,710.9
2018,1,WV,713.8
2018,2,WV,714.2
2018,3,WV,715.0
2018,4,WV,716.4
2018,5,WV,718.8
2018,6,WV,722.0
2018,7,WV,723.4
2018,8,WV,723.8
2018,9,WV,724.0
2018,10,WV,725.5
2018,11,WV,723.1
2018,12,WV,720.6
2019,1,WV,718.0
2019,2,WV,716.6
2019,3,WV,716.1
2019,4,WV,718.6
2019,5,WV,717.4
2019,6,WV,716.5
2019,7,WV,716.8
2019,8,WV,717.1
2019,9,WV,715.5
2019,10,WV,714.0
2019,11,WV,711.6
2019,12,WV,711.5
2020,1,WV,715.7
2020,2,WV,712.7
2020,3,WV,706.5
2020,4,WV,610.3
2020,5,WV,622.3
2020,6,WV,658.9
2020,7,WV,656.2
2020,8,WV,661.8
2020,9,WV,664.7
2020,10,WV,670.1
2020,11,WV,671.3
2020,12,WV,671.1
2021,1,WV,668.6
2021,2,WV,671.2
2021,3,WV,676.9
2021,4,WV,676.6
2021,5,WV,678.4
2021,6,WV,679.6
2021,7,WV,685.6
2021,8,WV,685.4
2021,9,WV,682.4
2021,10,WV,688.8
2021,11,WV,691.2
2021,12,WV,693.5
2022,1,WV,692.6
2022,2,WV,695.7
2022,3,WV,696.1
2022,4,WV,696.8
2022,5,WV,705.2
2022,6,WV,693.7
2022,7,WV,697.9
2022,8,WV,698.1
2022,9,WV,699.4
2022,10,WV,698.6
2022,11,WV,708.2
2022,12,WV,701.4
2023,1,WV,706.6
2023,2,WV,707.5
2023,3,WV,707.0
2023,4,WV,706.4
2023,5,WV,707.1
2023,6,WV,710.9
2023,7,WV,707.7
2023,8,WV,709.7
2023,9,WV,711.2
2023,10,WV,712.0
2023,11,WV,713.1
2023,12,WV,714.7
2024,1,WV,715.9
2024,2,WV,718.3
2024,3,WV,718.8
2024,4,WV,716.7
2024,5,WV,726.4
2024,6,WV,715.6
2024,7,WV,715.3
2024,8,WV,715.9
2024,9,WV,715.6
2024,10,WV,715.7
2024,11,WV,716.3
2024,12,WV,716.1
2025,1,WV,713.7
2025,2,WV,717.9
2025,3,WV,715.9
2025,4,WV,716.3
2025,5,WV,718.4
2025,6,WV,720.7
2025,7,WV,720.1
2025,8,WV,719.3
2025,9,WV,717.3
2025,10,WV,715.6
2025,11,WV,714.9
2025,12,WV,713.8
1990,1,WI,2268.7
1990,2,WI,2278.6
1990,3,WI,2280.1
1990,4,WI,2289.1
1990,5,WI,2291.7
1990,6,WI,2297.9
1990,7,WI,2297.5
1990,8,WI,2297.6
1990,9,WI,2301.9
1990,10,WI,2300.3
1990,11,WI,2300.4
1990,12,WI,2297.8
1991,1,WI,2295.3
1991,2,WI,2295.4
1991,3,WI,2295.5
1991,4,WI,2295.7
1991,5,WI,2294.3
1991,6,WI,2300.7
1991,7,WI,2301.6
1991,8,WI,2305.9
1991,9,WI,2303.9
1991,10,WI,2312.5
1991,11,WI,2312.0
1991,12,WI,2314.8
1992,1,WI,2331.7
1992,2,WI,2330.7
1992,3,WI,2331.2
1992,4,WI,2350.4
1992,5,WI,2357.8
1992,6,WI,2357.0
1992,7,WI,2361.9
1992,8,WI,2365.0
1992,9,WI,2369.0
1992,10,WI,2372.9
1992,11,WI,2377.7
1992,12,WI,2381.0
1993,1,WI,2388.0
1993,2,WI,2395.6
1993,3,WI,2397.8
1993,4,WI,2393.0
1993,5,WI,2408.0
1993,6,WI,2406.7
1993,7,WI,2410.7
1993,8,WI,2416.3
1993,9,WI,2419.5
1993,10,WI,2432.5
1993,11,WI,2433.3
1993,12,WI,2442.4
1994,1,WI,2447.0
1994,2,WI,2452.5
1994,3,WI,2463.7
1994,4,WI,2471.9
1994,5,WI,2478.4
1994,6,WI,2484.4
1994,7,WI,2498.7
1994,8,WI,2496.4
1994,9,WI,2512.4
1994,10,WI,2512.6
1994,11,WI,2527.1
1994,12,WI,2530.8
1995,1,WI,2540.2
1995,2,WI,2547.7
1995,3,WI,2554.5
1995,4,WI,2554.5
1995,5,WI,2550.8
1995,6,WI,2560.9
1995,7,WI,2557.1
1995,8,WI,2564.3
1995,9,WI,2566.4
1995,10,WI,2566.4
1995,11,WI,2564.5
1995,12,WI,2570.7
1996,1,WI,2587.6
1996,2,WI,2580.4
1996,3,WI,2587.6
1996,4,WI,2585.1
1996,5,WI,2592.5
1996,6,WI,2597.9
1996,7,WI,2596.6
1996,8,WI,2610.5
1996,9,WI,2609.0
1996,10,WI,2613.8
1996,11,WI,2618.9
1996,12,WI,2619.6
1997,1,WI,2624.1
1997,2,WI,2626.6
1997,3,WI,2627.6
1997,4,WI,2638.1
1997,5,WI,2646.9
1997,6,WI,2653.3
1997,7,WI,2655.3
1997,8,WI,2661.2
1997,9,WI,2670.2
1997,10,WI,2677.0
1997,11,WI,2683.1
1997,12,WI,2689.8
1998,1,WI,2689.4
1998,2,WI,2696.7
1998,3,WI,2695.4
1998,4,WI,2706.1
1998,5,WI,2715.0
1998,6,WI,2716.7
1998,7,WI,2714.6
1998,8,WI,2721.4
1998,9,WI,2723.2
1998,10,WI,2729.2
1998,11,WI,2739.7
1998,12,WI,2749.0
1999,1,WI,2751.0
1999,2,WI,2758.1
1999,3,WI,2762.7
1999,4,WI,2774.1
1999,5,WI,2775.6
1999,6,WI,2783.5
1999,7,WI,2790.9
1999,8,WI,2793.2
1999,9,WI,2791.0
1999,10,WI,2798.8
1999,11,WI,2800.6
1999,12,WI,2809.5
2000,1,WI,2813.7
2000,2,WI,2819.2
2000,3,WI,2830.3
2000,4,WI,2836.9
2000,5,WI,2832.8
2000,6,WI,2840.1
2000,7,WI,2835.3
2000,8,WI,2839.1
2000,9,WI,2835.2
2000,10,WI,2835.6
2000,11,WI,2841.7
2000,12,WI,2830.4
2001,1,WI,2835.1
2001,2,WI,2840.5
2001,3,WI,2833.7
2001,4,WI,2828.6
2001,5,WI,2823.8
2001,6,WI,2815.9
2001,7,WI,2811.8
2001,8,WI,2807.8
2001,9,WI,2802.0
2001,10,WI,2792.6
2001,11,WI,2785.8
2001,12,WI,2776.9
2002,1,WI,2782.7
2002,2,WI,2781.1
2002,3,WI,2780.6
2002,4,WI,2779.6
2002,5,WI,2779.2
2002,6,WI,2777.4
2002,7,WI,2776.5
2002,8,WI,2777.4
2002,9,WI,2774.2
2002,10,WI,2786.0
2002,11,WI,2789.5
2002,12,WI,2781.3
2003,1,WI,2773.9
2003,2,WI,2777.1
2003,3,WI,2771.7
2003,4,WI,2773.4
2003,5,WI,2773.4
2003,6,WI,2770.9
2003,7,WI,2759.9
2003,8,WI,2759.4
2003,9,WI,2766.4
2003,10,WI,2778.1
2003,11,WI,2775.4
2003,12,WI,2777.7
2004,1,WI,2780.7
2004,2,WI,2785.0
2004,3,WI,2789.0
2004,4,WI,2790.5
2004,5,WI,2795.3
2004,6,WI,2798.3
2004,7,WI,2810.8
2004,8,WI,2815.4
2004,9,WI,2808.0
2004,10,WI,2817.2
2004,11,WI,2818.4
2004,12,WI,2817.8
2005,1,WI,2818.3
2005,2,WI,2825.0
2005,3,WI,2827.7
2005,4,WI,2836.7
2005,5,WI,2831.0
2005,6,WI,2828.3
2005,7,WI,2837.0
2005,8,WI,2839.5
2005,9,WI,2847.0
2005,10,WI,2842.7
2005,11,WI,2845.5
2005,12,WI,2850.6
2006,1,WI,2849.2
2006,2,WI,2852.7
2006,3,WI,2855.2
2006,4,WI,2861.4
2006,5,WI,2855.1
2006,6,WI,2863.2
2006,7,WI,2860.0
2006,8,WI,2861.1
2006,9,WI,2865.0
2006,10,WI,2862.2
2006,11,WI,2863.4
2006,12,WI,2865.6
2007,1,WI,2870.2
2007,2,WI,2868.7
2007,3,WI,2873.3
2007,4,WI,2872.8
2007,5,WI,2878.6
2007,6,WI,2888.2
2007,7,WI,2880.3
2007,8,WI,2879.5
2007,9,WI,2879.2
2007,10,WI,2873.0
2007,11,WI,2873.7
2007,12,WI,2877.8
2008,1,WI,2882.4
2008,2,WI,2882.6
2008,3,WI,2878.9
2008,4,WI,2874.3
2008,5,WI,2876.1
2008,6,WI,2873.7
2008,7,WI,2872.6
2008,8,WI,2867.6
2008,9,WI,2871.7
2008,10,WI,2859.6
2008,11,WI,2849.2
2008,12,WI,2834.5
2009,1,WI,2808.2
2009,2,WI,2791.5
2009,3,WI,2772.6
2009,4,WI,2749.9
2009,5,WI,2746.7
2009,6,WI,2734.6
2009,7,WI,2723.3
2009,8,WI,2715.5
2009,9,WI,2713.8
2009,10,WI,2715.3
2009,11,WI,2711.2
2009,12,WI,2711.6
2010,1,WI,2710.4
2010,2,WI,2710.5
2010,3,WI,2713.4
2010,4,WI,2723.5
2010,5,WI,2724.4
2010,6,WI,2724.1
2010,7,WI,2726.5
2010,8,WI,2728.2
2010,9,WI,2726.8
2010,10,WI,2736.6
2010,11,WI,2738.8
2010,12,WI,2735.6
2011,1,WI,2742.0
2011,2,WI,2742.6
2011,3,WI,2745.9
2011,4,WI,2747.9
2011,5,WI,2748.5
2011,6,WI,2747.3
2011,7,WI,2758.8
2011,8,WI,2755.8
2011,9,WI,2760.3
2011,10,WI,2755.7
2011,11,WI,2755.7
2011,12,WI,2760.4
2012,1,WI,2755.1
2012,2,WI,2764.1
2012,3,WI,2778.7
2012,4,WI,2784.3
2012,5,WI,2784.3
2012,6,WI,2783.1
2012,7,WI,2777.8
2012,8,WI,2780.9
2012,9,WI,2785.0
2012,10,WI,2788.9
2012,11,WI,2798.4
2012,12,WI,2795.0
2013,1,WI,2786.7
2013,2,WI,2803.2
2013,3,WI,2804.7
2013,4,WI,2791.6
2013,5,WI,2804.4
2013,6,WI,2807.8
2013,7,WI,2808.4
2013,8,WI,2812.2
2013,9,WI,2820.9
2013,10,WI,2821.9
2013,11,WI,2827.0
2013,12,WI,2829.8
2014,1,WI,2832.4
2014,2,WI,2834.1
2014,3,WI,2836.3
2014,4,WI,2838.3
2014,5,WI,2846.6
2014,6,WI,2851.7
2014,7,WI,2853.7
2014,8,WI,2863.7
2014,9,WI,2866.1
2014,10,WI,2868.5
2014,11,WI,2879.2
2014,12,WI,2875.9
2015,1,WI,2876.0
2015,2,WI,2878.5
2015,3,WI,2882.4
2015,4,WI,2885.3
2015,5,WI,2891.5
2015,6,WI,2891.3
2015,7,WI,2896.7
2015,8,WI,2898.1
2015,9,WI,2904.0
2015,10,WI,2908.3
2015,11,WI,2907.6
2015,12,WI,2915.6
2016,1,WI,2919.7
2016,2,WI,2923.8
2016,3,WI,2922.6
2016,4,WI,2933.8
2016,5,WI,2925.0
2016,6,WI,2922.0
2016,7,WI,2934.5
2016,8,WI,2939.7
2016,9,WI,2937.7
2016,10,WI,2937.5
2016,11,WI,2946.1
2016,12,WI,2935.8
2017,1,WI,2942.5
2017,2,WI,2944.3
2017,3,WI,2948.8
2017,4,WI,2950.9
2017,5,WI,2954.1
2017,6,WI,2956.4
2017,7,WI,2956.3
2017,8,WI,2953.4
2017,9,WI,2959.7
2017,10,WI,2960.6
2017,11,WI,2962.5
2017,12,WI,2964.2
2018,1,WI,2973.6
2018,2,WI,2980.1
2018,3,WI,2981.8
2018,4,WI,2974.4
2018,5,WI,2981.0
2018,6,WI,2983.7
2018,7,WI,2983.1
2018,8,WI,2987.1
2018,9,WI,2985.7
2018,10,WI,2986.7
2018,11,WI,2991.9
2018,12,WI,2990.8
2019,1,WI,2992.0
2019,2,WI,2985.6
2019,3,WI,2990.8
2019,4,WI,2991.4
2019,5,WI,2991.3
2019,6,WI,2996.7
2019,7,WI,2991.2
2019,8,WI,2986.5
2019,9,WI,2984.6
2019,10,WI,2993.4
2019,11,WI,2993.0
2019,12,WI,2998.3
2020,1,WI,2999.0
2020,2,WI,2997.1
2020,3,WI,2981.2
2020,4,WI,2593.4
2020,5,WI,2651.1
2020,6,WI,2737.4
2020,7,WI,2778.2
2020,8,WI,2815.2
2020,9,WI,2833.1
2020,10,WI,2848.2
2020,11,WI,2843.6
2020,12,WI,2850.7
2021,1,WI,2863.9
2021,2,WI,2858.9
2021,3,WI,2870.9
2021,4,WI,2883.5
2021,5,WI,2888.5
2021,6,WI,2894.9
2021,7,WI,2910.2
2021,8,WI,2907.7
2021,9,WI,2907.2
2021,10,WI,2921.1
2021,11,WI,2924.6
2021,12,WI,2932.5
2022,1,WI,2939.6
2022,2,WI,2951.9
2022,3,WI,2957.8
2022,4,WI,2961.2
2022,5,WI,2964.3
2022,6,WI,2966.5
2022,7,WI,2986.1
2022,8,WI,2995.5
2022,9,WI,2997.2
2022,10,WI,2997.7
2022,11,WI,3002.8
2022,12,WI,3001.0
2023,1,WI,3009.5
2023,2,WI,3011.7
2023,3,WI,3015.1
2023,4,WI,3016.3
2023,5,WI,3015.9
2023,6,WI,3025.4
2023,7,WI,3020.7
2023,8,WI,3024.1
2023,9,WI,3029.8
2023,10,WI,3026.6
2023,11,WI,3024.4
2023,12,WI,3032.5
2024,1,WI,3032.4
2024,2,WI,3034.9
2024,3,WI,3040.2
2024,4,WI,3038.6
2024,5,WI,3034.9
2024,6,WI,3035.5
2024,7,WI,3038.3
2024,8,WI,3045.9
2024,9,WI,3039.4
2024,10,WI,3046.1
2024,11,WI,3048.1
2024,12,WI,3047.6
2025,1,WI,3049.9
2025,2,WI,3045.2
2025,3,WI,3055.2
2025,4,WI,3050.5
2025,5,WI,3049.5
2025,6,WI,3056.7
2025,7,WI,3060.1
2025,8,WI,3066.9
2025,9,WI,3056.0
2025,10,WI,3045.5
2025,11,WI,3045.3
2025,12,WI,3054.3
1990,1,WY,195.7
1990,2,WY,196.3
1990,3,WY,197.5
1990,4,WY,199.5
1990,5,WY,197.6
1990,6,WY,197.8
1990,7,WY,197.7
1990,8,WY,198.8
1990,9,WY,198.8
1990,10,WY,199.3
1990,11,WY,201.4
1990,12,WY,201.1
1991,1,WY,201.3
1991,2,WY,202.0
1991,3,WY,203.0
1991,4,WY,202.9
1991,5,WY,203.3
1991,6,WY,203.5
1991,7,WY,202.6
1991,8,WY,203.2
1991,9,WY,203.7
1991,10,WY,204.7
1991,11,WY,203.6
1991,12,WY,203.9
1992,1,WY,204.7
1992,2,WY,205.0
1992,3,WY,205.2
1992,4,WY,204.4
1992,5,WY,205.8
1992,6,WY,204.5
1992,7,WY,203.7
1992,8,WY,206.3
1992,9,WY,205.4
1992,10,WY,206.5
1992,11,WY,209.0
1992,12,WY,206.9
1993,1,WY,207.9
1993,2,WY,207.6
1993,3,WY,207.9
1993,4,WY,208.5
1993,5,WY,209.2
1993,6,WY,210.6
1993,7,WY,210.1
1993,8,WY,211.4
1993,9,WY,212.3
1993,10,WY,212.6
1993,11,WY,213.0
1993,12,WY,214.0
1994,1,WY,214.1
1994,2,WY,214.3
1994,3,WY,214.7
1994,4,WY,215.6
1994,5,WY,216.3
1994,6,WY,215.9
1994,7,WY,216.4
1994,8,WY,220.0
1994,9,WY,217.6
1994,10,WY,217.8
1994,11,WY,220.4
1994,12,WY,219.7
1995,1,WY,219.2
1995,2,WY,219.4
1995,3,WY,219.7
1995,4,WY,219.3
1995,5,WY,218.3
1995,6,WY,220.2
1995,7,WY,217.3
1995,8,WY,218.0
1995,9,WY,220.0
1995,10,WY,220.4
1995,11,WY,219.5
1995,12,WY,220.2
1996,1,WY,220.1
1996,2,WY,220.5
1996,3,WY,219.9
1996,4,WY,220.8
1996,5,WY,221.2
1996,6,WY,221.8
1996,7,WY,219.1
1996,8,WY,221.6
1996,9,WY,222.2
1996,10,WY,222.5
1996,11,WY,223.2
1996,12,WY,221.3
1997,1,WY,221.9
1997,2,WY,221.8
1997,3,WY,222.5
1997,4,WY,223.4
1997,5,WY,224.5
1997,6,WY,224.1
1997,7,WY,225.4
1997,8,WY,225.8
1997,9,WY,226.2
1997,10,WY,226.3
1997,11,WY,226.5
1997,12,WY,227.1
1998,1,WY,227.1
1998,2,WY,227.7
1998,3,WY,226.9
1998,4,WY,227.5
1998,5,WY,230.0
1998,6,WY,228.0
1998,7,WY,227.5
1998,8,WY,227.9
1998,9,WY,228.5
1998,10,WY,229.0
1998,11,WY,230.0
1998,12,WY,230.2
1999,1,WY,230.3
1999,2,WY,230.4
1999,3,WY,231.7
1999,4,WY,231.8
1999,5,WY,232.6
1999,6,WY,232.8
1999,7,WY,233.5
1999,8,WY,233.5
1999,9,WY,234.5
1999,10,WY,235.1
1999,11,WY,235.6
1999,12,WY,236.5
2000,1,WY,237.3
2000,2,WY,238.3
2000,3,WY,239.7
2000,4,WY,239.4
2000,5,WY,239.5
2000,6,WY,237.5
2000,7,WY,239.2
2000,8,WY,240.4
2000,9,WY,239.0
2000,10,WY,240.4
2000,11,WY,240.2
2000,12,WY,241.6
2001,1,WY,242.5
2001,2,WY,243.4
2001,3,WY,244.1
2001,4,WY,244.5
2001,5,WY,245.2
2001,6,WY,245.2
2001,7,WY,245.7
2001,8,WY,247.2
2001,9,WY,245.7
2001,10,WY,246.4
2001,11,WY,247.5
2001,12,WY,247.6
2002,1,WY,247.3
2002,2,WY,247.5
2002,3,WY,247.3
2002,4,WY,247.5
2002,5,WY,248.1
2002,6,WY,247.8
2002,7,WY,248.3
2002,8,WY,247.9
2002,9,WY,248.7
2002,10,WY,248.2
2002,11,WY,248.5
2002,12,WY,248.4
2003,1,WY,248.3
2003,2,WY,247.8
2003,3,WY,247.0
2003,4,WY,248.1
2003,5,WY,248.8
2003,6,WY,250.0
2003,7,WY,250.1
2003,8,WY,251.4
2003,9,WY,252.1
2003,10,WY,253.0
2003,11,WY,252.3
2003,12,WY,252.6
2004,1,WY,253.4
2004,2,WY,253.4
2004,3,WY,253.8
2004,4,WY,255.3
2004,5,WY,254.6
2004,6,WY,255.6
2004,7,WY,255.8
2004,8,WY,256.2
2004,9,WY,254.9
2004,10,WY,256.3
2004,11,WY,257.8
2004,12,WY,258.2
2005,1,WY,258.7
2005,2,WY,259.6
2005,3,WY,261.1
2005,4,WY,261.7
2005,5,WY,262.3
2005,6,WY,262.3
2005,7,WY,264.5
2005,8,WY,265.8
2005,9,WY,266.5
2005,10,WY,267.4
2005,11,WY,268.3
2005,12,WY,269.2
2006,1,WY,271.5
2006,2,WY,272.7
2006,3,WY,274.3
2006,4,WY,275.5
2006,5,WY,276.6
2006,6,WY,277.9
2006,7,WY,277.7
2006,8,WY,279.1
2006,9,WY,279.8
2006,10,WY,280.1
2006,11,WY,281.1
2006,12,WY,283.9
2007,1,WY,285.0
2007,2,WY,286.0
2007,3,WY,287.5
2007,4,WY,287.1
2007,5,WY,288.3
2007,6,WY,288.9
2007,7,WY,289.5
2007,8,WY,290.0
2007,9,WY,290.7
2007,10,WY,291.9
2007,11,WY,293.7
2007,12,WY,294.9
2008,1,WY,296.3
2008,2,WY,297.1
2008,3,WY,297.3
2008,4,WY,297.5
2008,5,WY,298.7
2008,6,WY,298.9
2008,7,WY,299.3
2008,8,WY,299.2
2008,9,WY,300.0
2008,10,WY,300.8
2008,11,WY,300.0
2008,12,WY,298.6
2009,1,WY,296.2
2009,2,WY,294.0
2009,3,WY,292.1
2009,4,WY,289.2
2009,5,WY,290.1
2009,6,WY,286.5
2009,7,WY,284.8
2009,8,WY,283.6
2009,9,WY,284.1
2009,10,WY,282.1
2009,11,WY,282.3
2009,12,WY,281.5
2010,1,WY,281.9
2010,2,WY,282.2
2010,3,WY,282.6
2010,4,WY,284.3
2010,5,WY,285.4
2010,6,WY,285.0
2010,7,WY,283.5
2010,8,WY,284.7
2010,9,WY,286.1
2010,10,WY,286.7
2010,11,WY,285.8
2010,12,WY,285.5
2011,1,WY,285.6
2011,2,WY,286.0
2011,3,WY,286.7
2011,4,WY,287.3
2011,5,WY,288.0
2011,6,WY,288.6
2011,7,WY,289.5
2011,8,WY,291.3
2011,9,WY,291.8
2011,10,WY,291.6
2011,11,WY,292.3
2011,12,WY,292.7
2012,1,WY,292.7
2012,2,WY,293.1
2012,3,WY,293.2
2012,4,WY,294.5
2012,5,WY,293.3
2012,6,WY,292.2
2012,7,WY,291.7
2012,8,WY,292.1
2012,9,WY,292.4
2012,10,WY,292.4
2012,11,WY,292.7
2012,12,WY,293.2
2013,1,WY,293.5
2013,2,WY,292.9
2013,3,WY,293.4
2013,4,WY,293.7
2013,5,WY,294.1
2013,6,WY,294.9
2013,7,WY,294.6
2013,8,WY,294.6
2013,9,WY,293.6
2013,10,WY,294.1
2013,11,WY,293.7
2013,12,WY,294.6
2014,1,WY,295.4
2014,2,WY,295.8
2014,3,WY,296.0
2014,4,WY,297.0
2014,5,WY,298.6
2014,6,WY,299.9
2014,7,WY,300.2
2014,8,WY,299.0
2014,9,WY,299.5
2014,10,WY,300.3
2014,11,WY,299.1
2014,12,WY,300.1
2015,1,WY,300.3
2015,2,WY,299.9
2015,3,WY,299.1
2015,4,WY,298.6
2015,5,WY,297.5
2015,6,WY,296.2
2015,7,WY,295.9
2015,8,WY,296.1
2015,9,WY,296.4
2015,10,WY,295.2
2015,11,WY,294.2
2015,12,WY,293.1
2016,1,WY,291.5
2016,2,WY,290.1
2016,3,WY,289.4
2016,4,WY,288.1
2016,5,WY,286.7
2016,6,WY,285.8
2016,7,WY,285.1
2016,8,WY,284.2
2016,9,WY,282.7
2016,10,WY,282.8
2016,11,WY,283.0
2016,12,WY,282.0
2017,1,WY,282.3
2017,2,WY,282.6
2017,3,WY,282.9
2017,4,WY,282.9
2017,5,WY,284.2
2017,6,WY,284.1
2017,7,WY,284.2
2017,8,WY,284.6
2017,9,WY,284.8
2017,10,WY,283.4
2017,11,WY,283.4
2017,12,WY,283.6
2018,1,WY,284.2
2018,2,WY,283.6
2018,3,WY,284.4
2018,4,WY,285.0
2018,5,WY,285.5
2018,6,WY,285.4
2018,7,WY,286.6
2018,8,WY,286.6
2018,9,WY,286.5
2018,10,WY,287.3
2018,11,WY,288.0
2018,12,WY,288.3
2019,1,WY,289.2
2019,2,WY,290.2
2019,3,WY,290.0
2019,4,WY,289.7
2019,5,WY,290.6
2019,6,WY,290.7
2019,7,WY,290.9
2019,8,WY,291.7
2019,9,WY,291.0
2019,10,WY,292.0
2019,11,WY,290.8
2019,12,WY,290.9
2020,1,WY,291.0
2020,2,WY,289.8
2020,3,WY,288.4
2020,4,WY,263.2
2020,5,WY,262.8
2020,6,WY,264.0
2020,7,WY,266.2
2020,8,WY,270.0
2020,9,WY,271.8
2020,10,WY,272.2
2020,11,WY,273.3
2020,12,WY,275.2
2021,1,WY,273.7
2021,2,WY,274.9
2021,3,WY,276.3
2021,4,WY,276.6
2021,5,WY,278.1
2021,6,WY,278.7
2021,7,WY,278.9
2021,8,WY,279.3
2021,9,WY,279.0
2021,10,WY,280.4
2021,11,WY,281.4
2021,12,WY,282.1
2022,1,WY,281.9
2022,2,WY,282.8
2022,3,WY,283.3
2022,4,WY,284.0
2022,5,WY,283.6
2022,6,WY,283.3
2022,7,WY,285.7
2022,8,WY,285.8
2022,9,WY,286.3
2022,10,WY,286.3
2022,11,WY,287.3
2022,12,WY,287.9
2023,1,WY,288.9
2023,2,WY,289.3
2023,3,WY,290.2
2023,4,WY,290.5
2023,5,WY,291.5
2023,6,WY,291.7
2023,7,WY,291.7
2023,8,WY,291.8
2023,9,WY,292.2
2023,10,WY,292.1
2023,11,WY,292.8
2023,12,WY,292.7
2024,1,WY,293.1
2024,2,WY,293.3
2024,3,WY,293.4
2024,4,WY,293.2
2024,5,WY,294.0
2024,6,WY,293.4
2024,7,WY,293.0
2024,8,WY,294.9
2024,9,WY,294.9
2024,10,WY,296.1
2024,11,WY,295.7
2024,12,WY,296.0
2025,1,WY,295.6
2025,2,WY,296.5
2025,3,WY,296.7
2025,4,WY,296.9
2025,5,WY,297.7
2025,6,WY,297.4
2025,7,WY,297.1
2025,8,WY,297.1
2025,9,WY,296.7
2025,10,WY,296.1
2025,11,WY,295.9
2025,12,WY,295.4
1990,1,PR,842.9
1990,2,PR,845.8
1990,3,PR,847.5
1990,4,PR,846.9
1990,5,PR,846.2
1990,6,PR,877.0
1990,7,PR,860.6
1990,8,PR,843.4
1990,9,PR,842.4
1990,10,PR,837.7
1990,11,PR,836.4
1990,12,PR,835.5
1991,1,PR,835.1
1991,2,PR,834.8
1991,3,PR,831.5
1991,4,PR,835.4
1991,5,PR,835.8
1991,6,PR,846.1
1991,7,PR,840.6
1991,8,PR,832.4
1991,9,PR,837.9
1991,10,PR,838.0
1991,11,PR,839.3
1991,12,PR,841.3
1992,1,PR,848.7
1992,2,PR,850.4
1992,3,PR,853.9
1992,4,PR,853.9
1992,5,PR,856.9
1992,6,PR,860.4
1992,7,PR,858.4
1992,8,PR,853.9
1992,9,PR,864.0
1992,10,PR,864.5
1992,11,PR,863.3
1992,12,PR,861.1
1993,1,PR,867.3
1993,2,PR,866.8
1993,3,PR,867.7
1993,4,PR,872.4
1993,5,PR,873.3
1993,6,PR,858.4
1993,7,PR,862.5
1993,8,PR,879.9
1993,9,PR,870.9
1993,10,PR,873.4
1993,11,PR,878.7
1993,12,PR,882.4
1994,1,PR,884.1
1994,2,PR,885.1
1994,3,PR,887.9
1994,4,PR,891.0
1994,5,PR,893.8
1994,6,PR,895.1
1994,7,PR,903.0
1994,8,PR,916.3
1994,9,PR,903.2
1994,10,PR,906.0
1994,11,PR,907.5
1994,12,PR,911.8
1995,1,PR,918.6
1995,2,PR,920.8
1995,3,PR,923.9
1995,4,PR,923.0
1995,5,PR,926.2
1995,6,PR,926.7
1995,7,PR,933.7
1995,8,PR,945.7
1995,9,PR,924.6
1995,10,PR,935.5
1995,11,PR,939.2
1995,12,PR,944.5
1996,1,PR,952.9
1996,2,PR,953.7
1996,3,PR,957.7
1996,4,PR,958.4
1996,5,PR,961.9
1996,6,PR,961.0
1996,7,PR,1031.3
1996,8,PR,969.9
1996,9,PR,961.5
1996,10,PR,983.9
1996,11,PR,985.6
1996,12,PR,987.3
1997,1,PR,987.5
1997,2,PR,987.6
1997,3,PR,986.5
1997,4,PR,988.2
1997,5,PR,987.8
1997,6,PR,998.5
1997,7,PR,986.3
1997,8,PR,985.2
1997,9,PR,987.8
1997,10,PR,991.3
1997,11,PR,990.6
1997,12,PR,992.2
1998,1,PR,993.6
1998,2,PR,995.2
1998,3,PR,997.1
1998,4,PR,992.1
1998,5,PR,995.3
1998,6,PR,1004.2
1998,7,PR,1000.2
1998,8,PR,994.7
1998,9,PR,997.2
1998,10,PR,992.7
1998,11,PR,997.7
1998,12,PR,996.2
1999,1,PR,1003.4
1999,2,PR,1001.6
1999,3,PR,1004.8
1999,4,PR,1010.0
1999,5,PR,1013.0
1999,6,PR,1029.9
1999,7,PR,1023.8
1999,8,PR,1005.3
1999,9,PR,1016.2
1999,10,PR,1005.7
1999,11,PR,1008.7
1999,12,PR,1005.8
2000,1,PR,1009.2
2000,2,PR,1012.8
2000,3,PR,1014.2
2000,4,PR,1023.1
2000,5,PR,1023.6
2000,6,PR,1064.2
2000,7,PR,1042.2
2000,8,PR,1021.7
2000,9,PR,1024.6
2000,10,PR,1027.6
2000,11,PR,1025.4
2000,12,PR,1021.8
2001,1,PR,1014.6
2001,2,PR,1017.0
2001,3,PR,1017.1
2001,4,PR,1014.5
2001,5,PR,1011.4
2001,6,PR,1018.5
2001,7,PR,1005.4
2001,8,PR,1004.8
2001,9,PR,1005.9
2001,10,PR,1000.8
2001,11,PR,998.2
2001,12,PR,1005.1
2002,1,PR,1003.8
2002,2,PR,1006.4
2002,3,PR,1004.5
2002,4,PR,1004.3
2002,5,PR,1004.6
2002,6,PR,994.6
2002,7,PR,1003.0
2002,8,PR,1004.1
2002,9,PR,1006.7
2002,10,PR,1006.3
2002,11,PR,1002.8
2002,12,PR,1012.8
2003,1,PR,1011.8
2003,2,PR,1017.6
2003,3,PR,1022.1
2003,4,PR,1020.7
2003,5,PR,1021.0
2003,6,PR,1010.8
2003,7,PR,1023.9
2003,8,PR,1027.1
2003,9,PR,1029.2
2003,10,PR,1034.7
2003,11,PR,1033.9
2003,12,PR,1033.0
2004,1,PR,1038.7
2004,2,PR,1039.3
2004,3,PR,1040.1
2004,4,PR,1039.8
2004,5,PR,1042.4
2004,6,PR,1048.0
2004,7,PR,1056.5
2004,8,PR,1052.9
2004,9,PR,1053.6
2004,10,PR,1059.2
2004,11,PR,1056.7
2004,12,PR,1054.9
2005,1,PR,1052.1
2005,2,PR,1052.6
2005,3,PR,1051.1
2005,4,PR,1053.5
2005,5,PR,1051.9
2005,6,PR,1050.6
2005,7,PR,1050.9
2005,8,PR,1048.7
2005,9,PR,1051.4
2005,10,PR,1052.6
2005,11,PR,1058.2
2005,12,PR,1049.5
2006,1,PR,1055.4
2006,2,PR,1056.0
2006,3,PR,1057.0
2006,4,PR,1051.7
2006,5,PR,1048.7
2006,6,PR,1044.6
2006,7,PR,1046.1
2006,8,PR,1041.3
2006,9,PR,1038.7
2006,10,PR,1038.6
2006,11,PR,1040.9
2006,12,PR,1022.9
2007,1,PR,1037.0
2007,2,PR,1034.1
2007,3,PR,1034.6
2007,4,PR,1035.7
2007,5,PR,1036.9
2007,6,PR,1034.8
2007,7,PR,1045.9
2007,8,PR,1033.6
2007,9,PR,1032.0
2007,10,PR,1026.2
2007,11,PR,1023.4
2007,12,PR,1015.3
2008,1,PR,1020.9
2008,2,PR,1020.4
2008,3,PR,1019.3
2008,4,PR,1016.1
2008,5,PR,1015.3
2008,6,PR,1026.4
2008,7,PR,1012.5
2008,8,PR,1012.2
2008,9,PR,1011.7
2008,10,PR,1005.5
2008,11,PR,1001.6
2008,12,PR,1004.1
2009,1,PR,990.5
2009,2,PR,986.4
2009,3,PR,981.6
2009,4,PR,981.2
2009,5,PR,980.7
2009,6,PR,975.1
2009,7,PR,958.8
2009,8,PR,948.3
2009,9,PR,943.5
2009,10,PR,945.4
2009,11,PR,942.1
2009,12,PR,940.1
2010,1,PR,941.3
2010,2,PR,941.6
2010,3,PR,947.5
2010,4,PR,933.9
2010,5,PR,938.3
2010,6,PR,931.8
2010,7,PR,930.7
2010,8,PR,927.7
2010,9,PR,925.9
2010,10,PR,923.6
2010,11,PR,921.5
2010,12,PR,923.0
2011,1,PR,922.2
2011,2,PR,922.3
2011,3,PR,920.5
2011,4,PR,924.0
2011,5,PR,921.6
2011,6,PR,925.2
2011,7,PR,929.2
2011,8,PR,921.2
2011,9,PR,924.8
2011,10,PR,925.3
2011,11,PR,932.2
2011,12,PR,928.8
2012,1,PR,934.3
2012,2,PR,933.0
2012,3,PR,933.1
2012,4,PR,940.1
2012,5,PR,939.0
2012,6,PR,943.2
2012,7,PR,941.5
2012,8,PR,942.4
2012,9,PR,944.0
2012,10,PR,944.0
2012,11,PR,943.7
2012,12,PR,939.5
2013,1,PR,936.9
2013,2,PR,934.3
2013,3,PR,932.3
2013,4,PR,928.6
2013,5,PR,927.2
2013,6,PR,927.7
2013,7,PR,919.1
2013,8,PR,920.8
2013,9,PR,919.4
2013,10,PR,920.4
2013,11,PR,920.9
2013,12,PR,920.9
2014,1,PR,915.8
2014,2,PR,915.4
2014,3,PR,914.7
2014,4,PR,911.5
2014,5,PR,910.7
2014,6,PR,905.9
2014,7,PR,903.8
2014,8,PR,905.5
2014,9,PR,905.5
2014,10,PR,906.4
2014,11,PR,908.4
2014,12,PR,907.5
2015,1,PR,906.9
2015,2,PR,906.4
2015,3,PR,907.9
2015,4,PR,907.0
2015,5,PR,901.6
2015,6,PR,898.1
2015,7,PR,898.7
2015,8,PR,899.0
2015,9,PR,899.5
2015,10,PR,897.9
2015,11,PR,896.5
2015,12,PR,895.1
2016,1,PR,896.4
2016,2,PR,894.0
2016,3,PR,893.5
2016,4,PR,893.7
2016,5,PR,893.0
2016,6,PR,892.5
2016,7,PR,894.3
2016,8,PR,893.2
2016,9,PR,897.1
2016,10,PR,898.0
2016,11,PR,893.2
2016,12,PR,892.0
2017,1,PR,889.1
2017,2,PR,887.2
2017,3,PR,886.8
2017,4,PR,883.9
2017,5,PR,884.4
2017,6,PR,883.7
2017,7,PR,873.6
2017,8,PR,874.3
2017,9,PR,866.6
2017,10,PR,826.4
2017,11,PR,839.4
2017,12,PR,856.4
2018,1,PR,849.4
2018,2,PR,852.4
2018,3,PR,854.1
2018,4,PR,861.3
2018,5,PR,864.5
2018,6,PR,868.4
2018,7,PR,869.1
2018,8,PR,869.9
2018,9,PR,869.7
2018,10,PR,866.0
2018,11,PR,869.5
2018,12,PR,866.5
2019,1,PR,875.1
2019,2,PR,876.0
2019,3,PR,878.8
2019,4,PR,878.5
2019,5,PR,880.1
2019,6,PR,884.4
2019,7,PR,880.4
2019,8,PR,880.6
2019,9,PR,884.7
2019,10,PR,883.1
2019,11,PR,882.7
2019,12,PR,880.8
2020,1,PR,880.1
2020,2,PR,883.0
2020,3,PR,884.6
2020,4,PR,767.5
2020,5,PR,775.3
2020,6,PR,803.2
2020,7,PR,823.8
2020,8,PR,832.3
2020,9,PR,838.6
2020,10,PR,842.7
2020,11,PR,845.0
2020,12,PR,846.0
2021,1,PR,851.2
2021,2,PR,853.1
2021,3,PR,857.7
2021,4,PR,866.9
2021,5,PR,867.1
2021,6,PR,874.8
2021,7,PR,888.5
2021,8,PR,888.0
2021,9,PR,894.7
2021,10,PR,902.1
2021,11,PR,904.1
2021,12,PR,907.4
2022,1,PR,912.7
2022,2,PR,915.0
2022,3,PR,918.2
2022,4,PR,916.3
2022,5,PR,917.8
2022,6,PR,922.8
2022,7,PR,925.4
2022,8,PR,928.1
2022,9,PR,930.4
2022,10,PR,934.8
2022,11,PR,937.7
2022,12,PR,946.6
2023,1,PR,933.1
2023,2,PR,935.3
2023,3,PR,937.7
2023,4,PR,940.6
2023,5,PR,942.9
2023,6,PR,941.9
2023,7,PR,941.8
2023,8,PR,948.0
2023,9,PR,950.6
2023,10,PR,949.3
2023,11,PR,952.1
2023,12,PR,950.2
2024,1,PR,951.2
2024,2,PR,952.4
2024,3,PR,954.2
2024,4,PR,953.5
2024,5,PR,955.1
2024,6,PR,954.2
2024,7,PR,949.5
2024,8,PR,952.0
2024,9,PR,954.3
2024,10,PR,957.9
2024,11,PR,958.9
2024,12,PR,958.8
2025,1,PR,958.8
2025,2,PR,959.1
2025,3,PR,960.9
2025,4,PR,962.9
2025,5,PR,964.8
2025,6,PR,963.4
2025,7,PR,963.4
2025,8,PR,964.1
2025,9,PR,962.6
2025,10,PR,964.2
2025,11,PR,965.4
2025,12,PR,969.0
1990,1,VI,42.2
1990,2,VI,42.9
1990,3,VI,43.3
1990,4,VI,42.9
1990,5,VI,43.1
1990,6,VI,43.6
1990,7,VI,42.5
1990,8,VI,42.7
1990,9,VI,42.8
1990,10,VI,43.8
1990,11,VI,43.6
1990,12,VI,43.6
1991,1,VI,43.7
1991,2,VI,43.6
1991,3,VI,43.5
1991,4,VI,43.5
1991,5,VI,43.7
1991,6,VI,43.9
1991,7,VI,44.0
1991,8,VI,44.0
1991,9,VI,44.3
1991,10,VI,44.0
1991,11,VI,43.8
1991,12,VI,44.0
1992,1,VI,44.0
1992,2,VI,43.9
1992,3,VI,44.1
1992,4,VI,44.2
1992,5,VI,44.3
1992,6,VI,44.3
1992,7,VI,44.6
1992,8,VI,45.0
1992,9,VI,45.3
1992,10,VI,46.0
1992,11,VI,46.5
1992,12,VI,46.5
1993,1,VI,47.8
1993,2,VI,48.6
1993,3,VI,49.0
1993,4,VI,49.8
1993,5,VI,49.6
1993,6,VI,50.0
1993,7,VI,50.4
1993,8,VI,51.0
1993,9,VI,49.2
1993,10,VI,46.8
1993,11,VI,45.8
1993,12,VI,45.1
1994,1,VI,45.1
1994,2,VI,44.9
1994,3,VI,44.9
1994,4,VI,44.6
1994,5,VI,44.5
1994,6,VI,44.2
1994,7,VI,44.4
1994,8,VI,44.0
1994,9,VI,44.4
1994,10,VI,44.4
1994,11,VI,44.0
1994,12,VI,44.0
1995,1,VI,43.5
1995,2,VI,43.6
1995,3,VI,43.2
1995,4,VI,42.6
1995,5,VI,42.6
1995,6,VI,42.3
1995,7,VI,42.3
1995,8,VI,41.7
1995,9,VI,42.1
1995,10,VI,39.5
1995,11,VI,40.0
1995,12,VI,40.0
1996,1,VI,40.1
1996,2,VI,40.4
1996,3,VI,40.7
1996,4,VI,40.6
1996,5,VI,40.8
1996,6,VI,41.2
1996,7,VI,40.5
1996,8,VI,41.4
1996,9,VI,41.4
1996,10,VI,41.8
1996,11,VI,42.6
1996,12,VI,41.8
1997,1,VI,41.5
1997,2,VI,41.5
1997,3,VI,41.6
1997,4,VI,42.0
1997,5,VI,41.9
1997,6,VI,41.9
1997,7,VI,42.0
1997,8,VI,41.8
1997,9,VI,41.6
1997,10,VI,41.4
1997,11,VI,41.6
1997,12,VI,41.6
1998,1,VI,41.7
1998,2,VI,42.2
1998,3,VI,42.2
1998,4,VI,41.5
1998,5,VI,41.6
1998,6,VI,41.7
1998,7,VI,41.6
1998,8,VI,41.5
1998,9,VI,41.8
1998,10,VI,41.4
1998,11,VI,41.5
1998,12,VI,41.5
1999,1,VI,41.2
1999,2,VI,41.3
1999,3,VI,41.3
1999,4,VI,41.3
1999,5,VI,41.2
1999,6,VI,41.2
1999,7,VI,41.3
1999,8,VI,40.8
1999,9,VI,40.6
1999,10,VI,40.4
1999,11,VI,40.4
1999,12,VI,40.6
2000,1,VI,40.6
2000,2,VI,40.5
2000,3,VI,40.5
2000,4,VI,41.0
2000,5,VI,41.3
2000,6,VI,41.2
2000,7,VI,41.6
2000,8,VI,42.5
2000,9,VI,42.4
2000,10,VI,42.4
2000,11,VI,42.8
2000,12,VI,42.8
2001,1,VI,44.8
2001,2,VI,44.6
2001,3,VI,44.4
2001,4,VI,44.4
2001,5,VI,44.7
2001,6,VI,44.8
2001,7,VI,44.3
2001,8,VI,44.3
2001,9,VI,44.2
2001,10,VI,43.5
2001,11,VI,43.1
2001,12,VI,43.1
2002,1,VI,43.6
2002,2,VI,44.1
2002,3,VI,43.6
2002,4,VI,43.7
2002,5,VI,43.6
2002,6,VI,43.0
2002,7,VI,42.6
2002,8,VI,42.1
2002,9,VI,42.3
2002,10,VI,42.5
2002,11,VI,42.5
2002,12,VI,42.1
2003,1,VI,41.9
2003,2,VI,41.5
2003,3,VI,41.7
2003,4,VI,41.6
2003,5,VI,41.5
2003,6,VI,41.5
2003,7,VI,41.6
2003,8,VI,42.0
2003,9,VI,42.1
2003,10,VI,42.4
2003,11,VI,42.1
2003,12,VI,42.3
2004,1,VI,42.5
2004,2,VI,42.7
2004,3,VI,42.5
2004,4,VI,42.8
2004,5,VI,42.8
2004,6,VI,42.8
2004,7,VI,43.3
2004,8,VI,43.6
2004,9,VI,43.3
2004,10,VI,43.7
2004,11,VI,43.6
2004,12,VI,43.8
2005,1,VI,44.3
2005,2,VI,44.7
2005,3,VI,43.6
2005,4,VI,43.4
2005,5,VI,43.3
2005,6,VI,43.7
2005,7,VI,44.8
2005,8,VI,44.6
2005,9,VI,44.5
2005,10,VI,44.4
2005,11,VI,44.4
2005,12,VI,44.3
2006,1,VI,44.5
2006,2,VI,44.7
2006,3,VI,45.1
2006,4,VI,45.5
2006,5,VI,45.5
2006,6,VI,45.7
2006,7,VI,45.5
2006,8,VI,45.5
2006,9,VI,45.9
2006,10,VI,45.8
2006,11,VI,45.9
2006,12,VI,46.0
2007,1,VI,45.7
2007,2,VI,45.5
2007,3,VI,45.4
2007,4,VI,45.4
2007,5,VI,46.7
2007,6,VI,46.9
2007,7,VI,45.7
2007,8,VI,45.5
2007,9,VI,46.0
2007,10,VI,45.8
2007,11,VI,45.5
2007,12,VI,45.5
2008,1,VI,46.1
2008,2,VI,46.0
2008,3,VI,46.0
2008,4,VI,45.6
2008,5,VI,45.8
2008,6,VI,45.9
2008,7,VI,45.8
2008,8,VI,45.7
2008,9,VI,45.3
2008,10,VI,45.3
2008,11,VI,45.1
2008,12,VI,44.8
2009,1,VI,44.3
2009,2,VI,44.1
2009,3,VI,44.1
2009,4,VI,43.7
2009,5,VI,43.8
2009,6,VI,43.4
2009,7,VI,43.5
2009,8,VI,43.5
2009,9,VI,43.2
2009,10,VI,43.3
2009,11,VI,43.1
2009,12,VI,43.3
2010,1,VI,43.9
2010,2,VI,44.3
2010,3,VI,44.2
2010,4,VI,44.3
2010,5,VI,44.0
2010,6,VI,44.0
2010,7,VI,44.0
2010,8,VI,44.0
2010,9,VI,44.2
2010,10,VI,44.0
2010,11,VI,45.1
2010,12,VI,44.7
2011,1,VI,44.1
2011,2,VI,44.4
2011,3,VI,44.4
2011,4,VI,44.3
2011,5,VI,44.2
2011,6,VI,43.9
2011,7,VI,43.9
2011,8,VI,43.6
2011,9,VI,43.6
2011,10,VI,43.1
2011,11,VI,43.0
2011,12,VI,42.9
2012,1,VI,42.7
2012,2,VI,42.2
2012,3,VI,42.0
2012,4,VI,41.5
2012,5,VI,40.2
2012,6,VI,39.9
2012,7,VI,39.9
2012,8,VI,39.5
2012,9,VI,39.3
2012,10,VI,39.5
2012,11,VI,39.5
2012,12,VI,39.4
2013,1,VI,39.5
2013,2,VI,39.0
2013,3,VI,39.2
2013,4,VI,38.8
2013,5,VI,38.9
2013,6,VI,38.8
2013,7,VI,38.3
2013,8,VI,38.3
2013,9,VI,38.6
2013,10,VI,38.3
2013,11,VI,38.0
2013,12,VI,38.0
2014,1,VI,37.5
2014,2,VI,37.8
2014,3,VI,37.6
2014,4,VI,37.5
2014,5,VI,37.8
2014,6,VI,37.6
2014,7,VI,38.0
2014,8,VI,37.8
2014,9,VI,38.2
2014,10,VI,37.9
2014,11,VI,38.0
2014,12,VI,38.1
2015,1,VI,38.1
2015,2,VI,37.6
2015,3,VI,37.8
2015,4,VI,37.7
2015,5,VI,38.1
2015,6,VI,37.8
2015,7,VI,37.8
2015,8,VI,37.5
2015,9,VI,37.7
2015,10,VI,37.9
2015,11,VI,38.1
2015,12,VI,38.1
2016,1,VI,38.0
2016,2,VI,38.2
2016,3,VI,38.3
2016,4,VI,38.4
2016,5,VI,38.4
2016,6,VI,38.5
2016,7,VI,38.3
2016,8,VI,38.3
2016,9,VI,38.0
2016,10,VI,38.0
2016,11,VI,38.3
2016,12,VI,38.3
2017,1,VI,38.3
2017,2,VI,38.1
2017,3,VI,38.6
2017,4,VI,38.3
2017,5,VI,38.4
2017,6,VI,38.5
2017,7,VI,38.3
2017,8,VI,38.0
2017,9,VI,36.5
2017,10,VI,34.1
2017,11,VI,33.7
2017,12,VI,33.9
2018,1,VI,32.4
2018,2,VI,32.8
2018,3,VI,33.0
2018,4,VI,32.7
2018,5,VI,33.4
2018,6,VI,33.5
2018,7,VI,33.7
2018,8,VI,34.4
2018,9,VI,34.8
2018,10,VI,34.7
2018,11,VI,34.8
2018,12,VI,34.8
2019,1,VI,35.4
2019,2,VI,36.1
2019,3,VI,36.6
2019,4,VI,37.4
2019,5,VI,37.8
2019,6,VI,37.9
2019,7,VI,38.6
2019,8,VI,39.2
2019,9,VI,39.4
2019,10,VI,39.8
2019,11,VI,39.9
2019,12,VI,39.8
2020,1,VI,39.7
2020,2,VI,39.9
2020,3,VI,40.2
2020,4,VI,35.1
2020,5,VI,35.3
2020,6,VI,35.0
2020,7,VI,36.0
2020,8,VI,35.4
2020,9,VI,34.6
2020,10,VI,35.7
2020,11,VI,35.6
2020,12,VI,35.1
2021,1,VI,34.8
2021,2,VI,34.9
2021,3,VI,34.8
2021,4,VI,35.4
2021,5,VI,35.3
2021,6,VI,35.1
2021,7,VI,35.0
2021,8,VI,35.2
2021,9,VI,35.2
2021,10,VI,34.7
2021,11,VI,34.8
2021,12,VI,34.8
2022,1,VI,34.3
2022,2,VI,34.3
2022,3,VI,34.6
2022,4,VI,34.2
2022,5,VI,34.4
2022,6,VI,34.3
2022,7,VI,35.4
2022,8,VI,35.0
2022,9,VI,35.1
2022,10,VI,35.4
2022,11,VI,35.2
2022,12,VI,35.2
2023,1,VI,35.6
2023,2,VI,35.9
2023,3,VI,36.1
2023,4,VI,35.9
2023,5,VI,36.0
2023,6,VI,36.4
2023,7,VI,36.2
2023,8,VI,36.1
2023,9,VI,35.9
2023,10,VI,35.8
2023,11,VI,36.0
2023,12,VI,36.2
2024,1,VI,36.2
2024,2,VI,36.3
2024,3,VI,36.2
2024,4,VI,36.2
2024,5,VI,36.1
2024,6,VI,36.0
2024,7,VI,36.3
2024,8,VI,35.9
2024,9,VI,36.0
2024,10,VI,35.5
2024,11,VI,35.6
2024,12,VI,35.7
2025,1,VI,35.6
2025,2,VI,35.6
2025,3,VI,35.6
2025,4,VI,35.5
2025,5,VI,35.6
2025,6,VI,35.6
2025,7,VI,35.3
2025,8,VI,36.6
2025,9,VI,36.6
2025,10,VI,36.6
2025,11,VI,36.0
2025,12,VI,36.0
