year,month,state,unemp
1976,1,AL,6.7
1976,2,AL,6.6
1976,3,AL,6.6
1976,4,AL,6.5
1976,5,AL,6.4
1976,6,AL,6.5
1976,7,AL,6.5
1976,8,AL,6.7
1976,9,AL,6.8
1976,10,AL,6.9
1976,11,AL,7.0
1976,12,AL,7.1
1977,1,AL,7.2
1977,2,AL,7.3
1977,3,AL,7.4
1977,4,AL,7.5
1977,5,AL,7.5
1977,6,AL,7.4
1977,7,AL,7.3
1977,8,AL,7.1
1977,9,AL,6.9
1977,10,AL,6.8
1977,11,AL,6.6
1977,12,AL,6.5
1978,1,AL,6.4
1978,2,AL,6.4
1978,3,AL,6.3
1978,4,AL,6.3
1978,5,AL,6.2
1978,6,AL,6.3
1978,7,AL,6.3
1978,8,AL,6.4
1978,9,AL,6.6
1978,10,AL,6.7
1978,11,AL,6.7
1978,12,AL,6.8
1979,1,AL,6.9
1979,2,AL,6.9
1979,3,AL,7.0
1979,4,AL,7.1
1979,5,AL,7.1
1979,6,AL,7.2
1979,7,AL,7.3
1979,8,AL,7.4
1979,9,AL,7.4
1979,10,AL,7.5
1979,11,AL,7.5
1979,12,AL,7.5
1980,1,AL,7.6
1980,2,AL,7.8
1980,3,AL,8.0
1980,4,AL,8.3
1980,5,AL,8.5
1980,6,AL,8.7
1980,7,AL,8.9
1980,8,AL,9.0
1980,9,AL,9.1
1980,10,AL,9.3
1980,11,AL,9.4
1980,12,AL,9.6
1981,1,AL,9.7
1981,2,AL,9.9
1981,3,AL,10.0
1981,4,AL,10.1
1981,5,AL,10.2
1981,6,AL,10.4
1981,7,AL,10.6
1981,8,AL,10.9
1981,9,AL,11.3
1981,10,AL,11.7
1981,11,AL,12.0
1981,12,AL,12.3
1982,1,AL,12.6
1982,2,AL,12.9
1982,3,AL,13.1
1982,4,AL,13.3
1982,5,AL,13.6
1982,6,AL,13.8
1982,7,AL,14.0
1982,8,AL,14.2
1982,9,AL,14.3
1982,10,AL,14.5
1982,11,AL,14.6
1982,12,AL,14.7
1983,1,AL,14.7
1983,2,AL,14.6
1983,3,AL,14.5
1983,4,AL,14.4
1983,5,AL,14.2
1983,6,AL,14.1
1983,7,AL,13.9
1983,8,AL,13.7
1983,9,AL,13.5
1983,10,AL,13.2
1983,11,AL,12.9
1983,12,AL,12.7
1984,1,AL,12.5
1984,2,AL,12.2
1984,3,AL,12.0
1984,4,AL,11.8
1984,5,AL,11.6
1984,6,AL,11.5
1984,7,AL,11.3
1984,8,AL,11.1
1984,9,AL,11.0
1984,10,AL,10.8
1984,11,AL,10.5
1984,12,AL,10.3
1985,1,AL,10.1
1985,2,AL,10.0
1985,3,AL,9.9
1985,4,AL,9.8
1985,5,AL,9.7
1985,6,AL,9.5
1985,7,AL,9.5
1985,8,AL,9.4
1985,9,AL,9.3
1985,10,AL,9.2
1985,11,AL,9.2
1985,12,AL,9.3
1986,1,AL,9.4
1986,2,AL,9.5
1986,3,AL,9.6
1986,4,AL,9.7
1986,5,AL,9.7
1986,6,AL,9.7
1986,7,AL,9.6
1986,8,AL,9.5
1986,9,AL,9.5
1986,10,AL,9.5
1986,11,AL,9.4
1986,12,AL,9.3
1987,1,AL,9.2
1987,2,AL,9.0
1987,3,AL,8.8
1987,4,AL,8.5
1987,5,AL,8.3
1987,6,AL,8.1
1987,7,AL,8.0
1987,8,AL,7.9
1987,9,AL,7.8
1987,10,AL,7.7
1987,11,AL,7.6
1987,12,AL,7.5
1988,1,AL,7.4
1988,2,AL,7.4
1988,3,AL,7.3
1988,4,AL,7.2
1988,5,AL,7.2
1988,6,AL,7.2
1988,7,AL,7.2
1988,8,AL,7.2
1988,9,AL,7.3
1988,10,AL,7.3
1988,11,AL,7.3
1988,12,AL,7.2
1989,1,AL,7.2
1989,2,AL,7.1
1989,3,AL,7.1
1989,4,AL,7.1
1989,5,AL,7.1
1989,6,AL,7.1
1989,7,AL,7.0
1989,8,AL,7.0
1989,9,AL,6.9
1989,10,AL,6.8
1989,11,AL,6.7
1989,12,AL,6.7
1990,1,AL,6.7
1990,2,AL,6.7
1990,3,AL,6.7
1990,4,AL,6.7
1990,5,AL,6.7
1990,6,AL,6.7
1990,7,AL,6.8
1990,8,AL,6.9
1990,9,AL,6.9
1990,10,AL,7.0
1990,11,AL,7.0
1990,12,AL,7.1
1991,1,AL,7.1
1991,2,AL,7.1
1991,3,AL,7.2
1991,4,AL,7.2
1991,5,AL,7.3
1991,6,AL,7.3
1991,7,AL,7.3
1991,8,AL,7.3
1991,9,AL,7.3
1991,10,AL,7.3
1991,11,AL,7.4
1991,12,AL,7.4
1992,1,AL,7.5
1992,2,AL,7.5
1992,3,AL,7.6
1992,4,AL,7.6
1992,5,AL,7.6
1992,6,AL,7.6
1992,7,AL,7.5
1992,8,AL,7.5
1992,9,AL,7.5
1992,10,AL,7.5
1992,11,AL,7.5
1992,12,AL,7.5
1993,1,AL,7.5
1993,2,AL,7.5
1993,3,AL,7.5
1993,4,AL,7.5
1993,5,AL,7.4
1993,6,AL,7.3
1993,7,AL,7.3
1993,8,AL,7.2
1993,9,AL,7.1
1993,10,AL,7.0
1993,11,AL,6.9
1993,12,AL,6.8
1994,1,AL,6.7
1994,2,AL,6.5
1994,3,AL,6.4
1994,4,AL,6.3
1994,5,AL,6.2
1994,6,AL,6.1
1994,7,AL,6.0
1994,8,AL,6.0
1994,9,AL,6.0
1994,10,AL,6.0
1994,11,AL,5.9
1994,12,AL,5.9
1995,1,AL,5.9
1995,2,AL,5.9
1995,3,AL,6.0
1995,4,AL,6.0
1995,5,AL,6.0
1995,6,AL,6.0
1995,7,AL,5.9
1995,8,AL,5.9
1995,9,AL,5.8
1995,10,AL,5.7
1995,11,AL,5.6
1995,12,AL,5.5
1996,1,AL,5.4
1996,2,AL,5.4
1996,3,AL,5.3
1996,4,AL,5.3
1996,5,AL,5.2
1996,6,AL,5.2
1996,7,AL,5.1
1996,8,AL,5.1
1996,9,AL,5.0
1996,10,AL,5.1
1996,11,AL,5.1
1996,12,AL,5.1
1997,1,AL,5.1
1997,2,AL,5.1
1997,3,AL,5.1
1997,4,AL,5.1
1997,5,AL,5.1
1997,6,AL,5.0
1997,7,AL,5.0
1997,8,AL,4.9
1997,9,AL,4.9
1997,10,AL,4.8
1997,11,AL,4.7
1997,12,AL,4.6
1998,1,AL,4.5
1998,2,AL,4.4
1998,3,AL,4.4
1998,4,AL,4.4
1998,5,AL,4.4
1998,6,AL,4.4
1998,7,AL,4.5
1998,8,AL,4.5
1998,9,AL,4.5
1998,10,AL,4.5
1998,11,AL,4.5
1998,12,AL,4.5
1999,1,AL,4.6
1999,2,AL,4.6
1999,3,AL,4.7
1999,4,AL,4.7
1999,5,AL,4.8
1999,6,AL,4.8
1999,7,AL,4.8
1999,8,AL,4.8
1999,9,AL,4.8
1999,10,AL,4.8
1999,11,AL,4.7
1999,12,AL,4.7
2000,1,AL,4.7
2000,2,AL,4.7
2000,3,AL,4.7
2000,4,AL,4.7
2000,5,AL,4.6
2000,6,AL,4.6
2000,7,AL,4.6
2000,8,AL,4.6
2000,9,AL,4.6
2000,10,AL,4.6
2000,11,AL,4.6
2000,12,AL,4.7
2001,1,AL,4.7
2001,2,AL,4.8
2001,3,AL,4.8
2001,4,AL,4.8
2001,5,AL,4.9
2001,6,AL,5.0
2001,7,AL,5.1
2001,8,AL,5.2
2001,9,AL,5.4
2001,10,AL,5.6
2001,11,AL,5.7
2001,12,AL,5.8
2002,1,AL,5.8
2002,2,AL,5.9
2002,3,AL,5.9
2002,4,AL,5.9
2002,5,AL,5.9
2002,6,AL,5.9
2002,7,AL,5.9
2002,8,AL,5.9
2002,9,AL,5.9
2002,10,AL,5.9
2002,11,AL,5.9
2002,12,AL,5.9
2003,1,AL,5.9
2003,2,AL,5.9
2003,3,AL,5.9
2003,4,AL,5.9
2003,5,AL,6.0
2003,6,AL,6.0
2003,7,AL,6.0
2003,8,AL,6.0
2003,9,AL,6.0
2003,10,AL,6.0
2003,11,AL,5.9
2003,12,AL,5.9
2004,1,AL,5.9
2004,2,AL,5.9
2004,3,AL,5.8
2004,4,AL,5.8
2004,5,AL,5.7
2004,6,AL,5.7
2004,7,AL,5.6
2004,8,AL,5.5
2004,9,AL,5.4
2004,10,AL,5.3
2004,11,AL,5.2
2004,12,AL,5.1
2005,1,AL,5.0
2005,2,AL,4.9
2005,3,AL,4.8
2005,4,AL,4.6
2005,5,AL,4.5
2005,6,AL,4.4
2005,7,AL,4.3
2005,8,AL,4.2
2005,9,AL,4.2
2005,10,AL,4.2
2005,11,AL,4.2
2005,12,AL,4.2
2006,1,AL,4.2
2006,2,AL,4.1
2006,3,AL,4.1
2006,4,AL,4.1
2006,5,AL,4.1
2006,6,AL,4.1
2006,7,AL,4.0
2006,8,AL,4.0
2006,9,AL,3.9
2006,10,AL,3.9
2006,11,AL,3.8
2006,12,AL,3.8
2007,1,AL,3.8
2007,2,AL,3.9
2007,3,AL,3.9
2007,4,AL,3.9
2007,5,AL,4.0
2007,6,AL,4.0
2007,7,AL,4.0
2007,8,AL,4.1
2007,9,AL,4.2
2007,10,AL,4.2
2007,11,AL,4.3
2007,12,AL,4.5
2008,1,AL,4.6
2008,2,AL,4.7
2008,3,AL,4.9
2008,4,AL,5.2
2008,5,AL,5.4
2008,6,AL,5.7
2008,7,AL,6.0
2008,8,AL,6.3
2008,9,AL,6.5
2008,10,AL,6.9
2008,11,AL,7.2
2008,12,AL,7.6
2009,1,AL,8.0
2009,2,AL,8.4
2009,3,AL,8.8
2009,4,AL,9.1
2009,5,AL,9.4
2009,6,AL,9.7
2009,7,AL,10.0
2009,8,AL,10.3
2009,9,AL,10.5
2009,10,AL,10.7
2009,11,AL,10.9
2009,12,AL,11.0
2010,1,AL,11.0
2010,2,AL,11.0
2010,3,AL,10.9
2010,4,AL,10.5
2010,5,AL,10.3
2010,6,AL,10.2
2010,7,AL,10.1
2010,8,AL,10.1
2010,9,AL,10.1
2010,10,AL,10.1
2010,11,AL,10.1
2010,12,AL,10.1
2011,1,AL,10.1
2011,2,AL,10.0
2011,3,AL,9.9
2011,4,AL,9.9
2011,5,AL,9.8
2011,6,AL,9.8
2011,7,AL,9.7
2011,8,AL,9.5
2011,9,AL,9.3
2011,10,AL,9.1
2011,11,AL,8.9
2011,12,AL,8.7
2012,1,AL,8.6
2012,2,AL,8.5
2012,3,AL,8.4
2012,4,AL,8.4
2012,5,AL,8.4
2012,6,AL,8.3
2012,7,AL,8.2
2012,8,AL,8.1
2012,9,AL,7.9
2012,10,AL,7.8
2012,11,AL,7.8
2012,12,AL,7.7
2013,1,AL,7.7
2013,2,AL,7.6
2013,3,AL,7.5
2013,4,AL,7.4
2013,5,AL,7.3
2013,6,AL,7.3
2013,7,AL,7.3
2013,8,AL,7.3
2013,9,AL,7.3
2013,10,AL,7.2
2013,11,AL,7.2
2013,12,AL,7.2
2014,1,AL,7.2
2014,2,AL,7.1
2014,3,AL,7.1
2014,4,AL,7.0
2014,5,AL,6.9
2014,6,AL,6.9
2014,7,AL,6.8
2014,8,AL,6.7
2014,9,AL,6.6
2014,10,AL,6.4
2014,11,AL,6.3
2014,12,AL,6.2
2015,1,AL,6.2
2015,2,AL,6.1
2015,3,AL,6.1
2015,4,AL,6.1
2015,5,AL,6.1
2015,6,AL,6.1
2015,7,AL,6.1
2015,8,AL,6.1
2015,9,AL,6.1
2015,10,AL,6.0
2015,11,AL,6.0
2015,12,AL,6.0
2016,1,AL,5.9
2016,2,AL,5.9
2016,3,AL,5.9
2016,4,AL,5.8
2016,5,AL,5.8
2016,6,AL,5.8
2016,7,AL,5.8
2016,8,AL,5.8
2016,9,AL,5.8
2016,10,AL,5.8
2016,11,AL,5.7
2016,12,AL,5.6
2017,1,AL,5.4
2017,2,AL,5.2
2017,3,AL,5.0
2017,4,AL,4.8
2017,5,AL,4.6
2017,6,AL,4.5
2017,7,AL,4.3
2017,8,AL,4.2
2017,9,AL,4.1
2017,10,AL,4.0
2017,11,AL,4.0
2017,12,AL,4.0
2018,1,AL,4.0
2018,2,AL,4.0
2018,3,AL,4.0
2018,4,AL,4.0
2018,5,AL,4.0
2018,6,AL,4.0
2018,7,AL,3.9
2018,8,AL,3.9
2018,9,AL,3.9
2018,10,AL,3.8
2018,11,AL,3.8
2018,12,AL,3.8
2019,1,AL,3.7
2019,2,AL,3.6
2019,3,AL,3.4
2019,4,AL,3.3
2019,5,AL,3.2
2019,6,AL,3.0
2019,7,AL,3.0
2019,8,AL,3.0
2019,9,AL,3.0
2019,10,AL,3.0
2019,11,AL,3.0
2019,12,AL,3.1
2020,1,AL,3.2
2020,2,AL,3.3
2020,3,AL,3.4
2020,4,AL,13.8
2020,5,AL,10.4
2020,6,AL,8.6
2020,7,AL,7.5
2020,8,AL,6.3
2020,9,AL,5.9
2020,10,AL,5.2
2020,11,AL,4.8
2020,12,AL,4.5
2021,1,AL,4.1
2021,2,AL,3.9
2021,3,AL,3.7
2021,4,AL,3.7
2021,5,AL,3.5
2021,6,AL,3.5
2021,7,AL,3.3
2021,8,AL,3.2
2021,9,AL,3.0
2021,10,AL,2.9
2021,11,AL,2.7
2021,12,AL,2.7
2022,1,AL,2.6
2022,2,AL,2.6
2022,3,AL,2.5
2022,4,AL,2.5
2022,5,AL,2.5
2022,6,AL,2.5
2022,7,AL,2.5
2022,8,AL,2.5
2022,9,AL,2.5
2022,10,AL,2.5
2022,11,AL,2.4
2022,12,AL,2.3
2023,1,AL,2.3
2023,2,AL,2.3
2023,3,AL,2.3
2023,4,AL,2.3
2023,5,AL,2.3
2023,6,AL,2.3
2023,7,AL,2.4
2023,8,AL,2.5
2023,9,AL,2.6
2023,10,AL,2.7
2023,11,AL,2.8
2023,12,AL,2.8
2024,1,AL,2.9
2024,2,AL,2.9
2024,3,AL,2.9
2024,4,AL,2.9
2024,5,AL,2.9
2024,6,AL,2.9
2024,7,AL,3.0
2024,8,AL,3.1
2024,9,AL,3.3
2024,10,AL,3.3
2024,11,AL,3.3
2024,12,AL,3.3
2025,1,AL,3.3
2025,2,AL,3.3
2025,3,AL,3.3
2025,4,AL,3.3
2025,5,AL,3.3
2025,6,AL,3.2
2025,7,AL,3.0
2025,8,AL,2.9
2025,9,AL,2.8
2025,10,AL,
2025,11,AL,2.7
2025,12,AL,2.7
1976,1,AK,7.1
1976,2,AK,7.1
1976,3,AK,7.0
1976,4,AK,7.0
1976,5,AK,7.0
1976,6,AK,7.1
1976,7,AK,7.3
1976,8,AK,7.7
1976,9,AK,8.0
1976,10,AK,8.3
1976,11,AK,8.6
1976,12,AK,8.9
1977,1,AK,9.1
1977,2,AK,9.3
1977,3,AK,9.5
1977,4,AK,9.6
1977,5,AK,9.8
1977,6,AK,9.9
1977,7,AK,9.9
1977,8,AK,9.9
1977,9,AK,10.0
1977,10,AK,10.1
1977,11,AK,10.3
1977,12,AK,10.5
1978,1,AK,10.8
1978,2,AK,10.9
1978,3,AK,11.0
1978,4,AK,11.0
1978,5,AK,10.9
1978,6,AK,10.8
1978,7,AK,10.7
1978,8,AK,10.6
1978,9,AK,10.4
1978,10,AK,10.3
1978,11,AK,10.1
1978,12,AK,9.8
1979,1,AK,9.6
1979,2,AK,9.4
1979,3,AK,9.2
1979,4,AK,9.0
1979,5,AK,8.9
1979,6,AK,8.9
1979,7,AK,8.9
1979,8,AK,9.0
1979,9,AK,9.0
1979,10,AK,9.0
1979,11,AK,8.9
1979,12,AK,8.8
1980,1,AK,8.8
1980,2,AK,8.9
1980,3,AK,9.2
1980,4,AK,9.5
1980,5,AK,9.8
1980,6,AK,10.0
1980,7,AK,10.0
1980,8,AK,10.0
1980,9,AK,9.8
1980,10,AK,9.7
1980,11,AK,9.5
1980,12,AK,9.3
1981,1,AK,9.1
1981,2,AK,8.9
1981,3,AK,8.8
1981,4,AK,8.8
1981,5,AK,8.8
1981,6,AK,9.0
1981,7,AK,9.2
1981,8,AK,9.4
1981,9,AK,9.5
1981,10,AK,9.6
1981,11,AK,9.7
1981,12,AK,9.8
1982,1,AK,9.8
1982,2,AK,9.8
1982,3,AK,9.9
1982,4,AK,9.9
1982,5,AK,9.9
1982,6,AK,9.9
1982,7,AK,9.9
1982,8,AK,9.9
1982,9,AK,10.0
1982,10,AK,10.2
1982,11,AK,10.4
1982,12,AK,10.6
1983,1,AK,10.6
1983,2,AK,10.6
1983,3,AK,10.4
1983,4,AK,10.2
1983,5,AK,10.0
1983,6,AK,9.9
1983,7,AK,9.8
1983,8,AK,9.8
1983,9,AK,9.9
1983,10,AK,10.0
1983,11,AK,10.1
1983,12,AK,10.2
1984,1,AK,10.2
1984,2,AK,10.2
1984,3,AK,10.2
1984,4,AK,10.1
1984,5,AK,10.0
1984,6,AK,9.9
1984,7,AK,9.8
1984,8,AK,9.8
1984,9,AK,9.7
1984,10,AK,9.7
1984,11,AK,9.6
1984,12,AK,9.6
1985,1,AK,9.5
1985,2,AK,9.6
1985,3,AK,9.7
1985,4,AK,9.8
1985,5,AK,9.8
1985,6,AK,9.9
1985,7,AK,9.9
1985,8,AK,9.9
1985,9,AK,9.8
1985,10,AK,9.8
1985,11,AK,9.9
1985,12,AK,10.0
1986,1,AK,10.3
1986,2,AK,10.6
1986,3,AK,10.9
1986,4,AK,11.1
1986,5,AK,11.3
1986,6,AK,11.3
1986,7,AK,11.3
1986,8,AK,11.3
1986,9,AK,11.2
1986,10,AK,11.1
1986,11,AK,11.0
1986,12,AK,10.9
1987,1,AK,10.9
1987,2,AK,10.8
1987,3,AK,10.6
1987,4,AK,10.5
1987,5,AK,10.3
1987,6,AK,10.2
1987,7,AK,10.1
1987,8,AK,10.0
1987,9,AK,9.8
1987,10,AK,9.7
1987,11,AK,9.5
1987,12,AK,9.4
1988,1,AK,9.3
1988,2,AK,9.2
1988,3,AK,9.1
1988,4,AK,9.0
1988,5,AK,9.0
1988,6,AK,8.9
1988,7,AK,8.8
1988,8,AK,8.7
1988,9,AK,8.6
1988,10,AK,8.5
1988,11,AK,8.3
1988,12,AK,8.0
1989,1,AK,7.7
1989,2,AK,7.4
1989,3,AK,7.2
1989,4,AK,7.0
1989,5,AK,6.9
1989,6,AK,6.9
1989,7,AK,6.9
1989,8,AK,7.0
1989,9,AK,7.1
1989,10,AK,7.1
1989,11,AK,7.2
1989,12,AK,7.2
1990,1,AK,7.2
1990,2,AK,7.2
1990,3,AK,7.2
1990,4,AK,7.2
1990,5,AK,7.2
1990,6,AK,7.2
1990,7,AK,7.2
1990,8,AK,7.2
1990,9,AK,7.2
1990,10,AK,7.3
1990,11,AK,7.4
1990,12,AK,7.5
1991,1,AK,7.6
1991,2,AK,7.7
1991,3,AK,7.9
1991,4,AK,8.0
1991,5,AK,8.1
1991,6,AK,8.3
1991,7,AK,8.3
1991,8,AK,8.5
1991,9,AK,8.6
1991,10,AK,8.8
1991,11,AK,8.9
1991,12,AK,9.0
1992,1,AK,9.1
1992,2,AK,9.2
1992,3,AK,9.1
1992,4,AK,9.1
1992,5,AK,9.1
1992,6,AK,9.0
1992,7,AK,8.9
1992,8,AK,8.8
1992,9,AK,8.7
1992,10,AK,8.6
1992,11,AK,8.4
1992,12,AK,8.2
1993,1,AK,8.1
1993,2,AK,8.0
1993,3,AK,7.9
1993,4,AK,7.9
1993,5,AK,7.8
1993,6,AK,7.8
1993,7,AK,7.8
1993,8,AK,7.7
1993,9,AK,7.7
1993,10,AK,7.7
1993,11,AK,7.7
1993,12,AK,7.7
1994,1,AK,7.8
1994,2,AK,7.8
1994,3,AK,7.8
1994,4,AK,7.8
1994,5,AK,7.7
1994,6,AK,7.6
1994,7,AK,7.6
1994,8,AK,7.5
1994,9,AK,7.4
1994,10,AK,7.3
1994,11,AK,7.2
1994,12,AK,7.1
1995,1,AK,7.1
1995,2,AK,7.1
1995,3,AK,7.1
1995,4,AK,7.1
1995,5,AK,7.2
1995,6,AK,7.3
1995,7,AK,7.3
1995,8,AK,7.4
1995,9,AK,7.5
1995,10,AK,7.5
1995,11,AK,7.6
1995,12,AK,7.6
1996,1,AK,7.7
1996,2,AK,7.7
1996,3,AK,7.6
1996,4,AK,7.6
1996,5,AK,7.5
1996,6,AK,7.4
1996,7,AK,7.3
1996,8,AK,7.3
1996,9,AK,7.3
1996,10,AK,7.3
1996,11,AK,7.4
1996,12,AK,7.4
1997,1,AK,7.5
1997,2,AK,7.4
1997,3,AK,7.3
1997,4,AK,7.2
1997,5,AK,7.1
1997,6,AK,7.0
1997,7,AK,7.0
1997,8,AK,6.9
1997,9,AK,6.8
1997,10,AK,6.7
1997,11,AK,6.5
1997,12,AK,6.4
1998,1,AK,6.3
1998,2,AK,6.2
1998,3,AK,6.2
1998,4,AK,6.2
1998,5,AK,6.2
1998,6,AK,6.3
1998,7,AK,6.4
1998,8,AK,6.4
1998,9,AK,6.4
1998,10,AK,6.4
1998,11,AK,6.4
1998,12,AK,6.4
1999,1,AK,6.4
1999,2,AK,6.4
1999,3,AK,6.5
1999,4,AK,6.5
1999,5,AK,6.5
1999,6,AK,6.4
1999,7,AK,6.4
1999,8,AK,6.3
1999,9,AK,6.3
1999,10,AK,6.2
1999,11,AK,6.2
1999,12,AK,6.1
2000,1,AK,6.2
2000,2,AK,6.2
2000,3,AK,6.2
2000,4,AK,6.3
2000,5,AK,6.3
2000,6,AK,6.4
2000,7,AK,6.4
2000,8,AK,6.4
2000,9,AK,6.3
2000,10,AK,6.3
2000,11,AK,6.3
2000,12,AK,6.2
2001,1,AK,6.2
2001,2,AK,6.1
2001,3,AK,6.1
2001,4,AK,6.1
2001,5,AK,6.1
2001,6,AK,6.1
2001,7,AK,6.2
2001,8,AK,6.3
2001,9,AK,6.4
2001,10,AK,6.5
2001,11,AK,6.6
2001,12,AK,6.7
2002,1,AK,6.8
2002,2,AK,6.9
2002,3,AK,6.9
2002,4,AK,7.0
2002,5,AK,7.1
2002,6,AK,7.2
2002,7,AK,7.2
2002,8,AK,7.3
2002,9,AK,7.3
2002,10,AK,7.4
2002,11,AK,7.4
2002,12,AK,7.5
2003,1,AK,7.5
2003,2,AK,7.6
2003,3,AK,7.6
2003,4,AK,7.7
2003,5,AK,7.7
2003,6,AK,7.8
2003,7,AK,7.8
2003,8,AK,7.8
2003,9,AK,7.7
2003,10,AK,7.7
2003,11,AK,7.6
2003,12,AK,7.6
2004,1,AK,7.6
2004,2,AK,7.6
2004,3,AK,7.6
2004,4,AK,7.6
2004,5,AK,7.5
2004,6,AK,7.5
2004,7,AK,7.4
2004,8,AK,7.3
2004,9,AK,7.3
2004,10,AK,7.2
2004,11,AK,7.2
2004,12,AK,7.2
2005,1,AK,7.1
2005,2,AK,7.0
2005,3,AK,6.9
2005,4,AK,6.9
2005,5,AK,6.8
2005,6,AK,6.8
2005,7,AK,6.8
2005,8,AK,6.9
2005,9,AK,6.9
2005,10,AK,7.0
2005,11,AK,7.0
2005,12,AK,7.0
2006,1,AK,6.9
2006,2,AK,6.9
2006,3,AK,6.8
2006,4,AK,6.7
2006,5,AK,6.7
2006,6,AK,6.7
2006,7,AK,6.6
2006,8,AK,6.5
2006,9,AK,6.5
2006,10,AK,6.4
2006,11,AK,6.4
2006,12,AK,6.3
2007,1,AK,6.3
2007,2,AK,6.2
2007,3,AK,6.2
2007,4,AK,6.2
2007,5,AK,6.2
2007,6,AK,6.2
2007,7,AK,6.3
2007,8,AK,6.3
2007,9,AK,6.3
2007,10,AK,6.3
2007,11,AK,6.3
2007,12,AK,6.2
2008,1,AK,6.2
2008,2,AK,6.2
2008,3,AK,6.3
2008,4,AK,6.3
2008,5,AK,6.4
2008,6,AK,6.5
2008,7,AK,6.6
2008,8,AK,6.6
2008,9,AK,6.6
2008,10,AK,6.7
2008,11,AK,6.8
2008,12,AK,6.9
2009,1,AK,7.1
2009,2,AK,7.4
2009,3,AK,7.6
2009,4,AK,7.7
2009,5,AK,7.8
2009,6,AK,7.9
2009,7,AK,8.0
2009,8,AK,8.0
2009,9,AK,8.1
2009,10,AK,8.1
2009,11,AK,8.1
2009,12,AK,8.2
2010,1,AK,8.3
2010,2,AK,8.3
2010,3,AK,8.2
2010,4,AK,8.1
2010,5,AK,8.0
2010,6,AK,7.9
2010,7,AK,7.8
2010,8,AK,7.8
2010,9,AK,7.8
2010,10,AK,7.9
2010,11,AK,7.9
2010,12,AK,7.9
2011,1,AK,7.8
2011,2,AK,7.8
2011,3,AK,7.7
2011,4,AK,7.6
2011,5,AK,7.6
2011,6,AK,7.6
2011,7,AK,7.6
2011,8,AK,7.6
2011,9,AK,7.6
2011,10,AK,7.5
2011,11,AK,7.5
2011,12,AK,7.4
2012,1,AK,7.3
2012,2,AK,7.3
2012,3,AK,7.2
2012,4,AK,7.2
2012,5,AK,7.2
2012,6,AK,7.2
2012,7,AK,7.1
2012,8,AK,7.1
2012,9,AK,7.0
2012,10,AK,7.0
2012,11,AK,7.0
2012,12,AK,7.0
2013,1,AK,7.0
2013,2,AK,7.0
2013,3,AK,6.9
2013,4,AK,6.9
2013,5,AK,6.9
2013,6,AK,6.9
2013,7,AK,6.9
2013,8,AK,7.0
2013,9,AK,6.9
2013,10,AK,6.9
2013,11,AK,6.9
2013,12,AK,6.9
2014,1,AK,6.9
2014,2,AK,6.9
2014,3,AK,6.9
2014,4,AK,6.9
2014,5,AK,6.9
2014,6,AK,6.8
2014,7,AK,6.8
2014,8,AK,6.8
2014,9,AK,6.7
2014,10,AK,6.6
2014,11,AK,6.4
2014,12,AK,6.3
2015,1,AK,6.3
2015,2,AK,6.3
2015,3,AK,6.3
2015,4,AK,6.3
2015,5,AK,6.3
2015,6,AK,6.2
2015,7,AK,6.2
2015,8,AK,6.2
2015,9,AK,6.3
2015,10,AK,6.3
2015,11,AK,6.3
2015,12,AK,6.4
2016,1,AK,6.4
2016,2,AK,6.5
2016,3,AK,6.5
2016,4,AK,6.6
2016,5,AK,6.6
2016,6,AK,6.7
2016,7,AK,6.7
2016,8,AK,6.7
2016,9,AK,6.7
2016,10,AK,6.7
2016,11,AK,6.7
2016,12,AK,6.7
2017,1,AK,6.7
2017,2,AK,6.6
2017,3,AK,6.6
2017,4,AK,6.6
2017,5,AK,6.6
2017,6,AK,6.6
2017,7,AK,6.6
2017,8,AK,6.6
2017,9,AK,6.6
2017,10,AK,6.6
2017,11,AK,6.6
2017,12,AK,6.6
2018,1,AK,6.5
2018,2,AK,6.4
2018,3,AK,6.3
2018,4,AK,6.1
2018,5,AK,6.0
2018,6,AK,6.0
2018,7,AK,5.9
2018,8,AK,5.9
2018,9,AK,5.9
2018,10,AK,6.0
2018,11,AK,6.0
2018,12,AK,6.1
2019,1,AK,6.0
2019,2,AK,5.9
2019,3,AK,5.8
2019,4,AK,5.7
2019,5,AK,5.6
2019,6,AK,5.6
2019,7,AK,5.6
2019,8,AK,5.6
2019,9,AK,5.5
2019,10,AK,5.4
2019,11,AK,5.3
2019,12,AK,5.2
2020,1,AK,5.3
2020,2,AK,5.4
2020,3,AK,5.4
2020,4,AK,11.6
2020,5,AK,11.7
2020,6,AK,11.2
2020,7,AK,11.1
2020,8,AK,8.6
2020,9,AK,7.8
2020,10,AK,7.2
2020,11,AK,7.0
2020,12,AK,7.1
2021,1,AK,7.0
2021,2,AK,7.0
2021,3,AK,7.0
2021,4,AK,7.1
2021,5,AK,6.9
2021,6,AK,6.8
2021,7,AK,6.4
2021,8,AK,6.2
2021,9,AK,5.9
2021,10,AK,5.7
2021,11,AK,5.4
2021,12,AK,5.4
2022,1,AK,5.2
2022,2,AK,4.9
2022,3,AK,4.6
2022,4,AK,4.4
2022,5,AK,4.2
2022,6,AK,4.1
2022,7,AK,4.0
2022,8,AK,3.8
2022,9,AK,3.9
2022,10,AK,4.0
2022,11,AK,4.0
2022,12,AK,4.0
2023,1,AK,4.0
2023,2,AK,4.0
2023,3,AK,4.0
2023,4,AK,4.0
2023,5,AK,4.1
2023,6,AK,4.2
2023,7,AK,4.3
2023,8,AK,4.4
2023,9,AK,4.4
2023,10,AK,4.5
2023,11,AK,4.5
2023,12,AK,4.5
2024,1,AK,4.4
2024,2,AK,4.4
2024,3,AK,4.4
2024,4,AK,4.5
2024,5,AK,4.5
2024,6,AK,4.6
2024,7,AK,4.7
2024,8,AK,4.7
2024,9,AK,4.8
2024,10,AK,4.7
2024,11,AK,4.7
2024,12,AK,4.7
2025,1,AK,4.7
2025,2,AK,4.7
2025,3,AK,4.7
2025,4,AK,4.7
2025,5,AK,4.7
2025,6,AK,4.7
2025,7,AK,4.8
2025,8,AK,4.7
2025,9,AK,4.7
2025,10,AK,
2025,11,AK,4.7
2025,12,AK,4.8
1976,1,AZ,10.2
1976,2,AZ,10.2
1976,3,AZ,10.2
1976,4,AZ,10.0
1976,5,AZ,9.8
1976,6,AZ,9.7
1976,7,AZ,9.7
1976,8,AZ,9.6
1976,9,AZ,9.6
1976,10,AZ,9.5
1976,11,AZ,9.4
1976,12,AZ,9.4
1977,1,AZ,9.3
1977,2,AZ,9.2
1977,3,AZ,9.1
1977,4,AZ,9.0
1977,5,AZ,8.8
1977,6,AZ,8.7
1977,7,AZ,8.5
1977,8,AZ,8.2
1977,9,AZ,8.0
1977,10,AZ,7.7
1977,11,AZ,7.4
1977,12,AZ,7.1
1978,1,AZ,6.8
1978,2,AZ,6.5
1978,3,AZ,6.3
1978,4,AZ,6.1
1978,5,AZ,5.9
1978,6,AZ,5.7
1978,7,AZ,5.6
1978,8,AZ,5.6
1978,9,AZ,5.7
1978,10,AZ,5.8
1978,11,AZ,5.8
1978,12,AZ,5.9
1979,1,AZ,5.8
1979,2,AZ,5.6
1979,3,AZ,5.4
1979,4,AZ,5.1
1979,5,AZ,4.9
1979,6,AZ,4.8
1979,7,AZ,4.7
1979,8,AZ,4.7
1979,9,AZ,4.8
1979,10,AZ,4.9
1979,11,AZ,5.0
1979,12,AZ,5.2
1980,1,AZ,5.4
1980,2,AZ,5.7
1980,3,AZ,6.2
1980,4,AZ,6.6
1980,5,AZ,7.0
1980,6,AZ,7.2
1980,7,AZ,7.4
1980,8,AZ,7.3
1980,9,AZ,7.1
1980,10,AZ,6.8
1980,11,AZ,6.5
1980,12,AZ,6.2
1981,1,AZ,6.1
1981,2,AZ,5.9
1981,3,AZ,5.9
1981,4,AZ,5.8
1981,5,AZ,5.8
1981,6,AZ,5.8
1981,7,AZ,5.8
1981,8,AZ,6.0
1981,9,AZ,6.3
1981,10,AZ,6.6
1981,11,AZ,7.0
1981,12,AZ,7.4
1982,1,AZ,7.8
1982,2,AZ,8.3
1982,3,AZ,8.7
1982,4,AZ,9.1
1982,5,AZ,9.5
1982,6,AZ,9.8
1982,7,AZ,10.2
1982,8,AZ,10.6
1982,9,AZ,10.9
1982,10,AZ,11.3
1982,11,AZ,11.5
1982,12,AZ,11.6
1983,1,AZ,11.6
1983,2,AZ,11.3
1983,3,AZ,11.0
1983,4,AZ,10.6
1983,5,AZ,10.1
1983,6,AZ,9.6
1983,7,AZ,9.1
1983,8,AZ,8.5
1983,9,AZ,7.8
1983,10,AZ,7.1
1983,11,AZ,6.5
1983,12,AZ,6.0
1984,1,AZ,5.7
1984,2,AZ,5.4
1984,3,AZ,5.1
1984,4,AZ,4.8
1984,5,AZ,4.6
1984,6,AZ,4.5
1984,7,AZ,4.4
1984,8,AZ,4.5
1984,9,AZ,4.7
1984,10,AZ,5.0
1984,11,AZ,5.3
1984,12,AZ,5.5
1985,1,AZ,5.7
1985,2,AZ,5.9
1985,3,AZ,6.1
1985,4,AZ,6.3
1985,5,AZ,6.4
1985,6,AZ,6.6
1985,7,AZ,6.6
1985,8,AZ,6.6
1985,9,AZ,6.6
1985,10,AZ,6.4
1985,11,AZ,6.4
1985,12,AZ,6.3
1986,1,AZ,6.4
1986,2,AZ,6.5
1986,3,AZ,6.6
1986,4,AZ,6.8
1986,5,AZ,6.9
1986,6,AZ,7.1
1986,7,AZ,7.2
1986,8,AZ,7.3
1986,9,AZ,7.4
1986,10,AZ,7.4
1986,11,AZ,7.5
1986,12,AZ,7.4
1987,1,AZ,7.3
1987,2,AZ,7.2
1987,3,AZ,7.0
1987,4,AZ,6.7
1987,5,AZ,6.5
1987,6,AZ,6.3
1987,7,AZ,6.2
1987,8,AZ,6.1
1987,9,AZ,6.1
1987,10,AZ,6.1
1987,11,AZ,6.2
1987,12,AZ,6.2
1988,1,AZ,6.3
1988,2,AZ,6.3
1988,3,AZ,6.4
1988,4,AZ,6.5
1988,5,AZ,6.5
1988,6,AZ,6.6
1988,7,AZ,6.6
1988,8,AZ,6.6
1988,9,AZ,6.5
1988,10,AZ,6.4
1988,11,AZ,6.3
1988,12,AZ,6.1
1989,1,AZ,5.8
1989,2,AZ,5.7
1989,3,AZ,5.5
1989,4,AZ,5.4
1989,5,AZ,5.4
1989,6,AZ,5.3
1989,7,AZ,5.3
1989,8,AZ,5.2
1989,9,AZ,5.0
1989,10,AZ,4.9
1989,11,AZ,4.9
1989,12,AZ,4.9
1990,1,AZ,5.0
1990,2,AZ,5.2
1990,3,AZ,5.3
1990,4,AZ,5.4
1990,5,AZ,5.4
1990,6,AZ,5.4
1990,7,AZ,5.3
1990,8,AZ,5.2
1990,9,AZ,5.2
1990,10,AZ,5.2
1990,11,AZ,5.1
1990,12,AZ,5.0
1991,1,AZ,4.9
1991,2,AZ,4.9
1991,3,AZ,5.0
1991,4,AZ,5.1
1991,5,AZ,5.3
1991,6,AZ,5.5
1991,7,AZ,5.8
1991,8,AZ,6.1
1991,9,AZ,6.4
1991,10,AZ,6.8
1991,11,AZ,7.1
1991,12,AZ,7.4
1992,1,AZ,7.6
1992,2,AZ,7.8
1992,3,AZ,7.9
1992,4,AZ,7.8
1992,5,AZ,7.8
1992,6,AZ,7.7
1992,7,AZ,7.6
1992,8,AZ,7.5
1992,9,AZ,7.4
1992,10,AZ,7.3
1992,11,AZ,7.3
1992,12,AZ,7.2
1993,1,AZ,7.1
1993,2,AZ,6.9
1993,3,AZ,6.8
1993,4,AZ,6.5
1993,5,AZ,6.3
1993,6,AZ,6.2
1993,7,AZ,6.1
1993,8,AZ,6.0
1993,9,AZ,6.0
1993,10,AZ,6.0
1993,11,AZ,6.0
1993,12,AZ,6.1
1994,1,AZ,6.2
1994,2,AZ,6.2
1994,3,AZ,6.3
1994,4,AZ,6.3
1994,5,AZ,6.3
1994,6,AZ,6.4
1994,7,AZ,6.4
1994,8,AZ,6.3
1994,9,AZ,6.3
1994,10,AZ,6.1
1994,11,AZ,5.9
1994,12,AZ,5.7
1995,1,AZ,5.6
1995,2,AZ,5.5
1995,3,AZ,5.4
1995,4,AZ,5.4
1995,5,AZ,5.4
1995,6,AZ,5.4
1995,7,AZ,5.4
1995,8,AZ,5.3
1995,9,AZ,5.2
1995,10,AZ,5.2
1995,11,AZ,5.1
1995,12,AZ,5.2
1996,1,AZ,5.2
1996,2,AZ,5.3
1996,3,AZ,5.3
1996,4,AZ,5.4
1996,5,AZ,5.5
1996,6,AZ,5.6
1996,7,AZ,5.6
1996,8,AZ,5.6
1996,9,AZ,5.6
1996,10,AZ,5.6
1996,11,AZ,5.6
1996,12,AZ,5.5
1997,1,AZ,5.3
1997,2,AZ,5.2
1997,3,AZ,5.0
1997,4,AZ,4.8
1997,5,AZ,4.6
1997,6,AZ,4.5
1997,7,AZ,4.4
1997,8,AZ,4.4
1997,9,AZ,4.3
1997,10,AZ,4.3
1997,11,AZ,4.3
1997,12,AZ,4.3
1998,1,AZ,4.3
1998,2,AZ,4.3
1998,3,AZ,4.3
1998,4,AZ,4.2
1998,5,AZ,4.2
1998,6,AZ,4.2
1998,7,AZ,4.2
1998,8,AZ,4.2
1998,9,AZ,4.2
1998,10,AZ,4.3
1998,11,AZ,4.3
1998,12,AZ,4.3
1999,1,AZ,4.4
1999,2,AZ,4.5
1999,3,AZ,4.6
1999,4,AZ,4.6
1999,5,AZ,4.7
1999,6,AZ,4.7
1999,7,AZ,4.6
1999,8,AZ,4.5
1999,9,AZ,4.4
1999,10,AZ,4.3
1999,11,AZ,4.2
1999,12,AZ,4.1
2000,1,AZ,4.1
2000,2,AZ,4.0
2000,3,AZ,4.0
2000,4,AZ,4.0
2000,5,AZ,4.0
2000,6,AZ,4.0
2000,7,AZ,4.0
2000,8,AZ,4.0
2000,9,AZ,3.9
2000,10,AZ,3.9
2000,11,AZ,3.9
2000,12,AZ,4.0
2001,1,AZ,4.0
2001,2,AZ,4.1
2001,3,AZ,4.2
2001,4,AZ,4.2
2001,5,AZ,4.3
2001,6,AZ,4.4
2001,7,AZ,4.6
2001,8,AZ,4.8
2001,9,AZ,5.1
2001,10,AZ,5.4
2001,11,AZ,5.7
2001,12,AZ,5.9
2002,1,AZ,6.0
2002,2,AZ,6.1
2002,3,AZ,6.2
2002,4,AZ,6.2
2002,5,AZ,6.3
2002,6,AZ,6.3
2002,7,AZ,6.2
2002,8,AZ,6.2
2002,9,AZ,6.2
2002,10,AZ,6.1
2002,11,AZ,6.1
2002,12,AZ,6.0
2003,1,AZ,6.0
2003,2,AZ,5.9
2003,3,AZ,5.9
2003,4,AZ,5.9
2003,5,AZ,5.9
2003,6,AZ,5.9
2003,7,AZ,5.9
2003,8,AZ,5.8
2003,9,AZ,5.7
2003,10,AZ,5.6
2003,11,AZ,5.5
2003,12,AZ,5.4
2004,1,AZ,5.4
2004,2,AZ,5.3
2004,3,AZ,5.3
2004,4,AZ,5.2
2004,5,AZ,5.1
2004,6,AZ,5.0
2004,7,AZ,4.9
2004,8,AZ,4.8
2004,9,AZ,4.7
2004,10,AZ,4.6
2004,11,AZ,4.6
2004,12,AZ,4.6
2005,1,AZ,4.6
2005,2,AZ,4.6
2005,3,AZ,4.6
2005,4,AZ,4.7
2005,5,AZ,4.7
2005,6,AZ,4.7
2005,7,AZ,4.7
2005,8,AZ,4.7
2005,9,AZ,4.7
2005,10,AZ,4.6
2005,11,AZ,4.6
2005,12,AZ,4.5
2006,1,AZ,4.4
2006,2,AZ,4.4
2006,3,AZ,4.3
2006,4,AZ,4.3
2006,5,AZ,4.4
2006,6,AZ,4.4
2006,7,AZ,4.3
2006,8,AZ,4.3
2006,9,AZ,4.2
2006,10,AZ,4.1
2006,11,AZ,4.1
2006,12,AZ,4.0
2007,1,AZ,3.9
2007,2,AZ,3.8
2007,3,AZ,3.7
2007,4,AZ,3.6
2007,5,AZ,3.5
2007,6,AZ,3.5
2007,7,AZ,3.4
2007,8,AZ,3.5
2007,9,AZ,3.6
2007,10,AZ,3.8
2007,11,AZ,4.0
2007,12,AZ,4.1
2008,1,AZ,4.2
2008,2,AZ,4.4
2008,3,AZ,4.5
2008,4,AZ,4.8
2008,5,AZ,5.1
2008,6,AZ,5.5
2008,7,AZ,5.9
2008,8,AZ,6.2
2008,9,AZ,6.6
2008,10,AZ,6.9
2008,11,AZ,7.3
2008,12,AZ,7.8
2009,1,AZ,8.2
2009,2,AZ,8.6
2009,3,AZ,9.0
2009,4,AZ,9.4
2009,5,AZ,9.6
2009,6,AZ,9.8
2009,7,AZ,10.0
2009,8,AZ,10.2
2009,9,AZ,10.3
2009,10,AZ,10.4
2009,11,AZ,10.5
2009,12,AZ,10.6
2010,1,AZ,10.6
2010,2,AZ,10.7
2010,3,AZ,10.6
2010,4,AZ,10.6
2010,5,AZ,10.5
2010,6,AZ,10.4
2010,7,AZ,10.3
2010,8,AZ,10.2
2010,9,AZ,10.2
2010,10,AZ,10.1
2010,11,AZ,10.1
2010,12,AZ,10.0
2011,1,AZ,9.9
2011,2,AZ,9.8
2011,3,AZ,9.7
2011,4,AZ,9.7
2011,5,AZ,9.6
2011,6,AZ,9.6
2011,7,AZ,9.6
2011,8,AZ,9.5
2011,9,AZ,9.4
2011,10,AZ,9.2
2011,11,AZ,9.1
2011,12,AZ,8.9
2012,1,AZ,8.8
2012,2,AZ,8.7
2012,3,AZ,8.6
2012,4,AZ,8.5
2012,5,AZ,8.5
2012,6,AZ,8.4
2012,7,AZ,8.4
2012,8,AZ,8.3
2012,9,AZ,8.2
2012,10,AZ,8.1
2012,11,AZ,8.1
2012,12,AZ,8.1
2013,1,AZ,8.1
2013,2,AZ,8.1
2013,3,AZ,8.1
2013,4,AZ,8.0
2013,5,AZ,8.0
2013,6,AZ,7.9
2013,7,AZ,7.9
2013,8,AZ,7.8
2013,9,AZ,7.7
2013,10,AZ,7.6
2013,11,AZ,7.5
2013,12,AZ,7.4
2014,1,AZ,7.2
2014,2,AZ,7.1
2014,3,AZ,7.0
2014,4,AZ,7.0
2014,5,AZ,6.9
2014,6,AZ,6.8
2014,7,AZ,6.8
2014,8,AZ,6.7
2014,9,AZ,6.7
2014,10,AZ,6.6
2014,11,AZ,6.5
2014,12,AZ,6.5
2015,1,AZ,6.4
2015,2,AZ,6.3
2015,3,AZ,6.3
2015,4,AZ,6.2
2015,5,AZ,6.2
2015,6,AZ,6.1
2015,7,AZ,6.1
2015,8,AZ,6.1
2015,9,AZ,6.0
2015,10,AZ,5.9
2015,11,AZ,5.9
2015,12,AZ,5.8
2016,1,AZ,5.7
2016,2,AZ,5.7
2016,3,AZ,5.6
2016,4,AZ,5.6
2016,5,AZ,5.6
2016,6,AZ,5.5
2016,7,AZ,5.5
2016,8,AZ,5.4
2016,9,AZ,5.4
2016,10,AZ,5.4
2016,11,AZ,5.3
2016,12,AZ,5.3
2017,1,AZ,5.2
2017,2,AZ,5.2
2017,3,AZ,5.1
2017,4,AZ,5.0
2017,5,AZ,5.0
2017,6,AZ,4.9
2017,7,AZ,4.9
2017,8,AZ,4.8
2017,9,AZ,4.8
2017,10,AZ,4.8
2017,11,AZ,4.9
2017,12,AZ,4.9
2018,1,AZ,4.9
2018,2,AZ,4.8
2018,3,AZ,4.8
2018,4,AZ,4.7
2018,5,AZ,4.7
2018,6,AZ,4.7
2018,7,AZ,4.7
2018,8,AZ,4.7
2018,9,AZ,4.8
2018,10,AZ,4.9
2018,11,AZ,5.0
2018,12,AZ,5.0
2019,1,AZ,5.0
2019,2,AZ,5.0
2019,3,AZ,4.9
2019,4,AZ,4.9
2019,5,AZ,4.8
2019,6,AZ,4.8
2019,7,AZ,4.8
2019,8,AZ,4.8
2019,9,AZ,4.7
2019,10,AZ,4.7
2019,11,AZ,4.7
2019,12,AZ,4.7
2020,1,AZ,4.8
2020,2,AZ,4.8
2020,3,AZ,4.9
2020,4,AZ,13.8
2020,5,AZ,11.2
2020,6,AZ,9.8
2020,7,AZ,9.0
2020,8,AZ,7.9
2020,9,AZ,7.5
2020,10,AZ,7.0
2020,11,AZ,6.7
2020,12,AZ,6.5
2021,1,AZ,6.4
2021,2,AZ,6.2
2021,3,AZ,6.0
2021,4,AZ,5.8
2021,5,AZ,5.6
2021,6,AZ,5.3
2021,7,AZ,4.9
2021,8,AZ,4.6
2021,9,AZ,4.2
2021,10,AZ,4.0
2021,11,AZ,3.8
2021,12,AZ,3.7
2022,1,AZ,3.6
2022,2,AZ,3.6
2022,3,AZ,3.6
2022,4,AZ,3.7
2022,5,AZ,3.7
2022,6,AZ,3.7
2022,7,AZ,3.8
2022,8,AZ,3.8
2022,9,AZ,3.8
2022,10,AZ,3.8
2022,11,AZ,3.8
2022,12,AZ,3.7
2023,1,AZ,3.7
2023,2,AZ,3.6
2023,3,AZ,3.6
2023,4,AZ,3.6
2023,5,AZ,3.6
2023,6,AZ,3.7
2023,7,AZ,3.7
2023,8,AZ,3.7
2023,9,AZ,3.8
2023,10,AZ,3.7
2023,11,AZ,3.7
2023,12,AZ,3.6
2024,1,AZ,3.5
2024,2,AZ,3.4
2024,3,AZ,3.3
2024,4,AZ,3.4
2024,5,AZ,3.4
2024,6,AZ,3.5
2024,7,AZ,3.6
2024,8,AZ,3.7
2024,9,AZ,3.8
2024,10,AZ,3.9
2024,11,AZ,3.9
2024,12,AZ,3.8
2025,1,AZ,3.9
2025,2,AZ,3.9
2025,3,AZ,4.1
2025,4,AZ,4.1
2025,5,AZ,4.1
2025,6,AZ,4.1
2025,7,AZ,4.1
2025,8,AZ,4.1
2025,9,AZ,4.2
2025,10,AZ,
2025,11,AZ,4.3
2025,12,AZ,4.3
1976,1,AR,7.3
1976,2,AR,7.3
1976,3,AR,7.3
1976,4,AR,7.2
1976,5,AR,7.1
1976,6,AR,6.9
1976,7,AR,6.8
1976,8,AR,6.6
1976,9,AR,6.6
1976,10,AR,6.5
1976,11,AR,6.6
1976,12,AR,6.6
1977,1,AR,6.6
1977,2,AR,6.6
1977,3,AR,6.6
1977,4,AR,6.6
1977,5,AR,6.5
1977,6,AR,6.4
1977,7,AR,6.4
1977,8,AR,6.4
1977,9,AR,6.4
1977,10,AR,6.4
1977,11,AR,6.4
1977,12,AR,6.4
1978,1,AR,6.3
1978,2,AR,6.2
1978,3,AR,6.2
1978,4,AR,6.1
1978,5,AR,6.0
1978,6,AR,6.0
1978,7,AR,6.1
1978,8,AR,6.2
1978,9,AR,6.3
1978,10,AR,6.3
1978,11,AR,6.4
1978,12,AR,6.4
1979,1,AR,6.4
1979,2,AR,6.4
1979,3,AR,6.3
1979,4,AR,6.3
1979,5,AR,6.3
1979,6,AR,6.3
1979,7,AR,6.3
1979,8,AR,6.3
1979,9,AR,6.3
1979,10,AR,6.2
1979,11,AR,6.1
1979,12,AR,6.1
1980,1,AR,6.2
1980,2,AR,6.4
1980,3,AR,6.8
1980,4,AR,7.1
1980,5,AR,7.5
1980,6,AR,7.8
1980,7,AR,8.0
1980,8,AR,8.1
1980,9,AR,8.1
1980,10,AR,8.1
1980,11,AR,8.1
1980,12,AR,8.2
1981,1,AR,8.2
1981,2,AR,8.3
1981,3,AR,8.4
1981,4,AR,8.4
1981,5,AR,8.5
1981,6,AR,8.5
1981,7,AR,8.5
1981,8,AR,8.6
1981,9,AR,8.7
1981,10,AR,8.8
1981,11,AR,9.0
1981,12,AR,9.2
1982,1,AR,9.3
1982,2,AR,9.3
1982,3,AR,9.3
1982,4,AR,9.3
1982,5,AR,9.3
1982,6,AR,9.3
1982,7,AR,9.3
1982,8,AR,9.4
1982,9,AR,9.6
1982,10,AR,9.7
1982,11,AR,9.9
1982,12,AR,10.1
1983,1,AR,10.1
1983,2,AR,10.2
1983,3,AR,10.1
1983,4,AR,10.0
1983,5,AR,9.9
1983,6,AR,9.9
1983,7,AR,9.8
1983,8,AR,9.7
1983,9,AR,9.5
1983,10,AR,9.3
1983,11,AR,9.1
1983,12,AR,9.0
1984,1,AR,8.8
1984,2,AR,8.7
1984,3,AR,8.7
1984,4,AR,8.6
1984,5,AR,8.5
1984,6,AR,8.5
1984,7,AR,8.5
1984,8,AR,8.4
1984,9,AR,8.4
1984,10,AR,8.4
1984,11,AR,8.4
1984,12,AR,8.4
1985,1,AR,8.4
1985,2,AR,8.4
1985,3,AR,8.4
1985,4,AR,8.4
1985,5,AR,8.5
1985,6,AR,8.5
1985,7,AR,8.6
1985,8,AR,8.6
1985,9,AR,8.5
1985,10,AR,8.5
1985,11,AR,8.4
1985,12,AR,8.4
1986,1,AR,8.5
1986,2,AR,8.5
1986,3,AR,8.6
1986,4,AR,8.6
1986,5,AR,8.6
1986,6,AR,8.5
1986,7,AR,8.5
1986,8,AR,8.5
1986,9,AR,8.5
1986,10,AR,8.6
1986,11,AR,8.6
1986,12,AR,8.5
1987,1,AR,8.5
1987,2,AR,8.4
1987,3,AR,8.3
1987,4,AR,8.2
1987,5,AR,8.1
1987,6,AR,8.1
1987,7,AR,8.0
1987,8,AR,8.0
1987,9,AR,8.0
1987,10,AR,8.0
1987,11,AR,7.9
1987,12,AR,7.9
1988,1,AR,7.8
1988,2,AR,7.8
1988,3,AR,7.8
1988,4,AR,7.7
1988,5,AR,7.7
1988,6,AR,7.7
1988,7,AR,7.7
1988,8,AR,7.7
1988,9,AR,7.6
1988,10,AR,7.6
1988,11,AR,7.5
1988,12,AR,7.4
1989,1,AR,7.3
1989,2,AR,7.3
1989,3,AR,7.2
1989,4,AR,7.2
1989,5,AR,7.1
1989,6,AR,7.1
1989,7,AR,7.0
1989,8,AR,6.9
1989,9,AR,6.9
1989,10,AR,6.8
1989,11,AR,6.8
1989,12,AR,6.7
1990,1,AR,6.7
1990,2,AR,6.7
1990,3,AR,6.7
1990,4,AR,6.7
1990,5,AR,6.7
1990,6,AR,6.7
1990,7,AR,6.8
1990,8,AR,6.9
1990,9,AR,7.0
1990,10,AR,7.1
1990,11,AR,7.2
1990,12,AR,7.3
1991,1,AR,7.4
1991,2,AR,7.4
1991,3,AR,7.5
1991,4,AR,7.5
1991,5,AR,7.4
1991,6,AR,7.3
1991,7,AR,7.2
1991,8,AR,7.2
1991,9,AR,7.1
1991,10,AR,7.2
1991,11,AR,7.2
1991,12,AR,7.3
1992,1,AR,7.3
1992,2,AR,7.3
1992,3,AR,7.2
1992,4,AR,7.2
1992,5,AR,7.1
1992,6,AR,7.1
1992,7,AR,7.0
1992,8,AR,7.0
1992,9,AR,6.9
1992,10,AR,6.7
1992,11,AR,6.6
1992,12,AR,6.5
1993,1,AR,6.4
1993,2,AR,6.3
1993,3,AR,6.3
1993,4,AR,6.2
1993,5,AR,6.2
1993,6,AR,6.2
1993,7,AR,6.1
1993,8,AR,6.1
1993,9,AR,6.0
1993,10,AR,5.9
1993,11,AR,5.9
1993,12,AR,5.9
1994,1,AR,5.8
1994,2,AR,5.8
1994,3,AR,5.7
1994,4,AR,5.7
1994,5,AR,5.6
1994,6,AR,5.5
1994,7,AR,5.4
1994,8,AR,5.4
1994,9,AR,5.3
1994,10,AR,5.2
1994,11,AR,5.1
1994,12,AR,5.0
1995,1,AR,4.9
1995,2,AR,4.8
1995,3,AR,4.8
1995,4,AR,4.8
1995,5,AR,4.8
1995,6,AR,4.8
1995,7,AR,4.8
1995,8,AR,4.9
1995,9,AR,4.9
1995,10,AR,4.9
1995,11,AR,5.0
1995,12,AR,5.0
1996,1,AR,5.0
1996,2,AR,5.1
1996,3,AR,5.1
1996,4,AR,5.2
1996,5,AR,5.2
1996,6,AR,5.2
1996,7,AR,5.2
1996,8,AR,5.2
1996,9,AR,5.2
1996,10,AR,5.2
1996,11,AR,5.2
1996,12,AR,5.2
1997,1,AR,5.2
1997,2,AR,5.2
1997,3,AR,5.1
1997,4,AR,5.1
1997,5,AR,5.1
1997,6,AR,5.1
1997,7,AR,5.1
1997,8,AR,5.1
1997,9,AR,5.1
1997,10,AR,5.1
1997,11,AR,5.0
1997,12,AR,5.1
1998,1,AR,5.1
1998,2,AR,5.1
1998,3,AR,5.1
1998,4,AR,5.1
1998,5,AR,5.1
1998,6,AR,5.0
1998,7,AR,5.0
1998,8,AR,5.1
1998,9,AR,5.1
1998,10,AR,5.0
1998,11,AR,5.0
1998,12,AR,4.8
1999,1,AR,4.7
1999,2,AR,4.6
1999,3,AR,4.6
1999,4,AR,4.5
1999,5,AR,4.5
1999,6,AR,4.6
1999,7,AR,4.6
1999,8,AR,4.5
1999,9,AR,4.5
1999,10,AR,4.4
1999,11,AR,4.4
1999,12,AR,4.3
2000,1,AR,4.3
2000,2,AR,4.3
2000,3,AR,4.2
2000,4,AR,4.2
2000,5,AR,4.1
2000,6,AR,4.1
2000,7,AR,4.1
2000,8,AR,4.1
2000,9,AR,4.1
2000,10,AR,4.1
2000,11,AR,4.2
2000,12,AR,4.2
2001,1,AR,4.3
2001,2,AR,4.4
2001,3,AR,4.5
2001,4,AR,4.5
2001,5,AR,4.6
2001,6,AR,4.6
2001,7,AR,4.7
2001,8,AR,4.8
2001,9,AR,4.9
2001,10,AR,5.1
2001,11,AR,5.2
2001,12,AR,5.3
2002,1,AR,5.4
2002,2,AR,5.5
2002,3,AR,5.5
2002,4,AR,5.4
2002,5,AR,5.4
2002,6,AR,5.3
2002,7,AR,5.2
2002,8,AR,5.2
2002,9,AR,5.2
2002,10,AR,5.2
2002,11,AR,5.3
2002,12,AR,5.4
2003,1,AR,5.4
2003,2,AR,5.5
2003,3,AR,5.6
2003,4,AR,5.7
2003,5,AR,5.8
2003,6,AR,5.9
2003,7,AR,6.0
2003,8,AR,6.0
2003,9,AR,5.9
2003,10,AR,5.8
2003,11,AR,5.8
2003,12,AR,5.7
2004,1,AR,5.7
2004,2,AR,5.7
2004,3,AR,5.7
2004,4,AR,5.7
2004,5,AR,5.7
2004,6,AR,5.6
2004,7,AR,5.5
2004,8,AR,5.5
2004,9,AR,5.5
2004,10,AR,5.4
2004,11,AR,5.4
2004,12,AR,5.4
2005,1,AR,5.4
2005,2,AR,5.3
2005,3,AR,5.3
2005,4,AR,5.2
2005,5,AR,5.2
2005,6,AR,5.2
2005,7,AR,5.2
2005,8,AR,5.3
2005,9,AR,5.3
2005,10,AR,5.3
2005,11,AR,5.3
2005,12,AR,5.2
2006,1,AR,5.1
2006,2,AR,5.1
2006,3,AR,5.1
2006,4,AR,5.2
2006,5,AR,5.2
2006,6,AR,5.3
2006,7,AR,5.3
2006,8,AR,5.3
2006,9,AR,5.3
2006,10,AR,5.3
2006,11,AR,5.3
2006,12,AR,5.3
2007,1,AR,5.3
2007,2,AR,5.3
2007,3,AR,5.3
2007,4,AR,5.4
2007,5,AR,5.4
2007,6,AR,5.5
2007,7,AR,5.5
2007,8,AR,5.5
2007,9,AR,5.5
2007,10,AR,5.4
2007,11,AR,5.3
2007,12,AR,5.2
2008,1,AR,5.1
2008,2,AR,5.0
2008,3,AR,4.9
2008,4,AR,4.9
2008,5,AR,5.0
2008,6,AR,5.1
2008,7,AR,5.3
2008,8,AR,5.4
2008,9,AR,5.6
2008,10,AR,5.9
2008,11,AR,6.2
2008,12,AR,6.6
2009,1,AR,7.0
2009,2,AR,7.3
2009,3,AR,7.6
2009,4,AR,7.8
2009,5,AR,7.9
2009,6,AR,7.9
2009,7,AR,7.9
2009,8,AR,7.8
2009,9,AR,7.8
2009,10,AR,7.8
2009,11,AR,7.8
2009,12,AR,7.9
2010,1,AR,7.9
2010,2,AR,7.9
2010,3,AR,7.9
2010,4,AR,7.8
2010,5,AR,7.7
2010,6,AR,7.7
2010,7,AR,7.7
2010,8,AR,7.7
2010,9,AR,7.8
2010,10,AR,7.9
2010,11,AR,8.0
2010,12,AR,8.0
2011,1,AR,8.0
2011,2,AR,8.0
2011,3,AR,8.0
2011,4,AR,7.9
2011,5,AR,8.0
2011,6,AR,8.0
2011,7,AR,8.0
2011,8,AR,7.9
2011,9,AR,7.9
2011,10,AR,7.8
2011,11,AR,7.6
2011,12,AR,7.5
2012,1,AR,7.4
2012,2,AR,7.3
2012,3,AR,7.3
2012,4,AR,7.3
2012,5,AR,7.3
2012,6,AR,7.3
2012,7,AR,7.2
2012,8,AR,7.2
2012,9,AR,7.2
2012,10,AR,7.2
2012,11,AR,7.2
2012,12,AR,7.2
2013,1,AR,7.2
2013,2,AR,7.2
2013,3,AR,7.2
2013,4,AR,7.2
2013,5,AR,7.2
2013,6,AR,7.1
2013,7,AR,7.1
2013,8,AR,7.1
2013,9,AR,7.0
2013,10,AR,6.9
2013,11,AR,6.7
2013,12,AR,6.6
2014,1,AR,6.4
2014,2,AR,6.3
2014,3,AR,6.1
2014,4,AR,6.0
2014,5,AR,6.0
2014,6,AR,5.9
2014,7,AR,5.8
2014,8,AR,5.7
2014,9,AR,5.7
2014,10,AR,5.6
2014,11,AR,5.5
2014,12,AR,5.5
2015,1,AR,5.5
2015,2,AR,5.4
2015,3,AR,5.4
2015,4,AR,5.3
2015,5,AR,5.2
2015,6,AR,5.1
2015,7,AR,4.9
2015,8,AR,4.8
2015,9,AR,4.6
2015,10,AR,4.5
2015,11,AR,4.4
2015,12,AR,4.3
2016,1,AR,4.2
2016,2,AR,4.1
2016,3,AR,4.0
2016,4,AR,4.0
2016,5,AR,4.0
2016,6,AR,4.0
2016,7,AR,4.0
2016,8,AR,3.9
2016,9,AR,3.9
2016,10,AR,3.9
2016,11,AR,3.9
2016,12,AR,3.8
2017,1,AR,3.8
2017,2,AR,3.7
2017,3,AR,3.7
2017,4,AR,3.7
2017,5,AR,3.7
2017,6,AR,3.7
2017,7,AR,3.7
2017,8,AR,3.7
2017,9,AR,3.8
2017,10,AR,3.8
2017,11,AR,3.8
2017,12,AR,3.8
2018,1,AR,3.8
2018,2,AR,3.8
2018,3,AR,3.7
2018,4,AR,3.7
2018,5,AR,3.6
2018,6,AR,3.6
2018,7,AR,3.5
2018,8,AR,3.5
2018,9,AR,3.6
2018,10,AR,3.6
2018,11,AR,3.7
2018,12,AR,3.7
2019,1,AR,3.7
2019,2,AR,3.6
2019,3,AR,3.5
2019,4,AR,3.4
2019,5,AR,3.4
2019,6,AR,3.4
2019,7,AR,3.4
2019,8,AR,3.5
2019,9,AR,3.5
2019,10,AR,3.5
2019,11,AR,3.5
2019,12,AR,3.5
2020,1,AR,3.5
2020,2,AR,3.6
2020,3,AR,4.8
2020,4,AR,10.1
2020,5,AR,8.9
2020,6,AR,7.9
2020,7,AR,7.3
2020,8,AR,6.4
2020,9,AR,5.9
2020,10,AR,5.4
2020,11,AR,5.1
2020,12,AR,5.0
2021,1,AR,4.9
2021,2,AR,4.8
2021,3,AR,4.7
2021,4,AR,4.6
2021,5,AR,4.4
2021,6,AR,4.2
2021,7,AR,3.9
2021,8,AR,3.7
2021,9,AR,3.5
2021,10,AR,3.3
2021,11,AR,3.2
2021,12,AR,3.2
2022,1,AR,3.2
2022,2,AR,3.2
2022,3,AR,3.2
2022,4,AR,3.2
2022,5,AR,3.2
2022,6,AR,3.2
2022,7,AR,3.2
2022,8,AR,3.2
2022,9,AR,3.2
2022,10,AR,3.2
2022,11,AR,3.1
2022,12,AR,3.0
2023,1,AR,2.9
2023,2,AR,2.9
2023,3,AR,2.9
2023,4,AR,2.9
2023,5,AR,2.9
2023,6,AR,3.0
2023,7,AR,3.1
2023,8,AR,3.3
2023,9,AR,3.4
2023,10,AR,3.4
2023,11,AR,3.5
2023,12,AR,3.5
2024,1,AR,3.4
2024,2,AR,3.4
2024,3,AR,3.4
2024,4,AR,3.4
2024,5,AR,3.4
2024,6,AR,3.4
2024,7,AR,3.4
2024,8,AR,3.5
2024,9,AR,3.5
2024,10,AR,3.6
2024,11,AR,3.6
2024,12,AR,3.6
2025,1,AR,3.6
2025,2,AR,3.6
2025,3,AR,3.7
2025,4,AR,3.7
2025,5,AR,3.7
2025,6,AR,3.7
2025,7,AR,3.7
2025,8,AR,3.8
2025,9,AR,3.9
2025,10,AR,
2025,11,AR,4.1
2025,12,AR,4.2
1976,1,CA,9.2
1976,2,CA,9.2
1976,3,CA,9.1
1976,4,CA,9.0
1976,5,CA,8.9
1976,6,CA,8.9
1976,7,CA,9.0
1976,8,CA,9.1
1976,9,CA,9.3
1976,10,CA,9.4
1976,11,CA,9.4
1976,12,CA,9.4
1977,1,CA,9.3
1977,2,CA,9.1
1977,3,CA,8.9
1977,4,CA,8.7
1977,5,CA,8.6
1977,6,CA,8.4
1977,7,CA,8.3
1977,8,CA,8.1
1977,9,CA,8.0
1977,10,CA,7.9
1977,11,CA,7.7
1977,12,CA,7.6
1978,1,CA,7.6
1978,2,CA,7.5
1978,3,CA,7.5
1978,4,CA,7.4
1978,5,CA,7.4
1978,6,CA,7.3
1978,7,CA,7.1
1978,8,CA,7.0
1978,9,CA,6.9
1978,10,CA,6.8
1978,11,CA,6.7
1978,12,CA,6.6
1979,1,CA,6.5
1979,2,CA,6.4
1979,3,CA,6.3
1979,4,CA,6.2
1979,5,CA,6.2
1979,6,CA,6.1
1979,7,CA,6.1
1979,8,CA,6.2
1979,9,CA,6.2
1979,10,CA,6.2
1979,11,CA,6.1
1979,12,CA,6.1
1980,1,CA,6.1
1980,2,CA,6.2
1980,3,CA,6.5
1980,4,CA,6.7
1980,5,CA,7.0
1980,6,CA,7.2
1980,7,CA,7.3
1980,8,CA,7.3
1980,9,CA,7.2
1980,10,CA,7.2
1980,11,CA,7.1
1980,12,CA,7.1
1981,1,CA,7.1
1981,2,CA,7.1
1981,3,CA,7.1
1981,4,CA,7.1
1981,5,CA,7.0
1981,6,CA,7.0
1981,7,CA,7.1
1981,8,CA,7.3
1981,9,CA,7.6
1981,10,CA,7.9
1981,11,CA,8.2
1981,12,CA,8.5
1982,1,CA,8.8
1982,2,CA,9.1
1982,3,CA,9.3
1982,4,CA,9.6
1982,5,CA,9.8
1982,6,CA,10.0
1982,7,CA,10.2
1982,8,CA,10.4
1982,9,CA,10.6
1982,10,CA,10.9
1982,11,CA,11.0
1982,12,CA,11.1
1983,1,CA,11.1
1983,2,CA,11.0
1983,3,CA,10.8
1983,4,CA,10.6
1983,5,CA,10.3
1983,6,CA,10.0
1983,7,CA,9.7
1983,8,CA,9.4
1983,9,CA,9.2
1983,10,CA,8.9
1983,11,CA,8.6
1983,12,CA,8.4
1984,1,CA,8.3
1984,2,CA,8.1
1984,3,CA,8.0
1984,4,CA,7.9
1984,5,CA,7.8
1984,6,CA,7.7
1984,7,CA,7.7
1984,8,CA,7.6
1984,9,CA,7.6
1984,10,CA,7.5
1984,11,CA,7.5
1984,12,CA,7.4
1985,1,CA,7.3
1985,2,CA,7.3
1985,3,CA,7.3
1985,4,CA,7.3
1985,5,CA,7.3
1985,6,CA,7.3
1985,7,CA,7.3
1985,8,CA,7.2
1985,9,CA,7.1
1985,10,CA,7.0
1985,11,CA,6.9
1985,12,CA,6.9
1986,1,CA,6.8
1986,2,CA,6.9
1986,3,CA,6.9
1986,4,CA,6.9
1986,5,CA,6.9
1986,6,CA,6.9
1986,7,CA,6.8
1986,8,CA,6.7
1986,9,CA,6.7
1986,10,CA,6.6
1986,11,CA,6.6
1986,12,CA,6.5
1987,1,CA,6.5
1987,2,CA,6.3
1987,3,CA,6.2
1987,4,CA,6.0
1987,5,CA,5.9
1987,6,CA,5.8
1987,7,CA,5.7
1987,8,CA,5.6
1987,9,CA,5.6
1987,10,CA,5.5
1987,11,CA,5.5
1987,12,CA,5.4
1988,1,CA,5.4
1988,2,CA,5.3
1988,3,CA,5.3
1988,4,CA,5.3
1988,5,CA,5.3
1988,6,CA,5.3
1988,7,CA,5.3
1988,8,CA,5.3
1988,9,CA,5.3
1988,10,CA,5.2
1988,11,CA,5.2
1988,12,CA,5.1
1989,1,CA,5.0
1989,2,CA,5.0
1989,3,CA,5.0
1989,4,CA,5.0
1989,5,CA,5.1
1989,6,CA,5.1
1989,7,CA,5.1
1989,8,CA,5.2
1989,9,CA,5.2
1989,10,CA,5.2
1989,11,CA,5.2
1989,12,CA,5.2
1990,1,CA,5.2
1990,2,CA,5.2
1990,3,CA,5.2
1990,4,CA,5.3
1990,5,CA,5.4
1990,6,CA,5.5
1990,7,CA,5.7
1990,8,CA,5.9
1990,9,CA,6.1
1990,10,CA,6.4
1990,11,CA,6.6
1990,12,CA,6.9
1991,1,CA,7.2
1991,2,CA,7.4
1991,3,CA,7.6
1991,4,CA,7.7
1991,5,CA,7.8
1991,6,CA,7.8
1991,7,CA,7.8
1991,8,CA,7.9
1991,9,CA,7.9
1991,10,CA,8.1
1991,11,CA,8.2
1991,12,CA,8.4
1992,1,CA,8.6
1992,2,CA,8.8
1992,3,CA,8.9
1992,4,CA,9.1
1992,5,CA,9.2
1992,6,CA,9.4
1992,7,CA,9.5
1992,8,CA,9.7
1992,9,CA,9.8
1992,10,CA,9.8
1992,11,CA,9.8
1992,12,CA,9.8
1993,1,CA,9.8
1993,2,CA,9.8
1993,3,CA,9.7
1993,4,CA,9.7
1993,5,CA,9.6
1993,6,CA,9.6
1993,7,CA,9.5
1993,8,CA,9.5
1993,9,CA,9.4
1993,10,CA,9.4
1993,11,CA,9.3
1993,12,CA,9.3
1994,1,CA,9.3
1994,2,CA,9.2
1994,3,CA,9.1
1994,4,CA,9.0
1994,5,CA,8.9
1994,6,CA,8.8
1994,7,CA,8.6
1994,8,CA,8.5
1994,9,CA,8.4
1994,10,CA,8.2
1994,11,CA,8.0
1994,12,CA,7.9
1995,1,CA,7.8
1995,2,CA,7.8
1995,3,CA,7.8
1995,4,CA,7.9
1995,5,CA,8.0
1995,6,CA,8.0
1995,7,CA,8.0
1995,8,CA,8.0
1995,9,CA,7.9
1995,10,CA,7.9
1995,11,CA,7.9
1995,12,CA,7.8
1996,1,CA,7.8
1996,2,CA,7.8
1996,3,CA,7.7
1996,4,CA,7.6
1996,5,CA,7.5
1996,6,CA,7.3
1996,7,CA,7.2
1996,8,CA,7.1
1996,9,CA,7.1
1996,10,CA,7.0
1996,11,CA,7.0
1996,12,CA,7.0
1997,1,CA,6.9
1997,2,CA,6.8
1997,3,CA,6.7
1997,4,CA,6.6
1997,5,CA,6.5
1997,6,CA,6.4
1997,7,CA,6.3
1997,8,CA,6.2
1997,9,CA,6.2
1997,10,CA,6.1
1997,11,CA,6.1
1997,12,CA,6.0
1998,1,CA,6.0
1998,2,CA,6.0
1998,3,CA,6.0
1998,4,CA,6.0
1998,5,CA,6.0
1998,6,CA,6.0
1998,7,CA,6.0
1998,8,CA,6.0
1998,9,CA,6.0
1998,10,CA,5.9
1998,11,CA,5.9
1998,12,CA,5.8
1999,1,CA,5.7
1999,2,CA,5.6
1999,3,CA,5.5
1999,4,CA,5.4
1999,5,CA,5.3
1999,6,CA,5.3
1999,7,CA,5.2
1999,8,CA,5.2
1999,9,CA,5.1
1999,10,CA,5.1
1999,11,CA,5.0
1999,12,CA,5.0
2000,1,CA,5.0
2000,2,CA,5.0
2000,3,CA,5.0
2000,4,CA,5.0
2000,5,CA,5.1
2000,6,CA,5.0
2000,7,CA,5.0
2000,8,CA,4.9
2000,9,CA,4.9
2000,10,CA,4.8
2000,11,CA,4.7
2000,12,CA,4.7
2001,1,CA,4.7
2001,2,CA,4.8
2001,3,CA,4.9
2001,4,CA,5.0
2001,5,CA,5.1
2001,6,CA,5.2
2001,7,CA,5.4
2001,8,CA,5.6
2001,9,CA,5.9
2001,10,CA,6.1
2001,11,CA,6.3
2001,12,CA,6.5
2002,1,CA,6.6
2002,2,CA,6.7
2002,3,CA,6.7
2002,4,CA,6.7
2002,5,CA,6.7
2002,6,CA,6.7
2002,7,CA,6.7
2002,8,CA,6.7
2002,9,CA,6.8
2002,10,CA,6.8
2002,11,CA,6.8
2002,12,CA,6.9
2003,1,CA,6.9
2003,2,CA,6.9
2003,3,CA,7.0
2003,4,CA,7.0
2003,5,CA,7.0
2003,6,CA,7.0
2003,7,CA,7.0
2003,8,CA,7.0
2003,9,CA,6.9
2003,10,CA,6.8
2003,11,CA,6.7
2003,12,CA,6.6
2004,1,CA,6.6
2004,2,CA,6.5
2004,3,CA,6.5
2004,4,CA,6.5
2004,5,CA,6.4
2004,6,CA,6.3
2004,7,CA,6.2
2004,8,CA,6.1
2004,9,CA,6.0
2004,10,CA,5.9
2004,11,CA,5.9
2004,12,CA,5.8
2005,1,CA,5.8
2005,2,CA,5.7
2005,3,CA,5.6
2005,4,CA,5.5
2005,5,CA,5.4
2005,6,CA,5.3
2005,7,CA,5.3
2005,8,CA,5.3
2005,9,CA,5.3
2005,10,CA,5.2
2005,11,CA,5.2
2005,12,CA,5.1
2006,1,CA,5.0
2006,2,CA,5.0
2006,3,CA,4.9
2006,4,CA,4.9
2006,5,CA,4.9
2006,6,CA,4.9
2006,7,CA,4.9
2006,8,CA,4.9
2006,9,CA,4.8
2006,10,CA,4.8
2006,11,CA,4.8
2006,12,CA,4.9
2007,1,CA,4.9
2007,2,CA,5.0
2007,3,CA,5.0
2007,4,CA,5.1
2007,5,CA,5.1
2007,6,CA,5.2
2007,7,CA,5.3
2007,8,CA,5.4
2007,9,CA,5.6
2007,10,CA,5.7
2007,11,CA,5.7
2007,12,CA,5.8
2008,1,CA,5.9
2008,2,CA,6.0
2008,3,CA,6.2
2008,4,CA,6.4
2008,5,CA,6.7
2008,6,CA,7.0
2008,7,CA,7.3
2008,8,CA,7.6
2008,9,CA,7.9
2008,10,CA,8.3
2008,11,CA,8.8
2008,12,CA,9.3
2009,1,CA,9.9
2009,2,CA,10.4
2009,3,CA,10.8
2009,4,CA,11.1
2009,5,CA,11.4
2009,6,CA,11.6
2009,7,CA,11.7
2009,8,CA,11.9
2009,9,CA,12.0
2009,10,CA,12.1
2009,11,CA,12.2
2009,12,CA,12.3
2010,1,CA,12.4
2010,2,CA,12.4
2010,3,CA,12.4
2010,4,CA,12.4
2010,5,CA,12.3
2010,6,CA,12.3
2010,7,CA,12.2
2010,8,CA,12.3
2010,9,CA,12.3
2010,10,CA,12.3
2010,11,CA,12.3
2010,12,CA,12.2
2011,1,CA,12.1
2011,2,CA,12.0
2011,3,CA,11.9
2011,4,CA,11.9
2011,5,CA,11.9
2011,6,CA,11.9
2011,7,CA,11.8
2011,8,CA,11.8
2011,9,CA,11.6
2011,10,CA,11.5
2011,11,CA,11.3
2011,12,CA,11.1
2012,1,CA,11.0
2012,2,CA,10.9
2012,3,CA,10.8
2012,4,CA,10.7
2012,5,CA,10.7
2012,6,CA,10.5
2012,7,CA,10.4
2012,8,CA,10.2
2012,9,CA,10.1
2012,10,CA,9.9
2012,11,CA,9.8
2012,12,CA,9.7
2013,1,CA,9.6
2013,2,CA,9.5
2013,3,CA,9.4
2013,4,CA,9.3
2013,5,CA,9.2
2013,6,CA,9.1
2013,7,CA,9.0
2013,8,CA,8.9
2013,9,CA,8.8
2013,10,CA,8.6
2013,11,CA,8.5
2013,12,CA,8.4
2014,1,CA,8.2
2014,2,CA,8.1
2014,3,CA,8.0
2014,4,CA,7.8
2014,5,CA,7.7
2014,6,CA,7.6
2014,7,CA,7.5
2014,8,CA,7.4
2014,9,CA,7.3
2014,10,CA,7.2
2014,11,CA,7.1
2014,12,CA,6.9
2015,1,CA,6.8
2015,2,CA,6.7
2015,3,CA,6.6
2015,4,CA,6.5
2015,5,CA,6.4
2015,6,CA,6.3
2015,7,CA,6.1
2015,8,CA,6.0
2015,9,CA,5.9
2015,10,CA,5.8
2015,11,CA,5.8
2015,12,CA,5.7
2016,1,CA,5.7
2016,2,CA,5.6
2016,3,CA,5.6
2016,4,CA,5.5
2016,5,CA,5.5
2016,6,CA,5.5
2016,7,CA,5.5
2016,8,CA,5.5
2016,9,CA,5.5
2016,10,CA,5.5
2016,11,CA,5.4
2016,12,CA,5.4
2017,1,CA,5.3
2017,2,CA,5.1
2017,3,CA,5.0
2017,4,CA,5.0
2017,5,CA,4.9
2017,6,CA,4.8
2017,7,CA,4.8
2017,8,CA,4.8
2017,9,CA,4.7
2017,10,CA,4.6
2017,11,CA,4.5
2017,12,CA,4.5
2018,1,CA,4.4
2018,2,CA,4.3
2018,3,CA,4.3
2018,4,CA,4.2
2018,5,CA,4.2
2018,6,CA,4.2
2018,7,CA,4.2
2018,8,CA,4.2
2018,9,CA,4.2
2018,10,CA,4.3
2018,11,CA,4.3
2018,12,CA,4.3
2019,1,CA,4.3
2019,2,CA,4.3
2019,3,CA,4.2
2019,4,CA,4.1
2019,5,CA,4.0
2019,6,CA,4.0
2019,7,CA,4.0
2019,8,CA,4.0
2019,9,CA,4.0
2019,10,CA,4.0
2019,11,CA,4.1
2019,12,CA,4.1
2020,1,CA,4.3
2020,2,CA,4.4
2020,3,CA,5.5
2020,4,CA,16.1
2020,5,CA,15.8
2020,6,CA,13.8
2020,7,CA,13.1
2020,8,CA,11.8
2020,9,CA,9.9
2020,10,CA,9.3
2020,11,CA,9.0
2020,12,CA,9.0
2021,1,CA,8.7
2021,2,CA,8.6
2021,3,CA,8.5
2021,4,CA,8.4
2021,5,CA,8.0
2021,6,CA,7.9
2021,7,CA,7.4
2021,8,CA,7.0
2021,9,CA,6.5
2021,10,CA,6.1
2021,11,CA,5.7
2021,12,CA,5.4
2022,1,CA,5.2
2022,2,CA,4.8
2022,3,CA,4.5
2022,4,CA,4.3
2022,5,CA,4.1
2022,6,CA,4.0
2022,7,CA,3.9
2022,8,CA,3.8
2022,9,CA,4.0
2022,10,CA,4.2
2022,11,CA,4.3
2022,12,CA,4.4
2023,1,CA,4.4
2023,2,CA,4.5
2023,3,CA,4.5
2023,4,CA,4.5
2023,5,CA,4.6
2023,6,CA,4.6
2023,7,CA,4.7
2023,8,CA,4.8
2023,9,CA,4.9
2023,10,CA,5.0
2023,11,CA,5.1
2023,12,CA,5.1
2024,1,CA,5.1
2024,2,CA,5.1
2024,3,CA,5.1
2024,4,CA,5.2
2024,5,CA,5.2
2024,6,CA,5.3
2024,7,CA,5.4
2024,8,CA,5.4
2024,9,CA,5.5
2024,10,CA,5.5
2024,11,CA,5.5
2024,12,CA,5.5
2025,1,CA,5.4
2025,2,CA,5.4
2025,3,CA,5.3
2025,4,CA,5.3
2025,5,CA,5.3
2025,6,CA,5.4
2025,7,CA,5.5
2025,8,CA,5.5
2025,9,CA,5.6
2025,10,CA,
2025,11,CA,5.6
2025,12,CA,5.5
1976,1,CO,5.8
1976,2,CO,5.8
1976,3,CO,5.7
1976,4,CO,5.6
1976,5,CO,5.6
1976,6,CO,5.6
1976,7,CO,5.7
1976,8,CO,5.9
1976,9,CO,6.1
1976,10,CO,6.2
1976,11,CO,6.4
1976,12,CO,6.5
1977,1,CO,6.6
1977,2,CO,6.6
1977,3,CO,6.6
1977,4,CO,6.5
1977,5,CO,6.4
1977,6,CO,6.3
1977,7,CO,6.2
1977,8,CO,6.2
1977,9,CO,6.2
1977,10,CO,6.2
1977,11,CO,6.3
1977,12,CO,6.2
1978,1,CO,6.2
1978,2,CO,6.1
1978,3,CO,6.0
1978,4,CO,5.9
1978,5,CO,5.8
1978,6,CO,5.6
1978,7,CO,5.4
1978,8,CO,5.3
1978,9,CO,5.1
1978,10,CO,5.1
1978,11,CO,5.0
1978,12,CO,5.0
1979,1,CO,4.9
1979,2,CO,4.8
1979,3,CO,4.7
1979,4,CO,4.6
1979,5,CO,4.5
1979,6,CO,4.5
1979,7,CO,4.5
1979,8,CO,4.6
1979,9,CO,4.7
1979,10,CO,4.6
1979,11,CO,4.5
1979,12,CO,4.4
1980,1,CO,4.4
1980,2,CO,4.6
1980,3,CO,4.9
1980,4,CO,5.4
1980,5,CO,5.9
1980,6,CO,6.4
1980,7,CO,6.7
1980,8,CO,6.7
1980,9,CO,6.6
1980,10,CO,6.5
1980,11,CO,6.3
1980,12,CO,6.2
1981,1,CO,6.1
1981,2,CO,6.0
1981,3,CO,6.0
1981,4,CO,5.8
1981,5,CO,5.6
1981,6,CO,5.4
1981,7,CO,5.3
1981,8,CO,5.2
1981,9,CO,5.3
1981,10,CO,5.4
1981,11,CO,5.7
1981,12,CO,5.9
1982,1,CO,6.2
1982,2,CO,6.4
1982,3,CO,6.6
1982,4,CO,6.8
1982,5,CO,7.1
1982,6,CO,7.4
1982,7,CO,7.8
1982,8,CO,8.2
1982,9,CO,8.5
1982,10,CO,8.8
1982,11,CO,8.9
1982,12,CO,8.9
1983,1,CO,8.8
1983,2,CO,8.7
1983,3,CO,8.4
1983,4,CO,8.1
1983,5,CO,7.8
1983,6,CO,7.3
1983,7,CO,6.9
1983,8,CO,6.5
1983,9,CO,6.1
1983,10,CO,5.8
1983,11,CO,5.6
1983,12,CO,5.4
1984,1,CO,5.3
1984,2,CO,5.2
1984,3,CO,5.2
1984,4,CO,5.2
1984,5,CO,5.3
1984,6,CO,5.4
1984,7,CO,5.6
1984,8,CO,5.7
1984,9,CO,5.7
1984,10,CO,5.7
1984,11,CO,5.8
1984,12,CO,5.8
1985,1,CO,5.8
1985,2,CO,5.8
1985,3,CO,5.8
1985,4,CO,5.8
1985,5,CO,5.9
1985,6,CO,5.9
1985,7,CO,6.0
1985,8,CO,6.1
1985,9,CO,6.1
1985,10,CO,6.1
1985,11,CO,6.2
1985,12,CO,6.3
1986,1,CO,6.5
1986,2,CO,6.7
1986,3,CO,7.0
1986,4,CO,7.1
1986,5,CO,7.3
1986,6,CO,7.4
1986,7,CO,7.6
1986,8,CO,7.8
1986,9,CO,8.0
1986,10,CO,8.1
1986,11,CO,8.3
1986,12,CO,8.4
1987,1,CO,8.4
1987,2,CO,8.3
1987,3,CO,8.2
1987,4,CO,8.0
1987,5,CO,7.8
1987,6,CO,7.5
1987,7,CO,7.3
1987,8,CO,7.1
1987,9,CO,7.0
1987,10,CO,6.9
1987,11,CO,6.9
1987,12,CO,6.9
1988,1,CO,6.9
1988,2,CO,6.8
1988,3,CO,6.7
1988,4,CO,6.6
1988,5,CO,6.5
1988,6,CO,6.4
1988,7,CO,6.4
1988,8,CO,6.3
1988,9,CO,6.3
1988,10,CO,6.2
1988,11,CO,6.0
1988,12,CO,5.9
1989,1,CO,5.8
1989,2,CO,5.7
1989,3,CO,5.6
1989,4,CO,5.6
1989,5,CO,5.6
1989,6,CO,5.6
1989,7,CO,5.6
1989,8,CO,5.6
1989,9,CO,5.6
1989,10,CO,5.5
1989,11,CO,5.4
1989,12,CO,5.3
1990,1,CO,5.2
1990,2,CO,5.1
1990,3,CO,5.1
1990,4,CO,5.1
1990,5,CO,5.1
1990,6,CO,5.2
1990,7,CO,5.2
1990,8,CO,5.1
1990,9,CO,5.1
1990,10,CO,5.1
1990,11,CO,5.1
1990,12,CO,5.1
1991,1,CO,5.1
1991,2,CO,5.1
1991,3,CO,5.1
1991,4,CO,5.2
1991,5,CO,5.2
1991,6,CO,5.2
1991,7,CO,5.2
1991,8,CO,5.2
1991,9,CO,5.3
1991,10,CO,5.4
1991,11,CO,5.6
1991,12,CO,5.7
1992,1,CO,5.9
1992,2,CO,6.0
1992,3,CO,6.1
1992,4,CO,6.2
1992,5,CO,6.2
1992,6,CO,6.2
1992,7,CO,6.2
1992,8,CO,6.2
1992,9,CO,6.2
1992,10,CO,6.1
1992,11,CO,6.1
1992,12,CO,6.1
1993,1,CO,6.0
1993,2,CO,6.0
1993,3,CO,5.8
1993,4,CO,5.7
1993,5,CO,5.5
1993,6,CO,5.4
1993,7,CO,5.3
1993,8,CO,5.1
1993,9,CO,5.0
1993,10,CO,5.0
1993,11,CO,4.9
1993,12,CO,4.9
1994,1,CO,4.8
1994,2,CO,4.7
1994,3,CO,4.6
1994,4,CO,4.5
1994,5,CO,4.3
1994,6,CO,4.2
1994,7,CO,4.0
1994,8,CO,3.9
1994,9,CO,3.8
1994,10,CO,3.7
1994,11,CO,3.6
1994,12,CO,3.6
1995,1,CO,3.6
1995,2,CO,3.6
1995,3,CO,3.7
1995,4,CO,3.9
1995,5,CO,4.0
1995,6,CO,4.1
1995,7,CO,4.2
1995,8,CO,4.2
1995,9,CO,4.2
1995,10,CO,4.2
1995,11,CO,4.2
1995,12,CO,4.2
1996,1,CO,4.2
1996,2,CO,4.2
1996,3,CO,4.3
1996,4,CO,4.3
1996,5,CO,4.3
1996,6,CO,4.3
1996,7,CO,4.3
1996,8,CO,4.2
1996,9,CO,4.1
1996,10,CO,4.0
1996,11,CO,3.9
1996,12,CO,3.9
1997,1,CO,3.8
1997,2,CO,3.6
1997,3,CO,3.5
1997,4,CO,3.4
1997,5,CO,3.3
1997,6,CO,3.2
1997,7,CO,3.2
1997,8,CO,3.2
1997,9,CO,3.2
1997,10,CO,3.2
1997,11,CO,3.3
1997,12,CO,3.4
1998,1,CO,3.5
1998,2,CO,3.6
1998,3,CO,3.7
1998,4,CO,3.7
1998,5,CO,3.7
1998,6,CO,3.8
1998,7,CO,3.8
1998,8,CO,3.8
1998,9,CO,3.7
1998,10,CO,3.6
1998,11,CO,3.4
1998,12,CO,3.3
1999,1,CO,3.1
1999,2,CO,3.0
1999,3,CO,3.0
1999,4,CO,3.0
1999,5,CO,3.0
1999,6,CO,3.1
1999,7,CO,3.1
1999,8,CO,3.1
1999,9,CO,3.0
1999,10,CO,3.0
1999,11,CO,2.9
1999,12,CO,2.8
2000,1,CO,2.8
2000,2,CO,2.7
2000,3,CO,2.7
2000,4,CO,2.7
2000,5,CO,2.7
2000,6,CO,2.7
2000,7,CO,2.8
2000,8,CO,2.8
2000,9,CO,2.8
2000,10,CO,2.7
2000,11,CO,2.7
2000,12,CO,2.6
2001,1,CO,2.7
2001,2,CO,2.8
2001,3,CO,2.9
2001,4,CO,3.1
2001,5,CO,3.2
2001,6,CO,3.4
2001,7,CO,3.7
2001,8,CO,4.0
2001,9,CO,4.4
2001,10,CO,4.8
2001,11,CO,5.2
2001,12,CO,5.6
2002,1,CO,5.8
2002,2,CO,5.9
2002,3,CO,5.9
2002,4,CO,5.8
2002,5,CO,5.7
2002,6,CO,5.6
2002,7,CO,5.6
2002,8,CO,5.6
2002,9,CO,5.6
2002,10,CO,5.6
2002,11,CO,5.7
2002,12,CO,5.8
2003,1,CO,5.9
2003,2,CO,6.0
2003,3,CO,6.1
2003,4,CO,6.2
2003,5,CO,6.3
2003,6,CO,6.3
2003,7,CO,6.3
2003,8,CO,6.2
2003,9,CO,6.1
2003,10,CO,6.1
2003,11,CO,6.0
2003,12,CO,5.9
2004,1,CO,5.8
2004,2,CO,5.8
2004,3,CO,5.7
2004,4,CO,5.6
2004,5,CO,5.6
2004,6,CO,5.5
2004,7,CO,5.5
2004,8,CO,5.5
2004,9,CO,5.5
2004,10,CO,5.5
2004,11,CO,5.4
2004,12,CO,5.4
2005,1,CO,5.4
2005,2,CO,5.4
2005,3,CO,5.3
2005,4,CO,5.3
2005,5,CO,5.2
2005,6,CO,5.1
2005,7,CO,5.0
2005,8,CO,5.0
2005,9,CO,4.9
2005,10,CO,4.9
2005,11,CO,4.8
2005,12,CO,4.7
2006,1,CO,4.5
2006,2,CO,4.4
2006,3,CO,4.4
2006,4,CO,4.3
2006,5,CO,4.4
2006,6,CO,4.4
2006,7,CO,4.3
2006,8,CO,4.3
2006,9,CO,4.2
2006,10,CO,4.1
2006,11,CO,3.9
2006,12,CO,3.8
2007,1,CO,3.6
2007,2,CO,3.5
2007,3,CO,3.4
2007,4,CO,3.4
2007,5,CO,3.4
2007,6,CO,3.5
2007,7,CO,3.6
2007,8,CO,3.7
2007,9,CO,3.9
2007,10,CO,4.0
2007,11,CO,4.1
2007,12,CO,4.1
2008,1,CO,4.1
2008,2,CO,4.2
2008,3,CO,4.2
2008,4,CO,4.3
2008,5,CO,4.5
2008,6,CO,4.6
2008,7,CO,4.8
2008,8,CO,5.0
2008,9,CO,5.2
2008,10,CO,5.4
2008,11,CO,5.7
2008,12,CO,6.1
2009,1,CO,6.6
2009,2,CO,7.1
2009,3,CO,7.6
2009,4,CO,7.9
2009,5,CO,8.1
2009,6,CO,8.2
2009,7,CO,8.2
2009,8,CO,8.2
2009,9,CO,8.2
2009,10,CO,8.3
2009,11,CO,8.4
2009,12,CO,8.6
2010,1,CO,8.8
2010,2,CO,9.0
2010,3,CO,9.1
2010,4,CO,9.1
2010,5,CO,9.0
2010,6,CO,9.0
2010,7,CO,9.1
2010,8,CO,9.2
2010,9,CO,9.3
2010,10,CO,9.4
2010,11,CO,9.4
2010,12,CO,9.3
2011,1,CO,9.1
2011,2,CO,8.9
2011,3,CO,8.8
2011,4,CO,8.7
2011,5,CO,8.6
2011,6,CO,8.6
2011,7,CO,8.7
2011,8,CO,8.7
2011,9,CO,8.6
2011,10,CO,8.6
2011,11,CO,8.5
2011,12,CO,8.5
2012,1,CO,8.4
2012,2,CO,8.3
2012,3,CO,8.3
2012,4,CO,8.2
2012,5,CO,8.2
2012,6,CO,8.2
2012,7,CO,8.1
2012,8,CO,7.9
2012,9,CO,7.8
2012,10,CO,7.6
2012,11,CO,7.5
2012,12,CO,7.4
2013,1,CO,7.3
2013,2,CO,7.1
2013,3,CO,7.0
2013,4,CO,6.9
2013,5,CO,6.9
2013,6,CO,6.8
2013,7,CO,6.8
2013,8,CO,6.7
2013,9,CO,6.5
2013,10,CO,6.4
2013,11,CO,6.2
2013,12,CO,6.1
2014,1,CO,5.9
2014,2,CO,5.8
2014,3,CO,5.6
2014,4,CO,5.4
2014,5,CO,5.2
2014,6,CO,5.0
2014,7,CO,4.8
2014,8,CO,4.6
2014,9,CO,4.4
2014,10,CO,4.3
2014,11,CO,4.2
2014,12,CO,4.2
2015,1,CO,4.1
2015,2,CO,4.1
2015,3,CO,4.0
2015,4,CO,4.0
2015,5,CO,3.9
2015,6,CO,3.8
2015,7,CO,3.6
2015,8,CO,3.5
2015,9,CO,3.4
2015,10,CO,3.4
2015,11,CO,3.3
2015,12,CO,3.3
2016,1,CO,3.3
2016,2,CO,3.3
2016,3,CO,3.3
2016,4,CO,3.3
2016,5,CO,3.3
2016,6,CO,3.2
2016,7,CO,3.2
2016,8,CO,3.1
2016,9,CO,3.0
2016,10,CO,2.9
2016,11,CO,2.8
2016,12,CO,2.7
2017,1,CO,2.6
2017,2,CO,2.5
2017,3,CO,2.4
2017,4,CO,2.4
2017,5,CO,2.4
2017,6,CO,2.5
2017,7,CO,2.6
2017,8,CO,2.7
2017,9,CO,2.8
2017,10,CO,2.8
2017,11,CO,2.8
2017,12,CO,2.9
2018,1,CO,2.9
2018,2,CO,2.9
2018,3,CO,2.9
2018,4,CO,3.0
2018,5,CO,3.0
2018,6,CO,3.1
2018,7,CO,3.1
2018,8,CO,3.1
2018,9,CO,3.1
2018,10,CO,3.1
2018,11,CO,3.1
2018,12,CO,3.0
2019,1,CO,3.0
2019,2,CO,2.9
2019,3,CO,2.8
2019,4,CO,2.6
2019,5,CO,2.6
2019,6,CO,2.5
2019,7,CO,2.5
2019,8,CO,2.5
2019,9,CO,2.5
2019,10,CO,2.6
2019,11,CO,2.7
2019,12,CO,2.8
2020,1,CO,3.0
2020,2,CO,3.2
2020,3,CO,3.4
2020,4,CO,11.2
2020,5,CO,11.7
2020,6,CO,11.2
2020,7,CO,6.5
2020,8,CO,6.2
2020,9,CO,6.3
2020,10,CO,6.2
2020,11,CO,6.2
2020,12,CO,6.4
2021,1,CO,6.3
2021,2,CO,6.3
2021,3,CO,6.2
2021,4,CO,6.2
2021,5,CO,6.0
2021,6,CO,5.9
2021,7,CO,5.7
2021,8,CO,5.4
2021,9,CO,4.9
2021,10,CO,4.6
2021,11,CO,4.4
2021,12,CO,4.2
2022,1,CO,4.0
2022,2,CO,3.7
2022,3,CO,3.3
2022,4,CO,3.2
2022,5,CO,3.0
2022,6,CO,2.9
2022,7,CO,2.8
2022,8,CO,2.6
2022,9,CO,2.8
2022,10,CO,2.9
2022,11,CO,3.0
2022,12,CO,3.0
2023,1,CO,3.0
2023,2,CO,3.0
2023,3,CO,3.1
2023,4,CO,3.1
2023,5,CO,3.2
2023,6,CO,3.2
2023,7,CO,3.3
2023,8,CO,3.4
2023,9,CO,3.4
2023,10,CO,3.5
2023,11,CO,3.6
2023,12,CO,3.8
2024,1,CO,3.8
2024,2,CO,3.9
2024,3,CO,4.0
2024,4,CO,4.0
2024,5,CO,4.1
2024,6,CO,4.2
2024,7,CO,4.3
2024,8,CO,4.4
2024,9,CO,4.5
2024,10,CO,4.6
2024,11,CO,4.6
2024,12,CO,4.6
2025,1,CO,4.7
2025,2,CO,4.7
2025,3,CO,4.8
2025,4,CO,4.8
2025,5,CO,4.8
2025,6,CO,4.7
2025,7,CO,4.5
2025,8,CO,4.2
2025,9,CO,4.1
2025,10,CO,
2025,11,CO,3.9
2025,12,CO,3.8
1976,1,CT,9.7
1976,2,CT,9.7
1976,3,CT,9.7
1976,4,CT,9.6
1976,5,CT,9.4
1976,6,CT,9.3
1976,7,CT,9.1
1976,8,CT,9.0
1976,9,CT,8.8
1976,10,CT,8.7
1976,11,CT,8.5
1976,12,CT,8.4
1977,1,CT,8.2
1977,2,CT,8.0
1977,3,CT,7.7
1977,4,CT,7.5
1977,5,CT,7.3
1977,6,CT,7.1
1977,7,CT,6.9
1977,8,CT,6.7
1977,9,CT,6.6
1977,10,CT,6.4
1977,11,CT,6.2
1977,12,CT,6.0
1978,1,CT,5.8
1978,2,CT,5.6
1978,3,CT,5.5
1978,4,CT,5.4
1978,5,CT,5.3
1978,6,CT,5.2
1978,7,CT,5.2
1978,8,CT,5.1
1978,9,CT,5.1
1978,10,CT,5.1
1978,11,CT,5.2
1978,12,CT,5.2
1979,1,CT,5.3
1979,2,CT,5.3
1979,3,CT,5.3
1979,4,CT,5.2
1979,5,CT,5.1
1979,6,CT,5.1
1979,7,CT,5.0
1979,8,CT,5.0
1979,9,CT,5.0
1979,10,CT,5.0
1979,11,CT,5.1
1979,12,CT,5.1
1980,1,CT,5.1
1980,2,CT,5.2
1980,3,CT,5.3
1980,4,CT,5.5
1980,5,CT,5.7
1980,6,CT,5.9
1980,7,CT,6.0
1980,8,CT,6.1
1980,9,CT,6.1
1980,10,CT,6.0
1980,11,CT,6.0
1980,12,CT,5.9
1981,1,CT,5.9
1981,2,CT,5.9
1981,3,CT,6.0
1981,4,CT,6.0
1981,5,CT,6.0
1981,6,CT,6.0
1981,7,CT,6.1
1981,8,CT,6.2
1981,9,CT,6.2
1981,10,CT,6.3
1981,11,CT,6.4
1981,12,CT,6.5
1982,1,CT,6.6
1982,2,CT,6.7
1982,3,CT,6.8
1982,4,CT,6.8
1982,5,CT,6.8
1982,6,CT,6.8
1982,7,CT,6.8
1982,8,CT,6.9
1982,9,CT,6.9
1982,10,CT,6.9
1982,11,CT,7.0
1982,12,CT,7.0
1983,1,CT,6.9
1983,2,CT,6.8
1983,3,CT,6.6
1983,4,CT,6.4
1983,5,CT,6.2
1983,6,CT,6.0
1983,7,CT,5.8
1983,8,CT,5.7
1983,9,CT,5.5
1983,10,CT,5.4
1983,11,CT,5.3
1983,12,CT,5.1
1984,1,CT,5.0
1984,2,CT,4.9
1984,3,CT,4.7
1984,4,CT,4.7
1984,5,CT,4.6
1984,6,CT,4.6
1984,7,CT,4.5
1984,8,CT,4.5
1984,9,CT,4.5
1984,10,CT,4.6
1984,11,CT,4.6
1984,12,CT,4.6
1985,1,CT,4.6
1985,2,CT,4.6
1985,3,CT,4.7
1985,4,CT,4.7
1985,5,CT,4.7
1985,6,CT,4.6
1985,7,CT,4.6
1985,8,CT,4.5
1985,9,CT,4.3
1985,10,CT,4.2
1985,11,CT,4.0
1985,12,CT,3.9
1986,1,CT,3.9
1986,2,CT,3.8
1986,3,CT,3.8
1986,4,CT,3.8
1986,5,CT,3.8
1986,6,CT,3.8
1986,7,CT,3.7
1986,8,CT,3.7
1986,9,CT,3.7
1986,10,CT,3.6
1986,11,CT,3.6
1986,12,CT,3.6
1987,1,CT,3.6
1987,2,CT,3.5
1987,3,CT,3.4
1987,4,CT,3.3
1987,5,CT,3.2
1987,6,CT,3.1
1987,7,CT,3.1
1987,8,CT,3.0
1987,9,CT,3.0
1987,10,CT,3.0
1987,11,CT,2.9
1987,12,CT,2.9
1988,1,CT,2.9
1988,2,CT,2.8
1988,3,CT,2.8
1988,4,CT,2.8
1988,5,CT,2.8
1988,6,CT,2.9
1988,7,CT,2.9
1988,8,CT,3.0
1988,9,CT,3.0
1988,10,CT,3.0
1988,11,CT,3.0
1988,12,CT,3.0
1989,1,CT,3.0
1989,2,CT,3.1
1989,3,CT,3.2
1989,4,CT,3.3
1989,5,CT,3.4
1989,6,CT,3.5
1989,7,CT,3.7
1989,8,CT,3.8
1989,9,CT,4.0
1989,10,CT,4.1
1989,11,CT,4.2
1989,12,CT,4.3
1990,1,CT,4.4
1990,2,CT,4.5
1990,3,CT,4.6
1990,4,CT,4.7
1990,5,CT,4.7
1990,6,CT,4.8
1990,7,CT,4.9
1990,8,CT,5.0
1990,9,CT,5.1
1990,10,CT,5.3
1990,11,CT,5.4
1990,12,CT,5.6
1991,1,CT,5.7
1991,2,CT,5.9
1991,3,CT,6.1
1991,4,CT,6.2
1991,5,CT,6.4
1991,6,CT,6.5
1991,7,CT,6.6
1991,8,CT,6.7
1991,9,CT,6.8
1991,10,CT,6.9
1991,11,CT,7.0
1991,12,CT,7.1
1992,1,CT,7.2
1992,2,CT,7.2
1992,3,CT,7.3
1992,4,CT,7.3
1992,5,CT,7.3
1992,6,CT,7.4
1992,7,CT,7.4
1992,8,CT,7.4
1992,9,CT,7.3
1992,10,CT,7.3
1992,11,CT,7.3
1992,12,CT,7.2
1993,1,CT,7.1
1993,2,CT,7.1
1993,3,CT,6.9
1993,4,CT,6.8
1993,5,CT,6.7
1993,6,CT,6.6
1993,7,CT,6.4
1993,8,CT,6.3
1993,9,CT,6.1
1993,10,CT,6.0
1993,11,CT,5.9
1993,12,CT,5.9
1994,1,CT,5.8
1994,2,CT,5.7
1994,3,CT,5.7
1994,4,CT,5.6
1994,5,CT,5.6
1994,6,CT,5.6
1994,7,CT,5.5
1994,8,CT,5.5
1994,9,CT,5.5
1994,10,CT,5.5
1994,11,CT,5.4
1994,12,CT,5.4
1995,1,CT,5.3
1995,2,CT,5.3
1995,3,CT,5.3
1995,4,CT,5.3
1995,5,CT,5.4
1995,6,CT,5.4
1995,7,CT,5.4
1995,8,CT,5.3
1995,9,CT,5.3
1995,10,CT,5.2
1995,11,CT,5.2
1995,12,CT,5.2
1996,1,CT,5.2
1996,2,CT,5.2
1996,3,CT,5.2
1996,4,CT,5.2
1996,5,CT,5.2
1996,6,CT,5.2
1996,7,CT,5.2
1996,8,CT,5.2
1996,9,CT,5.2
1996,10,CT,5.3
1996,11,CT,5.3
1996,12,CT,5.3
1997,1,CT,5.3
1997,2,CT,5.2
1997,3,CT,5.1
1997,4,CT,5.0
1997,5,CT,4.9
1997,6,CT,4.8
1997,7,CT,4.7
1997,8,CT,4.5
1997,9,CT,4.4
1997,10,CT,4.2
1997,11,CT,4.1
1997,12,CT,4.0
1998,1,CT,3.8
1998,2,CT,3.7
1998,3,CT,3.6
1998,4,CT,3.4
1998,5,CT,3.3
1998,6,CT,3.2
1998,7,CT,3.2
1998,8,CT,3.1
1998,9,CT,3.0
1998,10,CT,2.9
1998,11,CT,2.8
1998,12,CT,2.7
1999,1,CT,2.7
1999,2,CT,2.6
1999,3,CT,2.6
1999,4,CT,2.6
1999,5,CT,2.5
1999,6,CT,2.5
1999,7,CT,2.5
1999,8,CT,2.4
1999,9,CT,2.4
1999,10,CT,2.4
1999,11,CT,2.4
1999,12,CT,2.4
2000,1,CT,2.3
2000,2,CT,2.3
2000,3,CT,2.2
2000,4,CT,2.2
2000,5,CT,2.1
2000,6,CT,2.1
2000,7,CT,2.1
2000,8,CT,2.1
2000,9,CT,2.1
2000,10,CT,2.1
2000,11,CT,2.1
2000,12,CT,2.2
2001,1,CT,2.3
2001,2,CT,2.4
2001,3,CT,2.6
2001,4,CT,2.7
2001,5,CT,2.8
2001,6,CT,2.9
2001,7,CT,3.0
2001,8,CT,3.1
2001,9,CT,3.2
2001,10,CT,3.3
2001,11,CT,3.4
2001,12,CT,3.5
2002,1,CT,3.6
2002,2,CT,3.7
2002,3,CT,3.8
2002,4,CT,4.0
2002,5,CT,4.1
2002,6,CT,4.3
2002,7,CT,4.4
2002,8,CT,4.6
2002,9,CT,4.7
2002,10,CT,4.9
2002,11,CT,5.0
2002,12,CT,5.1
2003,1,CT,5.3
2003,2,CT,5.3
2003,3,CT,5.4
2003,4,CT,5.5
2003,5,CT,5.5
2003,6,CT,5.6
2003,7,CT,5.6
2003,8,CT,5.6
2003,9,CT,5.5
2003,10,CT,5.5
2003,11,CT,5.4
2003,12,CT,5.3
2004,1,CT,5.3
2004,2,CT,5.2
2004,3,CT,5.2
2004,4,CT,5.1
2004,5,CT,5.1
2004,6,CT,5.1
2004,7,CT,5.0
2004,8,CT,5.0
2004,9,CT,4.9
2004,10,CT,4.9
2004,11,CT,4.9
2004,12,CT,4.9
2005,1,CT,4.9
2005,2,CT,5.0
2005,3,CT,5.0
2005,4,CT,5.0
2005,5,CT,4.9
2005,6,CT,4.9
2005,7,CT,4.8
2005,8,CT,4.8
2005,9,CT,4.8
2005,10,CT,4.8
2005,11,CT,4.7
2005,12,CT,4.7
2006,1,CT,4.6
2006,2,CT,4.5
2006,3,CT,4.4
2006,4,CT,4.4
2006,5,CT,4.4
2006,6,CT,4.4
2006,7,CT,4.4
2006,8,CT,4.4
2006,9,CT,4.4
2006,10,CT,4.4
2006,11,CT,4.4
2006,12,CT,4.4
2007,1,CT,4.4
2007,2,CT,4.4
2007,3,CT,4.4
2007,4,CT,4.4
2007,5,CT,4.4
2007,6,CT,4.4
2007,7,CT,4.5
2007,8,CT,4.6
2007,9,CT,4.6
2007,10,CT,4.7
2007,11,CT,4.8
2007,12,CT,4.8
2008,1,CT,4.9
2008,2,CT,4.9
2008,3,CT,5.0
2008,4,CT,5.1
2008,5,CT,5.3
2008,6,CT,5.5
2008,7,CT,5.7
2008,8,CT,5.8
2008,9,CT,6.0
2008,10,CT,6.2
2008,11,CT,6.5
2008,12,CT,6.8
2009,1,CT,7.1
2009,2,CT,7.4
2009,3,CT,7.7
2009,4,CT,7.9
2009,5,CT,8.1
2009,6,CT,8.2
2009,7,CT,8.4
2009,8,CT,8.5
2009,9,CT,8.7
2009,10,CT,8.9
2009,11,CT,9.0
2009,12,CT,9.2
2010,1,CT,9.4
2010,2,CT,9.5
2010,3,CT,9.5
2010,4,CT,9.5
2010,5,CT,9.5
2010,6,CT,9.5
2010,7,CT,9.4
2010,8,CT,9.5
2010,9,CT,9.5
2010,10,CT,9.5
2010,11,CT,9.6
2010,12,CT,9.5
2011,1,CT,9.5
2011,2,CT,9.4
2011,3,CT,9.3
2011,4,CT,9.2
2011,5,CT,9.2
2011,6,CT,9.1
2011,7,CT,9.0
2011,8,CT,8.9
2011,9,CT,8.8
2011,10,CT,8.7
2011,11,CT,8.6
2011,12,CT,8.4
2012,1,CT,8.3
2012,2,CT,8.3
2012,3,CT,8.3
2012,4,CT,8.4
2012,5,CT,8.4
2012,6,CT,8.5
2012,7,CT,8.5
2012,8,CT,8.5
2012,9,CT,8.4
2012,10,CT,8.4
2012,11,CT,8.3
2012,12,CT,8.3
2013,1,CT,8.3
2013,2,CT,8.3
2013,3,CT,8.2
2013,4,CT,8.2
2013,5,CT,8.1
2013,6,CT,8.1
2013,7,CT,8.0
2013,8,CT,7.9
2013,9,CT,7.8
2013,10,CT,7.6
2013,11,CT,7.5
2013,12,CT,7.4
2014,1,CT,7.2
2014,2,CT,7.1
2014,3,CT,6.9
2014,4,CT,6.8
2014,5,CT,6.7
2014,6,CT,6.6
2014,7,CT,6.6
2014,8,CT,6.5
2014,9,CT,6.4
2014,10,CT,6.3
2014,11,CT,6.2
2014,12,CT,6.1
2015,1,CT,6.0
2015,2,CT,5.9
2015,3,CT,5.8
2015,4,CT,5.7
2015,5,CT,5.7
2015,6,CT,5.6
2015,7,CT,5.5
2015,8,CT,5.5
2015,9,CT,5.5
2015,10,CT,5.4
2015,11,CT,5.4
2015,12,CT,5.3
2016,1,CT,5.3
2016,2,CT,5.2
2016,3,CT,5.1
2016,4,CT,5.0
2016,5,CT,5.0
2016,6,CT,4.9
2016,7,CT,4.8
2016,8,CT,4.7
2016,9,CT,4.7
2016,10,CT,4.6
2016,11,CT,4.6
2016,12,CT,4.6
2017,1,CT,4.6
2017,2,CT,4.5
2017,3,CT,4.5
2017,4,CT,4.5
2017,5,CT,4.4
2017,6,CT,4.4
2017,7,CT,4.4
2017,8,CT,4.4
2017,9,CT,4.3
2017,10,CT,4.3
2017,11,CT,4.3
2017,12,CT,4.3
2018,1,CT,4.2
2018,2,CT,4.2
2018,3,CT,4.1
2018,4,CT,4.0
2018,5,CT,3.9
2018,6,CT,3.9
2018,7,CT,3.8
2018,8,CT,3.8
2018,9,CT,3.8
2018,10,CT,3.7
2018,11,CT,3.7
2018,12,CT,3.7
2019,1,CT,3.7
2019,2,CT,3.6
2019,3,CT,3.5
2019,4,CT,3.5
2019,5,CT,3.5
2019,6,CT,3.5
2019,7,CT,3.5
2019,8,CT,3.6
2019,9,CT,3.6
2019,10,CT,3.6
2019,11,CT,3.7
2019,12,CT,3.7
2020,1,CT,3.8
2020,2,CT,3.8
2020,3,CT,3.9
2020,4,CT,8.3
2020,5,CT,11.9
2020,6,CT,11.5
2020,7,CT,11.7
2020,8,CT,9.6
2020,9,CT,8.8
2020,10,CT,7.9
2020,11,CT,7.5
2020,12,CT,7.4
2021,1,CT,7.2
2021,2,CT,7.2
2021,3,CT,7.2
2021,4,CT,7.2
2021,5,CT,7.0
2021,6,CT,7.0
2021,7,CT,6.6
2021,8,CT,6.3
2021,9,CT,5.9
2021,10,CT,5.6
2021,11,CT,5.3
2021,12,CT,5.0
2022,1,CT,4.8
2022,2,CT,4.6
2022,3,CT,4.4
2022,4,CT,4.3
2022,5,CT,4.2
2022,6,CT,4.0
2022,7,CT,3.9
2022,8,CT,3.7
2022,9,CT,3.7
2022,10,CT,3.7
2022,11,CT,3.6
2022,12,CT,3.5
2023,1,CT,3.4
2023,2,CT,3.3
2023,3,CT,3.2
2023,4,CT,3.1
2023,5,CT,3.1
2023,6,CT,3.0
2023,7,CT,3.1
2023,8,CT,3.1
2023,9,CT,3.2
2023,10,CT,3.3
2023,11,CT,3.3
2023,12,CT,3.3
2024,1,CT,3.3
2024,2,CT,3.2
2024,3,CT,3.2
2024,4,CT,3.1
2024,5,CT,3.1
2024,6,CT,3.1
2024,7,CT,3.1
2024,8,CT,3.2
2024,9,CT,3.2
2024,10,CT,3.2
2024,11,CT,3.2
2024,12,CT,3.2
2025,1,CT,3.3
2025,2,CT,3.4
2025,3,CT,3.6
2025,4,CT,3.7
2025,5,CT,3.8
2025,6,CT,3.8
2025,7,CT,3.8
2025,8,CT,3.8
2025,9,CT,3.8
2025,10,CT,
2025,11,CT,4.0
2025,12,CT,4.2
1976,1,DE,8.0
1976,2,DE,8.0
1976,3,DE,8.0
1976,4,DE,8.2
1976,5,DE,8.4
1976,6,DE,8.7
1976,7,DE,8.9
1976,8,DE,9.1
1976,9,DE,9.2
1976,10,DE,9.3
1976,11,DE,9.4
1976,12,DE,9.4
1977,1,DE,9.3
1977,2,DE,9.2
1977,3,DE,9.0
1977,4,DE,8.7
1977,5,DE,8.4
1977,6,DE,8.1
1977,7,DE,7.9
1977,8,DE,7.7
1977,9,DE,7.6
1977,10,DE,7.4
1977,11,DE,7.3
1977,12,DE,7.2
1978,1,DE,7.1
1978,2,DE,7.1
1978,3,DE,7.1
1978,4,DE,7.1
1978,5,DE,7.1
1978,6,DE,7.1
1978,7,DE,7.1
1978,8,DE,7.0
1978,9,DE,7.0
1978,10,DE,7.0
1978,11,DE,7.0
1978,12,DE,7.0
1979,1,DE,7.0
1979,2,DE,7.0
1979,3,DE,7.0
1979,4,DE,6.9
1979,5,DE,6.8
1979,6,DE,6.7
1979,7,DE,6.7
1979,8,DE,6.7
1979,9,DE,6.8
1979,10,DE,6.8
1979,11,DE,6.8
1979,12,DE,6.8
1980,1,DE,6.8
1980,2,DE,6.9
1980,3,DE,7.0
1980,4,DE,7.3
1980,5,DE,7.6
1980,6,DE,7.9
1980,7,DE,8.0
1980,8,DE,8.0
1980,9,DE,7.9
1980,10,DE,7.8
1980,11,DE,7.7
1980,12,DE,7.7
1981,1,DE,7.7
1981,2,DE,7.7
1981,3,DE,7.7
1981,4,DE,7.6
1981,5,DE,7.6
1981,6,DE,7.6
1981,7,DE,7.6
1981,8,DE,7.7
1981,9,DE,7.9
1981,10,DE,8.1
1981,11,DE,8.4
1981,12,DE,8.6
1982,1,DE,8.7
1982,2,DE,8.7
1982,3,DE,8.6
1982,4,DE,8.5
1982,5,DE,8.4
1982,6,DE,8.3
1982,7,DE,8.3
1982,8,DE,8.3
1982,9,DE,8.3
1982,10,DE,8.3
1982,11,DE,8.4
1982,12,DE,8.4
1983,1,DE,8.4
1983,2,DE,8.3
1983,3,DE,8.3
1983,4,DE,8.1
1983,5,DE,8.0
1983,6,DE,7.9
1983,7,DE,7.7
1983,8,DE,7.6
1983,9,DE,7.4
1983,10,DE,7.2
1983,11,DE,7.0
1983,12,DE,6.8
1984,1,DE,6.5
1984,2,DE,6.3
1984,3,DE,6.1
1984,4,DE,6.1
1984,5,DE,6.1
1984,6,DE,6.1
1984,7,DE,6.1
1984,8,DE,6.1
1984,9,DE,6.1
1984,10,DE,6.0
1984,11,DE,5.9
1984,12,DE,5.8
1985,1,DE,5.7
1985,2,DE,5.6
1985,3,DE,5.5
1985,4,DE,5.4
1985,5,DE,5.3
1985,6,DE,5.1
1985,7,DE,5.0
1985,8,DE,4.9
1985,9,DE,4.7
1985,10,DE,4.6
1985,11,DE,4.5
1985,12,DE,4.5
1986,1,DE,4.6
1986,2,DE,4.7
1986,3,DE,4.9
1986,4,DE,4.9
1986,5,DE,4.8
1986,6,DE,4.7
1986,7,DE,4.5
1986,8,DE,4.2
1986,9,DE,4.0
1986,10,DE,3.7
1986,11,DE,3.5
1986,12,DE,3.4
1987,1,DE,3.3
1987,2,DE,3.2
1987,3,DE,3.1
1987,4,DE,3.1
1987,5,DE,3.0
1987,6,DE,3.0
1987,7,DE,2.9
1987,8,DE,2.9
1987,9,DE,2.9
1987,10,DE,3.0
1987,11,DE,3.0
1987,12,DE,3.1
1988,1,DE,3.1
1988,2,DE,3.0
1988,3,DE,2.9
1988,4,DE,2.9
1988,5,DE,2.9
1988,6,DE,2.9
1988,7,DE,3.0
1988,8,DE,3.1
1988,9,DE,3.1
1988,10,DE,3.1
1988,11,DE,3.1
1988,12,DE,3.0
1989,1,DE,2.9
1989,2,DE,2.9
1989,3,DE,3.0
1989,4,DE,3.1
1989,5,DE,3.2
1989,6,DE,3.3
1989,7,DE,3.4
1989,8,DE,3.5
1989,9,DE,3.5
1989,10,DE,3.5
1989,11,DE,3.5
1989,12,DE,3.5
1990,1,DE,3.5
1990,2,DE,3.5
1990,3,DE,3.4
1990,4,DE,3.4
1990,5,DE,3.5
1990,6,DE,3.6
1990,7,DE,3.7
1990,8,DE,4.0
1990,9,DE,5.3
1990,10,DE,5.8
1990,11,DE,6.2
1990,12,DE,6.4
1991,1,DE,6.4
1991,2,DE,6.5
1991,3,DE,6.4
1991,4,DE,6.3
1991,5,DE,6.2
1991,6,DE,6.0
1991,7,DE,5.8
1991,8,DE,5.7
1991,9,DE,5.6
1991,10,DE,5.6
1991,11,DE,5.6
1991,12,DE,5.6
1992,1,DE,5.6
1992,2,DE,5.7
1992,3,DE,5.6
1992,4,DE,5.6
1992,5,DE,5.6
1992,6,DE,5.6
1992,7,DE,5.6
1992,8,DE,5.5
1992,9,DE,5.4
1992,10,DE,5.2
1992,11,DE,5.1
1992,12,DE,5.0
1993,1,DE,4.9
1993,2,DE,4.9
1993,3,DE,4.8
1993,4,DE,4.8
1993,5,DE,4.9
1993,6,DE,4.9
1993,7,DE,5.0
1993,8,DE,5.0
1993,9,DE,5.1
1993,10,DE,5.1
1993,11,DE,5.2
1993,12,DE,5.2
1994,1,DE,5.3
1994,2,DE,5.3
1994,3,DE,5.3
1994,4,DE,5.2
1994,5,DE,5.0
1994,6,DE,4.9
1994,7,DE,4.7
1994,8,DE,4.6
1994,9,DE,4.4
1994,10,DE,4.3
1994,11,DE,4.1
1994,12,DE,4.0
1995,1,DE,4.0
1995,2,DE,3.9
1995,3,DE,4.0
1995,4,DE,4.2
1995,5,DE,4.3
1995,6,DE,4.3
1995,7,DE,4.4
1995,8,DE,4.5
1995,9,DE,4.6
1995,10,DE,4.7
1995,11,DE,4.8
1995,12,DE,5.0
1996,1,DE,5.1
1996,2,DE,5.2
1996,3,DE,5.2
1996,4,DE,5.2
1996,5,DE,5.2
1996,6,DE,5.1
1996,7,DE,5.2
1996,8,DE,5.2
1996,9,DE,5.3
1996,10,DE,5.4
1996,11,DE,5.3
1996,12,DE,5.2
1997,1,DE,5.1
1997,2,DE,4.9
1997,3,DE,4.8
1997,4,DE,4.5
1997,5,DE,4.3
1997,6,DE,4.1
1997,7,DE,3.9
1997,8,DE,3.7
1997,9,DE,3.5
1997,10,DE,3.4
1997,11,DE,3.2
1997,12,DE,3.3
1998,1,DE,3.4
1998,2,DE,3.5
1998,3,DE,3.5
1998,4,DE,3.6
1998,5,DE,3.6
1998,6,DE,3.6
1998,7,DE,3.6
1998,8,DE,3.6
1998,9,DE,3.5
1998,10,DE,3.4
1998,11,DE,3.3
1998,12,DE,3.2
1999,1,DE,3.1
1999,2,DE,3.1
1999,3,DE,3.2
1999,4,DE,3.2
1999,5,DE,3.2
1999,6,DE,3.3
1999,7,DE,3.3
1999,8,DE,3.3
1999,9,DE,3.3
1999,10,DE,3.3
1999,11,DE,3.3
1999,12,DE,3.3
2000,1,DE,3.3
2000,2,DE,3.3
2000,3,DE,3.3
2000,4,DE,3.4
2000,5,DE,3.4
2000,6,DE,3.5
2000,7,DE,3.5
2000,8,DE,3.5
2000,9,DE,3.5
2000,10,DE,3.6
2000,11,DE,3.6
2000,12,DE,3.6
2001,1,DE,3.6
2001,2,DE,3.5
2001,3,DE,3.4
2001,4,DE,3.3
2001,5,DE,3.3
2001,6,DE,3.2
2001,7,DE,3.3
2001,8,DE,3.4
2001,9,DE,3.5
2001,10,DE,3.6
2001,11,DE,3.8
2001,12,DE,3.9
2002,1,DE,4.0
2002,2,DE,4.1
2002,3,DE,4.2
2002,4,DE,4.2
2002,5,DE,4.2
2002,6,DE,4.1
2002,7,DE,4.1
2002,8,DE,4.0
2002,9,DE,4.0
2002,10,DE,4.0
2002,11,DE,4.0
2002,12,DE,4.1
2003,1,DE,4.2
2003,2,DE,4.3
2003,3,DE,4.4
2003,4,DE,4.4
2003,5,DE,4.4
2003,6,DE,4.4
2003,7,DE,4.4
2003,8,DE,4.3
2003,9,DE,4.2
2003,10,DE,4.1
2003,11,DE,4.0
2003,12,DE,3.9
2004,1,DE,3.9
2004,2,DE,3.9
2004,3,DE,3.9
2004,4,DE,3.9
2004,5,DE,4.0
2004,6,DE,4.0
2004,7,DE,4.0
2004,8,DE,4.1
2004,9,DE,4.1
2004,10,DE,4.1
2004,11,DE,4.1
2004,12,DE,4.1
2005,1,DE,4.1
2005,2,DE,4.1
2005,3,DE,4.1
2005,4,DE,4.1
2005,5,DE,4.1
2005,6,DE,4.1
2005,7,DE,4.2
2005,8,DE,4.2
2005,9,DE,4.2
2005,10,DE,4.2
2005,11,DE,4.1
2005,12,DE,4.0
2006,1,DE,3.9
2006,2,DE,3.8
2006,3,DE,3.7
2006,4,DE,3.6
2006,5,DE,3.6
2006,6,DE,3.6
2006,7,DE,3.6
2006,8,DE,3.6
2006,9,DE,3.5
2006,10,DE,3.4
2006,11,DE,3.4
2006,12,DE,3.3
2007,1,DE,3.3
2007,2,DE,3.3
2007,3,DE,3.3
2007,4,DE,3.4
2007,5,DE,3.4
2007,6,DE,3.3
2007,7,DE,3.3
2007,8,DE,3.4
2007,9,DE,3.4
2007,10,DE,3.5
2007,11,DE,3.6
2007,12,DE,3.6
2008,1,DE,3.7
2008,2,DE,3.8
2008,3,DE,3.9
2008,4,DE,4.0
2008,5,DE,4.3
2008,6,DE,4.6
2008,7,DE,4.9
2008,8,DE,5.1
2008,9,DE,5.5
2008,10,DE,5.8
2008,11,DE,6.2
2008,12,DE,6.6
2009,1,DE,7.1
2009,2,DE,7.5
2009,3,DE,7.8
2009,4,DE,8.1
2009,5,DE,8.2
2009,6,DE,8.3
2009,7,DE,8.3
2009,8,DE,8.4
2009,9,DE,8.4
2009,10,DE,8.5
2009,11,DE,8.6
2009,12,DE,8.7
2010,1,DE,8.8
2010,2,DE,8.7
2010,3,DE,8.6
2010,4,DE,8.5
2010,5,DE,8.4
2010,6,DE,8.3
2010,7,DE,8.2
2010,8,DE,8.1
2010,9,DE,8.1
2010,10,DE,8.0
2010,11,DE,8.0
2010,12,DE,7.9
2011,1,DE,7.7
2011,2,DE,7.6
2011,3,DE,7.5
2011,4,DE,7.5
2011,5,DE,7.4
2011,6,DE,7.5
2011,7,DE,7.5
2011,8,DE,7.5
2011,9,DE,7.4
2011,10,DE,7.3
2011,11,DE,7.2
2011,12,DE,7.1
2012,1,DE,7.0
2012,2,DE,6.9
2012,3,DE,6.9
2012,4,DE,7.0
2012,5,DE,7.0
2012,6,DE,7.0
2012,7,DE,7.0
2012,8,DE,7.0
2012,9,DE,7.0
2012,10,DE,6.9
2012,11,DE,6.9
2012,12,DE,6.9
2013,1,DE,6.9
2013,2,DE,6.9
2013,3,DE,6.8
2013,4,DE,6.8
2013,5,DE,6.7
2013,6,DE,6.6
2013,7,DE,6.5
2013,8,DE,6.4
2013,9,DE,6.3
2013,10,DE,6.2
2013,11,DE,6.2
2013,12,DE,6.1
2014,1,DE,6.0
2014,2,DE,6.0
2014,3,DE,5.9
2014,4,DE,5.9
2014,5,DE,5.8
2014,6,DE,5.7
2014,7,DE,5.6
2014,8,DE,5.5
2014,9,DE,5.4
2014,10,DE,5.3
2014,11,DE,5.2
2014,12,DE,5.1
2015,1,DE,5.0
2015,2,DE,5.0
2015,3,DE,5.0
2015,4,DE,4.9
2015,5,DE,4.9
2015,6,DE,4.8
2015,7,DE,4.8
2015,8,DE,4.7
2015,9,DE,4.7
2015,10,DE,4.7
2015,11,DE,4.6
2015,12,DE,4.6
2016,1,DE,4.5
2016,2,DE,4.5
2016,3,DE,4.5
2016,4,DE,4.5
2016,5,DE,4.5
2016,6,DE,4.5
2016,7,DE,4.5
2016,8,DE,4.5
2016,9,DE,4.6
2016,10,DE,4.6
2016,11,DE,4.6
2016,12,DE,4.6
2017,1,DE,4.6
2017,2,DE,4.6
2017,3,DE,4.5
2017,4,DE,4.5
2017,5,DE,4.5
2017,6,DE,4.4
2017,7,DE,4.4
2017,8,DE,4.3
2017,9,DE,4.3
2017,10,DE,4.3
2017,11,DE,4.2
2017,12,DE,4.2
2018,1,DE,4.1
2018,2,DE,4.0
2018,3,DE,3.9
2018,4,DE,3.8
2018,5,DE,3.7
2018,6,DE,3.7
2018,7,DE,3.6
2018,8,DE,3.5
2018,9,DE,3.5
2018,10,DE,3.5
2018,11,DE,3.5
2018,12,DE,3.5
2019,1,DE,3.5
2019,2,DE,3.5
2019,3,DE,3.5
2019,4,DE,3.5
2019,5,DE,3.5
2019,6,DE,3.5
2019,7,DE,3.6
2019,8,DE,3.6
2019,9,DE,3.6
2019,10,DE,3.6
2019,11,DE,3.6
2019,12,DE,3.6
2020,1,DE,3.6
2020,2,DE,3.6
2020,3,DE,5.0
2020,4,DE,13.1
2020,5,DE,13.4
2020,6,DE,12.8
2020,7,DE,7.6
2020,8,DE,7.4
2020,9,DE,7.6
2020,10,DE,5.2
2020,11,DE,5.4
2020,12,DE,5.6
2021,1,DE,5.7
2021,2,DE,5.9
2021,3,DE,5.9
2021,4,DE,5.9
2021,5,DE,5.8
2021,6,DE,5.8
2021,7,DE,5.5
2021,8,DE,5.4
2021,9,DE,5.1
2021,10,DE,4.9
2021,11,DE,4.8
2021,12,DE,4.6
2022,1,DE,4.5
2022,2,DE,4.4
2022,3,DE,4.3
2022,4,DE,4.2
2022,5,DE,4.2
2022,6,DE,4.1
2022,7,DE,4.1
2022,8,DE,4.0
2022,9,DE,4.1
2022,10,DE,4.1
2022,11,DE,4.1
2022,12,DE,4.0
2023,1,DE,4.0
2023,2,DE,3.9
2023,3,DE,3.8
2023,4,DE,3.8
2023,5,DE,3.8
2023,6,DE,3.8
2023,7,DE,3.8
2023,8,DE,3.8
2023,9,DE,3.8
2023,10,DE,3.9
2023,11,DE,3.8
2023,12,DE,3.8
2024,1,DE,3.8
2024,2,DE,3.7
2024,3,DE,3.7
2024,4,DE,3.7
2024,5,DE,3.8
2024,6,DE,3.8
2024,7,DE,3.7
2024,8,DE,3.7
2024,9,DE,3.6
2024,10,DE,3.6
2024,11,DE,3.6
2024,12,DE,3.6
2025,1,DE,3.6
2025,2,DE,3.7
2025,3,DE,3.7
2025,4,DE,3.9
2025,5,DE,4.0
2025,6,DE,4.0
2025,7,DE,4.1
2025,8,DE,4.3
2025,9,DE,4.5
2025,10,DE,
2025,11,DE,4.9
2025,12,DE,5.2
1976,1,DC,8.8
1976,2,DC,8.8
1976,3,DC,8.7
1976,4,DC,8.6
1976,5,DC,8.5
1976,6,DC,8.4
1976,7,DC,8.4
1976,8,DC,8.5
1976,9,DC,8.6
1976,10,DC,8.7
1976,11,DC,8.8
1976,12,DC,8.8
1977,1,DC,8.8
1977,2,DC,8.8
1977,3,DC,8.7
1977,4,DC,8.6
1977,5,DC,8.6
1977,6,DC,8.6
1977,7,DC,8.6
1977,8,DC,8.6
1977,9,DC,8.6
1977,10,DC,8.4
1977,11,DC,8.3
1977,12,DC,8.2
1978,1,DC,8.0
1978,2,DC,8.0
1978,3,DC,7.9
1978,4,DC,7.9
1978,5,DC,7.8
1978,6,DC,7.8
1978,7,DC,7.7
1978,8,DC,7.6
1978,9,DC,7.5
1978,10,DC,7.5
1978,11,DC,7.5
1978,12,DC,7.5
1979,1,DC,7.5
1979,2,DC,7.4
1979,3,DC,7.3
1979,4,DC,7.1
1979,5,DC,6.9
1979,6,DC,6.7
1979,7,DC,6.6
1979,8,DC,6.5
1979,9,DC,6.4
1979,10,DC,6.4
1979,11,DC,6.3
1979,12,DC,6.3
1980,1,DC,6.4
1980,2,DC,6.5
1980,3,DC,6.7
1980,4,DC,6.9
1980,5,DC,7.2
1980,6,DC,7.4
1980,7,DC,7.6
1980,8,DC,7.8
1980,9,DC,7.9
1980,10,DC,8.0
1980,11,DC,8.1
1980,12,DC,8.2
1981,1,DC,8.2
1981,2,DC,8.3
1981,3,DC,8.3
1981,4,DC,8.4
1981,5,DC,8.5
1981,6,DC,8.6
1981,7,DC,8.7
1981,8,DC,8.9
1981,9,DC,9.0
1981,10,DC,9.1
1981,11,DC,9.3
1981,12,DC,9.5
1982,1,DC,9.6
1982,2,DC,9.8
1982,3,DC,10.0
1982,4,DC,10.1
1982,5,DC,10.2
1982,6,DC,10.3
1982,7,DC,10.3
1982,8,DC,10.4
1982,9,DC,10.6
1982,10,DC,10.8
1982,11,DC,11.0
1982,12,DC,11.1
1983,1,DC,11.2
1983,2,DC,11.2
1983,3,DC,11.2
1983,4,DC,11.1
1983,5,DC,11.1
1983,6,DC,11.0
1983,7,DC,10.9
1983,8,DC,10.8
1983,9,DC,10.7
1983,10,DC,10.5
1983,11,DC,10.3
1983,12,DC,10.1
1984,1,DC,9.8
1984,2,DC,9.6
1984,3,DC,9.3
1984,4,DC,9.1
1984,5,DC,8.9
1984,6,DC,8.8
1984,7,DC,8.7
1984,8,DC,8.6
1984,9,DC,8.5
1984,10,DC,8.4
1984,11,DC,8.3
1984,12,DC,8.3
1985,1,DC,8.3
1985,2,DC,8.3
1985,3,DC,8.3
1985,4,DC,8.3
1985,5,DC,8.3
1985,6,DC,8.2
1985,7,DC,8.1
1985,8,DC,7.9
1985,9,DC,7.8
1985,10,DC,7.6
1985,11,DC,7.4
1985,12,DC,7.3
1986,1,DC,7.2
1986,2,DC,7.3
1986,3,DC,7.3
1986,4,DC,7.4
1986,5,DC,7.4
1986,6,DC,7.4
1986,7,DC,7.4
1986,8,DC,7.4
1986,9,DC,7.4
1986,10,DC,7.3
1986,11,DC,7.3
1986,12,DC,7.2
1987,1,DC,7.1
1987,2,DC,6.9
1987,3,DC,6.7
1987,4,DC,6.5
1987,5,DC,6.3
1987,6,DC,6.2
1987,7,DC,6.1
1987,8,DC,6.0
1987,9,DC,5.9
1987,10,DC,5.7
1987,11,DC,5.6
1987,12,DC,5.5
1988,1,DC,5.4
1988,2,DC,5.4
1988,3,DC,5.2
1988,4,DC,5.1
1988,5,DC,5.1
1988,6,DC,5.0
1988,7,DC,4.9
1988,8,DC,4.8
1988,9,DC,4.8
1988,10,DC,4.8
1988,11,DC,4.8
1988,12,DC,4.7
1989,1,DC,4.7
1989,2,DC,4.7
1989,3,DC,4.7
1989,4,DC,4.7
1989,5,DC,4.7
1989,6,DC,4.7
1989,7,DC,4.8
1989,8,DC,4.8
1989,9,DC,4.8
1989,10,DC,4.9
1989,11,DC,5.0
1989,12,DC,5.1
1990,1,DC,5.2
1990,2,DC,5.4
1990,3,DC,5.5
1990,4,DC,5.6
1990,5,DC,5.8
1990,6,DC,5.9
1990,7,DC,6.1
1990,8,DC,6.3
1990,9,DC,6.4
1990,10,DC,6.6
1990,11,DC,6.7
1990,12,DC,6.8
1991,1,DC,6.9
1991,2,DC,7.1
1991,3,DC,7.2
1991,4,DC,7.4
1991,5,DC,7.5
1991,6,DC,7.7
1991,7,DC,7.8
1991,8,DC,7.9
1991,9,DC,8.0
1991,10,DC,8.1
1991,11,DC,8.2
1991,12,DC,8.3
1992,1,DC,8.4
1992,2,DC,8.4
1992,3,DC,8.5
1992,4,DC,8.5
1992,5,DC,8.5
1992,6,DC,8.5
1992,7,DC,8.6
1992,8,DC,8.6
1992,9,DC,8.7
1992,10,DC,8.7
1992,11,DC,8.7
1992,12,DC,8.7
1993,1,DC,8.6
1993,2,DC,8.5
1993,3,DC,8.5
1993,4,DC,8.4
1993,5,DC,8.4
1993,6,DC,8.4
1993,7,DC,8.3
1993,8,DC,8.3
1993,9,DC,8.3
1993,10,DC,8.3
1993,11,DC,8.3
1993,12,DC,8.3
1994,1,DC,8.3
1994,2,DC,8.2
1994,3,DC,8.2
1994,4,DC,8.1
1994,5,DC,7.9
1994,6,DC,7.9
1994,7,DC,7.8
1994,8,DC,7.8
1994,9,DC,7.7
1994,10,DC,7.8
1994,11,DC,7.8
1994,12,DC,7.8
1995,1,DC,7.9
1995,2,DC,8.1
1995,3,DC,8.3
1995,4,DC,8.5
1995,5,DC,8.6
1995,6,DC,8.7
1995,7,DC,8.8
1995,8,DC,8.8
1995,9,DC,8.8
1995,10,DC,8.8
1995,11,DC,8.8
1995,12,DC,8.7
1996,1,DC,8.7
1996,2,DC,8.6
1996,3,DC,8.7
1996,4,DC,8.7
1996,5,DC,8.6
1996,6,DC,8.6
1996,7,DC,8.5
1996,8,DC,8.3
1996,9,DC,8.3
1996,10,DC,8.2
1996,11,DC,8.2
1996,12,DC,8.1
1997,1,DC,8.1
1997,2,DC,8.0
1997,3,DC,8.0
1997,4,DC,8.0
1997,5,DC,8.0
1997,6,DC,8.0
1997,7,DC,8.1
1997,8,DC,8.2
1997,9,DC,8.3
1997,10,DC,8.3
1997,11,DC,8.4
1997,12,DC,8.5
1998,1,DC,8.6
1998,2,DC,8.6
1998,3,DC,8.6
1998,4,DC,8.5
1998,5,DC,8.4
1998,6,DC,8.4
1998,7,DC,8.3
1998,8,DC,8.2
1998,9,DC,8.1
1998,10,DC,8.0
1998,11,DC,7.7
1998,12,DC,7.5
1999,1,DC,7.3
1999,2,DC,7.1
1999,3,DC,7.0
1999,4,DC,6.8
1999,5,DC,6.7
1999,6,DC,6.6
1999,7,DC,6.5
1999,8,DC,6.4
1999,9,DC,6.2
1999,10,DC,6.1
1999,11,DC,6.0
1999,12,DC,5.9
2000,1,DC,5.8
2000,2,DC,5.7
2000,3,DC,5.7
2000,4,DC,5.6
2000,5,DC,5.6
2000,6,DC,5.6
2000,7,DC,5.6
2000,8,DC,5.6
2000,9,DC,5.6
2000,10,DC,5.7
2000,11,DC,5.7
2000,12,DC,5.8
2001,1,DC,5.9
2001,2,DC,5.9
2001,3,DC,6.0
2001,4,DC,6.0
2001,5,DC,6.1
2001,6,DC,6.2
2001,7,DC,6.3
2001,8,DC,6.4
2001,9,DC,6.6
2001,10,DC,6.7
2001,11,DC,6.8
2001,12,DC,6.8
2002,1,DC,6.8
2002,2,DC,6.8
2002,3,DC,6.8
2002,4,DC,6.7
2002,5,DC,6.6
2002,6,DC,6.6
2002,7,DC,6.5
2002,8,DC,6.5
2002,9,DC,6.4
2002,10,DC,6.5
2002,11,DC,6.5
2002,12,DC,6.6
2003,1,DC,6.7
2003,2,DC,6.7
2003,3,DC,6.8
2003,4,DC,6.8
2003,5,DC,6.9
2003,6,DC,6.9
2003,7,DC,6.9
2003,8,DC,6.9
2003,9,DC,6.9
2003,10,DC,6.8
2003,11,DC,6.8
2003,12,DC,6.9
2004,1,DC,7.0
2004,2,DC,7.1
2004,3,DC,7.2
2004,4,DC,7.4
2004,5,DC,7.5
2004,6,DC,7.6
2004,7,DC,7.7
2004,8,DC,7.7
2004,9,DC,7.8
2004,10,DC,7.7
2004,11,DC,7.7
2004,12,DC,7.6
2005,1,DC,7.4
2005,2,DC,7.3
2005,3,DC,7.1
2005,4,DC,6.9
2005,5,DC,6.7
2005,6,DC,6.4
2005,7,DC,6.2
2005,8,DC,6.1
2005,9,DC,6.0
2005,10,DC,5.9
2005,11,DC,5.8
2005,12,DC,5.8
2006,1,DC,5.8
2006,2,DC,5.8
2006,3,DC,5.8
2006,4,DC,5.8
2006,5,DC,5.9
2006,6,DC,5.9
2006,7,DC,5.9
2006,8,DC,5.9
2006,9,DC,5.9
2006,10,DC,5.8
2006,11,DC,5.8
2006,12,DC,5.7
2007,1,DC,5.6
2007,2,DC,5.6
2007,3,DC,5.5
2007,4,DC,5.5
2007,5,DC,5.5
2007,6,DC,5.5
2007,7,DC,5.5
2007,8,DC,5.5
2007,9,DC,5.5
2007,10,DC,5.6
2007,11,DC,5.6
2007,12,DC,5.6
2008,1,DC,5.6
2008,2,DC,5.7
2008,3,DC,5.8
2008,4,DC,5.9
2008,5,DC,6.1
2008,6,DC,6.3
2008,7,DC,6.5
2008,8,DC,6.7
2008,9,DC,6.9
2008,10,DC,7.2
2008,11,DC,7.5
2008,12,DC,7.9
2009,1,DC,8.3
2009,2,DC,8.6
2009,3,DC,9.0
2009,4,DC,9.2
2009,5,DC,9.4
2009,6,DC,9.6
2009,7,DC,9.8
2009,8,DC,9.9
2009,9,DC,10.1
2009,10,DC,10.2
2009,11,DC,10.2
2009,12,DC,10.2
2010,1,DC,10.2
2010,2,DC,10.1
2010,3,DC,10.0
2010,4,DC,9.8
2010,5,DC,9.7
2010,6,DC,9.6
2010,7,DC,9.5
2010,8,DC,9.6
2010,9,DC,9.6
2010,10,DC,9.7
2010,11,DC,9.7
2010,12,DC,9.8
2011,1,DC,9.8
2011,2,DC,9.9
2011,3,DC,10.0
2011,4,DC,10.1
2011,5,DC,10.3
2011,6,DC,10.3
2011,7,DC,10.4
2011,8,DC,10.3
2011,9,DC,10.2
2011,10,DC,10.1
2011,11,DC,9.9
2011,12,DC,9.7
2012,1,DC,9.6
2012,2,DC,9.4
2012,3,DC,9.3
2012,4,DC,9.2
2012,5,DC,9.1
2012,6,DC,9.0
2012,7,DC,8.8
2012,8,DC,8.7
2012,9,DC,8.6
2012,10,DC,8.6
2012,11,DC,8.6
2012,12,DC,8.6
2013,1,DC,8.6
2013,2,DC,8.6
2013,3,DC,8.6
2013,4,DC,8.6
2013,5,DC,8.5
2013,6,DC,8.5
2013,7,DC,8.5
2013,8,DC,8.4
2013,9,DC,8.4
2013,10,DC,8.2
2013,11,DC,8.1
2013,12,DC,8.0
2014,1,DC,8.0
2014,2,DC,7.9
2014,3,DC,7.8
2014,4,DC,7.8
2014,5,DC,7.8
2014,6,DC,7.8
2014,7,DC,7.7
2014,8,DC,7.7
2014,9,DC,7.6
2014,10,DC,7.6
2014,11,DC,7.5
2014,12,DC,7.4
2015,1,DC,7.3
2015,2,DC,7.3
2015,3,DC,7.2
2015,4,DC,7.1
2015,5,DC,7.0
2015,6,DC,6.9
2015,7,DC,6.8
2015,8,DC,6.7
2015,9,DC,6.7
2015,10,DC,6.6
2015,11,DC,6.5
2015,12,DC,6.5
2016,1,DC,6.4
2016,2,DC,6.3
2016,3,DC,6.2
2016,4,DC,6.1
2016,5,DC,6.1
2016,6,DC,6.1
2016,7,DC,6.2
2016,8,DC,6.2
2016,9,DC,6.3
2016,10,DC,6.3
2016,11,DC,6.3
2016,12,DC,6.3
2017,1,DC,6.3
2017,2,DC,6.2
2017,3,DC,6.2
2017,4,DC,6.2
2017,5,DC,6.2
2017,6,DC,6.2
2017,7,DC,6.1
2017,8,DC,6.1
2017,9,DC,6.0
2017,10,DC,6.0
2017,11,DC,5.9
2017,12,DC,5.9
2018,1,DC,5.9
2018,2,DC,5.9
2018,3,DC,5.8
2018,4,DC,5.8
2018,5,DC,5.7
2018,6,DC,5.7
2018,7,DC,5.6
2018,8,DC,5.5
2018,9,DC,5.5
2018,10,DC,5.6
2018,11,DC,5.7
2018,12,DC,5.9
2019,1,DC,5.9
2019,2,DC,5.9
2019,3,DC,5.9
2019,4,DC,5.7
2019,5,DC,5.6
2019,6,DC,5.5
2019,7,DC,5.4
2019,8,DC,5.3
2019,9,DC,5.2
2019,10,DC,5.2
2019,11,DC,5.2
2019,12,DC,5.4
2020,1,DC,5.5
2020,2,DC,5.7
2020,3,DC,5.8
2020,4,DC,11.3
2020,5,DC,8.8
2020,6,DC,8.6
2020,7,DC,8.7
2020,8,DC,8.5
2020,9,DC,8.6
2020,10,DC,8.3
2020,11,DC,8.0
2020,12,DC,7.8
2021,1,DC,7.3
2021,2,DC,7.0
2021,3,DC,7.0
2021,4,DC,7.0
2021,5,DC,7.0
2021,6,DC,7.2
2021,7,DC,7.1
2021,8,DC,6.9
2021,9,DC,6.6
2021,10,DC,6.5
2021,11,DC,6.3
2021,12,DC,6.1
2022,1,DC,5.9
2022,2,DC,5.5
2022,3,DC,5.2
2022,4,DC,4.9
2022,5,DC,4.7
2022,6,DC,4.4
2022,7,DC,4.2
2022,8,DC,4.0
2022,9,DC,4.1
2022,10,DC,4.3
2022,11,DC,4.5
2022,12,DC,4.7
2023,1,DC,4.8
2023,2,DC,4.9
2023,3,DC,4.9
2023,4,DC,4.8
2023,5,DC,4.8
2023,6,DC,4.7
2023,7,DC,4.7
2023,8,DC,4.8
2023,9,DC,4.8
2023,10,DC,4.9
2023,11,DC,5.0
2023,12,DC,5.1
2024,1,DC,5.1
2024,2,DC,5.1
2024,3,DC,5.2
2024,4,DC,5.2
2024,5,DC,5.2
2024,6,DC,5.3
2024,7,DC,5.3
2024,8,DC,5.3
2024,9,DC,5.3
2024,10,DC,5.3
2024,11,DC,5.3
2024,12,DC,5.3
2025,1,DC,5.3
2025,2,DC,5.4
2025,3,DC,5.6
2025,4,DC,5.8
2025,5,DC,5.9
2025,6,DC,5.9
2025,7,DC,6.0
2025,8,DC,6.0
2025,9,DC,6.2
2025,10,DC,
2025,11,DC,6.5
2025,12,DC,6.7
1976,1,FL,9.6
1976,2,FL,9.7
1976,3,FL,9.6
1976,4,FL,9.5
1976,5,FL,9.3
1976,6,FL,9.1
1976,7,FL,9.0
1976,8,FL,9.0
1976,9,FL,9.0
1976,10,FL,9.0
1976,11,FL,9.1
1976,12,FL,9.1
1977,1,FL,9.1
1977,2,FL,9.0
1977,3,FL,8.9
1977,4,FL,8.7
1977,5,FL,8.5
1977,6,FL,8.4
1977,7,FL,8.2
1977,8,FL,8.0
1977,9,FL,7.9
1977,10,FL,7.7
1977,11,FL,7.5
1977,12,FL,7.3
1978,1,FL,7.2
1978,2,FL,7.0
1978,3,FL,6.9
1978,4,FL,6.9
1978,5,FL,6.8
1978,6,FL,6.8
1978,7,FL,6.7
1978,8,FL,6.7
1978,9,FL,6.7
1978,10,FL,6.6
1978,11,FL,6.6
1978,12,FL,6.6
1979,1,FL,6.5
1979,2,FL,6.4
1979,3,FL,6.3
1979,4,FL,6.1
1979,5,FL,6.0
1979,6,FL,6.0
1979,7,FL,5.9
1979,8,FL,5.8
1979,9,FL,5.8
1979,10,FL,5.7
1979,11,FL,5.6
1979,12,FL,5.6
1980,1,FL,5.5
1980,2,FL,5.6
1980,3,FL,5.7
1980,4,FL,5.9
1980,5,FL,6.0
1980,6,FL,6.1
1980,7,FL,6.2
1980,8,FL,6.2
1980,9,FL,6.2
1980,10,FL,6.1
1980,11,FL,6.1
1980,12,FL,6.2
1981,1,FL,6.2
1981,2,FL,6.3
1981,3,FL,6.4
1981,4,FL,6.5
1981,5,FL,6.5
1981,6,FL,6.6
1981,7,FL,6.7
1981,8,FL,6.8
1981,9,FL,7.0
1981,10,FL,7.2
1981,11,FL,7.4
1981,12,FL,7.6
1982,1,FL,7.7
1982,2,FL,7.9
1982,3,FL,8.1
1982,4,FL,8.2
1982,5,FL,8.3
1982,6,FL,8.4
1982,7,FL,8.5
1982,8,FL,8.7
1982,9,FL,8.9
1982,10,FL,9.1
1982,11,FL,9.3
1982,12,FL,9.4
1983,1,FL,9.4
1983,2,FL,9.4
1983,3,FL,9.3
1983,4,FL,9.2
1983,5,FL,9.0
1983,6,FL,8.9
1983,7,FL,8.7
1983,8,FL,8.4
1983,9,FL,8.2
1983,10,FL,7.9
1983,11,FL,7.7
1983,12,FL,7.4
1984,1,FL,7.2
1984,2,FL,7.0
1984,3,FL,6.8
1984,4,FL,6.7
1984,5,FL,6.6
1984,6,FL,6.5
1984,7,FL,6.5
1984,8,FL,6.4
1984,9,FL,6.4
1984,10,FL,6.4
1984,11,FL,6.3
1984,12,FL,6.3
1985,1,FL,6.3
1985,2,FL,6.3
1985,3,FL,6.3
1985,4,FL,6.2
1985,5,FL,6.2
1985,6,FL,6.2
1985,7,FL,6.1
1985,8,FL,6.0
1985,9,FL,6.0
1985,10,FL,5.9
1985,11,FL,5.8
1985,12,FL,5.8
1986,1,FL,5.8
1986,2,FL,5.8
1986,3,FL,5.9
1986,4,FL,5.9
1986,5,FL,5.9
1986,6,FL,5.9
1986,7,FL,5.9
1986,8,FL,5.9
1986,9,FL,5.9
1986,10,FL,5.8
1986,11,FL,5.8
1986,12,FL,5.8
1987,1,FL,5.7
1987,2,FL,5.6
1987,3,FL,5.6
1987,4,FL,5.5
1987,5,FL,5.4
1987,6,FL,5.4
1987,7,FL,5.3
1987,8,FL,5.3
1987,9,FL,5.3
1987,10,FL,5.3
1987,11,FL,5.2
1987,12,FL,5.2
1988,1,FL,5.2
1988,2,FL,5.2
1988,3,FL,5.2
1988,4,FL,5.1
1988,5,FL,5.1
1988,6,FL,5.1
1988,7,FL,5.1
1988,8,FL,5.2
1988,9,FL,5.2
1988,10,FL,5.3
1988,11,FL,5.3
1988,12,FL,5.3
1989,1,FL,5.4
1989,2,FL,5.4
1989,3,FL,5.5
1989,4,FL,5.5
1989,5,FL,5.6
1989,6,FL,5.6
1989,7,FL,5.6
1989,8,FL,5.7
1989,9,FL,5.7
1989,10,FL,5.7
1989,11,FL,5.8
1989,12,FL,5.8
1990,1,FL,5.8
1990,2,FL,5.8
1990,3,FL,5.8
1990,4,FL,5.9
1990,5,FL,5.9
1990,6,FL,6.0
1990,7,FL,6.1
1990,8,FL,6.3
1990,9,FL,6.4
1990,10,FL,6.6
1990,11,FL,6.7
1990,12,FL,6.9
1991,1,FL,7.0
1991,2,FL,7.2
1991,3,FL,7.3
1991,4,FL,7.4
1991,5,FL,7.6
1991,6,FL,7.7
1991,7,FL,7.7
1991,8,FL,7.8
1991,9,FL,7.9
1991,10,FL,8.0
1991,11,FL,8.2
1991,12,FL,8.3
1992,1,FL,8.4
1992,2,FL,8.5
1992,3,FL,8.5
1992,4,FL,8.6
1992,5,FL,8.6
1992,6,FL,8.6
1992,7,FL,8.5
1992,8,FL,8.5
1992,9,FL,8.4
1992,10,FL,8.2
1992,11,FL,8.1
1992,12,FL,8.0
1993,1,FL,7.9
1993,2,FL,7.8
1993,3,FL,7.7
1993,4,FL,7.6
1993,5,FL,7.5
1993,6,FL,7.4
1993,7,FL,7.3
1993,8,FL,7.2
1993,9,FL,7.2
1993,10,FL,7.1
1993,11,FL,7.1
1993,12,FL,7.1
1994,1,FL,7.0
1994,2,FL,7.0
1994,3,FL,6.9
1994,4,FL,6.8
1994,5,FL,6.7
1994,6,FL,6.6
1994,7,FL,6.5
1994,8,FL,6.4
1994,9,FL,6.2
1994,10,FL,6.1
1994,11,FL,5.9
1994,12,FL,5.8
1995,1,FL,5.7
1995,2,FL,5.6
1995,3,FL,5.6
1995,4,FL,5.6
1995,5,FL,5.6
1995,6,FL,5.6
1995,7,FL,5.6
1995,8,FL,5.6
1995,9,FL,5.6
1995,10,FL,5.6
1995,11,FL,5.6
1995,12,FL,5.5
1996,1,FL,5.5
1996,2,FL,5.4
1996,3,FL,5.4
1996,4,FL,5.4
1996,5,FL,5.3
1996,6,FL,5.3
1996,7,FL,5.2
1996,8,FL,5.2
1996,9,FL,5.2
1996,10,FL,5.2
1996,11,FL,5.2
1996,12,FL,5.2
1997,1,FL,5.2
1997,2,FL,5.2
1997,3,FL,5.1
1997,4,FL,5.1
1997,5,FL,5.0
1997,6,FL,5.0
1997,7,FL,4.9
1997,8,FL,4.8
1997,9,FL,4.8
1997,10,FL,4.8
1997,11,FL,4.7
1997,12,FL,4.7
1998,1,FL,4.7
1998,2,FL,4.6
1998,3,FL,4.6
1998,4,FL,4.5
1998,5,FL,4.5
1998,6,FL,4.4
1998,7,FL,4.4
1998,8,FL,4.4
1998,9,FL,4.4
1998,10,FL,4.3
1998,11,FL,4.2
1998,12,FL,4.2
1999,1,FL,4.1
1999,2,FL,4.1
1999,3,FL,4.0
1999,4,FL,4.0
1999,5,FL,4.0
1999,6,FL,4.0
1999,7,FL,3.9
1999,8,FL,3.9
1999,9,FL,3.9
1999,10,FL,3.8
1999,11,FL,3.8
1999,12,FL,3.8
2000,1,FL,3.7
2000,2,FL,3.7
2000,3,FL,3.7
2000,4,FL,3.7
2000,5,FL,3.8
2000,6,FL,3.8
2000,7,FL,3.8
2000,8,FL,3.7
2000,9,FL,3.7
2000,10,FL,3.7
2000,11,FL,3.7
2000,12,FL,3.8
2001,1,FL,3.9
2001,2,FL,4.0
2001,3,FL,4.1
2001,4,FL,4.2
2001,5,FL,4.3
2001,6,FL,4.4
2001,7,FL,4.6
2001,8,FL,4.8
2001,9,FL,5.0
2001,10,FL,5.4
2001,11,FL,5.6
2001,12,FL,5.7
2002,1,FL,5.8
2002,2,FL,5.8
2002,3,FL,5.8
2002,4,FL,5.7
2002,5,FL,5.7
2002,6,FL,5.7
2002,7,FL,5.6
2002,8,FL,5.6
2002,9,FL,5.5
2002,10,FL,5.5
2002,11,FL,5.5
2002,12,FL,5.5
2003,1,FL,5.5
2003,2,FL,5.5
2003,3,FL,5.4
2003,4,FL,5.4
2003,5,FL,5.4
2003,6,FL,5.4
2003,7,FL,5.4
2003,8,FL,5.3
2003,9,FL,5.2
2003,10,FL,5.1
2003,11,FL,5.0
2003,12,FL,4.9
2004,1,FL,4.8
2004,2,FL,4.8
2004,3,FL,4.8
2004,4,FL,4.8
2004,5,FL,4.7
2004,6,FL,4.7
2004,7,FL,4.6
2004,8,FL,4.5
2004,9,FL,4.5
2004,10,FL,4.4
2004,11,FL,4.4
2004,12,FL,4.3
2005,1,FL,4.3
2005,2,FL,4.2
2005,3,FL,4.1
2005,4,FL,4.0
2005,5,FL,3.8
2005,6,FL,3.7
2005,7,FL,3.6
2005,8,FL,3.6
2005,9,FL,3.5
2005,10,FL,3.4
2005,11,FL,3.4
2005,12,FL,3.3
2006,1,FL,3.3
2006,2,FL,3.2
2006,3,FL,3.2
2006,4,FL,3.2
2006,5,FL,3.2
2006,6,FL,3.3
2006,7,FL,3.3
2006,8,FL,3.3
2006,9,FL,3.3
2006,10,FL,3.3
2006,11,FL,3.4
2006,12,FL,3.4
2007,1,FL,3.5
2007,2,FL,3.5
2007,3,FL,3.6
2007,4,FL,3.7
2007,5,FL,3.8
2007,6,FL,3.9
2007,7,FL,4.0
2007,8,FL,4.1
2007,9,FL,4.3
2007,10,FL,4.4
2007,11,FL,4.6
2007,12,FL,4.7
2008,1,FL,4.8
2008,2,FL,5.0
2008,3,FL,5.2
2008,4,FL,5.5
2008,5,FL,5.8
2008,6,FL,6.1
2008,7,FL,6.4
2008,8,FL,6.7
2008,9,FL,7.0
2008,10,FL,7.3
2008,11,FL,7.7
2008,12,FL,8.1
2009,1,FL,8.5
2009,2,FL,8.9
2009,3,FL,9.3
2009,4,FL,9.5
2009,5,FL,10.1
2009,6,FL,10.4
2009,7,FL,10.6
2009,8,FL,10.8
2009,9,FL,10.9
2009,10,FL,11.1
2009,11,FL,11.2
2009,12,FL,11.3
2010,1,FL,11.4
2010,2,FL,11.4
2010,3,FL,11.4
2010,4,FL,11.3
2010,5,FL,11.2
2010,6,FL,11.2
2010,7,FL,11.2
2010,8,FL,11.2
2010,9,FL,11.2
2010,10,FL,11.2
2010,11,FL,11.2
2010,12,FL,11.1
2011,1,FL,10.9
2011,2,FL,10.8
2011,3,FL,10.6
2011,4,FL,10.5
2011,5,FL,10.4
2011,6,FL,10.3
2011,7,FL,10.2
2011,8,FL,10.1
2011,9,FL,9.8
2011,10,FL,9.7
2011,11,FL,9.5
2011,12,FL,9.4
2012,1,FL,9.2
2012,2,FL,9.1
2012,3,FL,9.0
2012,4,FL,8.9
2012,5,FL,8.9
2012,6,FL,8.8
2012,7,FL,8.7
2012,8,FL,8.5
2012,9,FL,8.4
2012,10,FL,8.3
2012,11,FL,8.2
2012,12,FL,8.1
2013,1,FL,8.0
2013,2,FL,7.9
2013,3,FL,7.9
2013,4,FL,7.7
2013,5,FL,7.6
2013,6,FL,7.6
2013,7,FL,7.5
2013,8,FL,7.4
2013,9,FL,7.3
2013,10,FL,7.2
2013,11,FL,7.1
2013,12,FL,7.0
2014,1,FL,6.9
2014,2,FL,6.8
2014,3,FL,6.8
2014,4,FL,6.7
2014,5,FL,6.6
2014,6,FL,6.5
2014,7,FL,6.4
2014,8,FL,6.3
2014,9,FL,6.2
2014,10,FL,6.1
2014,11,FL,6.0
2014,12,FL,6.0
2015,1,FL,5.9
2015,2,FL,5.8
2015,3,FL,5.8
2015,4,FL,5.7
2015,5,FL,5.6
2015,6,FL,5.5
2015,7,FL,5.5
2015,8,FL,5.4
2015,9,FL,5.3
2015,10,FL,5.2
2015,11,FL,5.2
2015,12,FL,5.1
2016,1,FL,5.1
2016,2,FL,5.0
2016,3,FL,4.9
2016,4,FL,4.9
2016,5,FL,4.9
2016,6,FL,4.9
2016,7,FL,4.9
2016,8,FL,4.9
2016,9,FL,4.9
2016,10,FL,4.9
2016,11,FL,4.8
2016,12,FL,4.8
2017,1,FL,4.7
2017,2,FL,4.6
2017,3,FL,4.5
2017,4,FL,4.4
2017,5,FL,4.3
2017,6,FL,4.2
2017,7,FL,4.2
2017,8,FL,4.2
2017,9,FL,4.1
2017,10,FL,4.1
2017,11,FL,4.1
2017,12,FL,4.0
2018,1,FL,3.9
2018,2,FL,3.9
2018,3,FL,3.8
2018,4,FL,3.7
2018,5,FL,3.7
2018,6,FL,3.6
2018,7,FL,3.6
2018,8,FL,3.5
2018,9,FL,3.5
2018,10,FL,3.5
2018,11,FL,3.5
2018,12,FL,3.5
2019,1,FL,3.5
2019,2,FL,3.4
2019,3,FL,3.4
2019,4,FL,3.3
2019,5,FL,3.3
2019,6,FL,3.2
2019,7,FL,3.2
2019,8,FL,3.2
2019,9,FL,3.2
2019,10,FL,3.1
2019,11,FL,3.1
2019,12,FL,3.0
2020,1,FL,3.0
2020,2,FL,3.0
2020,3,FL,4.0
2020,4,FL,13.3
2020,5,FL,14.1
2020,6,FL,11.6
2020,7,FL,11.6
2020,8,FL,8.6
2020,9,FL,8.0
2020,10,FL,6.9
2020,11,FL,6.5
2020,12,FL,6.2
2021,1,FL,5.8
2021,2,FL,5.5
2021,3,FL,5.4
2021,4,FL,5.2
2021,5,FL,5.0
2021,6,FL,4.9
2021,7,FL,4.7
2021,8,FL,4.5
2021,9,FL,4.2
2021,10,FL,4.0
2021,11,FL,3.8
2021,12,FL,3.6
2022,1,FL,3.5
2022,2,FL,3.3
2022,3,FL,3.2
2022,4,FL,3.1
2022,5,FL,3.0
2022,6,FL,2.9
2022,7,FL,2.9
2022,8,FL,2.8
2022,9,FL,2.8
2022,10,FL,2.9
2022,11,FL,2.9
2022,12,FL,2.9
2023,1,FL,2.8
2023,2,FL,2.8
2023,3,FL,2.8
2023,4,FL,2.8
2023,5,FL,2.9
2023,6,FL,2.9
2023,7,FL,2.9
2023,8,FL,3.0
2023,9,FL,3.1
2023,10,FL,3.1
2023,11,FL,3.1
2023,12,FL,3.2
2024,1,FL,3.2
2024,2,FL,3.2
2024,3,FL,3.2
2024,4,FL,3.3
2024,5,FL,3.3
2024,6,FL,3.4
2024,7,FL,3.4
2024,8,FL,3.4
2024,9,FL,3.5
2024,10,FL,3.5
2024,11,FL,3.5
2024,12,FL,3.4
2025,1,FL,3.5
2025,2,FL,3.6
2025,3,FL,3.6
2025,4,FL,3.7
2025,5,FL,3.7
2025,6,FL,3.7
2025,7,FL,3.7
2025,8,FL,3.8
2025,9,FL,3.9
2025,10,FL,
2025,11,FL,4.2
2025,12,FL,4.3
1976,1,GA,8.4
1976,2,GA,8.4
1976,3,GA,8.3
1976,4,GA,8.2
1976,5,GA,8.1
1976,6,GA,8.0
1976,7,GA,8.0
1976,8,GA,8.0
1976,9,GA,8.0
1976,10,GA,8.0
1976,11,GA,8.1
1976,12,GA,8.1
1977,1,GA,8.0
1977,2,GA,7.9
1977,3,GA,7.6
1977,4,GA,7.4
1977,5,GA,7.1
1977,6,GA,6.9
1977,7,GA,6.7
1977,8,GA,6.6
1977,9,GA,6.5
1977,10,GA,6.3
1977,11,GA,6.2
1977,12,GA,6.0
1978,1,GA,5.8
1978,2,GA,5.7
1978,3,GA,5.6
1978,4,GA,5.6
1978,5,GA,5.7
1978,6,GA,5.8
1978,7,GA,5.8
1978,8,GA,5.8
1978,9,GA,5.8
1978,10,GA,5.8
1978,11,GA,5.7
1978,12,GA,5.7
1979,1,GA,5.6
1979,2,GA,5.5
1979,3,GA,5.4
1979,4,GA,5.2
1979,5,GA,5.1
1979,6,GA,5.0
1979,7,GA,4.9
1979,8,GA,4.9
1979,9,GA,4.9
1979,10,GA,4.9
1979,11,GA,5.0
1979,12,GA,5.2
1980,1,GA,5.4
1980,2,GA,5.7
1980,3,GA,6.0
1980,4,GA,6.3
1980,5,GA,6.6
1980,6,GA,6.8
1980,7,GA,6.8
1980,8,GA,6.8
1980,9,GA,6.6
1980,10,GA,6.4
1980,11,GA,6.2
1980,12,GA,6.1
1981,1,GA,6.1
1981,2,GA,6.1
1981,3,GA,6.2
1981,4,GA,6.2
1981,5,GA,6.2
1981,6,GA,6.2
1981,7,GA,6.2
1981,8,GA,6.4
1981,9,GA,6.6
1981,10,GA,6.8
1981,11,GA,7.0
1981,12,GA,7.2
1982,1,GA,7.4
1982,2,GA,7.4
1982,3,GA,7.5
1982,4,GA,7.5
1982,5,GA,7.6
1982,6,GA,7.6
1982,7,GA,7.7
1982,8,GA,7.8
1982,9,GA,8.0
1982,10,GA,8.2
1982,11,GA,8.3
1982,12,GA,8.4
1983,1,GA,8.4
1983,2,GA,8.3
1983,3,GA,8.2
1983,4,GA,8.0
1983,5,GA,7.9
1983,6,GA,7.7
1983,7,GA,7.6
1983,8,GA,7.5
1983,9,GA,7.3
1983,10,GA,7.1
1983,11,GA,6.8
1983,12,GA,6.6
1984,1,GA,6.4
1984,2,GA,6.3
1984,3,GA,6.1
1984,4,GA,6.1
1984,5,GA,6.0
1984,6,GA,6.0
1984,7,GA,6.0
1984,8,GA,6.0
1984,9,GA,6.1
1984,10,GA,6.1
1984,11,GA,6.1
1984,12,GA,6.2
1985,1,GA,6.3
1985,2,GA,6.4
1985,3,GA,6.5
1985,4,GA,6.6
1985,5,GA,6.6
1985,6,GA,6.6
1985,7,GA,6.6
1985,8,GA,6.4
1985,9,GA,6.3
1985,10,GA,6.1
1985,11,GA,6.0
1985,12,GA,5.9
1986,1,GA,5.9
1986,2,GA,5.9
1986,3,GA,6.0
1986,4,GA,6.0
1986,5,GA,6.0
1986,6,GA,6.0
1986,7,GA,5.9
1986,8,GA,5.9
1986,9,GA,5.9
1986,10,GA,5.8
1986,11,GA,5.8
1986,12,GA,5.8
1987,1,GA,5.7
1987,2,GA,5.6
1987,3,GA,5.5
1987,4,GA,5.4
1987,5,GA,5.4
1987,6,GA,5.4
1987,7,GA,5.4
1987,8,GA,5.5
1987,9,GA,5.6
1987,10,GA,5.7
1987,11,GA,5.7
1987,12,GA,5.7
1988,1,GA,5.8
1988,2,GA,5.8
1988,3,GA,5.8
1988,4,GA,5.7
1988,5,GA,5.7
1988,6,GA,5.6
1988,7,GA,5.6
1988,8,GA,5.5
1988,9,GA,5.5
1988,10,GA,5.5
1988,11,GA,5.4
1988,12,GA,5.4
1989,1,GA,5.4
1989,2,GA,5.4
1989,3,GA,5.4
1989,4,GA,5.4
1989,5,GA,5.4
1989,6,GA,5.5
1989,7,GA,5.5
1989,8,GA,5.5
1989,9,GA,5.5
1989,10,GA,5.4
1989,11,GA,5.3
1989,12,GA,5.3
1990,1,GA,5.2
1990,2,GA,5.1
1990,3,GA,5.1
1990,4,GA,5.1
1990,5,GA,5.2
1990,6,GA,5.3
1990,7,GA,5.4
1990,8,GA,5.5
1990,9,GA,5.5
1990,10,GA,5.6
1990,11,GA,5.7
1990,12,GA,5.7
1991,1,GA,5.7
1991,2,GA,5.7
1991,3,GA,5.6
1991,4,GA,5.5
1991,5,GA,5.4
1991,6,GA,5.2
1991,7,GA,5.1
1991,8,GA,5.0
1991,9,GA,5.0
1991,10,GA,5.0
1991,11,GA,5.1
1991,12,GA,5.2
1992,1,GA,5.3
1992,2,GA,7.6
1992,3,GA,7.4
1992,4,GA,7.2
1992,5,GA,7.1
1992,6,GA,6.9
1992,7,GA,6.7
1992,8,GA,6.6
1992,9,GA,6.2
1992,10,GA,6.2
1992,11,GA,6.2
1992,12,GA,6.2
1993,1,GA,6.1
1993,2,GA,6.0
1993,3,GA,5.9
1993,4,GA,5.8
1993,5,GA,5.7
1993,6,GA,5.7
1993,7,GA,5.6
1993,8,GA,5.6
1993,9,GA,5.6
1993,10,GA,5.6
1993,11,GA,5.6
1993,12,GA,5.6
1994,1,GA,5.6
1994,2,GA,5.5
1994,3,GA,5.4
1994,4,GA,5.3
1994,5,GA,5.2
1994,6,GA,5.1
1994,7,GA,5.0
1994,8,GA,4.9
1994,9,GA,4.8
1994,10,GA,4.7
1994,11,GA,4.6
1994,12,GA,4.5
1995,1,GA,4.5
1995,2,GA,4.5
1995,3,GA,4.6
1995,4,GA,4.7
1995,5,GA,4.8
1995,6,GA,4.9
1995,7,GA,5.0
1995,8,GA,4.9
1995,9,GA,4.9
1995,10,GA,4.8
1995,11,GA,4.7
1995,12,GA,4.7
1996,1,GA,4.6
1996,2,GA,4.6
1996,3,GA,4.6
1996,4,GA,4.6
1996,5,GA,4.6
1996,6,GA,4.5
1996,7,GA,4.5
1996,8,GA,4.6
1996,9,GA,4.6
1996,10,GA,4.7
1996,11,GA,4.8
1996,12,GA,4.8
1997,1,GA,4.8
1997,2,GA,4.8
1997,3,GA,4.7
1997,4,GA,4.6
1997,5,GA,4.5
1997,6,GA,4.5
1997,7,GA,4.4
1997,8,GA,4.3
1997,9,GA,4.3
1997,10,GA,4.3
1997,11,GA,4.2
1997,12,GA,4.2
1998,1,GA,4.2
1998,2,GA,4.2
1998,3,GA,4.2
1998,4,GA,4.2
1998,5,GA,4.2
1998,6,GA,4.2
1998,7,GA,4.2
1998,8,GA,4.2
1998,9,GA,4.2
1998,10,GA,4.1
1998,11,GA,4.1
1998,12,GA,4.1
1999,1,GA,4.0
1999,2,GA,4.0
1999,3,GA,3.9
1999,4,GA,3.9
1999,5,GA,3.9
1999,6,GA,3.8
1999,7,GA,3.8
1999,8,GA,3.8
1999,9,GA,3.8
1999,10,GA,3.8
1999,11,GA,3.7
1999,12,GA,3.6
2000,1,GA,3.6
2000,2,GA,3.6
2000,3,GA,3.6
2000,4,GA,3.6
2000,5,GA,3.6
2000,6,GA,3.6
2000,7,GA,3.6
2000,8,GA,3.5
2000,9,GA,3.5
2000,10,GA,3.4
2000,11,GA,3.4
2000,12,GA,3.4
2001,1,GA,3.4
2001,2,GA,3.5
2001,3,GA,3.6
2001,4,GA,3.6
2001,5,GA,3.7
2001,6,GA,3.7
2001,7,GA,3.9
2001,8,GA,4.1
2001,9,GA,4.3
2001,10,GA,4.5
2001,11,GA,4.7
2001,12,GA,4.8
2002,1,GA,4.9
2002,2,GA,5.0
2002,3,GA,5.0
2002,4,GA,5.0
2002,5,GA,5.0
2002,6,GA,5.0
2002,7,GA,5.0
2002,8,GA,5.0
2002,9,GA,4.9
2002,10,GA,5.0
2002,11,GA,5.0
2002,12,GA,5.0
2003,1,GA,5.0
2003,2,GA,5.0
2003,3,GA,5.0
2003,4,GA,5.0
2003,5,GA,5.0
2003,6,GA,5.0
2003,7,GA,4.9
2003,8,GA,4.8
2003,9,GA,4.7
2003,10,GA,4.6
2003,11,GA,4.5
2003,12,GA,4.4
2004,1,GA,4.4
2004,2,GA,4.4
2004,3,GA,4.4
2004,4,GA,4.5
2004,5,GA,4.6
2004,6,GA,4.7
2004,7,GA,4.8
2004,8,GA,4.9
2004,9,GA,5.0
2004,10,GA,5.1
2004,11,GA,5.2
2004,12,GA,5.2
2005,1,GA,5.3
2005,2,GA,5.4
2005,3,GA,5.4
2005,4,GA,5.4
2005,5,GA,5.4
2005,6,GA,5.3
2005,7,GA,5.3
2005,8,GA,5.3
2005,9,GA,5.3
2005,10,GA,5.2
2005,11,GA,5.1
2005,12,GA,5.0
2006,1,GA,4.9
2006,2,GA,4.8
2006,3,GA,4.8
2006,4,GA,4.7
2006,5,GA,4.7
2006,6,GA,4.7
2006,7,GA,4.7
2006,8,GA,4.6
2006,9,GA,4.6
2006,10,GA,4.5
2006,11,GA,4.5
2006,12,GA,4.4
2007,1,GA,4.4
2007,2,GA,4.4
2007,3,GA,4.3
2007,4,GA,4.4
2007,5,GA,4.4
2007,6,GA,4.5
2007,7,GA,4.5
2007,8,GA,4.6
2007,9,GA,4.7
2007,10,GA,4.8
2007,11,GA,4.9
2007,12,GA,5.0
2008,1,GA,5.1
2008,2,GA,5.3
2008,3,GA,5.4
2008,4,GA,5.6
2008,5,GA,5.8
2008,6,GA,6.1
2008,7,GA,6.3
2008,8,GA,6.5
2008,9,GA,7.1
2008,10,GA,7.5
2008,11,GA,7.9
2008,12,GA,8.3
2009,1,GA,8.7
2009,2,GA,9.1
2009,3,GA,9.5
2009,4,GA,9.7
2009,5,GA,9.9
2009,6,GA,10.0
2009,7,GA,10.1
2009,8,GA,10.2
2009,9,GA,10.3
2009,10,GA,10.4
2009,11,GA,10.5
2009,12,GA,10.5
2010,1,GA,10.6
2010,2,GA,10.5
2010,3,GA,10.5
2010,4,GA,10.4
2010,5,GA,10.3
2010,6,GA,10.2
2010,7,GA,10.2
2010,8,GA,10.3
2010,9,GA,10.4
2010,10,GA,10.4
2010,11,GA,10.4
2010,12,GA,10.4
2011,1,GA,10.3
2011,2,GA,10.2
2011,3,GA,10.2
2011,4,GA,10.1
2011,5,GA,10.1
2011,6,GA,10.1
2011,7,GA,10.1
2011,8,GA,10.1
2011,9,GA,10.0
2011,10,GA,9.9
2011,11,GA,9.7
2011,12,GA,9.6
2012,1,GA,9.5
2012,2,GA,9.4
2012,3,GA,9.3
2012,4,GA,9.3
2012,5,GA,9.2
2012,6,GA,9.1
2012,7,GA,9.0
2012,8,GA,8.9
2012,9,GA,8.8
2012,10,GA,8.7
2012,11,GA,8.7
2012,12,GA,8.6
2013,1,GA,8.6
2013,2,GA,8.5
2013,3,GA,8.5
2013,4,GA,8.4
2013,5,GA,8.3
2013,6,GA,8.2
2013,7,GA,8.1
2013,8,GA,8.0
2013,9,GA,7.9
2013,10,GA,7.8
2013,11,GA,7.7
2013,12,GA,7.6
2014,1,GA,7.5
2014,2,GA,7.4
2014,3,GA,7.4
2014,4,GA,7.4
2014,5,GA,7.4
2014,6,GA,7.3
2014,7,GA,7.2
2014,8,GA,7.1
2014,9,GA,7.0
2014,10,GA,6.8
2014,11,GA,6.7
2014,12,GA,6.6
2015,1,GA,6.5
2015,2,GA,6.4
2015,3,GA,6.3
2015,4,GA,6.2
2015,5,GA,6.2
2015,6,GA,6.1
2015,7,GA,6.0
2015,8,GA,5.9
2015,9,GA,5.8
2015,10,GA,5.8
2015,11,GA,5.7
2015,12,GA,5.7
2016,1,GA,5.7
2016,2,GA,5.6
2016,3,GA,5.5
2016,4,GA,5.5
2016,5,GA,5.4
2016,6,GA,5.4
2016,7,GA,5.4
2016,8,GA,5.4
2016,9,GA,5.4
2016,10,GA,5.4
2016,11,GA,5.4
2016,12,GA,5.3
2017,1,GA,5.2
2017,2,GA,5.1
2017,3,GA,5.0
2017,4,GA,4.9
2017,5,GA,4.9
2017,6,GA,4.8
2017,7,GA,4.7
2017,8,GA,4.6
2017,9,GA,4.6
2017,10,GA,4.5
2017,11,GA,4.4
2017,12,GA,4.4
2018,1,GA,4.3
2018,2,GA,4.2
2018,3,GA,4.2
2018,4,GA,4.1
2018,5,GA,4.0
2018,6,GA,4.0
2018,7,GA,3.9
2018,8,GA,3.9
2018,9,GA,3.9
2018,10,GA,3.9
2018,11,GA,3.9
2018,12,GA,3.9
2019,1,GA,3.9
2019,2,GA,3.8
2019,3,GA,3.7
2019,4,GA,3.7
2019,5,GA,3.6
2019,6,GA,3.6
2019,7,GA,3.6
2019,8,GA,3.5
2019,9,GA,3.5
2019,10,GA,3.4
2019,11,GA,3.4
2019,12,GA,3.5
2020,1,GA,3.6
2020,2,GA,3.6
2020,3,GA,3.7
2020,4,GA,12.5
2020,5,GA,9.8
2020,6,GA,8.4
2020,7,GA,7.7
2020,8,GA,6.8
2020,9,GA,6.5
2020,10,GA,5.6
2020,11,GA,5.3
2020,12,GA,5.1
2021,1,GA,4.9
2021,2,GA,4.6
2021,3,GA,4.5
2021,4,GA,4.3
2021,5,GA,4.1
2021,6,GA,4.0
2021,7,GA,3.8
2021,8,GA,3.7
2021,9,GA,3.5
2021,10,GA,3.4
2021,11,GA,3.3
2021,12,GA,3.2
2022,1,GA,3.1
2022,2,GA,3.1
2022,3,GA,3.1
2022,4,GA,3.1
2022,5,GA,3.1
2022,6,GA,3.1
2022,7,GA,3.1
2022,8,GA,3.2
2022,9,GA,3.2
2022,10,GA,3.3
2022,11,GA,3.3
2022,12,GA,3.3
2023,1,GA,3.3
2023,2,GA,3.3
2023,3,GA,3.3
2023,4,GA,3.2
2023,5,GA,3.2
2023,6,GA,3.3
2023,7,GA,3.3
2023,8,GA,3.3
2023,9,GA,3.3
2023,10,GA,3.3
2023,11,GA,3.3
2023,12,GA,3.3
2024,1,GA,3.3
2024,2,GA,3.3
2024,3,GA,3.4
2024,4,GA,3.4
2024,5,GA,3.5
2024,6,GA,3.6
2024,7,GA,3.6
2024,8,GA,3.6
2024,9,GA,3.6
2024,10,GA,3.6
2024,11,GA,3.6
2024,12,GA,3.6
2025,1,GA,3.6
2025,2,GA,3.6
2025,3,GA,3.6
2025,4,GA,3.6
2025,5,GA,3.5
2025,6,GA,3.5
2025,7,GA,3.4
2025,8,GA,3.4
2025,9,GA,3.4
2025,10,GA,
2025,11,GA,3.5
2025,12,GA,3.6
1976,1,HI,9.6
1976,2,HI,9.6
1976,3,HI,9.6
1976,4,HI,9.4
1976,5,HI,9.3
1976,6,HI,9.1
1976,7,HI,9.0
1976,8,HI,8.9
1976,9,HI,8.9
1976,10,HI,8.8
1976,11,HI,8.7
1976,12,HI,8.6
1977,1,HI,8.5
1977,2,HI,8.3
1977,3,HI,8.1
1977,4,HI,7.9
1977,5,HI,7.7
1977,6,HI,7.5
1977,7,HI,7.3
1977,8,HI,7.2
1977,9,HI,7.1
1977,10,HI,7.0
1977,11,HI,7.0
1977,12,HI,7.0
1978,1,HI,7.0
1978,2,HI,7.0
1978,3,HI,7.0
1978,4,HI,7.1
1978,5,HI,7.1
1978,6,HI,7.1
1978,7,HI,7.1
1978,8,HI,7.0
1978,9,HI,7.0
1978,10,HI,6.9
1978,11,HI,6.8
1978,12,HI,6.6
1979,1,HI,6.5
1979,2,HI,6.3
1979,3,HI,6.2
1979,4,HI,6.0
1979,5,HI,5.8
1979,6,HI,5.7
1979,7,HI,5.6
1979,8,HI,5.5
1979,9,HI,5.4
1979,10,HI,5.2
1979,11,HI,5.1
1979,12,HI,4.9
1980,1,HI,4.8
1980,2,HI,4.7
1980,3,HI,4.8
1980,4,HI,4.8
1980,5,HI,4.9
1980,6,HI,5.0
1980,7,HI,5.1
1980,8,HI,5.1
1980,9,HI,5.1
1980,10,HI,5.1
1980,11,HI,5.1
1980,12,HI,5.1
1981,1,HI,5.1
1981,2,HI,5.1
1981,3,HI,5.1
1981,4,HI,5.1
1981,5,HI,5.0
1981,6,HI,5.0
1981,7,HI,5.0
1981,8,HI,5.0
1981,9,HI,5.2
1981,10,HI,5.3
1981,11,HI,5.5
1981,12,HI,5.7
1982,1,HI,5.8
1982,2,HI,5.9
1982,3,HI,6.0
1982,4,HI,6.2
1982,5,HI,6.2
1982,6,HI,6.3
1982,7,HI,6.3
1982,8,HI,6.3
1982,9,HI,6.2
1982,10,HI,6.2
1982,11,HI,6.1
1982,12,HI,6.1
1983,1,HI,6.1
1983,2,HI,6.1
1983,3,HI,6.1
1983,4,HI,6.1
1983,5,HI,6.0
1983,6,HI,5.9
1983,7,HI,5.8
1983,8,HI,5.8
1983,9,HI,5.7
1983,10,HI,5.7
1983,11,HI,5.7
1983,12,HI,5.7
1984,1,HI,5.6
1984,2,HI,5.6
1984,3,HI,5.5
1984,4,HI,5.5
1984,5,HI,5.5
1984,6,HI,5.5
1984,7,HI,5.4
1984,8,HI,5.4
1984,9,HI,5.3
1984,10,HI,5.3
1984,11,HI,5.2
1984,12,HI,5.2
1985,1,HI,5.2
1985,2,HI,5.2
1985,3,HI,5.2
1985,4,HI,5.2
1985,5,HI,5.2
1985,6,HI,5.3
1985,7,HI,5.3
1985,8,HI,5.3
1985,9,HI,5.3
1985,10,HI,5.3
1985,11,HI,5.2
1985,12,HI,5.2
1986,1,HI,5.1
1986,2,HI,5.1
1986,3,HI,5.0
1986,4,HI,4.9
1986,5,HI,4.8
1986,6,HI,4.7
1986,7,HI,4.6
1986,8,HI,4.5
1986,9,HI,4.4
1986,10,HI,4.3
1986,11,HI,4.2
1986,12,HI,4.1
1987,1,HI,4.1
1987,2,HI,4.0
1987,3,HI,3.9
1987,4,HI,3.9
1987,5,HI,3.8
1987,6,HI,3.7
1987,7,HI,3.7
1987,8,HI,3.6
1987,9,HI,3.5
1987,10,HI,3.5
1987,11,HI,3.4
1987,12,HI,3.3
1988,1,HI,3.2
1988,2,HI,3.1
1988,3,HI,3.1
1988,4,HI,3.1
1988,5,HI,3.1
1988,6,HI,3.0
1988,7,HI,3.0
1988,8,HI,3.0
1988,9,HI,3.0
1988,10,HI,3.0
1988,11,HI,3.0
1988,12,HI,2.9
1989,1,HI,2.8
1989,2,HI,2.7
1989,3,HI,2.6
1989,4,HI,2.5
1989,5,HI,2.4
1989,6,HI,2.3
1989,7,HI,2.3
1989,8,HI,2.3
1989,9,HI,2.4
1989,10,HI,2.4
1989,11,HI,2.5
1989,12,HI,2.6
1990,1,HI,2.6
1990,2,HI,2.7
1990,3,HI,2.7
1990,4,HI,2.7
1990,5,HI,2.7
1990,6,HI,2.7
1990,7,HI,2.6
1990,8,HI,2.6
1990,9,HI,2.5
1990,10,HI,2.5
1990,11,HI,2.5
1990,12,HI,2.5
1991,1,HI,2.5
1991,2,HI,2.5
1991,3,HI,2.6
1991,4,HI,2.6
1991,5,HI,2.6
1991,6,HI,2.7
1991,7,HI,2.7
1991,8,HI,2.8
1991,9,HI,2.9
1991,10,HI,3.0
1991,11,HI,3.1
1991,12,HI,3.2
1992,1,HI,3.4
1992,2,HI,3.5
1992,3,HI,3.7
1992,4,HI,3.9
1992,5,HI,4.0
1992,6,HI,4.2
1992,7,HI,4.3
1992,8,HI,4.4
1992,9,HI,4.4
1992,10,HI,4.5
1992,11,HI,4.5
1992,12,HI,4.5
1993,1,HI,4.5
1993,2,HI,4.4
1993,3,HI,4.4
1993,4,HI,4.3
1993,5,HI,4.3
1993,6,HI,4.3
1993,7,HI,4.3
1993,8,HI,4.3
1993,9,HI,4.3
1993,10,HI,4.4
1993,11,HI,4.5
1993,12,HI,4.6
1994,1,HI,4.8
1994,2,HI,4.9
1994,3,HI,5.0
1994,4,HI,5.1
1994,5,HI,5.2
1994,6,HI,5.2
1994,7,HI,5.3
1994,8,HI,5.3
1994,9,HI,5.3
1994,10,HI,5.3
1994,11,HI,5.2
1994,12,HI,5.1
1995,1,HI,5.1
1995,2,HI,5.1
1995,3,HI,5.2
1995,4,HI,5.3
1995,5,HI,5.4
1995,6,HI,5.5
1995,7,HI,5.6
1995,8,HI,5.7
1995,9,HI,5.7
1995,10,HI,5.8
1995,11,HI,5.8
1995,12,HI,5.8
1996,1,HI,5.9
1996,2,HI,5.9
1996,3,HI,5.9
1996,4,HI,5.9
1996,5,HI,5.9
1996,6,HI,5.9
1996,7,HI,5.8
1996,8,HI,5.8
1996,9,HI,5.8
1996,10,HI,5.9
1996,11,HI,6.0
1996,12,HI,6.0
1997,1,HI,6.1
1997,2,HI,6.1
1997,3,HI,6.1
1997,4,HI,6.1
1997,5,HI,6.0
1997,6,HI,6.0
1997,7,HI,6.0
1997,8,HI,5.9
1997,9,HI,5.8
1997,10,HI,5.8
1997,11,HI,5.7
1997,12,HI,5.7
1998,1,HI,5.7
1998,2,HI,5.7
1998,3,HI,5.7
1998,4,HI,5.7
1998,5,HI,5.8
1998,6,HI,5.8
1998,7,HI,5.9
1998,8,HI,5.9
1998,9,HI,5.9
1998,10,HI,5.9
1998,11,HI,5.8
1998,12,HI,5.7
1999,1,HI,5.6
1999,2,HI,5.5
1999,3,HI,5.4
1999,4,HI,5.4
1999,5,HI,5.3
1999,6,HI,5.2
1999,7,HI,5.2
1999,8,HI,5.1
1999,9,HI,5.0
1999,10,HI,4.9
1999,11,HI,4.8
1999,12,HI,4.6
2000,1,HI,4.5
2000,2,HI,4.5
2000,3,HI,4.4
2000,4,HI,4.4
2000,5,HI,4.3
2000,6,HI,4.3
2000,7,HI,4.2
2000,8,HI,4.1
2000,9,HI,4.1
2000,10,HI,4.0
2000,11,HI,4.0
2000,12,HI,4.0
2001,1,HI,4.1
2001,2,HI,4.1
2001,3,HI,4.2
2001,4,HI,4.2
2001,5,HI,4.2
2001,6,HI,4.2
2001,7,HI,4.2
2001,8,HI,4.3
2001,9,HI,4.4
2001,10,HI,4.4
2001,11,HI,4.5
2001,12,HI,4.5
2002,1,HI,4.4
2002,2,HI,4.4
2002,3,HI,4.3
2002,4,HI,4.2
2002,5,HI,4.1
2002,6,HI,4.0
2002,7,HI,4.0
2002,8,HI,3.9
2002,9,HI,3.9
2002,10,HI,3.8
2002,11,HI,3.8
2002,12,HI,3.7
2003,1,HI,3.7
2003,2,HI,3.7
2003,3,HI,3.8
2003,4,HI,3.9
2003,5,HI,4.0
2003,6,HI,4.0
2003,7,HI,4.1
2003,8,HI,4.1
2003,9,HI,4.0
2003,10,HI,3.9
2003,11,HI,3.9
2003,12,HI,3.8
2004,1,HI,3.7
2004,2,HI,3.6
2004,3,HI,3.5
2004,4,HI,3.4
2004,5,HI,3.3
2004,6,HI,3.2
2004,7,HI,3.2
2004,8,HI,3.2
2004,9,HI,3.2
2004,10,HI,3.2
2004,11,HI,3.1
2004,12,HI,3.1
2005,1,HI,3.1
2005,2,HI,3.0
2005,3,HI,2.9
2005,4,HI,2.8
2005,5,HI,2.8
2005,6,HI,2.8
2005,7,HI,2.8
2005,8,HI,2.8
2005,9,HI,2.8
2005,10,HI,2.8
2005,11,HI,2.8
2005,12,HI,2.7
2006,1,HI,2.7
2006,2,HI,2.7
2006,3,HI,2.7
2006,4,HI,2.8
2006,5,HI,2.8
2006,6,HI,2.7
2006,7,HI,2.6
2006,8,HI,2.5
2006,9,HI,2.4
2006,10,HI,2.3
2006,11,HI,2.3
2006,12,HI,2.3
2007,1,HI,2.4
2007,2,HI,2.5
2007,3,HI,2.5
2007,4,HI,2.6
2007,5,HI,2.6
2007,6,HI,2.7
2007,7,HI,2.7
2007,8,HI,2.8
2007,9,HI,2.9
2007,10,HI,3.0
2007,11,HI,3.1
2007,12,HI,3.1
2008,1,HI,3.1
2008,2,HI,3.2
2008,3,HI,3.3
2008,4,HI,3.4
2008,5,HI,3.6
2008,6,HI,3.9
2008,7,HI,4.1
2008,8,HI,4.3
2008,9,HI,4.6
2008,10,HI,4.9
2008,11,HI,5.2
2008,12,HI,5.5
2009,1,HI,5.8
2009,2,HI,6.1
2009,3,HI,6.3
2009,4,HI,6.4
2009,5,HI,6.5
2009,6,HI,6.6
2009,7,HI,6.6
2009,8,HI,6.7
2009,9,HI,6.7
2009,10,HI,6.7
2009,11,HI,6.8
2009,12,HI,6.8
2010,1,HI,6.8
2010,2,HI,6.8
2010,3,HI,6.8
2010,4,HI,6.7
2010,5,HI,6.7
2010,6,HI,6.6
2010,7,HI,6.6
2010,8,HI,6.6
2010,9,HI,6.7
2010,10,HI,6.7
2010,11,HI,6.7
2010,12,HI,6.7
2011,1,HI,6.6
2011,2,HI,6.6
2011,3,HI,6.6
2011,4,HI,6.6
2011,5,HI,6.7
2011,6,HI,6.8
2011,7,HI,6.8
2011,8,HI,6.9
2011,9,HI,6.9
2011,10,HI,6.8
2011,11,HI,6.7
2011,12,HI,6.5
2012,1,HI,6.4
2012,2,HI,6.3
2012,3,HI,6.3
2012,4,HI,6.2
2012,5,HI,6.1
2012,6,HI,6.0
2012,7,HI,5.8
2012,8,HI,5.6
2012,9,HI,5.4
2012,10,HI,5.3
2012,11,HI,5.2
2012,12,HI,5.1
2013,1,HI,5.0
2013,2,HI,4.9
2013,3,HI,4.8
2013,4,HI,4.7
2013,5,HI,4.7
2013,6,HI,4.6
2013,7,HI,4.6
2013,8,HI,4.6
2013,9,HI,4.7
2013,10,HI,4.7
2013,11,HI,4.7
2013,12,HI,4.6
2014,1,HI,4.6
2014,2,HI,4.5
2014,3,HI,4.4
2014,4,HI,4.4
2014,5,HI,4.3
2014,6,HI,4.3
2014,7,HI,4.2
2014,8,HI,4.1
2014,9,HI,4.1
2014,10,HI,4.0
2014,11,HI,3.9
2014,12,HI,3.9
2015,1,HI,3.8
2015,2,HI,3.7
2015,3,HI,3.7
2015,4,HI,3.6
2015,5,HI,3.5
2015,6,HI,3.4
2015,7,HI,3.3
2015,8,HI,3.3
2015,9,HI,3.2
2015,10,HI,3.2
2015,11,HI,3.2
2015,12,HI,3.1
2016,1,HI,3.1
2016,2,HI,3.1
2016,3,HI,3.0
2016,4,HI,3.0
2016,5,HI,3.0
2016,6,HI,3.0
2016,7,HI,2.9
2016,8,HI,2.9
2016,9,HI,2.8
2016,10,HI,2.8
2016,11,HI,2.7
2016,12,HI,2.6
2017,1,HI,2.6
2017,2,HI,2.5
2017,3,HI,2.5
2017,4,HI,2.4
2017,5,HI,2.3
2017,6,HI,2.2
2017,7,HI,2.2
2017,8,HI,2.1
2017,9,HI,2.0
2017,10,HI,2.0
2017,11,HI,2.0
2017,12,HI,2.0
2018,1,HI,2.1
2018,2,HI,2.1
2018,3,HI,2.2
2018,4,HI,2.2
2018,5,HI,2.3
2018,6,HI,2.4
2018,7,HI,2.4
2018,8,HI,2.5
2018,9,HI,2.6
2018,10,HI,2.6
2018,11,HI,2.7
2018,12,HI,2.7
2019,1,HI,2.8
2019,2,HI,2.7
2019,3,HI,2.7
2019,4,HI,2.6
2019,5,HI,2.6
2019,6,HI,2.5
2019,7,HI,2.5
2019,8,HI,2.4
2019,9,HI,2.4
2019,10,HI,2.4
2019,11,HI,2.3
2019,12,HI,2.2
2020,1,HI,2.2
2020,2,HI,2.2
2020,3,HI,2.1
2020,4,HI,22.5
2020,5,HI,20.7
2020,6,HI,17.3
2020,7,HI,15.6
2020,8,HI,13.0
2020,9,HI,13.3
2020,10,HI,11.3
2020,11,HI,10.5
2020,12,HI,10.2
2021,1,HI,9.5
2021,2,HI,9.1
2021,3,HI,8.4
2021,4,HI,7.8
2021,5,HI,6.9
2021,6,HI,6.3
2021,7,HI,5.4
2021,8,HI,4.7
2021,9,HI,3.9
2021,10,HI,3.3
2021,11,HI,3.2
2021,12,HI,3.1
2022,1,HI,3.1
2022,2,HI,3.2
2022,3,HI,3.2
2022,4,HI,3.3
2022,5,HI,3.3
2022,6,HI,3.3
2022,7,HI,3.3
2022,8,HI,3.3
2022,9,HI,3.3
2022,10,HI,3.3
2022,11,HI,3.3
2022,12,HI,3.2
2023,1,HI,3.1
2023,2,HI,3.0
2023,3,HI,3.0
2023,4,HI,2.9
2023,5,HI,2.8
2023,6,HI,2.8
2023,7,HI,2.8
2023,8,HI,2.9
2023,9,HI,2.9
2023,10,HI,2.9
2023,11,HI,3.0
2023,12,HI,3.0
2024,1,HI,2.9
2024,2,HI,2.9
2024,3,HI,2.9
2024,4,HI,2.9
2024,5,HI,2.9
2024,6,HI,2.9
2024,7,HI,3.0
2024,8,HI,3.0
2024,9,HI,3.0
2024,10,HI,3.0
2024,11,HI,3.0
2024,12,HI,3.0
2025,1,HI,3.0
2025,2,HI,3.0
2025,3,HI,2.9
2025,4,HI,2.9
2025,5,HI,2.8
2025,6,HI,2.8
2025,7,HI,2.7
2025,8,HI,2.7
2025,9,HI,2.5
2025,10,HI,
2025,11,HI,2.2
2025,12,HI,2.2
1976,1,ID,5.6
1976,2,ID,5.6
1976,3,ID,5.6
1976,4,ID,5.6
1976,5,ID,5.6
1976,6,ID,5.5
1976,7,ID,5.5
1976,8,ID,5.6
1976,9,ID,5.6
1976,10,ID,5.7
1976,11,ID,5.8
1976,12,ID,5.9
1977,1,ID,5.9
1977,2,ID,6.0
1977,3,ID,6.0
1977,4,ID,6.0
1977,5,ID,6.0
1977,6,ID,6.0
1977,7,ID,6.0
1977,8,ID,6.0
1977,9,ID,5.9
1977,10,ID,5.8
1977,11,ID,5.6
1977,12,ID,5.5
1978,1,ID,5.3
1978,2,ID,5.2
1978,3,ID,5.2
1978,4,ID,5.2
1978,5,ID,5.2
1978,6,ID,5.3
1978,7,ID,5.4
1978,8,ID,5.6
1978,9,ID,5.7
1978,10,ID,5.8
1978,11,ID,5.9
1978,12,ID,6.0
1979,1,ID,6.1
1979,2,ID,6.0
1979,3,ID,5.9
1979,4,ID,5.8
1979,5,ID,5.7
1979,6,ID,5.6
1979,7,ID,5.6
1979,8,ID,5.6
1979,9,ID,5.7
1979,10,ID,5.8
1979,11,ID,5.9
1979,12,ID,6.1
1980,1,ID,6.3
1980,2,ID,6.7
1980,3,ID,7.1
1980,4,ID,7.6
1980,5,ID,7.9
1980,6,ID,8.1
1980,7,ID,8.2
1980,8,ID,8.1
1980,9,ID,8.0
1980,10,ID,7.8
1980,11,ID,7.5
1980,12,ID,7.3
1981,1,ID,7.1
1981,2,ID,7.0
1981,3,ID,7.0
1981,4,ID,7.0
1981,5,ID,7.1
1981,6,ID,7.3
1981,7,ID,7.4
1981,8,ID,7.6
1981,9,ID,7.9
1981,10,ID,8.2
1981,11,ID,8.6
1981,12,ID,8.9
1982,1,ID,9.3
1982,2,ID,9.6
1982,3,ID,9.7
1982,4,ID,9.8
1982,5,ID,9.8
1982,6,ID,9.8
1982,7,ID,9.8
1982,8,ID,9.9
1982,9,ID,10.1
1982,10,ID,10.3
1982,11,ID,10.6
1982,12,ID,10.7
1983,1,ID,10.7
1983,2,ID,10.5
1983,3,ID,10.2
1983,4,ID,9.9
1983,5,ID,9.6
1983,6,ID,9.3
1983,7,ID,9.1
1983,8,ID,8.8
1983,9,ID,8.6
1983,10,ID,8.2
1983,11,ID,7.9
1983,12,ID,7.5
1984,1,ID,7.3
1984,2,ID,7.1
1984,3,ID,7.0
1984,4,ID,7.0
1984,5,ID,7.0
1984,6,ID,7.1
1984,7,ID,7.2
1984,8,ID,7.3
1984,9,ID,7.3
1984,10,ID,7.4
1984,11,ID,7.4
1984,12,ID,7.4
1985,1,ID,7.5
1985,2,ID,7.6
1985,3,ID,7.7
1985,4,ID,7.8
1985,5,ID,7.9
1985,6,ID,7.9
1985,7,ID,7.9
1985,8,ID,7.9
1985,9,ID,7.9
1985,10,ID,7.9
1985,11,ID,8.0
1985,12,ID,8.0
1986,1,ID,8.1
1986,2,ID,8.2
1986,3,ID,8.3
1986,4,ID,8.4
1986,5,ID,8.5
1986,6,ID,8.6
1986,7,ID,8.6
1986,8,ID,8.7
1986,9,ID,8.6
1986,10,ID,8.6
1986,11,ID,8.5
1986,12,ID,8.5
1987,1,ID,8.4
1987,2,ID,8.3
1987,3,ID,8.2
1987,4,ID,8.0
1987,5,ID,7.9
1987,6,ID,7.7
1987,7,ID,7.6
1987,8,ID,7.5
1987,9,ID,7.4
1987,10,ID,7.2
1987,11,ID,7.1
1987,12,ID,6.9
1988,1,ID,6.8
1988,2,ID,6.6
1988,3,ID,6.5
1988,4,ID,6.4
1988,5,ID,6.3
1988,6,ID,6.2
1988,7,ID,6.1
1988,8,ID,6.0
1988,9,ID,5.9
1988,10,ID,5.9
1988,11,ID,5.8
1988,12,ID,5.7
1989,1,ID,5.6
1989,2,ID,5.5
1989,3,ID,5.4
1989,4,ID,5.4
1989,5,ID,5.4
1989,6,ID,5.4
1989,7,ID,5.4
1989,8,ID,5.5
1989,9,ID,5.5
1989,10,ID,5.4
1989,11,ID,5.4
1989,12,ID,5.3
1990,1,ID,5.3
1990,2,ID,5.3
1990,3,ID,5.3
1990,4,ID,5.4
1990,5,ID,5.4
1990,6,ID,5.5
1990,7,ID,5.6
1990,8,ID,5.6
1990,9,ID,5.7
1990,10,ID,5.8
1990,11,ID,6.0
1990,12,ID,6.1
1991,1,ID,6.3
1991,2,ID,6.4
1991,3,ID,6.5
1991,4,ID,6.4
1991,5,ID,6.4
1991,6,ID,6.3
1991,7,ID,6.2
1991,8,ID,6.2
1991,9,ID,6.2
1991,10,ID,6.3
1991,11,ID,6.4
1991,12,ID,6.5
1992,1,ID,6.5
1992,2,ID,6.6
1992,3,ID,6.6
1992,4,ID,6.6
1992,5,ID,6.6
1992,6,ID,6.6
1992,7,ID,6.6
1992,8,ID,6.7
1992,9,ID,6.6
1992,10,ID,6.5
1992,11,ID,6.4
1992,12,ID,6.4
1993,1,ID,6.3
1993,2,ID,6.3
1993,3,ID,6.4
1993,4,ID,6.4
1993,5,ID,6.3
1993,6,ID,6.3
1993,7,ID,6.1
1993,8,ID,6.0
1993,9,ID,5.9
1993,10,ID,5.8
1993,11,ID,5.7
1993,12,ID,5.6
1994,1,ID,5.6
1994,2,ID,5.5
1994,3,ID,5.4
1994,4,ID,5.4
1994,5,ID,5.4
1994,6,ID,5.4
1994,7,ID,5.5
1994,8,ID,5.5
1994,9,ID,5.6
1994,10,ID,5.6
1994,11,ID,5.6
1994,12,ID,5.5
1995,1,ID,5.5
1995,2,ID,5.4
1995,3,ID,5.4
1995,4,ID,5.4
1995,5,ID,5.5
1995,6,ID,5.5
1995,7,ID,5.5
1995,8,ID,5.5
1995,9,ID,5.5
1995,10,ID,5.5
1995,11,ID,5.5
1995,12,ID,5.5
1996,1,ID,5.5
1996,2,ID,5.5
1996,3,ID,5.5
1996,4,ID,5.5
1996,5,ID,5.4
1996,6,ID,5.4
1996,7,ID,5.3
1996,8,ID,5.3
1996,9,ID,5.3
1996,10,ID,5.3
1996,11,ID,5.4
1996,12,ID,5.4
1997,1,ID,5.4
1997,2,ID,5.4
1997,3,ID,5.3
1997,4,ID,5.3
1997,5,ID,5.2
1997,6,ID,5.2
1997,7,ID,5.2
1997,8,ID,5.2
1997,9,ID,5.2
1997,10,ID,5.2
1997,11,ID,5.2
1997,12,ID,5.2
1998,1,ID,5.3
1998,2,ID,5.3
1998,3,ID,5.3
1998,4,ID,5.3
1998,5,ID,5.2
1998,6,ID,5.2
1998,7,ID,5.2
1998,8,ID,5.2
1998,9,ID,5.2
1998,10,ID,5.2
1998,11,ID,5.2
1998,12,ID,5.1
1999,1,ID,5.1
1999,2,ID,5.1
1999,3,ID,5.1
1999,4,ID,5.1
1999,5,ID,5.1
1999,6,ID,5.1
1999,7,ID,5.1
1999,8,ID,5.0
1999,9,ID,4.9
1999,10,ID,4.8
1999,11,ID,4.7
1999,12,ID,4.7
2000,1,ID,4.6
2000,2,ID,4.5
2000,3,ID,4.5
2000,4,ID,4.6
2000,5,ID,4.6
2000,6,ID,4.6
2000,7,ID,4.7
2000,8,ID,4.7
2000,9,ID,4.7
2000,10,ID,4.7
2000,11,ID,4.7
2000,12,ID,4.6
2001,1,ID,4.7
2001,2,ID,4.7
2001,3,ID,4.8
2001,4,ID,4.8
2001,5,ID,4.9
2001,6,ID,4.9
2001,7,ID,5.0
2001,8,ID,5.1
2001,9,ID,5.3
2001,10,ID,5.4
2001,11,ID,5.6
2001,12,ID,5.7
2002,1,ID,5.8
2002,2,ID,5.9
2002,3,ID,5.9
2002,4,ID,5.8
2002,5,ID,5.7
2002,6,ID,5.6
2002,7,ID,5.5
2002,8,ID,5.5
2002,9,ID,5.5
2002,10,ID,5.5
2002,11,ID,5.5
2002,12,ID,5.5
2003,1,ID,5.6
2003,2,ID,5.6
2003,3,ID,5.6
2003,4,ID,5.7
2003,5,ID,5.7
2003,6,ID,5.7
2003,7,ID,5.7
2003,8,ID,5.7
2003,9,ID,5.6
2003,10,ID,5.5
2003,11,ID,5.4
2003,12,ID,5.3
2004,1,ID,5.2
2004,2,ID,5.1
2004,3,ID,5.1
2004,4,ID,5.0
2004,5,ID,5.0
2004,6,ID,4.9
2004,7,ID,4.9
2004,8,ID,4.9
2004,9,ID,4.8
2004,10,ID,4.8
2004,11,ID,4.6
2004,12,ID,4.5
2005,1,ID,4.4
2005,2,ID,4.3
2005,3,ID,4.2
2005,4,ID,4.1
2005,5,ID,4.1
2005,6,ID,4.1
2005,7,ID,4.0
2005,8,ID,4.0
2005,9,ID,3.9
2005,10,ID,3.8
2005,11,ID,3.7
2005,12,ID,3.7
2006,1,ID,3.7
2006,2,ID,3.6
2006,3,ID,3.6
2006,4,ID,3.6
2006,5,ID,3.5
2006,6,ID,3.4
2006,7,ID,3.4
2006,8,ID,3.3
2006,9,ID,3.3
2006,10,ID,3.2
2006,11,ID,3.1
2006,12,ID,3.0
2007,1,ID,2.9
2007,2,ID,2.8
2007,3,ID,2.8
2007,4,ID,2.7
2007,5,ID,2.7
2007,6,ID,2.8
2007,7,ID,2.9
2007,8,ID,3.1
2007,9,ID,3.2
2007,10,ID,3.2
2007,11,ID,3.2
2007,12,ID,3.1
2008,1,ID,3.1
2008,2,ID,3.0
2008,3,ID,3.1
2008,4,ID,4.0
2008,5,ID,4.6
2008,6,ID,5.0
2008,7,ID,5.4
2008,8,ID,5.7
2008,9,ID,5.9
2008,10,ID,6.3
2008,11,ID,6.8
2008,12,ID,7.3
2009,1,ID,7.7
2009,2,ID,8.1
2009,3,ID,8.4
2009,4,ID,8.5
2009,5,ID,9.2
2009,6,ID,9.4
2009,7,ID,9.5
2009,8,ID,9.5
2009,9,ID,9.5
2009,10,ID,9.5
2009,11,ID,9.5
2009,12,ID,9.5
2010,1,ID,9.5
2010,2,ID,9.5
2010,3,ID,9.4
2010,4,ID,9.3
2010,5,ID,9.1
2010,6,ID,9.0
2010,7,ID,9.0
2010,8,ID,9.0
2010,9,ID,9.0
2010,10,ID,8.9
2010,11,ID,8.9
2010,12,ID,8.9
2011,1,ID,8.8
2011,2,ID,8.7
2011,3,ID,8.6
2011,4,ID,8.6
2011,5,ID,8.5
2011,6,ID,8.5
2011,7,ID,8.5
2011,8,ID,8.5
2011,9,ID,8.4
2011,10,ID,8.2
2011,11,ID,8.0
2011,12,ID,8.0
2012,1,ID,7.8
2012,2,ID,7.8
2012,3,ID,7.7
2012,4,ID,7.6
2012,5,ID,7.7
2012,6,ID,7.7
2012,7,ID,7.6
2012,8,ID,7.5
2012,9,ID,7.3
2012,10,ID,7.3
2012,11,ID,7.1
2012,12,ID,7.2
2013,1,ID,7.2
2013,2,ID,7.1
2013,3,ID,7.0
2013,4,ID,7.0
2013,5,ID,7.0
2013,6,ID,7.1
2013,7,ID,7.1
2013,8,ID,7.0
2013,9,ID,7.0
2013,10,ID,6.9
2013,11,ID,6.4
2013,12,ID,6.0
2014,1,ID,5.6
2014,2,ID,5.3
2014,3,ID,5.0
2014,4,ID,4.6
2014,5,ID,4.5
2014,6,ID,4.0
2014,7,ID,4.0
2014,8,ID,4.1
2014,9,ID,4.0
2014,10,ID,4.0
2014,11,ID,3.9
2014,12,ID,3.9
2015,1,ID,3.9
2015,2,ID,3.9
2015,3,ID,3.9
2015,4,ID,3.9
2015,5,ID,4.0
2015,6,ID,4.0
2015,7,ID,3.9
2015,8,ID,3.9
2015,9,ID,3.9
2015,10,ID,3.9
2015,11,ID,3.9
2015,12,ID,3.8
2016,1,ID,3.8
2016,2,ID,3.8
2016,3,ID,3.8
2016,4,ID,3.8
2016,5,ID,3.7
2016,6,ID,3.7
2016,7,ID,3.7
2016,8,ID,3.7
2016,9,ID,3.7
2016,10,ID,3.7
2016,11,ID,3.6
2016,12,ID,3.5
2017,1,ID,3.5
2017,2,ID,3.4
2017,3,ID,3.3
2017,4,ID,3.2
2017,5,ID,3.1
2017,6,ID,3.1
2017,7,ID,3.1
2017,8,ID,3.1
2017,9,ID,3.1
2017,10,ID,3.1
2017,11,ID,3.1
2017,12,ID,3.1
2018,1,ID,3.0
2018,2,ID,2.9
2018,3,ID,2.9
2018,4,ID,2.8
2018,5,ID,2.8
2018,6,ID,2.8
2018,7,ID,2.8
2018,8,ID,2.8
2018,9,ID,2.8
2018,10,ID,2.9
2018,11,ID,3.0
2018,12,ID,3.0
2019,1,ID,3.0
2019,2,ID,3.0
2019,3,ID,2.9
2019,4,ID,2.9
2019,5,ID,2.8
2019,6,ID,2.8
2019,7,ID,2.9
2019,8,ID,2.9
2019,9,ID,2.9
2019,10,ID,2.9
2019,11,ID,2.8
2019,12,ID,2.8
2020,1,ID,2.8
2020,2,ID,2.8
2020,3,ID,2.8
2020,4,ID,11.8
2020,5,ID,9.1
2020,6,ID,7.5
2020,7,ID,6.6
2020,8,ID,5.4
2020,9,ID,5.0
2020,10,ID,4.4
2020,11,ID,4.2
2020,12,ID,4.2
2021,1,ID,4.1
2021,2,ID,4.1
2021,3,ID,4.0
2021,4,ID,3.9
2021,5,ID,3.8
2021,6,ID,3.7
2021,7,ID,3.5
2021,8,ID,3.4
2021,9,ID,3.3
2021,10,ID,3.2
2021,11,ID,3.0
2021,12,ID,2.9
2022,1,ID,2.8
2022,2,ID,2.8
2022,3,ID,2.7
2022,4,ID,2.7
2022,5,ID,2.8
2022,6,ID,2.8
2022,7,ID,2.9
2022,8,ID,3.0
2022,9,ID,3.0
2022,10,ID,3.0
2022,11,ID,3.0
2022,12,ID,3.0
2023,1,ID,3.0
2023,2,ID,3.0
2023,3,ID,3.0
2023,4,ID,3.0
2023,5,ID,3.1
2023,6,ID,3.2
2023,7,ID,3.2
2023,8,ID,3.3
2023,9,ID,3.4
2023,10,ID,3.4
2023,11,ID,3.4
2023,12,ID,3.4
2024,1,ID,3.4
2024,2,ID,3.5
2024,3,ID,3.5
2024,4,ID,3.6
2024,5,ID,3.6
2024,6,ID,3.7
2024,7,ID,3.7
2024,8,ID,3.7
2024,9,ID,3.8
2024,10,ID,3.8
2024,11,ID,3.8
2024,12,ID,3.8
2025,1,ID,3.8
2025,2,ID,3.7
2025,3,ID,3.7
2025,4,ID,3.7
2025,5,ID,3.6
2025,6,ID,3.6
2025,7,ID,3.7
2025,8,ID,3.7
2025,9,ID,3.7
2025,10,ID,
2025,11,ID,3.7
2025,12,ID,3.6
1976,1,IL,6.6
1976,2,IL,6.6
1976,3,IL,6.6
1976,4,IL,6.6
1976,5,IL,6.6
1976,6,IL,6.6
1976,7,IL,6.6
1976,8,IL,6.6
1976,9,IL,6.5
1976,10,IL,6.5
1976,11,IL,6.4
1976,12,IL,6.3
1977,1,IL,6.2
1977,2,IL,6.1
1977,3,IL,6.1
1977,4,IL,6.1
1977,5,IL,6.1
1977,6,IL,6.1
1977,7,IL,6.2
1977,8,IL,6.3
1977,9,IL,6.3
1977,10,IL,6.3
1977,11,IL,6.3
1977,12,IL,6.3
1978,1,IL,6.3
1978,2,IL,6.3
1978,3,IL,6.2
1978,4,IL,6.2
1978,5,IL,6.1
1978,6,IL,6.0
1978,7,IL,6.0
1978,8,IL,5.9
1978,9,IL,5.8
1978,10,IL,5.7
1978,11,IL,5.7
1978,12,IL,5.6
1979,1,IL,5.6
1979,2,IL,5.5
1979,3,IL,5.5
1979,4,IL,5.4
1979,5,IL,5.3
1979,6,IL,5.3
1979,7,IL,5.3
1979,8,IL,5.4
1979,9,IL,5.6
1979,10,IL,5.8
1979,11,IL,6.0
1979,12,IL,6.3
1980,1,IL,6.5
1980,2,IL,6.8
1980,3,IL,7.2
1980,4,IL,7.6
1980,5,IL,8.0
1980,6,IL,8.4
1980,7,IL,8.7
1980,8,IL,8.8
1980,9,IL,8.9
1980,10,IL,8.9
1980,11,IL,8.9
1980,12,IL,8.9
1981,1,IL,8.9
1981,2,IL,8.8
1981,3,IL,8.7
1981,4,IL,8.5
1981,5,IL,8.4
1981,6,IL,8.3
1981,7,IL,8.3
1981,8,IL,8.4
1981,9,IL,8.5
1981,10,IL,8.7
1981,11,IL,9.0
1981,12,IL,9.2
1982,1,IL,9.5
1982,2,IL,9.8
1982,3,IL,10.1
1982,4,IL,10.5
1982,5,IL,10.9
1982,6,IL,11.2
1982,7,IL,11.6
1982,8,IL,11.9
1982,9,IL,12.2
1982,10,IL,12.5
1982,11,IL,12.7
1982,12,IL,12.9
1983,1,IL,12.9
1983,2,IL,12.9
1983,3,IL,12.7
1983,4,IL,12.5
1983,5,IL,12.3
1983,6,IL,12.0
1983,7,IL,11.7
1983,8,IL,11.4
1983,9,IL,11.0
1983,10,IL,10.6
1983,11,IL,10.3
1983,12,IL,10.1
1984,1,IL,9.9
1984,2,IL,9.7
1984,3,IL,9.5
1984,4,IL,9.3
1984,5,IL,9.1
1984,6,IL,9.0
1984,7,IL,8.9
1984,8,IL,8.8
1984,9,IL,8.9
1984,10,IL,8.9
1984,11,IL,8.9
1984,12,IL,8.9
1985,1,IL,8.8
1985,2,IL,8.8
1985,3,IL,8.9
1985,4,IL,9.0
1985,5,IL,9.1
1985,6,IL,9.2
1985,7,IL,9.3
1985,8,IL,9.3
1985,9,IL,9.2
1985,10,IL,9.1
1985,11,IL,9.0
1985,12,IL,8.9
1986,1,IL,8.8
1986,2,IL,8.7
1986,3,IL,8.7
1986,4,IL,8.6
1986,5,IL,8.5
1986,6,IL,8.4
1986,7,IL,8.3
1986,8,IL,8.2
1986,9,IL,8.0
1986,10,IL,7.9
1986,11,IL,7.9
1986,12,IL,7.8
1987,1,IL,7.8
1987,2,IL,7.8
1987,3,IL,7.8
1987,4,IL,7.7
1987,5,IL,7.7
1987,6,IL,7.5
1987,7,IL,7.4
1987,8,IL,7.2
1987,9,IL,7.1
1987,10,IL,7.1
1987,11,IL,7.1
1987,12,IL,7.1
1988,1,IL,7.1
1988,2,IL,7.1
1988,3,IL,7.0
1988,4,IL,6.9
1988,5,IL,6.9
1988,6,IL,6.8
1988,7,IL,6.7
1988,8,IL,6.6
1988,9,IL,6.6
1988,10,IL,6.5
1988,11,IL,6.4
1988,12,IL,6.2
1989,1,IL,6.1
1989,2,IL,6.0
1989,3,IL,5.9
1989,4,IL,5.8
1989,5,IL,5.8
1989,6,IL,5.9
1989,7,IL,5.9
1989,8,IL,6.1
1989,9,IL,6.2
1989,10,IL,6.3
1989,11,IL,6.3
1989,12,IL,6.3
1990,1,IL,6.3
1990,2,IL,6.2
1990,3,IL,6.2
1990,4,IL,6.1
1990,5,IL,6.2
1990,6,IL,6.2
1990,7,IL,6.3
1990,8,IL,6.4
1990,9,IL,6.4
1990,10,IL,6.5
1990,11,IL,6.5
1990,12,IL,6.5
1991,1,IL,6.5
1991,2,IL,6.6
1991,3,IL,6.7
1991,4,IL,6.8
1991,5,IL,6.9
1991,6,IL,7.0
1991,7,IL,7.2
1991,8,IL,7.4
1991,9,IL,7.7
1991,10,IL,7.9
1991,11,IL,8.2
1991,12,IL,8.3
1992,1,IL,8.4
1992,2,IL,8.4
1992,3,IL,8.4
1992,4,IL,8.3
1992,5,IL,8.2
1992,6,IL,8.1
1992,7,IL,7.9
1992,8,IL,7.6
1992,9,IL,7.4
1992,10,IL,7.3
1992,11,IL,7.3
1992,12,IL,7.4
1993,1,IL,7.5
1993,2,IL,7.7
1993,3,IL,7.8
1993,4,IL,7.8
1993,5,IL,7.8
1993,6,IL,7.8
1993,7,IL,7.6
1993,8,IL,7.5
1993,9,IL,7.3
1993,10,IL,7.1
1993,11,IL,7.0
1993,12,IL,6.8
1994,1,IL,6.6
1994,2,IL,6.4
1994,3,IL,6.3
1994,4,IL,6.1
1994,5,IL,5.9
1994,6,IL,5.8
1994,7,IL,5.7
1994,8,IL,5.6
1994,9,IL,5.5
1994,10,IL,5.4
1994,11,IL,5.2
1994,12,IL,5.1
1995,1,IL,5.0
1995,2,IL,5.0
1995,3,IL,5.1
1995,4,IL,5.1
1995,5,IL,5.2
1995,6,IL,5.2
1995,7,IL,5.3
1995,8,IL,5.3
1995,9,IL,5.3
1995,10,IL,5.3
1995,11,IL,5.3
1995,12,IL,5.3
1996,1,IL,5.3
1996,2,IL,5.3
1996,3,IL,5.4
1996,4,IL,5.4
1996,5,IL,5.4
1996,6,IL,5.4
1996,7,IL,5.4
1996,8,IL,5.3
1996,9,IL,5.2
1996,10,IL,5.2
1996,11,IL,5.1
1996,12,IL,5.1
1997,1,IL,5.1
1997,2,IL,5.0
1997,3,IL,4.9
1997,4,IL,4.8
1997,5,IL,4.7
1997,6,IL,4.6
1997,7,IL,4.6
1997,8,IL,4.6
1997,9,IL,4.7
1997,10,IL,4.8
1997,11,IL,4.8
1997,12,IL,4.8
1998,1,IL,4.8
1998,2,IL,4.7
1998,3,IL,4.5
1998,4,IL,4.4
1998,5,IL,4.3
1998,6,IL,4.3
1998,7,IL,4.4
1998,8,IL,4.5
1998,9,IL,4.5
1998,10,IL,4.5
1998,11,IL,4.4
1998,12,IL,4.3
1999,1,IL,4.2
1999,2,IL,4.2
1999,3,IL,4.2
1999,4,IL,4.3
1999,5,IL,4.5
1999,6,IL,4.6
1999,7,IL,4.6
1999,8,IL,4.6
1999,9,IL,4.6
1999,10,IL,4.5
1999,11,IL,4.4
1999,12,IL,4.4
2000,1,IL,4.4
2000,2,IL,4.4
2000,3,IL,4.4
2000,4,IL,4.4
2000,5,IL,4.4
2000,6,IL,4.4
2000,7,IL,4.4
2000,8,IL,4.4
2000,9,IL,4.4
2000,10,IL,4.5
2000,11,IL,4.6
2000,12,IL,4.8
2001,1,IL,5.0
2001,2,IL,5.1
2001,3,IL,5.2
2001,4,IL,5.2
2001,5,IL,5.2
2001,6,IL,5.3
2001,7,IL,5.3
2001,8,IL,5.4
2001,9,IL,5.6
2001,10,IL,5.8
2001,11,IL,6.0
2001,12,IL,6.1
2002,1,IL,6.3
2002,2,IL,6.4
2002,3,IL,6.5
2002,4,IL,6.6
2002,5,IL,6.6
2002,6,IL,6.6
2002,7,IL,6.6
2002,8,IL,6.6
2002,9,IL,6.6
2002,10,IL,6.6
2002,11,IL,6.6
2002,12,IL,6.6
2003,1,IL,6.7
2003,2,IL,6.7
2003,3,IL,6.7
2003,4,IL,6.7
2003,5,IL,6.8
2003,6,IL,6.8
2003,7,IL,6.9
2003,8,IL,6.9
2003,9,IL,6.9
2003,10,IL,6.8
2003,11,IL,6.6
2003,12,IL,6.5
2004,1,IL,6.4
2004,2,IL,6.4
2004,3,IL,6.3
2004,4,IL,6.3
2004,5,IL,6.2
2004,6,IL,6.2
2004,7,IL,6.1
2004,8,IL,6.1
2004,9,IL,6.1
2004,10,IL,6.1
2004,11,IL,6.1
2004,12,IL,6.0
2005,1,IL,6.0
2005,2,IL,6.0
2005,3,IL,6.0
2005,4,IL,5.9
2005,5,IL,5.9
2005,6,IL,5.8
2005,7,IL,5.7
2005,8,IL,5.7
2005,9,IL,5.6
2005,10,IL,5.5
2005,11,IL,5.4
2005,12,IL,5.3
2006,1,IL,5.2
2006,2,IL,5.0
2006,3,IL,4.9
2006,4,IL,4.7
2006,5,IL,4.6
2006,6,IL,4.5
2006,7,IL,4.5
2006,8,IL,4.4
2006,9,IL,4.4
2006,10,IL,4.4
2006,11,IL,4.4
2006,12,IL,4.5
2007,1,IL,4.6
2007,2,IL,4.7
2007,3,IL,4.7
2007,4,IL,4.8
2007,5,IL,4.9
2007,6,IL,5.0
2007,7,IL,5.1
2007,8,IL,5.2
2007,9,IL,5.3
2007,10,IL,5.4
2007,11,IL,5.5
2007,12,IL,5.5
2008,1,IL,5.6
2008,2,IL,5.6
2008,3,IL,5.8
2008,4,IL,5.9
2008,5,IL,6.2
2008,6,IL,6.4
2008,7,IL,6.6
2008,8,IL,6.8
2008,9,IL,6.9
2008,10,IL,7.1
2008,11,IL,7.4
2008,12,IL,7.8
2009,1,IL,8.2
2009,2,IL,8.7
2009,3,IL,9.2
2009,4,IL,9.5
2009,5,IL,9.8
2009,6,IL,10.0
2009,7,IL,10.2
2009,8,IL,10.4
2009,9,IL,10.6
2009,10,IL,10.8
2009,11,IL,11.0
2009,12,IL,11.2
2010,1,IL,11.3
2010,2,IL,11.2
2010,3,IL,11.1
2010,4,IL,10.9
2010,5,IL,10.6
2010,6,IL,10.4
2010,7,IL,10.2
2010,8,IL,10.0
2010,9,IL,9.9
2010,10,IL,9.8
2010,11,IL,9.7
2010,12,IL,9.6
2011,1,IL,9.5
2011,2,IL,9.5
2011,3,IL,9.5
2011,4,IL,9.6
2011,5,IL,9.8
2011,6,IL,9.9
2011,7,IL,10.1
2011,8,IL,10.1
2011,9,IL,10.1
2011,10,IL,9.9
2011,11,IL,9.7
2011,12,IL,9.5
2012,1,IL,9.3
2012,2,IL,9.1
2012,3,IL,9.0
2012,4,IL,9.0
2012,5,IL,9.0
2012,6,IL,9.0
2012,7,IL,9.0
2012,8,IL,9.0
2012,9,IL,8.9
2012,10,IL,9.0
2012,11,IL,9.0
2012,12,IL,9.1
2013,1,IL,9.2
2013,2,IL,9.3
2013,3,IL,9.3
2013,4,IL,9.3
2013,5,IL,9.2
2013,6,IL,9.2
2013,7,IL,9.2
2013,8,IL,9.1
2013,9,IL,9.0
2013,10,IL,8.9
2013,11,IL,8.7
2013,12,IL,8.5
2014,1,IL,8.3
2014,2,IL,8.1
2014,3,IL,7.9
2014,4,IL,7.6
2014,5,IL,7.4
2014,6,IL,7.2
2014,7,IL,7.0
2014,8,IL,6.8
2014,9,IL,6.6
2014,10,IL,6.5
2014,11,IL,6.3
2014,12,IL,6.2
2015,1,IL,6.1
2015,2,IL,6.1
2015,3,IL,6.0
2015,4,IL,6.0
2015,5,IL,6.0
2015,6,IL,6.0
2015,7,IL,5.9
2015,8,IL,5.9
2015,9,IL,5.9
2015,10,IL,5.9
2015,11,IL,6.0
2015,12,IL,6.1
2016,1,IL,6.2
2016,2,IL,6.2
2016,3,IL,6.2
2016,4,IL,6.1
2016,5,IL,6.0
2016,6,IL,5.9
2016,7,IL,5.8
2016,8,IL,5.8
2016,9,IL,5.7
2016,10,IL,5.7
2016,11,IL,5.6
2016,12,IL,5.4
2017,1,IL,5.3
2017,2,IL,5.1
2017,3,IL,5.0
2017,4,IL,5.0
2017,5,IL,4.9
2017,6,IL,4.9
2017,7,IL,5.0
2017,8,IL,5.0
2017,9,IL,4.9
2017,10,IL,4.9
2017,11,IL,4.8
2017,12,IL,4.7
2018,1,IL,4.5
2018,2,IL,4.4
2018,3,IL,4.4
2018,4,IL,4.3
2018,5,IL,4.3
2018,6,IL,4.3
2018,7,IL,4.3
2018,8,IL,4.3
2018,9,IL,4.4
2018,10,IL,4.4
2018,11,IL,4.5
2018,12,IL,4.6
2019,1,IL,4.6
2019,2,IL,4.5
2019,3,IL,4.4
2019,4,IL,4.2
2019,5,IL,4.0
2019,6,IL,3.9
2019,7,IL,3.8
2019,8,IL,3.7
2019,9,IL,3.7
2019,10,IL,3.7
2019,11,IL,3.6
2019,12,IL,3.6
2020,1,IL,3.7
2020,2,IL,3.8
2020,3,IL,5.1
2020,4,IL,18.3
2020,5,IL,14.7
2020,6,IL,12.6
2020,7,IL,11.4
2020,8,IL,9.7
2020,9,IL,9.1
2020,10,IL,8.2
2020,11,IL,7.8
2020,12,IL,7.6
2021,1,IL,7.2
2021,2,IL,7.0
2021,3,IL,6.8
2021,4,IL,6.7
2021,5,IL,6.6
2021,6,IL,6.4
2021,7,IL,6.2
2021,8,IL,5.9
2021,9,IL,5.5
2021,10,IL,5.2
2021,11,IL,4.9
2021,12,IL,4.8
2022,1,IL,4.8
2022,2,IL,4.7
2022,3,IL,4.7
2022,4,IL,4.6
2022,5,IL,4.6
2022,6,IL,4.5
2022,7,IL,4.5
2022,8,IL,4.5
2022,9,IL,4.5
2022,10,IL,4.6
2022,11,IL,4.5
2022,12,IL,4.5
2023,1,IL,4.4
2023,2,IL,4.3
2023,3,IL,4.3
2023,4,IL,4.2
2023,5,IL,4.2
2023,6,IL,4.3
2023,7,IL,4.4
2023,8,IL,4.6
2023,9,IL,4.7
2023,10,IL,4.8
2023,11,IL,4.8
2023,12,IL,4.8
2024,1,IL,4.9
2024,2,IL,4.9
2024,3,IL,5.0
2024,4,IL,5.1
2024,5,IL,5.1
2024,6,IL,5.1
2024,7,IL,5.1
2024,8,IL,5.0
2024,9,IL,5.0
2024,10,IL,4.9
2024,11,IL,4.9
2024,12,IL,4.9
2025,1,IL,4.9
2025,2,IL,4.8
2025,3,IL,4.8
2025,4,IL,4.8
2025,5,IL,4.8
2025,6,IL,4.6
2025,7,IL,4.6
2025,8,IL,4.4
2025,9,IL,4.4
2025,10,IL,
2025,11,IL,4.4
2025,12,IL,4.6
1976,1,IN,6.6
1976,2,IN,6.6
1976,3,IN,6.5
1976,4,IN,6.3
1976,5,IN,6.0
1976,6,IN,5.8
1976,7,IN,5.7
1976,8,IN,5.7
1976,9,IN,5.7
1976,10,IN,5.8
1976,11,IN,5.8
1976,12,IN,5.8
1977,1,IN,5.8
1977,2,IN,5.8
1977,3,IN,5.7
1977,4,IN,5.7
1977,5,IN,5.7
1977,6,IN,5.7
1977,7,IN,5.7
1977,8,IN,5.8
1977,9,IN,5.8
1977,10,IN,5.8
1977,11,IN,5.8
1977,12,IN,5.8
1978,1,IN,5.8
1978,2,IN,5.8
1978,3,IN,5.7
1978,4,IN,5.6
1978,5,IN,5.6
1978,6,IN,5.5
1978,7,IN,5.4
1978,8,IN,5.4
1978,9,IN,5.4
1978,10,IN,5.5
1978,11,IN,5.5
1978,12,IN,5.6
1979,1,IN,5.6
1979,2,IN,5.6
1979,3,IN,5.7
1979,4,IN,5.8
1979,5,IN,5.9
1979,6,IN,6.2
1979,7,IN,6.5
1979,8,IN,6.7
1979,9,IN,7.0
1979,10,IN,7.3
1979,11,IN,7.5
1979,12,IN,7.6
1980,1,IN,7.9
1980,2,IN,8.3
1980,3,IN,8.9
1980,4,IN,9.5
1980,5,IN,10.1
1980,6,IN,10.5
1980,7,IN,10.6
1980,8,IN,10.5
1980,9,IN,10.2
1980,10,IN,9.9
1980,11,IN,9.6
1980,12,IN,9.4
1981,1,IN,9.4
1981,2,IN,9.4
1981,3,IN,9.4
1981,4,IN,9.4
1981,5,IN,9.3
1981,6,IN,9.3
1981,7,IN,9.4
1981,8,IN,9.6
1981,9,IN,9.9
1981,10,IN,10.3
1981,11,IN,10.7
1981,12,IN,11.1
1982,1,IN,11.4
1982,2,IN,11.6
1982,3,IN,11.7
1982,4,IN,11.7
1982,5,IN,11.6
1982,6,IN,11.6
1982,7,IN,11.7
1982,8,IN,11.9
1982,9,IN,12.1
1982,10,IN,12.3
1982,11,IN,12.5
1982,12,IN,12.5
1983,1,IN,12.4
1983,2,IN,12.2
1983,3,IN,11.9
1983,4,IN,11.7
1983,5,IN,11.4
1983,6,IN,11.2
1983,7,IN,11.0
1983,8,IN,10.8
1983,9,IN,10.6
1983,10,IN,10.3
1983,11,IN,10.0
1983,12,IN,9.7
1984,1,IN,9.4
1984,2,IN,9.1
1984,3,IN,8.8
1984,4,IN,8.6
1984,5,IN,8.4
1984,6,IN,8.3
1984,7,IN,8.2
1984,8,IN,8.2
1984,9,IN,8.2
1984,10,IN,8.2
1984,11,IN,8.2
1984,12,IN,8.2
1985,1,IN,8.1
1985,2,IN,8.1
1985,3,IN,8.0
1985,4,IN,8.0
1985,5,IN,7.9
1985,6,IN,7.8
1985,7,IN,7.7
1985,8,IN,7.6
1985,9,IN,7.4
1985,10,IN,7.2
1985,11,IN,7.1
1985,12,IN,7.0
1986,1,IN,6.9
1986,2,IN,7.0
1986,3,IN,7.0
1986,4,IN,7.0
1986,5,IN,6.9
1986,6,IN,6.9
1986,7,IN,6.7
1986,8,IN,6.6
1986,9,IN,6.6
1986,10,IN,6.6
1986,11,IN,6.6
1986,12,IN,6.6
1987,1,IN,6.6
1987,2,IN,6.6
1987,3,IN,6.5
1987,4,IN,6.4
1987,5,IN,6.4
1987,6,IN,6.3
1987,7,IN,6.2
1987,8,IN,6.0
1987,9,IN,5.9
1987,10,IN,5.7
1987,11,IN,5.6
1987,12,IN,5.4
1988,1,IN,5.3
1988,2,IN,5.2
1988,3,IN,5.2
1988,4,IN,5.1
1988,5,IN,5.1
1988,6,IN,5.2
1988,7,IN,5.2
1988,8,IN,5.2
1988,9,IN,5.2
1988,10,IN,5.2
1988,11,IN,5.1
1988,12,IN,4.9
1989,1,IN,4.7
1989,2,IN,4.6
1989,3,IN,4.5
1989,4,IN,4.4
1989,5,IN,4.5
1989,6,IN,4.5
1989,7,IN,4.7
1989,8,IN,4.8
1989,9,IN,4.9
1989,10,IN,5.0
1989,11,IN,5.1
1989,12,IN,5.1
1990,1,IN,5.1
1990,2,IN,5.1
1990,3,IN,5.1
1990,4,IN,5.0
1990,5,IN,5.0
1990,6,IN,5.0
1990,7,IN,5.0
1990,8,IN,5.0
1990,9,IN,5.0
1990,10,IN,5.2
1990,11,IN,5.4
1990,12,IN,5.6
1991,1,IN,5.7
1991,2,IN,5.9
1991,3,IN,6.0
1991,4,IN,5.9
1991,5,IN,5.8
1991,6,IN,5.7
1991,7,IN,5.5
1991,8,IN,5.4
1991,9,IN,5.4
1991,10,IN,5.5
1991,11,IN,5.6
1991,12,IN,5.7
1992,1,IN,5.8
1992,2,IN,5.9
1992,3,IN,6.0
1992,4,IN,6.2
1992,5,IN,6.3
1992,6,IN,6.3
1992,7,IN,6.3
1992,8,IN,6.3
1992,9,IN,6.2
1992,10,IN,6.1
1992,11,IN,5.9
1992,12,IN,5.8
1993,1,IN,5.7
1993,2,IN,5.7
1993,3,IN,5.6
1993,4,IN,5.6
1993,5,IN,5.6
1993,6,IN,5.6
1993,7,IN,4.7
1993,8,IN,4.4
1993,9,IN,4.4
1993,10,IN,4.5
1993,11,IN,4.6
1993,12,IN,4.8
1994,1,IN,4.7
1994,2,IN,4.8
1994,3,IN,4.7
1994,4,IN,4.7
1994,5,IN,4.7
1994,6,IN,4.7
1994,7,IN,4.7
1994,8,IN,4.7
1994,9,IN,4.6
1994,10,IN,4.5
1994,11,IN,4.4
1994,12,IN,4.3
1995,1,IN,4.2
1995,2,IN,4.3
1995,3,IN,4.4
1995,4,IN,4.4
1995,5,IN,4.5
1995,6,IN,4.5
1995,7,IN,4.5
1995,8,IN,4.4
1995,9,IN,4.4
1995,10,IN,4.4
1995,11,IN,4.4
1995,12,IN,4.4
1996,1,IN,4.4
1996,2,IN,4.4
1996,3,IN,4.3
1996,4,IN,4.2
1996,5,IN,4.1
1996,6,IN,4.0
1996,7,IN,3.9
1996,8,IN,3.8
1996,9,IN,3.7
1996,10,IN,3.6
1996,11,IN,3.5
1996,12,IN,3.4
1997,1,IN,3.4
1997,2,IN,3.4
1997,3,IN,3.3
1997,4,IN,3.3
1997,5,IN,3.4
1997,6,IN,3.4
1997,7,IN,3.4
1997,8,IN,3.4
1997,9,IN,3.4
1997,10,IN,3.4
1997,11,IN,3.4
1997,12,IN,3.3
1998,1,IN,3.2
1998,2,IN,3.1
1998,3,IN,2.9
1998,4,IN,2.9
1998,5,IN,2.9
1998,6,IN,2.9
1998,7,IN,3.0
1998,8,IN,3.0
1998,9,IN,3.0
1998,10,IN,3.0
1998,11,IN,3.0
1998,12,IN,2.9
1999,1,IN,2.9
1999,2,IN,2.8
1999,3,IN,2.8
1999,4,IN,2.7
1999,5,IN,2.8
1999,6,IN,2.9
1999,7,IN,2.9
1999,8,IN,3.0
1999,9,IN,3.0
1999,10,IN,3.1
1999,11,IN,3.1
1999,12,IN,3.1
2000,1,IN,3.1
2000,2,IN,3.1
2000,3,IN,3.0
2000,4,IN,3.1
2000,5,IN,3.1
2000,6,IN,3.1
2000,7,IN,3.0
2000,8,IN,2.9
2000,9,IN,2.9
2000,10,IN,2.9
2000,11,IN,3.0
2000,12,IN,3.1
2001,1,IN,3.3
2001,2,IN,3.5
2001,3,IN,3.6
2001,4,IN,3.7
2001,5,IN,3.9
2001,6,IN,4.0
2001,7,IN,4.2
2001,8,IN,4.3
2001,9,IN,4.6
2001,10,IN,4.8
2001,11,IN,5.0
2001,12,IN,5.2
2002,1,IN,5.3
2002,2,IN,5.4
2002,3,IN,5.3
2002,4,IN,5.3
2002,5,IN,5.2
2002,6,IN,5.1
2002,7,IN,5.1
2002,8,IN,5.0
2002,9,IN,5.0
2002,10,IN,4.9
2002,11,IN,4.9
2002,12,IN,4.9
2003,1,IN,4.9
2003,2,IN,5.0
2003,3,IN,5.0
2003,4,IN,5.1
2003,5,IN,5.2
2003,6,IN,5.1
2003,7,IN,5.3
2003,8,IN,5.4
2003,9,IN,5.4
2003,10,IN,5.4
2003,11,IN,5.3
2003,12,IN,5.4
2004,1,IN,5.3
2004,2,IN,5.5
2004,3,IN,5.4
2004,4,IN,5.4
2004,5,IN,5.4
2004,6,IN,5.3
2004,7,IN,5.3
2004,8,IN,5.4
2004,9,IN,5.4
2004,10,IN,5.5
2004,11,IN,5.5
2004,12,IN,5.6
2005,1,IN,5.6
2005,2,IN,5.6
2005,3,IN,5.5
2005,4,IN,5.4
2005,5,IN,5.4
2005,6,IN,5.3
2005,7,IN,5.3
2005,8,IN,5.4
2005,9,IN,5.4
2005,10,IN,5.4
2005,11,IN,5.3
2005,12,IN,5.2
2006,1,IN,5.1
2006,2,IN,5.0
2006,3,IN,5.0
2006,4,IN,5.0
2006,5,IN,5.1
2006,6,IN,5.1
2006,7,IN,5.1
2006,8,IN,5.1
2006,9,IN,5.0
2006,10,IN,5.0
2006,11,IN,4.9
2006,12,IN,4.8
2007,1,IN,4.7
2007,2,IN,4.6
2007,3,IN,4.5
2007,4,IN,4.5
2007,5,IN,4.5
2007,6,IN,4.5
2007,7,IN,4.6
2007,8,IN,4.7
2007,9,IN,4.7
2007,10,IN,4.8
2007,11,IN,4.8
2007,12,IN,4.8
2008,1,IN,4.8
2008,2,IN,4.8
2008,3,IN,4.9
2008,4,IN,5.1
2008,5,IN,5.3
2008,6,IN,5.6
2008,7,IN,5.8
2008,8,IN,6.1
2008,9,IN,6.4
2008,10,IN,6.9
2008,11,IN,7.4
2008,12,IN,8.1
2009,1,IN,8.8
2009,2,IN,9.5
2009,3,IN,10.0
2009,4,IN,10.3
2009,5,IN,10.5
2009,6,IN,10.5
2009,7,IN,10.4
2009,8,IN,10.4
2009,9,IN,10.3
2009,10,IN,10.3
2009,11,IN,10.4
2009,12,IN,10.5
2010,1,IN,10.5
2010,2,IN,10.5
2010,3,IN,10.4
2010,4,IN,10.3
2010,5,IN,10.2
2010,6,IN,10.0
2010,7,IN,9.9
2010,8,IN,9.8
2010,9,IN,9.7
2010,10,IN,9.6
2010,11,IN,9.5
2010,12,IN,9.3
2011,1,IN,9.0
2011,2,IN,8.9
2011,3,IN,8.8
2011,4,IN,8.7
2011,5,IN,8.8
2011,6,IN,8.9
2011,7,IN,9.1
2011,8,IN,9.1
2011,9,IN,9.1
2011,10,IN,9.0
2011,11,IN,8.9
2011,12,IN,8.6
2012,1,IN,8.4
2012,2,IN,8.3
2012,3,IN,8.2
2012,4,IN,8.2
2012,5,IN,8.2
2012,6,IN,8.2
2012,7,IN,8.2
2012,8,IN,8.2
2012,9,IN,8.1
2012,10,IN,8.2
2012,11,IN,8.2
2012,12,IN,8.2
2013,1,IN,8.2
2013,2,IN,8.2
2013,3,IN,8.1
2013,4,IN,8.0
2013,5,IN,7.8
2013,6,IN,7.7
2013,7,IN,7.5
2013,8,IN,7.4
2013,9,IN,7.1
2013,10,IN,6.9
2013,11,IN,6.7
2013,12,IN,6.5
2014,1,IN,6.4
2014,2,IN,6.3
2014,3,IN,6.2
2014,4,IN,6.1
2014,5,IN,6.1
2014,6,IN,6.0
2014,7,IN,5.9
2014,8,IN,5.8
2014,9,IN,5.8
2014,10,IN,5.7
2014,11,IN,5.6
2014,12,IN,5.5
2015,1,IN,5.4
2015,2,IN,5.2
2015,3,IN,5.1
2015,4,IN,5.0
2015,5,IN,4.8
2015,6,IN,4.7
2015,7,IN,4.6
2015,8,IN,4.6
2015,9,IN,4.5
2015,10,IN,4.5
2015,11,IN,4.6
2015,12,IN,4.6
2016,1,IN,4.6
2016,2,IN,4.7
2016,3,IN,4.6
2016,4,IN,4.6
2016,5,IN,4.5
2016,6,IN,4.5
2016,7,IN,4.4
2016,8,IN,4.3
2016,9,IN,4.2
2016,10,IN,4.2
2016,11,IN,4.1
2016,12,IN,4.0
2017,1,IN,3.9
2017,2,IN,3.7
2017,3,IN,3.6
2017,4,IN,3.5
2017,5,IN,3.4
2017,6,IN,3.5
2017,7,IN,3.5
2017,8,IN,3.5
2017,9,IN,3.5
2017,10,IN,3.5
2017,11,IN,3.4
2017,12,IN,3.3
2018,1,IN,3.3
2018,2,IN,3.3
2018,3,IN,3.3
2018,4,IN,3.4
2018,5,IN,3.4
2018,6,IN,3.4
2018,7,IN,3.4
2018,8,IN,3.5
2018,9,IN,3.5
2018,10,IN,3.5
2018,11,IN,3.6
2018,12,IN,3.6
2019,1,IN,3.5
2019,2,IN,3.5
2019,3,IN,3.4
2019,4,IN,3.3
2019,5,IN,3.2
2019,6,IN,3.2
2019,7,IN,3.2
2019,8,IN,3.3
2019,9,IN,3.3
2019,10,IN,3.3
2019,11,IN,3.3
2019,12,IN,3.3
2020,1,IN,3.4
2020,2,IN,3.5
2020,3,IN,3.6
2020,4,IN,16.9
2020,5,IN,12.5
2020,6,IN,10.3
2020,7,IN,8.9
2020,8,IN,7.2
2020,9,IN,6.5
2020,10,IN,5.6
2020,11,IN,5.2
2020,12,IN,5.0
2021,1,IN,4.7
2021,2,IN,4.5
2021,3,IN,4.4
2021,4,IN,4.3
2021,5,IN,4.2
2021,6,IN,4.1
2021,7,IN,3.9
2021,8,IN,3.7
2021,9,IN,3.5
2021,10,IN,3.3
2021,11,IN,3.1
2021,12,IN,3.0
2022,1,IN,2.9
2022,2,IN,2.9
2022,3,IN,2.9
2022,4,IN,2.9
2022,5,IN,3.0
2022,6,IN,3.0
2022,7,IN,3.1
2022,8,IN,3.1
2022,9,IN,3.2
2022,10,IN,3.2
2022,11,IN,3.3
2022,12,IN,3.3
2023,1,IN,3.3
2023,2,IN,3.3
2023,3,IN,3.3
2023,4,IN,3.3
2023,5,IN,3.3
2023,6,IN,3.4
2023,7,IN,3.4
2023,8,IN,3.5
2023,9,IN,3.6
2023,10,IN,3.6
2023,11,IN,3.7
2023,12,IN,3.7
2024,1,IN,3.8
2024,2,IN,3.8
2024,3,IN,3.9
2024,4,IN,4.0
2024,5,IN,4.1
2024,6,IN,4.2
2024,7,IN,4.3
2024,8,IN,4.4
2024,9,IN,4.4
2024,10,IN,4.5
2024,11,IN,4.4
2024,12,IN,4.4
2025,1,IN,4.4
2025,2,IN,4.3
2025,3,IN,4.1
2025,4,IN,3.9
2025,5,IN,3.7
2025,6,IN,3.6
2025,7,IN,3.6
2025,8,IN,3.6
2025,9,IN,3.7
2025,10,IN,
2025,11,IN,3.7
2025,12,IN,3.5
1976,1,IA,4.4
1976,2,IA,4.4
1976,3,IA,4.4
1976,4,IA,4.3
1976,5,IA,4.2
1976,6,IA,4.0
1976,7,IA,4.0
1976,8,IA,3.9
1976,9,IA,4.0
1976,10,IA,4.0
1976,11,IA,4.0
1976,12,IA,4.1
1977,1,IA,4.1
1977,2,IA,4.1
1977,3,IA,4.0
1977,4,IA,4.0
1977,5,IA,4.1
1977,6,IA,4.1
1977,7,IA,4.1
1977,8,IA,4.1
1977,9,IA,4.0
1977,10,IA,4.0
1977,11,IA,4.0
1977,12,IA,4.0
1978,1,IA,4.0
1978,2,IA,4.0
1978,3,IA,4.0
1978,4,IA,3.9
1978,5,IA,3.8
1978,6,IA,3.7
1978,7,IA,3.7
1978,8,IA,3.7
1978,9,IA,3.8
1978,10,IA,3.9
1978,11,IA,3.9
1978,12,IA,4.0
1979,1,IA,4.1
1979,2,IA,4.1
1979,3,IA,4.1
1979,4,IA,4.1
1979,5,IA,4.1
1979,6,IA,4.1
1979,7,IA,4.1
1979,8,IA,4.2
1979,9,IA,4.3
1979,10,IA,4.3
1979,11,IA,4.4
1979,12,IA,4.4
1980,1,IA,4.5
1980,2,IA,4.7
1980,3,IA,5.0
1980,4,IA,5.5
1980,5,IA,6.0
1980,6,IA,6.5
1980,7,IA,6.8
1980,8,IA,6.9
1980,9,IA,6.8
1980,10,IA,6.6
1980,11,IA,6.4
1980,12,IA,6.2
1981,1,IA,6.1
1981,2,IA,6.1
1981,3,IA,6.1
1981,4,IA,6.1
1981,5,IA,6.1
1981,6,IA,6.1
1981,7,IA,6.3
1981,8,IA,6.5
1981,9,IA,6.7
1981,10,IA,7.0
1981,11,IA,7.3
1981,12,IA,7.5
1982,1,IA,7.8
1982,2,IA,8.0
1982,3,IA,8.1
1982,4,IA,8.2
1982,5,IA,8.3
1982,6,IA,8.3
1982,7,IA,8.4
1982,8,IA,8.5
1982,9,IA,8.6
1982,10,IA,8.8
1982,11,IA,9.0
1982,12,IA,9.1
1983,1,IA,9.2
1983,2,IA,9.1
1983,3,IA,9.0
1983,4,IA,8.8
1983,5,IA,8.5
1983,6,IA,8.3
1983,7,IA,8.0
1983,8,IA,7.8
1983,9,IA,7.6
1983,10,IA,7.4
1983,11,IA,7.2
1983,12,IA,7.1
1984,1,IA,7.0
1984,2,IA,6.9
1984,3,IA,6.9
1984,4,IA,6.8
1984,5,IA,6.8
1984,6,IA,6.8
1984,7,IA,6.8
1984,8,IA,6.8
1984,9,IA,6.9
1984,10,IA,7.0
1984,11,IA,7.1
1984,12,IA,7.2
1985,1,IA,7.3
1985,2,IA,7.4
1985,3,IA,7.4
1985,4,IA,7.4
1985,5,IA,7.4
1985,6,IA,7.4
1985,7,IA,7.4
1985,8,IA,7.4
1985,9,IA,7.4
1985,10,IA,7.4
1985,11,IA,7.3
1985,12,IA,7.3
1986,1,IA,7.3
1986,2,IA,7.2
1986,3,IA,7.2
1986,4,IA,7.1
1986,5,IA,7.1
1986,6,IA,7.0
1986,7,IA,6.8
1986,8,IA,6.6
1986,9,IA,6.5
1986,10,IA,6.4
1986,11,IA,6.2
1986,12,IA,6.1
1987,1,IA,6.0
1987,2,IA,5.9
1987,3,IA,5.8
1987,4,IA,5.8
1987,5,IA,5.7
1987,6,IA,5.7
1987,7,IA,5.7
1987,8,IA,5.6
1987,9,IA,5.5
1987,10,IA,5.4
1987,11,IA,5.2
1987,12,IA,5.0
1988,1,IA,4.9
1988,2,IA,4.8
1988,3,IA,4.8
1988,4,IA,4.7
1988,5,IA,4.7
1988,6,IA,4.7
1988,7,IA,4.7
1988,8,IA,4.6
1988,9,IA,4.6
1988,10,IA,4.5
1988,11,IA,4.5
1988,12,IA,4.4
1989,1,IA,4.3
1989,2,IA,4.2
1989,3,IA,4.2
1989,4,IA,4.2
1989,5,IA,4.3
1989,6,IA,4.3
1989,7,IA,4.4
1989,8,IA,4.5
1989,9,IA,4.5
1989,10,IA,4.5
1989,11,IA,4.4
1989,12,IA,4.4
1990,1,IA,4.4
1990,2,IA,4.3
1990,3,IA,4.3
1990,4,IA,4.3
1990,5,IA,4.3
1990,6,IA,4.3
1990,7,IA,4.4
1990,8,IA,4.4
1990,9,IA,4.5
1990,10,IA,4.6
1990,11,IA,4.6
1990,12,IA,4.7
1991,1,IA,4.8
1991,2,IA,4.8
1991,3,IA,4.8
1991,4,IA,4.8
1991,5,IA,4.7
1991,6,IA,4.7
1991,7,IA,4.6
1991,8,IA,4.5
1991,9,IA,4.5
1991,10,IA,4.6
1991,11,IA,4.6
1991,12,IA,4.7
1992,1,IA,4.7
1992,2,IA,4.6
1992,3,IA,4.6
1992,4,IA,4.6
1992,5,IA,4.5
1992,6,IA,4.5
1992,7,IA,4.5
1992,8,IA,4.4
1992,9,IA,4.4
1992,10,IA,4.4
1992,11,IA,4.3
1992,12,IA,4.3
1993,1,IA,4.3
1993,2,IA,4.3
1993,3,IA,4.3
1993,4,IA,4.3
1993,5,IA,4.3
1993,6,IA,4.2
1993,7,IA,4.2
1993,8,IA,4.1
1993,9,IA,4.0
1993,10,IA,4.0
1993,11,IA,3.9
1993,12,IA,3.9
1994,1,IA,3.9
1994,2,IA,3.8
1994,3,IA,3.8
1994,4,IA,3.7
1994,5,IA,3.6
1994,6,IA,3.5
1994,7,IA,3.5
1994,8,IA,3.5
1994,9,IA,3.5
1994,10,IA,3.5
1994,11,IA,3.5
1994,12,IA,3.4
1995,1,IA,3.4
1995,2,IA,3.4
1995,3,IA,3.5
1995,4,IA,3.5
1995,5,IA,3.6
1995,6,IA,3.6
1995,7,IA,3.6
1995,8,IA,3.5
1995,9,IA,3.5
1995,10,IA,3.5
1995,11,IA,3.5
1995,12,IA,3.5
1996,1,IA,3.5
1996,2,IA,3.6
1996,3,IA,3.6
1996,4,IA,3.6
1996,5,IA,3.6
1996,6,IA,3.6
1996,7,IA,3.6
1996,8,IA,3.6
1996,9,IA,3.5
1996,10,IA,3.6
1996,11,IA,3.6
1996,12,IA,3.6
1997,1,IA,3.5
1997,2,IA,3.4
1997,3,IA,3.4
1997,4,IA,3.2
1997,5,IA,3.2
1997,6,IA,3.1
1997,7,IA,3.1
1997,8,IA,3.0
1997,9,IA,3.0
1997,10,IA,3.0
1997,11,IA,2.9
1997,12,IA,2.9
1998,1,IA,2.8
1998,2,IA,2.8
1998,3,IA,2.8
1998,4,IA,2.8
1998,5,IA,2.8
1998,6,IA,2.9
1998,7,IA,2.9
1998,8,IA,2.9
1998,9,IA,2.9
1998,10,IA,2.9
1998,11,IA,2.9
1998,12,IA,2.8
1999,1,IA,2.8
1999,2,IA,2.7
1999,3,IA,2.7
1999,4,IA,2.7
1999,5,IA,2.7
1999,6,IA,2.8
1999,7,IA,2.8
1999,8,IA,2.7
1999,9,IA,2.7
1999,10,IA,2.6
1999,11,IA,2.5
1999,12,IA,2.5
2000,1,IA,2.5
2000,2,IA,2.5
2000,3,IA,2.5
2000,4,IA,2.5
2000,5,IA,2.6
2000,6,IA,2.6
2000,7,IA,2.7
2000,8,IA,2.7
2000,9,IA,2.8
2000,10,IA,2.8
2000,11,IA,2.9
2000,12,IA,3.0
2001,1,IA,3.0
2001,2,IA,3.1
2001,3,IA,3.2
2001,4,IA,3.2
2001,5,IA,3.2
2001,6,IA,3.2
2001,7,IA,3.2
2001,8,IA,3.3
2001,9,IA,3.4
2001,10,IA,3.6
2001,11,IA,3.7
2001,12,IA,3.9
2002,1,IA,3.9
2002,2,IA,4.0
2002,3,IA,4.0
2002,4,IA,4.0
2002,5,IA,4.0
2002,6,IA,4.0
2002,7,IA,4.0
2002,8,IA,4.0
2002,9,IA,4.0
2002,10,IA,4.0
2002,11,IA,4.0
2002,12,IA,4.1
2003,1,IA,4.2
2003,2,IA,4.3
2003,3,IA,4.4
2003,4,IA,4.5
2003,5,IA,4.6
2003,6,IA,4.6
2003,7,IA,4.6
2003,8,IA,4.6
2003,9,IA,4.5
2003,10,IA,4.4
2003,11,IA,4.4
2003,12,IA,4.4
2004,1,IA,4.3
2004,2,IA,4.4
2004,3,IA,4.4
2004,4,IA,4.4
2004,5,IA,4.5
2004,6,IA,4.5
2004,7,IA,4.6
2004,8,IA,4.6
2004,9,IA,4.6
2004,10,IA,4.6
2004,11,IA,4.6
2004,12,IA,4.6
2005,1,IA,4.6
2005,2,IA,4.5
2005,3,IA,4.5
2005,4,IA,4.4
2005,5,IA,4.3
2005,6,IA,4.2
2005,7,IA,4.2
2005,8,IA,4.2
2005,9,IA,4.2
2005,10,IA,4.2
2005,11,IA,4.1
2005,12,IA,4.0
2006,1,IA,3.9
2006,2,IA,3.8
2006,3,IA,3.6
2006,4,IA,3.6
2006,5,IA,3.6
2006,6,IA,3.6
2006,7,IA,3.7
2006,8,IA,3.7
2006,9,IA,3.7
2006,10,IA,3.7
2006,11,IA,3.7
2006,12,IA,3.7
2007,1,IA,3.7
2007,2,IA,3.7
2007,3,IA,3.7
2007,4,IA,3.7
2007,5,IA,3.7
2007,6,IA,3.7
2007,7,IA,3.7
2007,8,IA,3.7
2007,9,IA,3.8
2007,10,IA,3.8
2007,11,IA,3.7
2007,12,IA,3.7
2008,1,IA,3.6
2008,2,IA,3.6
2008,3,IA,3.7
2008,4,IA,3.8
2008,5,IA,3.9
2008,6,IA,4.0
2008,7,IA,4.1
2008,8,IA,4.2
2008,9,IA,4.3
2008,10,IA,4.5
2008,11,IA,4.9
2008,12,IA,5.3
2009,1,IA,5.7
2009,2,IA,6.1
2009,3,IA,6.4
2009,4,IA,6.6
2009,5,IA,6.7
2009,6,IA,6.7
2009,7,IA,6.7
2009,8,IA,6.6
2009,9,IA,6.6
2009,10,IA,6.5
2009,11,IA,6.5
2009,12,IA,6.5
2010,1,IA,6.5
2010,2,IA,6.4
2010,3,IA,6.3
2010,4,IA,6.2
2010,5,IA,6.1
2010,6,IA,6.0
2010,7,IA,5.9
2010,8,IA,5.9
2010,9,IA,6.0
2010,10,IA,6.0
2010,11,IA,5.9
2010,12,IA,5.9
2011,1,IA,5.8
2011,2,IA,5.7
2011,3,IA,5.7
2011,4,IA,5.6
2011,5,IA,5.6
2011,6,IA,5.6
2011,7,IA,5.6
2011,8,IA,5.6
2011,9,IA,5.6
2011,10,IA,5.5
2011,11,IA,5.4
2011,12,IA,5.3
2012,1,IA,5.2
2012,2,IA,5.1
2012,3,IA,5.1
2012,4,IA,5.0
2012,5,IA,5.0
2012,6,IA,5.0
2012,7,IA,5.0
2012,8,IA,5.0
2012,9,IA,5.0
2012,10,IA,4.9
2012,11,IA,4.9
2012,12,IA,4.9
2013,1,IA,4.9
2013,2,IA,4.9
2013,3,IA,4.9
2013,4,IA,4.9
2013,5,IA,4.8
2013,6,IA,4.8
2013,7,IA,4.7
2013,8,IA,4.7
2013,9,IA,4.6
2013,10,IA,4.5
2013,11,IA,4.5
2013,12,IA,4.5
2014,1,IA,4.5
2014,2,IA,4.4
2014,3,IA,4.4
2014,4,IA,4.4
2014,5,IA,4.3
2014,6,IA,4.3
2014,7,IA,4.3
2014,8,IA,4.2
2014,9,IA,4.2
2014,10,IA,4.1
2014,11,IA,4.0
2014,12,IA,4.0
2015,1,IA,3.9
2015,2,IA,3.8
2015,3,IA,3.8
2015,4,IA,3.8
2015,5,IA,3.7
2015,6,IA,3.7
2015,7,IA,3.7
2015,8,IA,3.6
2015,9,IA,3.6
2015,10,IA,3.6
2015,11,IA,3.7
2015,12,IA,3.7
2016,1,IA,3.6
2016,2,IA,3.6
2016,3,IA,3.6
2016,4,IA,3.6
2016,5,IA,3.6
2016,6,IA,3.7
2016,7,IA,3.7
2016,8,IA,3.7
2016,9,IA,3.6
2016,10,IA,3.6
2016,11,IA,3.5
2016,12,IA,3.4
2017,1,IA,3.3
2017,2,IA,3.3
2017,3,IA,3.2
2017,4,IA,3.1
2017,5,IA,3.1
2017,6,IA,3.1
2017,7,IA,3.1
2017,8,IA,3.1
2017,9,IA,3.0
2017,10,IA,3.0
2017,11,IA,2.9
2017,12,IA,2.9
2018,1,IA,2.8
2018,2,IA,2.7
2018,3,IA,2.7
2018,4,IA,2.6
2018,5,IA,2.5
2018,6,IA,2.5
2018,7,IA,2.5
2018,8,IA,2.5
2018,9,IA,2.5
2018,10,IA,2.5
2018,11,IA,2.6
2018,12,IA,2.6
2019,1,IA,2.6
2019,2,IA,2.6
2019,3,IA,2.6
2019,4,IA,2.6
2019,5,IA,2.6
2019,6,IA,2.7
2019,7,IA,2.7
2019,8,IA,2.7
2019,9,IA,2.7
2019,10,IA,2.7
2019,11,IA,2.7
2019,12,IA,2.7
2020,1,IA,2.7
2020,2,IA,2.7
2020,3,IA,2.7
2020,4,IA,11.0
2020,5,IA,8.5
2020,6,IA,6.8
2020,7,IA,6.0
2020,8,IA,5.0
2020,9,IA,4.6
2020,10,IA,4.2
2020,11,IA,4.2
2020,12,IA,4.2
2021,1,IA,4.2
2021,2,IA,4.2
2021,3,IA,4.3
2021,4,IA,4.4
2021,5,IA,4.3
2021,6,IA,4.2
2021,7,IA,4.0
2021,8,IA,3.8
2021,9,IA,3.5
2021,10,IA,3.3
2021,11,IA,3.1
2021,12,IA,2.9
2022,1,IA,2.8
2022,2,IA,2.7
2022,3,IA,2.6
2022,4,IA,2.6
2022,5,IA,2.6
2022,6,IA,2.7
2022,7,IA,2.8
2022,8,IA,2.9
2022,9,IA,3.0
2022,10,IA,3.1
2022,11,IA,3.1
2022,12,IA,3.0
2023,1,IA,3.0
2023,2,IA,2.9
2023,3,IA,2.9
2023,4,IA,2.9
2023,5,IA,2.9
2023,6,IA,2.9
2023,7,IA,3.0
2023,8,IA,3.0
2023,9,IA,3.0
2023,10,IA,3.0
2023,11,IA,2.9
2023,12,IA,2.8
2024,1,IA,2.8
2024,2,IA,2.7
2024,3,IA,2.7
2024,4,IA,2.8
2024,5,IA,2.9
2024,6,IA,3.0
2024,7,IA,3.1
2024,8,IA,3.2
2024,9,IA,3.3
2024,10,IA,3.3
2024,11,IA,3.3
2024,12,IA,3.3
2025,1,IA,3.3
2025,2,IA,3.3
2025,3,IA,3.4
2025,4,IA,3.5
2025,5,IA,3.6
2025,6,IA,3.7
2025,7,IA,3.7
2025,8,IA,3.8
2025,9,IA,3.7
2025,10,IA,
2025,11,IA,3.5
2025,12,IA,3.5
1976,1,KS,4.2
1976,2,KS,4.2
1976,3,KS,4.2
1976,4,KS,4.2
1976,5,KS,4.2
1976,6,KS,4.1
1976,7,KS,4.1
1976,8,KS,4.1
1976,9,KS,4.1
1976,10,KS,4.1
1976,11,KS,4.1
1976,12,KS,4.1
1977,1,KS,4.1
1977,2,KS,4.1
1977,3,KS,4.1
1977,4,KS,4.1
1977,5,KS,4.0
1977,6,KS,4.0
1977,7,KS,3.9
1977,8,KS,3.9
1977,9,KS,3.8
1977,10,KS,3.7
1977,11,KS,3.6
1977,12,KS,3.5
1978,1,KS,3.4
1978,2,KS,3.3
1978,3,KS,3.2
1978,4,KS,3.1
1978,5,KS,3.0
1978,6,KS,2.9
1978,7,KS,2.9
1978,8,KS,2.9
1978,9,KS,2.9
1978,10,KS,2.9
1978,11,KS,3.0
1978,12,KS,3.0
1979,1,KS,3.0
1979,2,KS,3.0
1979,3,KS,3.0
1979,4,KS,3.0
1979,5,KS,3.0
1979,6,KS,3.0
1979,7,KS,3.1
1979,8,KS,3.1
1979,9,KS,3.1
1979,10,KS,3.2
1979,11,KS,3.3
1979,12,KS,3.3
1980,1,KS,3.5
1980,2,KS,3.7
1980,3,KS,4.0
1980,4,KS,4.3
1980,5,KS,4.5
1980,6,KS,4.8
1980,7,KS,4.9
1980,8,KS,4.9
1980,9,KS,4.9
1980,10,KS,4.8
1980,11,KS,4.7
1980,12,KS,4.6
1981,1,KS,4.5
1981,2,KS,4.5
1981,3,KS,4.3
1981,4,KS,4.2
1981,5,KS,4.1
1981,6,KS,4.0
1981,7,KS,4.0
1981,8,KS,4.0
1981,9,KS,4.2
1981,10,KS,4.3
1981,11,KS,4.6
1981,12,KS,4.8
1982,1,KS,5.0
1982,2,KS,5.3
1982,3,KS,5.5
1982,4,KS,5.8
1982,5,KS,6.2
1982,6,KS,6.4
1982,7,KS,6.7
1982,8,KS,6.9
1982,9,KS,7.1
1982,10,KS,7.1
1982,11,KS,7.2
1982,12,KS,7.1
1983,1,KS,7.0
1983,2,KS,6.8
1983,3,KS,6.6
1983,4,KS,6.4
1983,5,KS,6.1
1983,6,KS,5.9
1983,7,KS,5.6
1983,8,KS,5.5
1983,9,KS,5.3
1983,10,KS,5.3
1983,11,KS,5.2
1983,12,KS,5.1
1984,1,KS,5.1
1984,2,KS,5.0
1984,3,KS,5.0
1984,4,KS,4.9
1984,5,KS,4.9
1984,6,KS,4.9
1984,7,KS,4.9
1984,8,KS,4.9
1984,9,KS,4.9
1984,10,KS,4.9
1984,11,KS,4.9
1984,12,KS,4.9
1985,1,KS,5.0
1985,2,KS,5.0
1985,3,KS,5.1
1985,4,KS,5.1
1985,5,KS,5.1
1985,6,KS,5.1
1985,7,KS,5.1
1985,8,KS,5.2
1985,9,KS,5.2
1985,10,KS,5.2
1985,11,KS,5.3
1985,12,KS,5.3
1986,1,KS,5.3
1986,2,KS,5.4
1986,3,KS,5.4
1986,4,KS,5.5
1986,5,KS,5.5
1986,6,KS,5.5
1986,7,KS,5.5
1986,8,KS,5.4
1986,9,KS,5.3
1986,10,KS,5.2
1986,11,KS,5.2
1986,12,KS,5.2
1987,1,KS,5.1
1987,2,KS,5.1
1987,3,KS,5.0
1987,4,KS,4.9
1987,5,KS,4.9
1987,6,KS,4.8
1987,7,KS,4.7
1987,8,KS,4.7
1987,9,KS,4.7
1987,10,KS,4.6
1987,11,KS,4.5
1987,12,KS,4.5
1988,1,KS,4.5
1988,2,KS,4.5
1988,3,KS,4.5
1988,4,KS,4.5
1988,5,KS,4.5
1988,6,KS,4.5
1988,7,KS,4.5
1988,8,KS,4.5
1988,9,KS,4.5
1988,10,KS,4.5
1988,11,KS,4.5
1988,12,KS,4.4
1989,1,KS,4.3
1989,2,KS,4.2
1989,3,KS,4.2
1989,4,KS,4.1
1989,5,KS,4.1
1989,6,KS,4.1
1989,7,KS,4.1
1989,8,KS,4.1
1989,9,KS,4.1
1989,10,KS,4.1
1989,11,KS,4.1
1989,12,KS,4.1
1990,1,KS,4.1
1990,2,KS,4.0
1990,3,KS,4.0
1990,4,KS,4.0
1990,5,KS,4.1
1990,6,KS,4.1
1990,7,KS,4.2
1990,8,KS,4.3
1990,9,KS,4.5
1990,10,KS,4.6
1990,11,KS,4.7
1990,12,KS,4.7
1991,1,KS,4.7
1991,2,KS,4.8
1991,3,KS,4.7
1991,4,KS,4.7
1991,5,KS,4.6
1991,6,KS,4.5
1991,7,KS,4.4
1991,8,KS,4.4
1991,9,KS,4.3
1991,10,KS,4.2
1991,11,KS,4.2
1991,12,KS,4.2
1992,1,KS,4.2
1992,2,KS,4.3
1992,3,KS,4.4
1992,4,KS,4.4
1992,5,KS,4.5
1992,6,KS,4.6
1992,7,KS,4.7
1992,8,KS,4.7
1992,9,KS,4.7
1992,10,KS,4.7
1992,11,KS,4.7
1992,12,KS,4.8
1993,1,KS,4.8
1993,2,KS,4.9
1993,3,KS,5.0
1993,4,KS,5.0
1993,5,KS,5.0
1993,6,KS,5.0
1993,7,KS,5.0
1993,8,KS,5.0
1993,9,KS,4.9
1993,10,KS,4.9
1993,11,KS,5.0
1993,12,KS,5.0
1994,1,KS,5.0
1994,2,KS,5.0
1994,3,KS,4.9
1994,4,KS,4.8
1994,5,KS,4.7
1994,6,KS,4.7
1994,7,KS,4.6
1994,8,KS,4.7
1994,9,KS,4.7
1994,10,KS,4.8
1994,11,KS,4.7
1994,12,KS,4.7
1995,1,KS,4.7
1995,2,KS,4.6
1995,3,KS,4.6
1995,4,KS,4.5
1995,5,KS,4.5
1995,6,KS,4.4
1995,7,KS,4.3
1995,8,KS,4.2
1995,9,KS,4.1
1995,10,KS,4.1
1995,11,KS,4.0
1995,12,KS,4.0
1996,1,KS,4.1
1996,2,KS,4.1
1996,3,KS,4.2
1996,4,KS,4.3
1996,5,KS,4.3
1996,6,KS,4.3
1996,7,KS,4.3
1996,8,KS,4.3
1996,9,KS,4.3
1996,10,KS,4.3
1996,11,KS,4.3
1996,12,KS,4.2
1997,1,KS,4.2
1997,2,KS,4.1
1997,3,KS,4.0
1997,4,KS,3.9
1997,5,KS,3.8
1997,6,KS,3.7
1997,7,KS,3.7
1997,8,KS,3.7
1997,9,KS,3.6
1997,10,KS,3.6
1997,11,KS,3.6
1997,12,KS,3.6
1998,1,KS,3.6
1998,2,KS,3.6
1998,3,KS,3.6
1998,4,KS,3.7
1998,5,KS,3.7
1998,6,KS,3.8
1998,7,KS,3.8
1998,8,KS,3.9
1998,9,KS,3.8
1998,10,KS,3.7
1998,11,KS,3.6
1998,12,KS,3.5
1999,1,KS,3.4
1999,2,KS,3.4
1999,3,KS,3.4
1999,4,KS,3.4
1999,5,KS,3.5
1999,6,KS,3.5
1999,7,KS,3.5
1999,8,KS,3.5
1999,9,KS,3.5
1999,10,KS,3.5
1999,11,KS,3.5
1999,12,KS,3.5
2000,1,KS,3.6
2000,2,KS,3.6
2000,3,KS,3.6
2000,4,KS,3.6
2000,5,KS,3.7
2000,6,KS,3.7
2000,7,KS,3.7
2000,8,KS,3.8
2000,9,KS,3.8
2000,10,KS,3.9
2000,11,KS,3.9
2000,12,KS,4.0
2001,1,KS,4.0
2001,2,KS,4.0
2001,3,KS,4.1
2001,4,KS,4.1
2001,5,KS,4.1
2001,6,KS,4.1
2001,7,KS,4.2
2001,8,KS,4.3
2001,9,KS,4.4
2001,10,KS,4.6
2001,11,KS,4.8
2001,12,KS,4.9
2002,1,KS,5.0
2002,2,KS,5.1
2002,3,KS,5.1
2002,4,KS,5.1
2002,5,KS,5.1
2002,6,KS,5.1
2002,7,KS,5.1
2002,8,KS,5.1
2002,9,KS,5.1
2002,10,KS,5.1
2002,11,KS,5.1
2002,12,KS,5.1
2003,1,KS,5.2
2003,2,KS,5.2
2003,3,KS,5.3
2003,4,KS,5.4
2003,5,KS,5.6
2003,6,KS,5.7
2003,7,KS,5.8
2003,8,KS,5.8
2003,9,KS,5.8
2003,10,KS,5.8
2003,11,KS,5.7
2003,12,KS,5.7
2004,1,KS,5.6
2004,2,KS,5.6
2004,3,KS,5.6
2004,4,KS,5.6
2004,5,KS,5.5
2004,6,KS,5.5
2004,7,KS,5.5
2004,8,KS,5.4
2004,9,KS,5.4
2004,10,KS,5.4
2004,11,KS,5.4
2004,12,KS,5.4
2005,1,KS,5.4
2005,2,KS,5.4
2005,3,KS,5.3
2005,4,KS,5.3
2005,5,KS,5.2
2005,6,KS,5.1
2005,7,KS,5.0
2005,8,KS,4.9
2005,9,KS,4.9
2005,10,KS,4.9
2005,11,KS,4.8
2005,12,KS,4.8
2006,1,KS,4.7
2006,2,KS,4.6
2006,3,KS,4.5
2006,4,KS,4.5
2006,5,KS,4.4
2006,6,KS,4.4
2006,7,KS,4.4
2006,8,KS,4.3
2006,9,KS,4.3
2006,10,KS,4.3
2006,11,KS,4.3
2006,12,KS,4.3
2007,1,KS,4.3
2007,2,KS,4.3
2007,3,KS,4.2
2007,4,KS,4.2
2007,5,KS,4.2
2007,6,KS,4.2
2007,7,KS,4.2
2007,8,KS,4.3
2007,9,KS,4.3
2007,10,KS,4.3
2007,11,KS,4.3
2007,12,KS,4.3
2008,1,KS,4.2
2008,2,KS,4.2
2008,3,KS,4.1
2008,4,KS,4.2
2008,5,KS,4.2
2008,6,KS,4.3
2008,7,KS,4.5
2008,8,KS,4.6
2008,9,KS,4.8
2008,10,KS,5.0
2008,11,KS,5.3
2008,12,KS,5.6
2009,1,KS,5.9
2009,2,KS,6.3
2009,3,KS,6.7
2009,4,KS,6.9
2009,5,KS,7.2
2009,6,KS,7.3
2009,7,KS,7.4
2009,8,KS,7.4
2009,9,KS,7.4
2009,10,KS,7.4
2009,11,KS,7.3
2009,12,KS,7.3
2010,1,KS,7.3
2010,2,KS,7.2
2010,3,KS,7.1
2010,4,KS,7.0
2010,5,KS,6.9
2010,6,KS,6.8
2010,7,KS,6.8
2010,8,KS,6.8
2010,9,KS,6.8
2010,10,KS,6.9
2010,11,KS,6.9
2010,12,KS,6.8
2011,1,KS,6.7
2011,2,KS,6.6
2011,3,KS,6.5
2011,4,KS,6.4
2011,5,KS,6.4
2011,6,KS,6.4
2011,7,KS,6.3
2011,8,KS,6.3
2011,9,KS,6.3
2011,10,KS,6.2
2011,11,KS,6.1
2011,12,KS,6.0
2012,1,KS,5.9
2012,2,KS,5.8
2012,3,KS,5.8
2012,4,KS,5.8
2012,5,KS,5.7
2012,6,KS,5.7
2012,7,KS,5.6
2012,8,KS,5.6
2012,9,KS,5.6
2012,10,KS,5.5
2012,11,KS,5.6
2012,12,KS,5.6
2013,1,KS,5.6
2013,2,KS,5.6
2013,3,KS,5.5
2013,4,KS,5.5
2013,5,KS,5.4
2013,6,KS,5.4
2013,7,KS,5.3
2013,8,KS,5.3
2013,9,KS,5.2
2013,10,KS,5.1
2013,11,KS,5.0
2013,12,KS,4.9
2014,1,KS,4.8
2014,2,KS,4.8
2014,3,KS,4.7
2014,4,KS,4.7
2014,5,KS,4.6
2014,6,KS,4.5
2014,7,KS,4.5
2014,8,KS,4.4
2014,9,KS,4.4
2014,10,KS,4.3
2014,11,KS,4.3
2014,12,KS,4.3
2015,1,KS,4.3
2015,2,KS,4.4
2015,3,KS,4.4
2015,4,KS,4.4
2015,5,KS,4.3
2015,6,KS,4.2
2015,7,KS,4.1
2015,8,KS,4.0
2015,9,KS,4.0
2015,10,KS,4.0
2015,11,KS,4.0
2015,12,KS,4.0
2016,1,KS,3.9
2016,2,KS,3.9
2016,3,KS,3.9
2016,4,KS,4.0
2016,5,KS,4.0
2016,6,KS,4.1
2016,7,KS,4.1
2016,8,KS,4.2
2016,9,KS,4.2
2016,10,KS,4.2
2016,11,KS,4.1
2016,12,KS,4.0
2017,1,KS,3.9
2017,2,KS,3.8
2017,3,KS,3.7
2017,4,KS,3.7
2017,5,KS,3.7
2017,6,KS,3.6
2017,7,KS,3.6
2017,8,KS,3.6
2017,9,KS,3.6
2017,10,KS,3.5
2017,11,KS,3.5
2017,12,KS,3.5
2018,1,KS,3.4
2018,2,KS,3.4
2018,3,KS,3.4
2018,4,KS,3.4
2018,5,KS,3.3
2018,6,KS,3.3
2018,7,KS,3.2
2018,8,KS,3.2
2018,9,KS,3.2
2018,10,KS,3.3
2018,11,KS,3.3
2018,12,KS,3.3
2019,1,KS,3.3
2019,2,KS,3.3
2019,3,KS,3.2
2019,4,KS,3.2
2019,5,KS,3.1
2019,6,KS,3.1
2019,7,KS,3.1
2019,8,KS,3.1
2019,9,KS,3.1
2019,10,KS,3.1
2019,11,KS,3.1
2019,12,KS,3.1
2020,1,KS,3.1
2020,2,KS,3.1
2020,3,KS,3.1
2020,4,KS,12.1
2020,5,KS,9.2
2020,6,KS,7.5
2020,7,KS,6.7
2020,8,KS,5.8
2020,9,KS,5.4
2020,10,KS,4.9
2020,11,KS,4.6
2020,12,KS,4.4
2021,1,KS,4.1
2021,2,KS,3.8
2021,3,KS,3.7
2021,4,KS,3.7
2021,5,KS,3.6
2021,6,KS,3.6
2021,7,KS,3.5
2021,8,KS,3.3
2021,9,KS,3.1
2021,10,KS,2.9
2021,11,KS,2.8
2021,12,KS,2.6
2022,1,KS,2.6
2022,2,KS,2.5
2022,3,KS,2.6
2022,4,KS,2.6
2022,5,KS,2.6
2022,6,KS,2.7
2022,7,KS,2.7
2022,8,KS,2.8
2022,9,KS,2.9
2022,10,KS,2.9
2022,11,KS,2.9
2022,12,KS,2.9
2023,1,KS,2.9
2023,2,KS,2.9
2023,3,KS,2.9
2023,4,KS,2.8
2023,5,KS,2.8
2023,6,KS,2.8
2023,7,KS,2.8
2023,8,KS,2.8
2023,9,KS,2.9
2023,10,KS,2.9
2023,11,KS,3.0
2023,12,KS,3.0
2024,1,KS,3.1
2024,2,KS,3.2
2024,3,KS,3.3
2024,4,KS,3.4
2024,5,KS,3.5
2024,6,KS,3.6
2024,7,KS,3.7
2024,8,KS,3.7
2024,9,KS,3.8
2024,10,KS,3.8
2024,11,KS,3.8
2024,12,KS,3.8
2025,1,KS,3.8
2025,2,KS,3.8
2025,3,KS,3.8
2025,4,KS,3.8
2025,5,KS,3.8
2025,6,KS,3.8
2025,7,KS,3.8
2025,8,KS,3.8
2025,9,KS,3.8
2025,10,KS,
2025,11,KS,3.8
2025,12,KS,3.8
1976,1,KY,5.6
1976,2,KY,5.6
1976,3,KY,5.6
1976,4,KY,5.6
1976,5,KY,5.5
1976,6,KY,5.5
1976,7,KY,5.4
1976,8,KY,5.4
1976,9,KY,5.3
1976,10,KY,5.2
1976,11,KY,5.2
1976,12,KY,5.1
1977,1,KY,5.1
1977,2,KY,5.1
1977,3,KY,5.0
1977,4,KY,4.9
1977,5,KY,4.8
1977,6,KY,4.7
1977,7,KY,4.7
1977,8,KY,4.7
1977,9,KY,4.7
1977,10,KY,4.8
1977,11,KY,4.9
1977,12,KY,5.0
1978,1,KY,5.0
1978,2,KY,5.0
1978,3,KY,5.0
1978,4,KY,5.0
1978,5,KY,5.0
1978,6,KY,5.0
1978,7,KY,5.0
1978,8,KY,5.1
1978,9,KY,5.1
1978,10,KY,5.2
1978,11,KY,5.2
1978,12,KY,5.3
1979,1,KY,5.3
1979,2,KY,5.4
1979,3,KY,5.4
1979,4,KY,5.4
1979,5,KY,5.4
1979,6,KY,5.5
1979,7,KY,5.5
1979,8,KY,5.6
1979,9,KY,5.6
1979,10,KY,5.7
1979,11,KY,5.8
1979,12,KY,6.0
1980,1,KY,6.2
1980,2,KY,6.6
1980,3,KY,7.0
1980,4,KY,7.5
1980,5,KY,7.9
1980,6,KY,8.3
1980,7,KY,8.6
1980,8,KY,8.7
1980,9,KY,8.8
1980,10,KY,8.8
1980,11,KY,8.7
1980,12,KY,8.5
1981,1,KY,8.4
1981,2,KY,8.4
1981,3,KY,8.3
1981,4,KY,8.3
1981,5,KY,8.3
1981,6,KY,8.3
1981,7,KY,8.4
1981,8,KY,8.6
1981,9,KY,8.8
1981,10,KY,9.0
1981,11,KY,9.3
1981,12,KY,9.5
1982,1,KY,9.8
1982,2,KY,10.0
1982,3,KY,10.2
1982,4,KY,10.3
1982,5,KY,10.5
1982,6,KY,10.6
1982,7,KY,10.8
1982,8,KY,10.9
1982,9,KY,11.2
1982,10,KY,11.5
1982,11,KY,11.8
1982,12,KY,12.0
1983,1,KY,12.1
1983,2,KY,12.1
1983,3,KY,12.0
1983,4,KY,11.9
1983,5,KY,11.7
1983,6,KY,11.5
1983,7,KY,11.3
1983,8,KY,11.1
1983,9,KY,10.8
1983,10,KY,10.5
1983,11,KY,10.2
1983,12,KY,9.9
1984,1,KY,9.7
1984,2,KY,9.6
1984,3,KY,9.5
1984,4,KY,9.4
1984,5,KY,9.3
1984,6,KY,9.2
1984,7,KY,9.0
1984,8,KY,8.9
1984,9,KY,8.8
1984,10,KY,8.7
1984,11,KY,8.7
1984,12,KY,8.6
1985,1,KY,8.6
1985,2,KY,8.6
1985,3,KY,8.7
1985,4,KY,8.8
1985,5,KY,8.8
1985,6,KY,8.9
1985,7,KY,9.0
1985,8,KY,9.1
1985,9,KY,9.2
1985,10,KY,9.2
1985,11,KY,9.3
1985,12,KY,9.3
1986,1,KY,9.3
1986,2,KY,9.3
1986,3,KY,9.3
1986,4,KY,9.3
1986,5,KY,9.3
1986,6,KY,9.2
1986,7,KY,9.2
1986,8,KY,9.2
1986,9,KY,9.2
1986,10,KY,9.2
1986,11,KY,9.2
1986,12,KY,9.1
1987,1,KY,9.1
1987,2,KY,8.9
1987,3,KY,8.8
1987,4,KY,8.6
1987,5,KY,8.4
1987,6,KY,8.2
1987,7,KY,8.1
1987,8,KY,7.9
1987,9,KY,7.8
1987,10,KY,7.8
1987,11,KY,7.7
1987,12,KY,7.7
1988,1,KY,7.7
1988,2,KY,7.7
1988,3,KY,7.6
1988,4,KY,7.6
1988,5,KY,7.6
1988,6,KY,7.5
1988,7,KY,7.5
1988,8,KY,7.4
1988,9,KY,7.3
1988,10,KY,7.2
1988,11,KY,7.1
1988,12,KY,6.9
1989,1,KY,6.7
1989,2,KY,6.6
1989,3,KY,6.5
1989,4,KY,6.5
1989,5,KY,6.5
1989,6,KY,6.4
1989,7,KY,6.4
1989,8,KY,6.3
1989,9,KY,6.2
1989,10,KY,6.1
1989,11,KY,6.0
1989,12,KY,5.9
1990,1,KY,5.8
1990,2,KY,5.8
1990,3,KY,5.7
1990,4,KY,5.7
1990,5,KY,5.8
1990,6,KY,5.8
1990,7,KY,5.9
1990,8,KY,6.0
1990,9,KY,6.2
1990,10,KY,6.4
1990,11,KY,6.6
1990,12,KY,6.8
1991,1,KY,7.1
1991,2,KY,7.2
1991,3,KY,7.4
1991,4,KY,7.4
1991,5,KY,7.4
1991,6,KY,7.4
1991,7,KY,7.3
1991,8,KY,7.3
1991,9,KY,7.2
1991,10,KY,7.2
1991,11,KY,7.2
1991,12,KY,7.2
1992,1,KY,7.1
1992,2,KY,7.1
1992,3,KY,7.0
1992,4,KY,6.9
1992,5,KY,6.9
1992,6,KY,6.9
1992,7,KY,6.9
1992,8,KY,6.9
1992,9,KY,6.8
1992,10,KY,6.8
1992,11,KY,6.7
1992,12,KY,6.6
1993,1,KY,6.6
1993,2,KY,6.5
1993,3,KY,6.5
1993,4,KY,6.5
1993,5,KY,6.4
1993,6,KY,6.4
1993,7,KY,6.3
1993,8,KY,6.1
1993,9,KY,6.0
1993,10,KY,5.9
1993,11,KY,5.8
1993,12,KY,5.7
1994,1,KY,5.7
1994,2,KY,5.6
1994,3,KY,5.5
1994,4,KY,5.4
1994,5,KY,5.4
1994,6,KY,5.3
1994,7,KY,5.3
1994,8,KY,5.3
1994,9,KY,5.3
1994,10,KY,5.2
1994,11,KY,5.2
1994,12,KY,5.1
1995,1,KY,5.1
1995,2,KY,5.1
1995,3,KY,5.2
1995,4,KY,5.3
1995,5,KY,5.4
1995,6,KY,5.5
1995,7,KY,5.6
1995,8,KY,5.6
1995,9,KY,5.5
1995,10,KY,5.5
1995,11,KY,5.5
1995,12,KY,5.4
1996,1,KY,5.4
1996,2,KY,5.4
1996,3,KY,5.4
1996,4,KY,5.4
1996,5,KY,5.3
1996,6,KY,5.2
1996,7,KY,5.2
1996,8,KY,5.2
1996,9,KY,5.3
1996,10,KY,5.5
1996,11,KY,5.6
1996,12,KY,5.7
1997,1,KY,5.7
1997,2,KY,5.7
1997,3,KY,5.6
1997,4,KY,5.5
1997,5,KY,5.4
1997,6,KY,5.3
1997,7,KY,5.2
1997,8,KY,5.1
1997,9,KY,5.0
1997,10,KY,4.8
1997,11,KY,4.7
1997,12,KY,4.6
1998,1,KY,4.5
1998,2,KY,4.5
1998,3,KY,4.5
1998,4,KY,4.5
1998,5,KY,4.5
1998,6,KY,4.5
1998,7,KY,4.5
1998,8,KY,4.5
1998,9,KY,4.6
1998,10,KY,4.6
1998,11,KY,4.5
1998,12,KY,4.5
1999,1,KY,4.6
1999,2,KY,4.6
1999,3,KY,4.6
1999,4,KY,4.6
1999,5,KY,4.6
1999,6,KY,4.6
1999,7,KY,4.6
1999,8,KY,4.5
1999,9,KY,4.5
1999,10,KY,4.4
1999,11,KY,4.3
1999,12,KY,4.2
2000,1,KY,4.1
2000,2,KY,4.1
2000,3,KY,4.0
2000,4,KY,4.0
2000,5,KY,4.0
2000,6,KY,4.1
2000,7,KY,4.1
2000,8,KY,4.2
2000,9,KY,4.2
2000,10,KY,4.3
2000,11,KY,4.3
2000,12,KY,4.4
2001,1,KY,4.5
2001,2,KY,4.6
2001,3,KY,4.7
2001,4,KY,4.8
2001,5,KY,4.9
2001,6,KY,5.0
2001,7,KY,5.2
2001,8,KY,5.3
2001,9,KY,5.5
2001,10,KY,5.7
2001,11,KY,5.8
2001,12,KY,5.9
2002,1,KY,5.9
2002,2,KY,5.9
2002,3,KY,5.8
2002,4,KY,5.8
2002,5,KY,5.7
2002,6,KY,5.7
2002,7,KY,5.7
2002,8,KY,5.7
2002,9,KY,5.7
2002,10,KY,5.8
2002,11,KY,5.8
2002,12,KY,5.9
2003,1,KY,6.0
2003,2,KY,6.1
2003,3,KY,6.2
2003,4,KY,6.3
2003,5,KY,6.3
2003,6,KY,6.4
2003,7,KY,6.4
2003,8,KY,6.3
2003,9,KY,6.2
2003,10,KY,6.1
2003,11,KY,6.0
2003,12,KY,5.9
2004,1,KY,5.8
2004,2,KY,5.7
2004,3,KY,5.7
2004,4,KY,5.7
2004,5,KY,5.6
2004,6,KY,5.5
2004,7,KY,5.5
2004,8,KY,5.4
2004,9,KY,5.3
2004,10,KY,5.3
2004,11,KY,5.3
2004,12,KY,5.4
2005,1,KY,5.5
2005,2,KY,5.6
2005,3,KY,5.7
2005,4,KY,5.7
2005,5,KY,5.8
2005,6,KY,5.8
2005,7,KY,5.8
2005,8,KY,5.9
2005,9,KY,6.0
2005,10,KY,6.1
2005,11,KY,6.1
2005,12,KY,6.1
2006,1,KY,6.0
2006,2,KY,5.9
2006,3,KY,5.8
2006,4,KY,5.8
2006,5,KY,5.7
2006,6,KY,5.7
2006,7,KY,5.7
2006,8,KY,5.7
2006,9,KY,5.7
2006,10,KY,5.7
2006,11,KY,5.6
2006,12,KY,5.5
2007,1,KY,5.5
2007,2,KY,5.4
2007,3,KY,5.3
2007,4,KY,5.3
2007,5,KY,5.3
2007,6,KY,5.3
2007,7,KY,5.3
2007,8,KY,5.4
2007,9,KY,5.4
2007,10,KY,5.4
2007,11,KY,5.4
2007,12,KY,5.4
2008,1,KY,5.4
2008,2,KY,5.4
2008,3,KY,5.5
2008,4,KY,5.7
2008,5,KY,5.9
2008,6,KY,6.2
2008,7,KY,6.5
2008,8,KY,6.7
2008,9,KY,7.1
2008,10,KY,7.5
2008,11,KY,8.0
2008,12,KY,8.6
2009,1,KY,9.2
2009,2,KY,9.8
2009,3,KY,10.3
2009,4,KY,10.7
2009,5,KY,10.9
2009,6,KY,11.0
2009,7,KY,11.0
2009,8,KY,11.0
2009,9,KY,10.9
2009,10,KY,10.9
2009,11,KY,10.9
2009,12,KY,10.9
2010,1,KY,10.9
2010,2,KY,10.8
2010,3,KY,10.7
2010,4,KY,10.5
2010,5,KY,10.3
2010,6,KY,10.2
2010,7,KY,10.1
2010,8,KY,10.0
2010,9,KY,10.0
2010,10,KY,10.0
2010,11,KY,10.0
2010,12,KY,9.9
2011,1,KY,9.8
2011,2,KY,9.7
2011,3,KY,9.6
2011,4,KY,9.5
2011,5,KY,9.5
2011,6,KY,9.5
2011,7,KY,9.5
2011,8,KY,9.4
2011,9,KY,9.3
2011,10,KY,9.1
2011,11,KY,8.9
2011,12,KY,8.7
2012,1,KY,8.5
2012,2,KY,8.3
2012,3,KY,8.2
2012,4,KY,8.2
2012,5,KY,8.2
2012,6,KY,8.2
2012,7,KY,8.2
2012,8,KY,8.2
2012,9,KY,8.1
2012,10,KY,8.1
2012,11,KY,8.1
2012,12,KY,8.0
2013,1,KY,8.0
2013,2,KY,8.0
2013,3,KY,8.0
2013,4,KY,8.0
2013,5,KY,8.0
2013,6,KY,8.0
2013,7,KY,8.0
2013,8,KY,8.0
2013,9,KY,7.9
2013,10,KY,7.8
2013,11,KY,7.7
2013,12,KY,7.6
2014,1,KY,7.5
2014,2,KY,7.3
2014,3,KY,7.2
2014,4,KY,7.0
2014,5,KY,6.8
2014,6,KY,6.5
2014,7,KY,6.3
2014,8,KY,6.1
2014,9,KY,5.9
2014,10,KY,5.7
2014,11,KY,5.6
2014,12,KY,5.4
2015,1,KY,5.4
2015,2,KY,5.3
2015,3,KY,5.3
2015,4,KY,5.3
2015,5,KY,5.3
2015,6,KY,5.2
2015,7,KY,5.2
2015,8,KY,5.2
2015,9,KY,5.2
2015,10,KY,5.2
2015,11,KY,5.2
2015,12,KY,5.2
2016,1,KY,5.2
2016,2,KY,5.2
2016,3,KY,5.1
2016,4,KY,5.0
2016,5,KY,5.0
2016,6,KY,5.0
2016,7,KY,5.0
2016,8,KY,5.0
2016,9,KY,5.1
2016,10,KY,5.1
2016,11,KY,5.1
2016,12,KY,5.1
2017,1,KY,5.1
2017,2,KY,5.0
2017,3,KY,5.0
2017,4,KY,4.9
2017,5,KY,4.9
2017,6,KY,4.8
2017,7,KY,4.8
2017,8,KY,4.7
2017,9,KY,4.6
2017,10,KY,4.5
2017,11,KY,4.4
2017,12,KY,4.3
2018,1,KY,4.2
2018,2,KY,4.2
2018,3,KY,4.2
2018,4,KY,4.2
2018,5,KY,4.2
2018,6,KY,4.2
2018,7,KY,4.2
2018,8,KY,4.2
2018,9,KY,4.2
2018,10,KY,4.2
2018,11,KY,4.2
2018,12,KY,4.2
2019,1,KY,4.2
2019,2,KY,4.2
2019,3,KY,4.1
2019,4,KY,4.1
2019,5,KY,4.1
2019,6,KY,4.1
2019,7,KY,4.1
2019,8,KY,4.1
2019,9,KY,4.0
2019,10,KY,4.0
2019,11,KY,4.0
2019,12,KY,4.0
2020,1,KY,4.1
2020,2,KY,4.1
2020,3,KY,4.1
2020,4,KY,16.7
2020,5,KY,12.8
2020,6,KY,5.3
2020,7,KY,5.8
2020,8,KY,5.2
2020,9,KY,5.0
2020,10,KY,4.8
2020,11,KY,4.8
2020,12,KY,4.7
2021,1,KY,4.6
2021,2,KY,4.6
2021,3,KY,4.6
2021,4,KY,4.6
2021,5,KY,4.6
2021,6,KY,4.6
2021,7,KY,4.6
2021,8,KY,4.5
2021,9,KY,4.4
2021,10,KY,4.3
2021,11,KY,4.2
2021,12,KY,4.1
2022,1,KY,4.0
2022,2,KY,4.0
2022,3,KY,4.0
2022,4,KY,4.0
2022,5,KY,4.0
2022,6,KY,4.0
2022,7,KY,4.1
2022,8,KY,4.1
2022,9,KY,4.1
2022,10,KY,4.1
2022,11,KY,4.1
2022,12,KY,4.1
2023,1,KY,4.1
2023,2,KY,4.1
2023,3,KY,4.1
2023,4,KY,4.1
2023,5,KY,4.2
2023,6,KY,4.2
2023,7,KY,4.3
2023,8,KY,4.4
2023,9,KY,4.4
2023,10,KY,4.5
2023,11,KY,4.5
2023,12,KY,4.6
2024,1,KY,4.7
2024,2,KY,4.7
2024,3,KY,4.8
2024,4,KY,4.9
2024,5,KY,4.9
2024,6,KY,5.0
2024,7,KY,5.1
2024,8,KY,5.2
2024,9,KY,5.3
2024,10,KY,5.4
2024,11,KY,5.4
2024,12,KY,5.3
2025,1,KY,5.3
2025,2,KY,5.3
2025,3,KY,5.2
2025,4,KY,5.2
2025,5,KY,5.0
2025,6,KY,4.9
2025,7,KY,4.9
2025,8,KY,4.7
2025,9,KY,4.7
2025,10,KY,
2025,11,KY,4.7
2025,12,KY,4.5
1976,1,LA,6.3
1976,2,LA,6.3
1976,3,LA,6.3
1976,4,LA,6.4
1976,5,LA,6.5
1976,6,LA,6.7
1976,7,LA,6.8
1976,8,LA,6.8
1976,9,LA,6.9
1976,10,LA,6.9
1976,11,LA,6.9
1976,12,LA,6.8
1977,1,LA,6.8
1977,2,LA,6.8
1977,3,LA,6.8
1977,4,LA,6.7
1977,5,LA,6.7
1977,6,LA,6.7
1977,7,LA,6.7
1977,8,LA,6.8
1977,9,LA,7.0
1977,10,LA,7.2
1977,11,LA,7.4
1977,12,LA,7.5
1978,1,LA,7.6
1978,2,LA,7.6
1978,3,LA,7.5
1978,4,LA,7.3
1978,5,LA,7.1
1978,6,LA,6.9
1978,7,LA,6.7
1978,8,LA,6.5
1978,9,LA,6.3
1978,10,LA,6.2
1978,11,LA,6.0
1978,12,LA,6.0
1979,1,LA,5.9
1979,2,LA,6.0
1979,3,LA,6.1
1979,4,LA,6.3
1979,5,LA,6.5
1979,6,LA,6.8
1979,7,LA,7.0
1979,8,LA,7.2
1979,9,LA,7.2
1979,10,LA,7.2
1979,11,LA,7.0
1979,12,LA,6.9
1980,1,LA,6.8
1980,2,LA,6.8
1980,3,LA,6.8
1980,4,LA,6.8
1980,5,LA,6.8
1980,6,LA,6.8
1980,7,LA,6.9
1980,8,LA,7.0
1980,9,LA,7.2
1980,10,LA,7.3
1980,11,LA,7.5
1980,12,LA,7.7
1981,1,LA,7.8
1981,2,LA,8.0
1981,3,LA,8.1
1981,4,LA,8.3
1981,5,LA,8.4
1981,6,LA,8.4
1981,7,LA,8.4
1981,8,LA,8.5
1981,9,LA,8.6
1981,10,LA,8.8
1981,11,LA,9.0
1981,12,LA,9.2
1982,1,LA,9.4
1982,2,LA,9.6
1982,3,LA,9.7
1982,4,LA,9.7
1982,5,LA,9.8
1982,6,LA,10.0
1982,7,LA,10.1
1982,8,LA,10.3
1982,9,LA,10.5
1982,10,LA,10.8
1982,11,LA,11.1
1982,12,LA,11.4
1983,1,LA,11.6
1983,2,LA,11.8
1983,3,LA,11.9
1983,4,LA,12.0
1983,5,LA,12.0
1983,6,LA,12.0
1983,7,LA,11.8
1983,8,LA,11.6
1983,9,LA,11.3
1983,10,LA,10.9
1983,11,LA,10.5
1983,12,LA,10.2
1984,1,LA,10.0
1984,2,LA,9.9
1984,3,LA,9.9
1984,4,LA,9.9
1984,5,LA,9.9
1984,6,LA,10.0
1984,7,LA,10.2
1984,8,LA,10.3
1984,9,LA,10.5
1984,10,LA,10.7
1984,11,LA,10.8
1984,12,LA,11.0
1985,1,LA,11.0
1985,2,LA,11.1
1985,3,LA,11.2
1985,4,LA,11.3
1985,5,LA,11.4
1985,6,LA,11.4
1985,7,LA,11.5
1985,8,LA,11.5
1985,9,LA,11.6
1985,10,LA,11.6
1985,11,LA,11.6
1985,12,LA,11.7
1986,1,LA,11.8
1986,2,LA,12.0
1986,3,LA,12.1
1986,4,LA,12.2
1986,5,LA,12.3
1986,6,LA,12.4
1986,7,LA,12.5
1986,8,LA,12.6
1986,9,LA,12.6
1986,10,LA,12.7
1986,11,LA,12.7
1986,12,LA,12.6
1987,1,LA,12.5
1987,2,LA,12.3
1987,3,LA,12.2
1987,4,LA,12.0
1987,5,LA,11.9
1987,6,LA,11.7
1987,7,LA,11.6
1987,8,LA,11.5
1987,9,LA,11.4
1987,10,LA,11.4
1987,11,LA,11.3
1987,12,LA,11.2
1988,1,LA,11.1
1988,2,LA,11.0
1988,3,LA,10.9
1988,4,LA,10.8
1988,5,LA,10.7
1988,6,LA,10.6
1988,7,LA,10.5
1988,8,LA,10.4
1988,9,LA,10.3
1988,10,LA,10.1
1988,11,LA,9.9
1988,12,LA,9.7
1989,1,LA,9.5
1989,2,LA,9.2
1989,3,LA,8.9
1989,4,LA,8.6
1989,5,LA,8.3
1989,6,LA,7.9
1989,7,LA,7.6
1989,8,LA,7.2
1989,9,LA,6.9
1989,10,LA,6.6
1989,11,LA,6.4
1989,12,LA,6.2
1990,1,LA,6.1
1990,2,LA,6.0
1990,3,LA,5.9
1990,4,LA,5.9
1990,5,LA,5.9
1990,6,LA,6.0
1990,7,LA,6.2
1990,8,LA,6.4
1990,9,LA,6.6
1990,10,LA,6.8
1990,11,LA,6.9
1990,12,LA,7.0
1991,1,LA,7.1
1991,2,LA,7.2
1991,3,LA,7.3
1991,4,LA,7.3
1991,5,LA,7.3
1991,6,LA,7.3
1991,7,LA,7.3
1991,8,LA,7.2
1991,9,LA,7.2
1991,10,LA,7.2
1991,11,LA,7.3
1991,12,LA,7.4
1992,1,LA,7.5
1992,2,LA,7.6
1992,3,LA,7.7
1992,4,LA,7.8
1992,5,LA,7.9
1992,6,LA,8.0
1992,7,LA,8.0
1992,8,LA,8.0
1992,9,LA,7.9
1992,10,LA,7.8
1992,11,LA,7.7
1992,12,LA,7.6
1993,1,LA,7.5
1993,2,LA,7.5
1993,3,LA,7.4
1993,4,LA,7.4
1993,5,LA,7.4
1993,6,LA,7.3
1993,7,LA,7.3
1993,8,LA,7.4
1993,9,LA,7.4
1993,10,LA,7.5
1993,11,LA,7.6
1993,12,LA,7.7
1994,1,LA,7.8
1994,2,LA,7.9
1994,3,LA,7.8
1994,4,LA,7.8
1994,5,LA,7.7
1994,6,LA,7.7
1994,7,LA,7.6
1994,8,LA,7.6
1994,9,LA,7.5
1994,10,LA,7.4
1994,11,LA,7.3
1994,12,LA,7.2
1995,1,LA,7.1
1995,2,LA,7.1
1995,3,LA,7.0
1995,4,LA,7.0
1995,5,LA,6.9
1995,6,LA,6.9
1995,7,LA,6.8
1995,8,LA,6.7
1995,9,LA,6.7
1995,10,LA,6.6
1995,11,LA,6.7
1995,12,LA,6.7
1996,1,LA,6.7
1996,2,LA,6.6
1996,3,LA,6.6
1996,4,LA,6.6
1996,5,LA,6.5
1996,6,LA,6.4
1996,7,LA,6.4
1996,8,LA,6.3
1996,9,LA,6.3
1996,10,LA,6.3
1996,11,LA,6.2
1996,12,LA,6.2
1997,1,LA,6.1
1997,2,LA,6.1
1997,3,LA,6.1
1997,4,LA,6.0
1997,5,LA,6.0
1997,6,LA,6.0
1997,7,LA,5.9
1997,8,LA,5.8
1997,9,LA,5.7
1997,10,LA,5.6
1997,11,LA,5.5
1997,12,LA,5.4
1998,1,LA,5.4
1998,2,LA,5.4
1998,3,LA,5.4
1998,4,LA,5.5
1998,5,LA,5.6
1998,6,LA,5.7
1998,7,LA,5.7
1998,8,LA,5.7
1998,9,LA,5.6
1998,10,LA,5.5
1998,11,LA,5.4
1998,12,LA,5.3
1999,1,LA,5.2
1999,2,LA,5.1
1999,3,LA,5.0
1999,4,LA,4.9
1999,5,LA,4.9
1999,6,LA,4.9
1999,7,LA,4.9
1999,8,LA,4.9
1999,9,LA,4.9
1999,10,LA,4.9
1999,11,LA,4.9
1999,12,LA,4.9
2000,1,LA,4.9
2000,2,LA,4.9
2000,3,LA,4.9
2000,4,LA,5.0
2000,5,LA,5.0
2000,6,LA,5.1
2000,7,LA,5.1
2000,8,LA,5.2
2000,9,LA,5.3
2000,10,LA,5.3
2000,11,LA,5.4
2000,12,LA,5.4
2001,1,LA,5.5
2001,2,LA,5.5
2001,3,LA,5.5
2001,4,LA,5.4
2001,5,LA,5.3
2001,6,LA,5.3
2001,7,LA,5.4
2001,8,LA,5.5
2001,9,LA,5.7
2001,10,LA,5.9
2001,11,LA,6.0
2001,12,LA,6.1
2002,1,LA,6.1
2002,2,LA,6.1
2002,3,LA,6.0
2002,4,LA,6.0
2002,5,LA,5.9
2002,6,LA,5.9
2002,7,LA,5.9
2002,8,LA,5.9
2002,9,LA,5.9
2002,10,LA,5.9
2002,11,LA,6.0
2002,12,LA,6.0
2003,1,LA,6.1
2003,2,LA,6.2
2003,3,LA,6.3
2003,4,LA,6.4
2003,5,LA,6.5
2003,6,LA,6.5
2003,7,LA,6.5
2003,8,LA,6.4
2003,9,LA,6.2
2003,10,LA,6.0
2003,11,LA,5.9
2003,12,LA,5.8
2004,1,LA,5.8
2004,2,LA,5.8
2004,3,LA,5.8
2004,4,LA,5.8
2004,5,LA,5.8
2004,6,LA,5.7
2004,7,LA,5.6
2004,8,LA,5.6
2004,9,LA,5.5
2004,10,LA,5.6
2004,11,LA,5.6
2004,12,LA,5.6
2005,1,LA,5.6
2005,2,LA,5.5
2005,3,LA,5.5
2005,4,LA,5.4
2005,5,LA,5.4
2005,6,LA,5.4
2005,7,LA,5.3
2005,8,LA,5.3
2005,9,LA,11.7
2005,10,LA,11.5
2005,11,LA,11.6
2005,12,LA,6.4
2006,1,LA,4.6
2006,2,LA,4.4
2006,3,LA,4.3
2006,4,LA,4.1
2006,5,LA,4.1
2006,6,LA,4.0
2006,7,LA,4.0
2006,8,LA,4.0
2006,9,LA,4.0
2006,10,LA,4.0
2006,11,LA,4.1
2006,12,LA,4.1
2007,1,LA,4.1
2007,2,LA,4.1
2007,3,LA,4.2
2007,4,LA,4.2
2007,5,LA,4.2
2007,6,LA,4.1
2007,7,LA,4.1
2007,8,LA,4.0
2007,9,LA,4.0
2007,10,LA,4.0
2007,11,LA,4.0
2007,12,LA,4.0
2008,1,LA,4.1
2008,2,LA,4.1
2008,3,LA,4.1
2008,4,LA,4.2
2008,5,LA,4.2
2008,6,LA,4.4
2008,7,LA,4.6
2008,8,LA,4.8
2008,9,LA,5.0
2008,10,LA,5.3
2008,11,LA,5.5
2008,12,LA,5.7
2009,1,LA,6.0
2009,2,LA,6.2
2009,3,LA,6.5
2009,4,LA,6.7
2009,5,LA,6.8
2009,6,LA,6.8
2009,7,LA,6.9
2009,8,LA,6.9
2009,9,LA,6.9
2009,10,LA,6.9
2009,11,LA,6.9
2009,12,LA,7.0
2010,1,LA,7.0
2010,2,LA,7.1
2010,3,LA,7.2
2010,4,LA,7.2
2010,5,LA,7.3
2010,6,LA,7.4
2010,7,LA,7.5
2010,8,LA,7.6
2010,9,LA,7.7
2010,10,LA,7.7
2010,11,LA,7.8
2010,12,LA,7.7
2011,1,LA,7.7
2011,2,LA,7.6
2011,3,LA,7.5
2011,4,LA,7.4
2011,5,LA,7.3
2011,6,LA,7.3
2011,7,LA,7.3
2011,8,LA,7.3
2011,9,LA,7.2
2011,10,LA,7.2
2011,11,LA,7.2
2011,12,LA,7.1
2012,1,LA,7.1
2012,2,LA,7.0
2012,3,LA,7.0
2012,4,LA,6.9
2012,5,LA,6.9
2012,6,LA,6.8
2012,7,LA,6.7
2012,8,LA,6.5
2012,9,LA,6.4
2012,10,LA,6.4
2012,11,LA,6.4
2012,12,LA,6.5
2013,1,LA,6.6
2013,2,LA,6.7
2013,3,LA,6.8
2013,4,LA,6.7
2013,5,LA,6.6
2013,6,LA,6.6
2013,7,LA,6.5
2013,8,LA,6.3
2013,9,LA,6.2
2013,10,LA,6.0
2013,11,LA,5.8
2013,12,LA,5.7
2014,1,LA,5.6
2014,2,LA,5.6
2014,3,LA,5.6
2014,4,LA,5.8
2014,5,LA,6.0
2014,6,LA,6.2
2014,7,LA,6.4
2014,8,LA,6.6
2014,9,LA,6.7
2014,10,LA,6.8
2014,11,LA,6.8
2014,12,LA,6.8
2015,1,LA,6.7
2015,2,LA,6.7
2015,3,LA,6.6
2015,4,LA,6.5
2015,5,LA,6.4
2015,6,LA,6.2
2015,7,LA,6.1
2015,8,LA,6.0
2015,9,LA,6.0
2015,10,LA,6.0
2015,11,LA,6.0
2015,12,LA,6.0
2016,1,LA,6.0
2016,2,LA,6.0
2016,3,LA,6.0
2016,4,LA,6.1
2016,5,LA,6.1
2016,6,LA,6.1
2016,7,LA,6.1
2016,8,LA,6.1
2016,9,LA,6.1
2016,10,LA,6.0
2016,11,LA,6.0
2016,12,LA,5.9
2017,1,LA,5.8
2017,2,LA,5.7
2017,3,LA,5.5
2017,4,LA,5.4
2017,5,LA,5.2
2017,6,LA,5.1
2017,7,LA,5.0
2017,8,LA,4.9
2017,9,LA,4.8
2017,10,LA,4.7
2017,11,LA,4.7
2017,12,LA,4.7
2018,1,LA,4.7
2018,2,LA,4.7
2018,3,LA,4.8
2018,4,LA,4.9
2018,5,LA,4.9
2018,6,LA,4.9
2018,7,LA,4.9
2018,8,LA,4.9
2018,9,LA,4.8
2018,10,LA,4.8
2018,11,LA,4.8
2018,12,LA,4.8
2019,1,LA,4.7
2019,2,LA,4.6
2019,3,LA,4.5
2019,4,LA,4.4
2019,5,LA,4.4
2019,6,LA,4.5
2019,7,LA,4.6
2019,8,LA,4.7
2019,9,LA,4.8
2019,10,LA,4.8
2019,11,LA,4.8
2019,12,LA,4.8
2020,1,LA,4.7
2020,2,LA,4.7
2020,3,LA,6.7
2020,4,LA,13.5
2020,5,LA,12.3
2020,6,LA,11.0
2020,7,LA,10.4
2020,8,LA,9.2
2020,9,LA,8.7
2020,10,LA,8.0
2020,11,LA,7.6
2020,12,LA,7.4
2021,1,LA,7.0
2021,2,LA,6.8
2021,3,LA,6.6
2021,4,LA,6.4
2021,5,LA,6.2
2021,6,LA,6.0
2021,7,LA,5.6
2021,8,LA,5.2
2021,9,LA,4.8
2021,10,LA,4.5
2021,11,LA,4.2
2021,12,LA,4.0
2022,1,LA,3.9
2022,2,LA,3.8
2022,3,LA,3.7
2022,4,LA,3.7
2022,5,LA,3.7
2022,6,LA,3.6
2022,7,LA,3.6
2022,8,LA,3.6
2022,9,LA,3.6
2022,10,LA,3.6
2022,11,LA,3.6
2022,12,LA,3.6
2023,1,LA,3.6
2023,2,LA,3.6
2023,3,LA,3.6
2023,4,LA,3.5
2023,5,LA,3.5
2023,6,LA,3.5
2023,7,LA,3.6
2023,8,LA,3.7
2023,9,LA,3.8
2023,10,LA,4.0
2023,11,LA,4.1
2023,12,LA,4.2
2024,1,LA,4.2
2024,2,LA,4.2
2024,3,LA,4.1
2024,4,LA,4.1
2024,5,LA,4.1
2024,6,LA,4.2
2024,7,LA,4.3
2024,8,LA,4.5
2024,9,LA,4.6
2024,10,LA,4.6
2024,11,LA,4.6
2024,12,LA,4.6
2025,1,LA,4.5
2025,2,LA,4.4
2025,3,LA,4.4
2025,4,LA,4.4
2025,5,LA,4.5
2025,6,LA,4.5
2025,7,LA,4.5
2025,8,LA,4.4
2025,9,LA,4.4
2025,10,LA,
2025,11,LA,4.3
2025,12,LA,4.2
1976,1,ME,8.7
1976,2,ME,8.7
1976,3,ME,8.6
1976,4,ME,8.6
1976,5,ME,8.5
1976,6,ME,8.4
1976,7,ME,8.4
1976,8,ME,8.5
1976,9,ME,8.6
1976,10,ME,8.7
1976,11,ME,8.9
1976,12,ME,9.1
1977,1,ME,9.1
1977,2,ME,9.1
1977,3,ME,9.0
1977,4,ME,8.9
1977,5,ME,8.7
1977,6,ME,8.5
1977,7,ME,8.3
1977,8,ME,8.2
1977,9,ME,8.0
1977,10,ME,7.8
1977,11,ME,7.6
1977,12,ME,7.3
1978,1,ME,7.0
1978,2,ME,6.8
1978,3,ME,6.5
1978,4,ME,6.4
1978,5,ME,6.3
1978,6,ME,6.2
1978,7,ME,6.2
1978,8,ME,6.3
1978,9,ME,6.3
1978,10,ME,6.3
1978,11,ME,6.3
1978,12,ME,6.4
1979,1,ME,6.5
1979,2,ME,6.6
1979,3,ME,6.7
1979,4,ME,6.7
1979,5,ME,6.7
1979,6,ME,6.6
1979,7,ME,6.6
1979,8,ME,6.6
1979,9,ME,6.6
1979,10,ME,6.6
1979,11,ME,6.6
1979,12,ME,6.6
1980,1,ME,6.6
1980,2,ME,6.7
1980,3,ME,7.0
1980,4,ME,7.3
1980,5,ME,7.6
1980,6,ME,7.9
1980,7,ME,8.0
1980,8,ME,8.0
1980,9,ME,7.9
1980,10,ME,7.8
1980,11,ME,7.6
1980,12,ME,7.5
1981,1,ME,7.4
1981,2,ME,7.2
1981,3,ME,7.1
1981,4,ME,7.0
1981,5,ME,6.9
1981,6,ME,6.9
1981,7,ME,6.9
1981,8,ME,7.1
1981,9,ME,7.3
1981,10,ME,7.5
1981,11,ME,7.7
1981,12,ME,7.9
1982,1,ME,8.1
1982,2,ME,8.3
1982,3,ME,8.4
1982,4,ME,8.5
1982,5,ME,8.5
1982,6,ME,8.5
1982,7,ME,8.5
1982,8,ME,8.5
1982,9,ME,8.6
1982,10,ME,8.6
1982,11,ME,8.7
1982,12,ME,8.8
1983,1,ME,8.9
1983,2,ME,8.9
1983,3,ME,8.9
1983,4,ME,8.8
1983,5,ME,8.7
1983,6,ME,8.5
1983,7,ME,8.3
1983,8,ME,8.1
1983,9,ME,7.8
1983,10,ME,7.6
1983,11,ME,7.4
1983,12,ME,7.2
1984,1,ME,6.9
1984,2,ME,6.7
1984,3,ME,6.5
1984,4,ME,6.3
1984,5,ME,6.2
1984,6,ME,6.1
1984,7,ME,6.0
1984,8,ME,6.0
1984,9,ME,5.9
1984,10,ME,5.8
1984,11,ME,5.7
1984,12,ME,5.7
1985,1,ME,5.7
1985,2,ME,5.8
1985,3,ME,5.8
1985,4,ME,5.8
1985,5,ME,5.7
1985,6,ME,5.6
1985,7,ME,5.5
1985,8,ME,5.4
1985,9,ME,5.4
1985,10,ME,5.4
1985,11,ME,5.3
1985,12,ME,5.3
1986,1,ME,5.3
1986,2,ME,5.3
1986,3,ME,5.3
1986,4,ME,5.3
1986,5,ME,5.3
1986,6,ME,5.3
1986,7,ME,5.3
1986,8,ME,5.3
1986,9,ME,5.3
1986,10,ME,5.2
1986,11,ME,5.2
1986,12,ME,5.0
1987,1,ME,4.9
1987,2,ME,4.7
1987,3,ME,4.6
1987,4,ME,4.5
1987,5,ME,4.4
1987,6,ME,4.3
1987,7,ME,4.3
1987,8,ME,4.2
1987,9,ME,4.2
1987,10,ME,4.1
1987,11,ME,4.0
1987,12,ME,3.9
1988,1,ME,3.7
1988,2,ME,3.6
1988,3,ME,3.5
1988,4,ME,3.5
1988,5,ME,3.6
1988,6,ME,3.7
1988,7,ME,3.8
1988,8,ME,3.8
1988,9,ME,3.9
1988,10,ME,3.8
1988,11,ME,3.7
1988,12,ME,3.5
1989,1,ME,3.4
1989,2,ME,3.3
1989,3,ME,3.4
1989,4,ME,3.6
1989,5,ME,3.8
1989,6,ME,4.1
1989,7,ME,4.3
1989,8,ME,4.4
1989,9,ME,4.5
1989,10,ME,4.5
1989,11,ME,4.5
1989,12,ME,4.5
1990,1,ME,4.5
1990,2,ME,4.5
1990,3,ME,4.5
1990,4,ME,4.6
1990,5,ME,4.7
1990,6,ME,4.9
1990,7,ME,5.2
1990,8,ME,5.5
1990,9,ME,5.8
1990,10,ME,6.2
1990,11,ME,6.7
1990,12,ME,7.2
1991,1,ME,7.7
1991,2,ME,8.1
1991,3,ME,8.4
1991,4,ME,8.4
1991,5,ME,8.2
1991,6,ME,7.9
1991,7,ME,7.6
1991,8,ME,7.4
1991,9,ME,7.3
1991,10,ME,7.3
1991,11,ME,7.4
1991,12,ME,7.6
1992,1,ME,7.7
1992,2,ME,7.7
1992,3,ME,7.7
1992,4,ME,7.5
1992,5,ME,7.4
1992,6,ME,7.2
1992,7,ME,7.2
1992,8,ME,7.1
1992,9,ME,7.1
1992,10,ME,7.1
1992,11,ME,7.0
1992,12,ME,7.0
1993,1,ME,6.9
1993,2,ME,6.8
1993,3,ME,6.7
1993,4,ME,6.7
1993,5,ME,6.7
1993,6,ME,6.8
1993,7,ME,6.9
1993,8,ME,6.9
1993,9,ME,6.9
1993,10,ME,6.8
1993,11,ME,6.8
1993,12,ME,6.8
1994,1,ME,6.8
1994,2,ME,6.7
1994,3,ME,6.7
1994,4,ME,6.7
1994,5,ME,6.7
1994,6,ME,6.7
1994,7,ME,6.7
1994,8,ME,6.7
1994,9,ME,6.6
1994,10,ME,6.4
1994,11,ME,6.3
1994,12,ME,6.1
1995,1,ME,6.0
1995,2,ME,5.9
1995,3,ME,5.9
1995,4,ME,5.9
1995,5,ME,6.0
1995,6,ME,6.0
1995,7,ME,6.0
1995,8,ME,5.9
1995,9,ME,5.8
1995,10,ME,5.7
1995,11,ME,5.7
1995,12,ME,5.6
1996,1,ME,5.5
1996,2,ME,5.5
1996,3,ME,5.5
1996,4,ME,5.5
1996,5,ME,5.4
1996,6,ME,5.3
1996,7,ME,5.3
1996,8,ME,5.2
1996,9,ME,5.1
1996,10,ME,5.1
1996,11,ME,5.2
1996,12,ME,5.2
1997,1,ME,5.3
1997,2,ME,5.4
1997,3,ME,5.4
1997,4,ME,5.4
1997,5,ME,5.3
1997,6,ME,5.2
1997,7,ME,5.1
1997,8,ME,5.0
1997,9,ME,5.0
1997,10,ME,5.0
1997,11,ME,5.0
1997,12,ME,5.0
1998,1,ME,4.9
1998,2,ME,4.8
1998,3,ME,4.6
1998,4,ME,4.5
1998,5,ME,4.4
1998,6,ME,4.4
1998,7,ME,4.4
1998,8,ME,4.5
1998,9,ME,4.4
1998,10,ME,4.3
1998,11,ME,4.2
1998,12,ME,4.1
1999,1,ME,4.0
1999,2,ME,3.9
1999,3,ME,3.9
1999,4,ME,4.0
1999,5,ME,4.0
1999,6,ME,4.0
1999,7,ME,4.0
1999,8,ME,4.0
1999,9,ME,4.0
1999,10,ME,4.0
1999,11,ME,3.9
1999,12,ME,3.8
2000,1,ME,3.7
2000,2,ME,3.5
2000,3,ME,3.4
2000,4,ME,3.3
2000,5,ME,3.3
2000,6,ME,3.3
2000,7,ME,3.2
2000,8,ME,3.2
2000,9,ME,3.2
2000,10,ME,3.2
2000,11,ME,3.2
2000,12,ME,3.2
2001,1,ME,3.2
2001,2,ME,3.3
2001,3,ME,3.5
2001,4,ME,3.6
2001,5,ME,3.7
2001,6,ME,3.8
2001,7,ME,3.8
2001,8,ME,3.9
2001,9,ME,4.0
2001,10,ME,4.0
2001,11,ME,4.1
2001,12,ME,4.1
2002,1,ME,4.2
2002,2,ME,4.2
2002,3,ME,4.3
2002,4,ME,4.3
2002,5,ME,4.4
2002,6,ME,4.4
2002,7,ME,4.4
2002,8,ME,4.4
2002,9,ME,4.5
2002,10,ME,4.6
2002,11,ME,4.7
2002,12,ME,4.8
2003,1,ME,4.9
2003,2,ME,5.1
2003,3,ME,5.1
2003,4,ME,5.2
2003,5,ME,5.2
2003,6,ME,5.2
2003,7,ME,5.2
2003,8,ME,5.2
2003,9,ME,5.1
2003,10,ME,5.1
2003,11,ME,5.0
2003,12,ME,4.9
2004,1,ME,4.8
2004,2,ME,4.8
2004,3,ME,4.7
2004,4,ME,4.6
2004,5,ME,4.6
2004,6,ME,4.6
2004,7,ME,4.6
2004,8,ME,4.6
2004,9,ME,4.6
2004,10,ME,4.6
2004,11,ME,4.7
2004,12,ME,4.8
2005,1,ME,4.8
2005,2,ME,4.9
2005,3,ME,4.9
2005,4,ME,4.9
2005,5,ME,4.9
2005,6,ME,4.9
2005,7,ME,4.9
2005,8,ME,4.9
2005,9,ME,4.9
2005,10,ME,4.9
2005,11,ME,4.9
2005,12,ME,4.8
2006,1,ME,4.7
2006,2,ME,4.6
2006,3,ME,4.6
2006,4,ME,4.6
2006,5,ME,4.6
2006,6,ME,4.7
2006,7,ME,4.8
2006,8,ME,4.8
2006,9,ME,4.8
2006,10,ME,4.8
2006,11,ME,4.8
2006,12,ME,4.7
2007,1,ME,4.6
2007,2,ME,4.6
2007,3,ME,4.6
2007,4,ME,4.6
2007,5,ME,4.6
2007,6,ME,4.7
2007,7,ME,4.8
2007,8,ME,4.8
2007,9,ME,4.8
2007,10,ME,4.8
2007,11,ME,4.8
2007,12,ME,4.7
2008,1,ME,4.7
2008,2,ME,4.7
2008,3,ME,4.7
2008,4,ME,4.8
2008,5,ME,4.9
2008,6,ME,5.1
2008,7,ME,5.3
2008,8,ME,5.5
2008,9,ME,5.7
2008,10,ME,6.1
2008,11,ME,6.5
2008,12,ME,6.9
2009,1,ME,7.4
2009,2,ME,7.9
2009,3,ME,8.2
2009,4,ME,8.4
2009,5,ME,8.4
2009,6,ME,8.5
2009,7,ME,8.4
2009,8,ME,8.4
2009,9,ME,8.4
2009,10,ME,8.5
2009,11,ME,8.5
2009,12,ME,8.6
2010,1,ME,8.7
2010,2,ME,8.6
2010,3,ME,8.6
2010,4,ME,8.5
2010,5,ME,8.4
2010,6,ME,8.3
2010,7,ME,8.2
2010,8,ME,8.2
2010,9,ME,8.2
2010,10,ME,8.2
2010,11,ME,8.2
2010,12,ME,8.1
2011,1,ME,8.1
2011,2,ME,8.0
2011,3,ME,7.9
2011,4,ME,7.9
2011,5,ME,7.9
2011,6,ME,7.8
2011,7,ME,7.8
2011,8,ME,7.7
2011,9,ME,7.7
2011,10,ME,7.6
2011,11,ME,7.5
2011,12,ME,7.4
2012,1,ME,7.3
2012,2,ME,7.2
2012,3,ME,7.2
2012,4,ME,7.2
2012,5,ME,7.3
2012,6,ME,7.3
2012,7,ME,7.3
2012,8,ME,7.2
2012,9,ME,7.2
2012,10,ME,7.1
2012,11,ME,7.1
2012,12,ME,7.1
2013,1,ME,7.1
2013,2,ME,7.0
2013,3,ME,7.0
2013,4,ME,6.9
2013,5,ME,6.8
2013,6,ME,6.7
2013,7,ME,6.7
2013,8,ME,6.6
2013,9,ME,6.5
2013,10,ME,6.4
2013,11,ME,6.3
2013,12,ME,6.2
2014,1,ME,6.1
2014,2,ME,6.0
2014,3,ME,5.9
2014,4,ME,5.8
2014,5,ME,5.7
2014,6,ME,5.6
2014,7,ME,5.5
2014,8,ME,5.4
2014,9,ME,5.3
2014,10,ME,5.3
2014,11,ME,5.2
2014,12,ME,5.1
2015,1,ME,4.9
2015,2,ME,4.8
2015,3,ME,4.7
2015,4,ME,4.6
2015,5,ME,4.5
2015,6,ME,4.4
2015,7,ME,4.3
2015,8,ME,4.2
2015,9,ME,4.1
2015,10,ME,4.1
2015,11,ME,4.1
2015,12,ME,4.0
2016,1,ME,4.0
2016,2,ME,4.0
2016,3,ME,3.9
2016,4,ME,3.9
2016,5,ME,3.8
2016,6,ME,3.8
2016,7,ME,3.8
2016,8,ME,3.7
2016,9,ME,3.7
2016,10,ME,3.7
2016,11,ME,3.6
2016,12,ME,3.6
2017,1,ME,3.5
2017,2,ME,3.5
2017,3,ME,3.5
2017,4,ME,3.4
2017,5,ME,3.4
2017,6,ME,3.4
2017,7,ME,3.4
2017,8,ME,3.4
2017,9,ME,3.4
2017,10,ME,3.3
2017,11,ME,3.2
2017,12,ME,3.1
2018,1,ME,3.1
2018,2,ME,3.0
2018,3,ME,3.0
2018,4,ME,3.0
2018,5,ME,3.1
2018,6,ME,3.2
2018,7,ME,3.3
2018,8,ME,3.3
2018,9,ME,3.3
2018,10,ME,3.3
2018,11,ME,3.3
2018,12,ME,3.2
2019,1,ME,3.1
2019,2,ME,3.0
2019,3,ME,2.9
2019,4,ME,2.8
2019,5,ME,2.7
2019,6,ME,2.7
2019,7,ME,2.8
2019,8,ME,2.8
2019,9,ME,2.9
2019,10,ME,3.0
2019,11,ME,3.0
2019,12,ME,3.1
2020,1,ME,3.2
2020,2,ME,3.2
2020,3,ME,3.2
2020,4,ME,9.3
2020,5,ME,9.5
2020,6,ME,6.6
2020,7,ME,6.3
2020,8,ME,4.2
2020,9,ME,4.0
2020,10,ME,3.8
2020,11,ME,3.9
2020,12,ME,4.2
2021,1,ME,4.4
2021,2,ME,4.8
2021,3,ME,5.0
2021,4,ME,5.2
2021,5,ME,5.1
2021,6,ME,5.2
2021,7,ME,5.0
2021,8,ME,4.9
2021,9,ME,4.6
2021,10,ME,4.5
2021,11,ME,4.2
2021,12,ME,3.9
2022,1,ME,3.7
2022,2,ME,3.3
2022,3,ME,3.0
2022,4,ME,2.9
2022,5,ME,2.8
2022,6,ME,2.7
2022,7,ME,2.6
2022,8,ME,2.5
2022,9,ME,2.6
2022,10,ME,2.7
2022,11,ME,2.7
2022,12,ME,2.6
2023,1,ME,2.5
2023,2,ME,2.5
2023,3,ME,2.4
2023,4,ME,2.4
2023,5,ME,2.5
2023,6,ME,2.5
2023,7,ME,2.6
2023,8,ME,2.7
2023,9,ME,2.8
2023,10,ME,2.8
2023,11,ME,2.8
2023,12,ME,2.8
2024,1,ME,2.8
2024,2,ME,2.8
2024,3,ME,2.8
2024,4,ME,2.8
2024,5,ME,2.9
2024,6,ME,3.0
2024,7,ME,3.1
2024,8,ME,3.2
2024,9,ME,3.4
2024,10,ME,3.4
2024,11,ME,3.4
2024,12,ME,3.4
2025,1,ME,3.5
2025,2,ME,3.5
2025,3,ME,3.5
2025,4,ME,3.5
2025,5,ME,3.4
2025,6,ME,3.3
2025,7,ME,3.2
2025,8,ME,3.2
2025,9,ME,3.2
2025,10,ME,
2025,11,ME,3.2
2025,12,ME,3.2
1976,1,MD,6.5
1976,2,MD,6.5
1976,3,MD,6.5
1976,4,MD,6.5
1976,5,MD,6.6
1976,6,MD,6.6
1976,7,MD,6.7
1976,8,MD,6.7
1976,9,MD,6.8
1976,10,MD,6.8
1976,11,MD,6.7
1976,12,MD,6.7
1977,1,MD,6.6
1977,2,MD,6.5
1977,3,MD,6.4
1977,4,MD,6.2
1977,5,MD,6.1
1977,6,MD,6.0
1977,7,MD,6.0
1977,8,MD,5.9
1977,9,MD,5.9
1977,10,MD,5.9
1977,11,MD,5.8
1977,12,MD,5.8
1978,1,MD,5.8
1978,2,MD,5.7
1978,3,MD,5.6
1978,4,MD,5.5
1978,5,MD,5.5
1978,6,MD,5.4
1978,7,MD,5.4
1978,8,MD,5.4
1978,9,MD,5.5
1978,10,MD,5.6
1978,11,MD,5.7
1978,12,MD,5.7
1979,1,MD,5.8
1979,2,MD,5.9
1979,3,MD,5.9
1979,4,MD,5.8
1979,5,MD,5.8
1979,6,MD,5.8
1979,7,MD,5.8
1979,8,MD,5.8
1979,9,MD,5.8
1979,10,MD,5.8
1979,11,MD,5.7
1979,12,MD,5.7
1980,1,MD,5.7
1980,2,MD,5.9
1980,3,MD,6.1
1980,4,MD,6.3
1980,5,MD,6.5
1980,6,MD,6.7
1980,7,MD,6.7
1980,8,MD,6.7
1980,9,MD,6.7
1980,10,MD,6.7
1980,11,MD,6.7
1980,12,MD,6.7
1981,1,MD,6.8
1981,2,MD,6.9
1981,3,MD,6.9
1981,4,MD,7.0
1981,5,MD,7.0
1981,6,MD,7.1
1981,7,MD,7.2
1981,8,MD,7.3
1981,9,MD,7.5
1981,10,MD,7.6
1981,11,MD,7.8
1981,12,MD,8.0
1982,1,MD,8.2
1982,2,MD,8.3
1982,3,MD,8.3
1982,4,MD,8.3
1982,5,MD,8.2
1982,6,MD,8.2
1982,7,MD,8.1
1982,8,MD,8.1
1982,9,MD,8.1
1982,10,MD,8.1
1982,11,MD,8.1
1982,12,MD,8.0
1983,1,MD,7.9
1983,2,MD,7.8
1983,3,MD,7.6
1983,4,MD,7.4
1983,5,MD,7.2
1983,6,MD,7.1
1983,7,MD,6.9
1983,8,MD,6.7
1983,9,MD,6.5
1983,10,MD,6.3
1983,11,MD,6.1
1983,12,MD,5.9
1984,1,MD,5.7
1984,2,MD,5.5
1984,3,MD,5.5
1984,4,MD,5.4
1984,5,MD,5.5
1984,6,MD,5.5
1984,7,MD,5.4
1984,8,MD,5.4
1984,9,MD,5.3
1984,10,MD,5.3
1984,11,MD,5.2
1984,12,MD,5.1
1985,1,MD,5.0
1985,2,MD,5.0
1985,3,MD,4.9
1985,4,MD,4.8
1985,5,MD,4.7
1985,6,MD,4.7
1985,7,MD,4.6
1985,8,MD,4.5
1985,9,MD,4.4
1985,10,MD,4.3
1985,11,MD,4.3
1985,12,MD,4.2
1986,1,MD,4.3
1986,2,MD,4.3
1986,3,MD,4.4
1986,4,MD,4.4
1986,5,MD,4.4
1986,6,MD,4.5
1986,7,MD,4.5
1986,8,MD,4.6
1986,9,MD,4.6
1986,10,MD,4.7
1986,11,MD,4.7
1986,12,MD,4.7
1987,1,MD,4.6
1987,2,MD,4.6
1987,3,MD,4.5
1987,4,MD,4.4
1987,5,MD,4.3
1987,6,MD,4.2
1987,7,MD,4.2
1987,8,MD,4.1
1987,9,MD,4.1
1987,10,MD,4.2
1987,11,MD,4.2
1987,12,MD,4.3
1988,1,MD,4.3
1988,2,MD,4.3
1988,3,MD,4.3
1988,4,MD,4.3
1988,5,MD,4.3
1988,6,MD,4.3
1988,7,MD,4.3
1988,8,MD,4.2
1988,9,MD,4.2
1988,10,MD,4.1
1988,11,MD,4.0
1988,12,MD,3.9
1989,1,MD,3.8
1989,2,MD,3.8
1989,3,MD,3.8
1989,4,MD,3.8
1989,5,MD,3.9
1989,6,MD,3.8
1989,7,MD,3.8
1989,8,MD,3.8
1989,9,MD,3.7
1989,10,MD,3.7
1989,11,MD,3.7
1989,12,MD,3.7
1990,1,MD,3.7
1990,2,MD,3.7
1990,3,MD,3.8
1990,4,MD,3.9
1990,5,MD,4.0
1990,6,MD,4.2
1990,7,MD,4.4
1990,8,MD,4.6
1990,9,MD,4.9
1990,10,MD,5.0
1990,11,MD,5.2
1990,12,MD,5.4
1991,1,MD,5.5
1991,2,MD,5.6
1991,3,MD,5.7
1991,4,MD,5.7
1991,5,MD,5.7
1991,6,MD,5.7
1991,7,MD,5.7
1991,8,MD,5.8
1991,9,MD,5.9
1991,10,MD,6.0
1991,11,MD,6.2
1991,12,MD,6.3
1992,1,MD,6.5
1992,2,MD,6.6
1992,3,MD,6.6
1992,4,MD,6.6
1992,5,MD,6.6
1992,6,MD,6.6
1992,7,MD,6.6
1992,8,MD,6.5
1992,9,MD,6.5
1992,10,MD,6.5
1992,11,MD,6.4
1992,12,MD,6.4
1993,1,MD,6.3
1993,2,MD,6.3
1993,3,MD,6.2
1993,4,MD,6.2
1993,5,MD,6.2
1993,6,MD,6.2
1993,7,MD,6.1
1993,8,MD,6.0
1993,9,MD,5.9
1993,10,MD,5.8
1993,11,MD,5.8
1993,12,MD,5.7
1994,1,MD,5.6
1994,2,MD,5.6
1994,3,MD,5.5
1994,4,MD,5.4
1994,5,MD,5.3
1994,6,MD,5.2
1994,7,MD,5.2
1994,8,MD,5.1
1994,9,MD,5.1
1994,10,MD,5.0
1994,11,MD,5.0
1994,12,MD,4.9
1995,1,MD,4.9
1995,2,MD,4.9
1995,3,MD,4.9
1995,4,MD,5.0
1995,5,MD,5.0
1995,6,MD,5.0
1995,7,MD,5.0
1995,8,MD,5.0
1995,9,MD,5.0
1995,10,MD,5.0
1995,11,MD,5.0
1995,12,MD,5.0
1996,1,MD,5.0
1996,2,MD,5.0
1996,3,MD,5.0
1996,4,MD,5.0
1996,5,MD,5.0
1996,6,MD,4.9
1996,7,MD,4.9
1996,8,MD,4.9
1996,9,MD,4.9
1996,10,MD,4.9
1996,11,MD,4.9
1996,12,MD,4.9
1997,1,MD,5.0
1997,2,MD,5.0
1997,3,MD,4.9
1997,4,MD,4.9
1997,5,MD,4.8
1997,6,MD,4.8
1997,7,MD,4.8
1997,8,MD,4.8
1997,9,MD,4.8
1997,10,MD,4.8
1997,11,MD,4.8
1997,12,MD,4.8
1998,1,MD,4.7
1998,2,MD,4.6
1998,3,MD,4.5
1998,4,MD,4.4
1998,5,MD,4.3
1998,6,MD,4.3
1998,7,MD,4.2
1998,8,MD,4.2
1998,9,MD,4.1
1998,10,MD,4.0
1998,11,MD,3.8
1998,12,MD,3.7
1999,1,MD,3.7
1999,2,MD,3.6
1999,3,MD,3.6
1999,4,MD,3.5
1999,5,MD,3.5
1999,6,MD,3.5
1999,7,MD,3.4
1999,8,MD,3.3
1999,9,MD,3.3
1999,10,MD,3.3
1999,11,MD,3.2
1999,12,MD,3.2
2000,1,MD,3.3
2000,2,MD,3.3
2000,3,MD,3.4
2000,4,MD,3.5
2000,5,MD,3.6
2000,6,MD,3.6
2000,7,MD,3.7
2000,8,MD,3.7
2000,9,MD,3.7
2000,10,MD,3.7
2000,11,MD,3.7
2000,12,MD,3.7
2001,1,MD,3.7
2001,2,MD,3.7
2001,3,MD,3.7
2001,4,MD,3.8
2001,5,MD,3.8
2001,6,MD,4.0
2001,7,MD,4.1
2001,8,MD,4.3
2001,9,MD,4.5
2001,10,MD,4.6
2001,11,MD,4.7
2001,12,MD,4.8
2002,1,MD,4.8
2002,2,MD,4.7
2002,3,MD,4.7
2002,4,MD,4.6
2002,5,MD,4.5
2002,6,MD,4.4
2002,7,MD,4.4
2002,8,MD,4.3
2002,9,MD,4.3
2002,10,MD,4.3
2002,11,MD,4.4
2002,12,MD,4.4
2003,1,MD,4.5
2003,2,MD,4.5
2003,3,MD,4.5
2003,4,MD,4.6
2003,5,MD,4.6
2003,6,MD,4.5
2003,7,MD,4.5
2003,8,MD,4.5
2003,9,MD,4.4
2003,10,MD,4.4
2003,11,MD,4.4
2003,12,MD,4.3
2004,1,MD,4.3
2004,2,MD,4.3
2004,3,MD,4.3
2004,4,MD,4.3
2004,5,MD,4.3
2004,6,MD,4.3
2004,7,MD,4.3
2004,8,MD,4.3
2004,9,MD,4.3
2004,10,MD,4.3
2004,11,MD,4.3
2004,12,MD,4.4
2005,1,MD,4.4
2005,2,MD,4.4
2005,3,MD,4.4
2005,4,MD,4.4
2005,5,MD,4.3
2005,6,MD,4.2
2005,7,MD,4.1
2005,8,MD,4.1
2005,9,MD,4.0
2005,10,MD,4.0
2005,11,MD,3.9
2005,12,MD,3.8
2006,1,MD,3.7
2006,2,MD,3.7
2006,3,MD,3.8
2006,4,MD,3.8
2006,5,MD,3.9
2006,6,MD,4.0
2006,7,MD,4.0
2006,8,MD,4.0
2006,9,MD,3.9
2006,10,MD,3.9
2006,11,MD,3.8
2006,12,MD,3.7
2007,1,MD,3.7
2007,2,MD,3.6
2007,3,MD,3.5
2007,4,MD,3.5
2007,5,MD,3.4
2007,6,MD,3.4
2007,7,MD,3.4
2007,8,MD,3.4
2007,9,MD,3.4
2007,10,MD,3.4
2007,11,MD,3.3
2007,12,MD,3.3
2008,1,MD,3.3
2008,2,MD,3.3
2008,3,MD,3.5
2008,4,MD,3.6
2008,5,MD,3.9
2008,6,MD,4.1
2008,7,MD,4.3
2008,8,MD,4.6
2008,9,MD,4.8
2008,10,MD,5.1
2008,11,MD,5.5
2008,12,MD,5.8
2009,1,MD,6.1
2009,2,MD,6.5
2009,3,MD,6.7
2009,4,MD,6.9
2009,5,MD,7.0
2009,6,MD,7.1
2009,7,MD,7.2
2009,8,MD,7.3
2009,9,MD,7.5
2009,10,MD,7.6
2009,11,MD,7.8
2009,12,MD,7.9
2010,1,MD,8.0
2010,2,MD,8.0
2010,3,MD,7.9
2010,4,MD,7.9
2010,5,MD,7.8
2010,6,MD,7.7
2010,7,MD,7.7
2010,8,MD,7.7
2010,9,MD,7.7
2010,10,MD,7.7
2010,11,MD,7.6
2010,12,MD,7.5
2011,1,MD,7.4
2011,2,MD,7.4
2011,3,MD,7.3
2011,4,MD,7.3
2011,5,MD,7.3
2011,6,MD,7.4
2011,7,MD,7.4
2011,8,MD,7.3
2011,9,MD,7.3
2011,10,MD,7.2
2011,11,MD,7.1
2011,12,MD,7.0
2012,1,MD,7.0
2012,2,MD,6.9
2012,3,MD,6.9
2012,4,MD,6.9
2012,5,MD,6.9
2012,6,MD,6.9
2012,7,MD,6.9
2012,8,MD,6.8
2012,9,MD,6.8
2012,10,MD,6.8
2012,11,MD,6.8
2012,12,MD,6.8
2013,1,MD,6.8
2013,2,MD,6.9
2013,3,MD,6.8
2013,4,MD,6.8
2013,5,MD,6.7
2013,6,MD,6.7
2013,7,MD,6.6
2013,8,MD,6.5
2013,9,MD,6.4
2013,10,MD,6.3
2013,11,MD,6.2
2013,12,MD,6.1
2014,1,MD,6.0
2014,2,MD,5.9
2014,3,MD,5.9
2014,4,MD,5.9
2014,5,MD,5.8
2014,6,MD,5.8
2014,7,MD,5.8
2014,8,MD,5.7
2014,9,MD,5.6
2014,10,MD,5.5
2014,11,MD,5.5
2014,12,MD,5.4
2015,1,MD,5.4
2015,2,MD,5.3
2015,3,MD,5.3
2015,4,MD,5.2
2015,5,MD,5.1
2015,6,MD,5.1
2015,7,MD,5.0
2015,8,MD,5.0
2015,9,MD,4.9
2015,10,MD,4.8
2015,11,MD,4.7
2015,12,MD,4.6
2016,1,MD,4.5
2016,2,MD,4.4
2016,3,MD,4.3
2016,4,MD,4.2
2016,5,MD,4.2
2016,6,MD,4.2
2016,7,MD,4.2
2016,8,MD,4.2
2016,9,MD,4.2
2016,10,MD,4.2
2016,11,MD,4.2
2016,12,MD,4.2
2017,1,MD,4.2
2017,2,MD,4.1
2017,3,MD,4.1
2017,4,MD,4.0
2017,5,MD,4.0
2017,6,MD,4.0
2017,7,MD,4.0
2017,8,MD,4.0
2017,9,MD,4.1
2017,10,MD,4.1
2017,11,MD,4.1
2017,12,MD,4.1
2018,1,MD,4.1
2018,2,MD,4.0
2018,3,MD,4.0
2018,4,MD,3.9
2018,5,MD,3.8
2018,6,MD,3.8
2018,7,MD,3.7
2018,8,MD,3.7
2018,9,MD,3.7
2018,10,MD,3.7
2018,11,MD,3.7
2018,12,MD,3.6
2019,1,MD,3.6
2019,2,MD,3.5
2019,3,MD,3.5
2019,4,MD,3.4
2019,5,MD,3.4
2019,6,MD,3.4
2019,7,MD,3.4
2019,8,MD,3.4
2019,9,MD,3.3
2019,10,MD,3.3
2019,11,MD,3.2
2019,12,MD,3.2
2020,1,MD,3.3
2020,2,MD,3.4
2020,3,MD,3.5
2020,4,MD,9.0
2020,5,MD,8.8
2020,6,MD,8.1
2020,7,MD,7.9
2020,8,MD,7.2
2020,9,MD,7.1
2020,10,MD,6.7
2020,11,MD,6.6
2020,12,MD,6.6
2021,1,MD,6.4
2021,2,MD,6.2
2021,3,MD,6.1
2021,4,MD,5.9
2021,5,MD,5.7
2021,6,MD,5.6
2021,7,MD,5.3
2021,8,MD,5.0
2021,9,MD,4.6
2021,10,MD,4.2
2021,11,MD,3.9
2021,12,MD,3.5
2022,1,MD,3.5
2022,2,MD,3.3
2022,3,MD,3.1
2022,4,MD,3.1
2022,5,MD,3.0
2022,6,MD,3.0
2022,7,MD,3.0
2022,8,MD,3.0
2022,9,MD,2.8
2022,10,MD,2.8
2022,11,MD,2.6
2022,12,MD,2.4
2023,1,MD,2.3
2023,2,MD,2.2
2023,3,MD,2.0
2023,4,MD,1.9
2023,5,MD,1.9
2023,6,MD,1.9
2023,7,MD,2.0
2023,8,MD,2.2
2023,9,MD,2.3
2023,10,MD,2.4
2023,11,MD,2.5
2023,12,MD,2.7
2024,1,MD,2.7
2024,2,MD,2.8
2024,3,MD,2.9
2024,4,MD,2.9
2024,5,MD,3.0
2024,6,MD,3.1
2024,7,MD,3.2
2024,8,MD,3.2
2024,9,MD,3.2
2024,10,MD,3.2
2024,11,MD,3.1
2024,12,MD,3.1
2025,1,MD,3.0
2025,2,MD,3.0
2025,3,MD,3.0
2025,4,MD,3.1
2025,5,MD,3.2
2025,6,MD,3.3
2025,7,MD,3.4
2025,8,MD,3.6
2025,9,MD,3.8
2025,10,MD,
2025,11,MD,4.2
2025,12,MD,4.2
1976,1,MA,10.6
1976,2,MA,10.6
1976,3,MA,10.6
1976,4,MA,10.4
1976,5,MA,10.1
1976,6,MA,9.8
1976,7,MA,9.6
1976,8,MA,9.4
1976,9,MA,9.2
1976,10,MA,9.0
1976,11,MA,8.9
1976,12,MA,8.8
1977,1,MA,8.7
1977,2,MA,8.6
1977,3,MA,8.4
1977,4,MA,8.3
1977,5,MA,8.1
1977,6,MA,7.9
1977,7,MA,7.8
1977,8,MA,7.6
1977,9,MA,7.5
1977,10,MA,7.3
1977,11,MA,7.1
1977,12,MA,6.9
1978,1,MA,6.7
1978,2,MA,6.5
1978,3,MA,6.4
1978,4,MA,6.3
1978,5,MA,6.2
1978,6,MA,6.1
1978,7,MA,6.0
1978,8,MA,6.0
1978,9,MA,6.0
1978,10,MA,5.9
1978,11,MA,5.9
1978,12,MA,5.9
1979,1,MA,5.9
1979,2,MA,5.8
1979,3,MA,5.7
1979,4,MA,5.6
1979,5,MA,5.5
1979,6,MA,5.4
1979,7,MA,5.4
1979,8,MA,5.3
1979,9,MA,5.3
1979,10,MA,5.3
1979,11,MA,5.3
1979,12,MA,5.3
1980,1,MA,5.3
1980,2,MA,5.3
1980,3,MA,5.5
1980,4,MA,5.6
1980,5,MA,5.8
1980,6,MA,6.0
1980,7,MA,6.0
1980,8,MA,6.0
1980,9,MA,6.0
1980,10,MA,5.9
1980,11,MA,5.9
1980,12,MA,5.9
1981,1,MA,5.9
1981,2,MA,5.9
1981,3,MA,6.0
1981,4,MA,6.1
1981,5,MA,6.1
1981,6,MA,6.2
1981,7,MA,6.3
1981,8,MA,6.5
1981,9,MA,6.7
1981,10,MA,6.9
1981,11,MA,7.1
1981,12,MA,7.3
1982,1,MA,7.4
1982,2,MA,7.6
1982,3,MA,7.7
1982,4,MA,7.8
1982,5,MA,7.8
1982,6,MA,7.9
1982,7,MA,7.9
1982,8,MA,7.9
1982,9,MA,8.0
1982,10,MA,8.0
1982,11,MA,8.0
1982,12,MA,8.0
1983,1,MA,8.0
1983,2,MA,7.9
1983,3,MA,7.7
1983,4,MA,7.5
1983,5,MA,7.3
1983,6,MA,7.1
1983,7,MA,6.9
1983,8,MA,6.7
1983,9,MA,6.5
1983,10,MA,6.3
1983,11,MA,6.1
1983,12,MA,5.9
1984,1,MA,5.6
1984,2,MA,5.4
1984,3,MA,5.2
1984,4,MA,5.0
1984,5,MA,4.9
1984,6,MA,4.7
1984,7,MA,4.6
1984,8,MA,4.5
1984,9,MA,4.4
1984,10,MA,4.3
1984,11,MA,4.3
1984,12,MA,4.2
1985,1,MA,4.1
1985,2,MA,4.1
1985,3,MA,4.1
1985,4,MA,4.1
1985,5,MA,4.2
1985,6,MA,4.2
1985,7,MA,4.2
1985,8,MA,4.1
1985,9,MA,4.1
1985,10,MA,4.0
1985,11,MA,4.0
1985,12,MA,4.0
1986,1,MA,4.0
1986,2,MA,4.0
1986,3,MA,4.0
1986,4,MA,4.1
1986,5,MA,4.1
1986,6,MA,4.1
1986,7,MA,4.1
1986,8,MA,4.0
1986,9,MA,4.0
1986,10,MA,4.0
1986,11,MA,3.9
1986,12,MA,3.9
1987,1,MA,3.8
1987,2,MA,3.7
1987,3,MA,3.6
1987,4,MA,3.5
1987,5,MA,3.4
1987,6,MA,3.3
1987,7,MA,3.2
1987,8,MA,3.2
1987,9,MA,3.1
1987,10,MA,3.1
1987,11,MA,3.1
1987,12,MA,3.1
1988,1,MA,3.1
1988,2,MA,3.1
1988,3,MA,3.2
1988,4,MA,3.2
1988,5,MA,3.2
1988,6,MA,3.3
1988,7,MA,3.3
1988,8,MA,3.4
1988,9,MA,3.4
1988,10,MA,3.4
1988,11,MA,3.5
1988,12,MA,3.5
1989,1,MA,3.5
1989,2,MA,3.6
1989,3,MA,3.7
1989,4,MA,3.8
1989,5,MA,3.9
1989,6,MA,4.1
1989,7,MA,4.2
1989,8,MA,4.4
1989,9,MA,4.6
1989,10,MA,4.7
1989,11,MA,4.9
1989,12,MA,5.1
1990,1,MA,5.2
1990,2,MA,5.4
1990,3,MA,5.6
1990,4,MA,5.8
1990,5,MA,5.9
1990,6,MA,6.1
1990,7,MA,6.4
1990,8,MA,6.6
1990,9,MA,6.9
1990,10,MA,7.2
1990,11,MA,7.5
1990,12,MA,7.8
1991,1,MA,8.1
1991,2,MA,8.4
1991,3,MA,8.6
1991,4,MA,8.8
1991,5,MA,9.0
1991,6,MA,9.1
1991,7,MA,9.1
1991,8,MA,9.1
1991,9,MA,9.1
1991,10,MA,9.1
1991,11,MA,9.1
1991,12,MA,9.1
1992,1,MA,9.0
1992,2,MA,9.0
1992,3,MA,9.0
1992,4,MA,8.9
1992,5,MA,8.9
1992,6,MA,8.9
1992,7,MA,8.9
1992,8,MA,8.8
1992,9,MA,8.7
1992,10,MA,8.6
1992,11,MA,8.5
1992,12,MA,8.4
1993,1,MA,8.2
1993,2,MA,8.0
1993,3,MA,7.8
1993,4,MA,7.6
1993,5,MA,7.4
1993,6,MA,7.3
1993,7,MA,7.1
1993,8,MA,7.0
1993,9,MA,6.9
1993,10,MA,6.8
1993,11,MA,6.7
1993,12,MA,6.7
1994,1,MA,6.6
1994,2,MA,6.6
1994,3,MA,6.5
1994,4,MA,6.4
1994,5,MA,6.3
1994,6,MA,6.2
1994,7,MA,6.2
1994,8,MA,6.1
1994,9,MA,6.1
1994,10,MA,6.0
1994,11,MA,5.9
1994,12,MA,5.8
1995,1,MA,5.7
1995,2,MA,5.6
1995,3,MA,5.6
1995,4,MA,5.6
1995,5,MA,5.6
1995,6,MA,5.6
1995,7,MA,5.5
1995,8,MA,5.4
1995,9,MA,5.3
1995,10,MA,5.3
1995,11,MA,5.2
1995,12,MA,5.1
1996,1,MA,5.0
1996,2,MA,4.9
1996,3,MA,4.9
1996,4,MA,4.8
1996,5,MA,4.7
1996,6,MA,4.6
1996,7,MA,4.5
1996,8,MA,4.4
1996,9,MA,4.4
1996,10,MA,4.4
1996,11,MA,4.4
1996,12,MA,4.4
1997,1,MA,4.4
1997,2,MA,4.3
1997,3,MA,4.3
1997,4,MA,4.2
1997,5,MA,4.2
1997,6,MA,4.1
1997,7,MA,4.1
1997,8,MA,4.0
1997,9,MA,3.9
1997,10,MA,3.8
1997,11,MA,3.8
1997,12,MA,3.7
1998,1,MA,3.6
1998,2,MA,3.5
1998,3,MA,3.5
1998,4,MA,3.4
1998,5,MA,3.4
1998,6,MA,3.3
1998,7,MA,3.3
1998,8,MA,3.3
1998,9,MA,3.3
1998,10,MA,3.3
1998,11,MA,3.3
1998,12,MA,3.3
1999,1,MA,3.3
1999,2,MA,3.3
1999,3,MA,3.3
1999,4,MA,3.3
1999,5,MA,3.3
1999,6,MA,3.3
1999,7,MA,3.3
1999,8,MA,3.3
1999,9,MA,3.3
1999,10,MA,3.3
1999,11,MA,3.2
1999,12,MA,3.2
2000,1,MA,3.1
2000,2,MA,3.0
2000,3,MA,2.9
2000,4,MA,2.8
2000,5,MA,2.8
2000,6,MA,2.8
2000,7,MA,2.7
2000,8,MA,2.7
2000,9,MA,2.7
2000,10,MA,2.7
2000,11,MA,2.7
2000,12,MA,2.8
2001,1,MA,2.9
2001,2,MA,3.1
2001,3,MA,3.2
2001,4,MA,3.4
2001,5,MA,3.5
2001,6,MA,3.7
2001,7,MA,3.8
2001,8,MA,4.0
2001,9,MA,4.2
2001,10,MA,4.4
2001,11,MA,4.6
2001,12,MA,4.7
2002,1,MA,4.9
2002,2,MA,5.0
2002,3,MA,5.0
2002,4,MA,5.1
2002,5,MA,5.2
2002,6,MA,5.2
2002,7,MA,5.3
2002,8,MA,5.3
2002,9,MA,5.4
2002,10,MA,5.4
2002,11,MA,5.5
2002,12,MA,5.6
2003,1,MA,5.6
2003,2,MA,5.7
2003,3,MA,5.7
2003,4,MA,5.8
2003,5,MA,5.8
2003,6,MA,5.9
2003,7,MA,5.9
2003,8,MA,5.9
2003,9,MA,5.8
2003,10,MA,5.7
2003,11,MA,5.6
2003,12,MA,5.5
2004,1,MA,5.5
2004,2,MA,5.4
2004,3,MA,5.3
2004,4,MA,5.3
2004,5,MA,5.2
2004,6,MA,5.2
2004,7,MA,5.1
2004,8,MA,5.0
2004,9,MA,4.9
2004,10,MA,4.9
2004,11,MA,4.9
2004,12,MA,4.9
2005,1,MA,4.9
2005,2,MA,4.9
2005,3,MA,4.8
2005,4,MA,4.8
2005,5,MA,4.8
2005,6,MA,4.7
2005,7,MA,4.7
2005,8,MA,4.7
2005,9,MA,4.8
2005,10,MA,4.8
2005,11,MA,4.8
2005,12,MA,4.8
2006,1,MA,4.7
2006,2,MA,4.7
2006,3,MA,4.7
2006,4,MA,4.7
2006,5,MA,4.7
2006,6,MA,4.7
2006,7,MA,4.7
2006,8,MA,4.7
2006,9,MA,4.7
2006,10,MA,4.7
2006,11,MA,4.7
2006,12,MA,4.6
2007,1,MA,4.6
2007,2,MA,4.6
2007,3,MA,4.5
2007,4,MA,4.5
2007,5,MA,4.5
2007,6,MA,4.5
2007,7,MA,4.5
2007,8,MA,4.5
2007,9,MA,4.5
2007,10,MA,4.5
2007,11,MA,4.5
2007,12,MA,4.5
2008,1,MA,4.5
2008,2,MA,4.5
2008,3,MA,4.6
2008,4,MA,4.7
2008,5,MA,4.9
2008,6,MA,5.1
2008,7,MA,5.3
2008,8,MA,5.5
2008,9,MA,5.7
2008,10,MA,6.0
2008,11,MA,6.3
2008,12,MA,6.7
2009,1,MA,7.1
2009,2,MA,7.4
2009,3,MA,7.7
2009,4,MA,8.0
2009,5,MA,8.1
2009,6,MA,8.3
2009,7,MA,8.4
2009,8,MA,8.5
2009,9,MA,8.5
2009,10,MA,8.6
2009,11,MA,8.6
2009,12,MA,8.6
2010,1,MA,8.6
2010,2,MA,8.5
2010,3,MA,8.4
2010,4,MA,8.3
2010,5,MA,8.2
2010,6,MA,8.1
2010,7,MA,8.0
2010,8,MA,7.9
2010,9,MA,7.9
2010,10,MA,7.8
2010,11,MA,7.8
2010,12,MA,7.7
2011,1,MA,7.6
2011,2,MA,7.5
2011,3,MA,7.5
2011,4,MA,7.4
2011,5,MA,7.3
2011,6,MA,7.3
2011,7,MA,7.2
2011,8,MA,7.2
2011,9,MA,7.1
2011,10,MA,7.0
2011,11,MA,6.9
2011,12,MA,6.8
2012,1,MA,6.7
2012,2,MA,6.7
2012,3,MA,6.7
2012,4,MA,6.7
2012,5,MA,6.7
2012,6,MA,6.7
2012,7,MA,6.7
2012,8,MA,6.7
2012,9,MA,6.7
2012,10,MA,6.7
2012,11,MA,6.7
2012,12,MA,6.7
2013,1,MA,6.7
2013,2,MA,6.8
2013,3,MA,6.8
2013,4,MA,6.8
2013,5,MA,6.8
2013,6,MA,6.8
2013,7,MA,6.7
2013,8,MA,6.7
2013,9,MA,6.6
2013,10,MA,6.5
2013,11,MA,6.4
2013,12,MA,6.3
2014,1,MA,6.2
2014,2,MA,6.1
2014,3,MA,6.0
2014,4,MA,5.9
2014,5,MA,5.9
2014,6,MA,5.8
2014,7,MA,5.7
2014,8,MA,5.7
2014,9,MA,5.6
2014,10,MA,5.5
2014,11,MA,5.4
2014,12,MA,5.3
2015,1,MA,5.2
2015,2,MA,5.1
2015,3,MA,5.0
2015,4,MA,5.0
2015,5,MA,4.9
2015,6,MA,4.8
2015,7,MA,4.7
2015,8,MA,4.7
2015,9,MA,4.6
2015,10,MA,4.6
2015,11,MA,4.5
2015,12,MA,4.5
2016,1,MA,4.4
2016,2,MA,4.3
2016,3,MA,4.2
2016,4,MA,4.1
2016,5,MA,4.1
2016,6,MA,4.0
2016,7,MA,3.9
2016,8,MA,3.9
2016,9,MA,3.8
2016,10,MA,3.8
2016,11,MA,3.8
2016,12,MA,3.9
2017,1,MA,3.9
2017,2,MA,3.9
2017,3,MA,3.9
2017,4,MA,3.9
2017,5,MA,3.9
2017,6,MA,3.8
2017,7,MA,3.8
2017,8,MA,3.8
2017,9,MA,3.8
2017,10,MA,3.8
2017,11,MA,3.8
2017,12,MA,3.7
2018,1,MA,3.7
2018,2,MA,3.6
2018,3,MA,3.6
2018,4,MA,3.6
2018,5,MA,3.5
2018,6,MA,3.5
2018,7,MA,3.4
2018,8,MA,3.4
2018,9,MA,3.3
2018,10,MA,3.3
2018,11,MA,3.3
2018,12,MA,3.3
2019,1,MA,3.2
2019,2,MA,3.2
2019,3,MA,3.1
2019,4,MA,3.1
2019,5,MA,3.0
2019,6,MA,3.0
2019,7,MA,3.0
2019,8,MA,3.0
2019,9,MA,3.0
2019,10,MA,3.0
2019,11,MA,3.0
2019,12,MA,3.0
2020,1,MA,3.0
2020,2,MA,3.1
2020,3,MA,3.1
2020,4,MA,17.8
2020,5,MA,14.3
2020,6,MA,14.7
2020,7,MA,12.5
2020,8,MA,10.4
2020,9,MA,9.6
2020,10,MA,8.4
2020,11,MA,7.8
2020,12,MA,7.4
2021,1,MA,6.8
2021,2,MA,6.4
2021,3,MA,6.1
2021,4,MA,5.9
2021,5,MA,5.6
2021,6,MA,5.5
2021,7,MA,5.2
2021,8,MA,5.0
2021,9,MA,4.6
2021,10,MA,4.4
2021,11,MA,4.1
2021,12,MA,3.9
2022,1,MA,3.8
2022,2,MA,3.7
2022,3,MA,3.6
2022,4,MA,3.6
2022,5,MA,3.6
2022,6,MA,3.6
2022,7,MA,3.6
2022,8,MA,3.7
2022,9,MA,3.6
2022,10,MA,3.6
2022,11,MA,3.6
2022,12,MA,3.5
2023,1,MA,3.5
2023,2,MA,3.5
2023,3,MA,3.5
2023,4,MA,3.3
2023,5,MA,3.4
2023,6,MA,3.4
2023,7,MA,3.4
2023,8,MA,3.5
2023,9,MA,3.5
2023,10,MA,3.6
2023,11,MA,3.6
2023,12,MA,3.7
2024,1,MA,3.7
2024,2,MA,3.8
2024,3,MA,3.8
2024,4,MA,3.9
2024,5,MA,4.0
2024,6,MA,4.0
2024,7,MA,4.1
2024,8,MA,4.2
2024,9,MA,4.2
2024,10,MA,4.2
2024,11,MA,4.1
2024,12,MA,4.1
2025,1,MA,4.2
2025,2,MA,4.3
2025,3,MA,4.4
2025,4,MA,4.6
2025,5,MA,4.8
2025,6,MA,4.8
2025,7,MA,4.8
2025,8,MA,4.8
2025,9,MA,4.7
2025,10,MA,
2025,11,MA,4.7
2025,12,MA,4.8
1976,1,MI,9.9
1976,2,MI,9.9
1976,3,MI,9.9
1976,4,MI,9.8
1976,5,MI,9.6
1976,6,MI,9.4
1976,7,MI,9.2
1976,8,MI,9.1
1976,9,MI,9.0
1976,10,MI,9.0
1976,11,MI,9.0
1976,12,MI,8.9
1977,1,MI,8.8
1977,2,MI,8.7
1977,3,MI,8.6
1977,4,MI,8.4
1977,5,MI,8.3
1977,6,MI,8.2
1977,7,MI,8.2
1977,8,MI,8.1
1977,9,MI,8.1
1977,10,MI,7.9
1977,11,MI,7.7
1977,12,MI,7.5
1978,1,MI,7.3
1978,2,MI,7.1
1978,3,MI,6.9
1978,4,MI,6.9
1978,5,MI,6.9
1978,6,MI,6.9
1978,7,MI,6.9
1978,8,MI,7.0
1978,9,MI,7.0
1978,10,MI,7.1
1978,11,MI,7.1
1978,12,MI,7.2
1979,1,MI,7.3
1979,2,MI,7.4
1979,3,MI,7.4
1979,4,MI,7.4
1979,5,MI,7.4
1979,6,MI,7.5
1979,7,MI,7.6
1979,8,MI,7.8
1979,9,MI,8.1
1979,10,MI,8.4
1979,11,MI,8.8
1979,12,MI,9.1
1980,1,MI,9.7
1980,2,MI,10.3
1980,3,MI,11.1
1980,4,MI,11.9
1980,5,MI,12.6
1980,6,MI,13.1
1980,7,MI,13.3
1980,8,MI,13.4
1980,9,MI,13.2
1980,10,MI,13.0
1980,11,MI,12.8
1980,12,MI,12.7
1981,1,MI,12.5
1981,2,MI,12.3
1981,3,MI,12.1
1981,4,MI,11.9
1981,5,MI,11.8
1981,6,MI,11.8
1981,7,MI,11.8
1981,8,MI,12.1
1981,9,MI,12.4
1981,10,MI,12.9
1981,11,MI,13.4
1981,12,MI,13.8
1982,1,MI,14.3
1982,2,MI,14.6
1982,3,MI,14.8
1982,4,MI,14.9
1982,5,MI,15.0
1982,6,MI,15.1
1982,7,MI,15.3
1982,8,MI,15.6
1982,9,MI,15.9
1982,10,MI,16.2
1982,11,MI,16.4
1982,12,MI,16.5
1983,1,MI,16.4
1983,2,MI,16.2
1983,3,MI,15.9
1983,4,MI,15.6
1983,5,MI,15.2
1983,6,MI,14.8
1983,7,MI,14.4
1983,8,MI,14.0
1983,9,MI,13.5
1983,10,MI,13.1
1983,11,MI,12.6
1983,12,MI,12.3
1984,1,MI,12.0
1984,2,MI,11.8
1984,3,MI,11.6
1984,4,MI,11.5
1984,5,MI,11.3
1984,6,MI,11.2
1984,7,MI,11.1
1984,8,MI,11.0
1984,9,MI,11.0
1984,10,MI,10.9
1984,11,MI,10.8
1984,12,MI,10.7
1985,1,MI,10.6
1985,2,MI,10.4
1985,3,MI,10.3
1985,4,MI,10.3
1985,5,MI,10.2
1985,6,MI,10.2
1985,7,MI,10.2
1985,8,MI,10.1
1985,9,MI,9.9
1985,10,MI,9.6
1985,11,MI,9.3
1985,12,MI,9.1
1986,1,MI,9.0
1986,2,MI,9.1
1986,3,MI,9.1
1986,4,MI,9.2
1986,5,MI,9.2
1986,6,MI,9.1
1986,7,MI,9.0
1986,8,MI,8.9
1986,9,MI,8.7
1986,10,MI,8.6
1986,11,MI,8.5
1986,12,MI,8.5
1987,1,MI,8.4
1987,2,MI,8.4
1987,3,MI,8.4
1987,4,MI,8.5
1987,5,MI,8.5
1987,6,MI,8.5
1987,7,MI,8.4
1987,8,MI,8.3
1987,9,MI,8.3
1987,10,MI,8.3
1987,11,MI,8.3
1987,12,MI,8.3
1988,1,MI,8.3
1988,2,MI,8.2
1988,3,MI,8.0
1988,4,MI,7.7
1988,5,MI,7.5
1988,6,MI,7.4
1988,7,MI,7.3
1988,8,MI,7.3
1988,9,MI,7.3
1988,10,MI,7.3
1988,11,MI,7.2
1988,12,MI,7.0
1989,1,MI,6.9
1989,2,MI,6.8
1989,3,MI,6.7
1989,4,MI,6.7
1989,5,MI,6.8
1989,6,MI,7.0
1989,7,MI,7.2
1989,8,MI,7.4
1989,9,MI,7.6
1989,10,MI,7.7
1989,11,MI,7.8
1989,12,MI,7.8
1990,1,MI,7.7
1990,2,MI,7.6
1990,3,MI,7.5
1990,4,MI,7.4
1990,5,MI,7.4
1990,6,MI,7.4
1990,7,MI,7.5
1990,8,MI,7.6
1990,9,MI,7.7
1990,10,MI,7.9
1990,11,MI,8.1
1990,12,MI,8.4
1991,1,MI,8.8
1991,2,MI,9.1
1991,3,MI,9.4
1991,4,MI,9.5
1991,5,MI,9.5
1991,6,MI,9.4
1991,7,MI,9.3
1991,8,MI,9.2
1991,9,MI,9.2
1991,10,MI,9.3
1991,11,MI,9.3
1991,12,MI,9.4
1992,1,MI,9.5
1992,2,MI,9.5
1992,3,MI,9.5
1992,4,MI,9.5
1992,5,MI,9.4
1992,6,MI,9.4
1992,7,MI,9.3
1992,8,MI,9.1
1992,9,MI,8.9
1992,10,MI,8.6
1992,11,MI,8.3
1992,12,MI,7.9
1993,1,MI,7.7
1993,2,MI,7.5
1993,3,MI,7.4
1993,4,MI,7.3
1993,5,MI,7.3
1993,6,MI,7.3
1993,7,MI,7.3
1993,8,MI,7.3
1993,9,MI,7.3
1993,10,MI,7.3
1993,11,MI,7.3
1993,12,MI,7.3
1994,1,MI,7.2
1994,2,MI,7.0
1994,3,MI,6.8
1994,4,MI,6.5
1994,5,MI,6.2
1994,6,MI,6.0
1994,7,MI,5.9
1994,8,MI,5.8
1994,9,MI,5.7
1994,10,MI,5.5
1994,11,MI,5.3
1994,12,MI,5.2
1995,1,MI,5.2
1995,2,MI,5.3
1995,3,MI,5.5
1995,4,MI,5.6
1995,5,MI,5.6
1995,6,MI,5.6
1995,7,MI,5.5
1995,8,MI,5.3
1995,9,MI,5.2
1995,10,MI,5.1
1995,11,MI,5.0
1995,12,MI,5.0
1996,1,MI,4.9
1996,2,MI,4.9
1996,3,MI,4.9
1996,4,MI,5.0
1996,5,MI,5.0
1996,6,MI,5.0
1996,7,MI,5.0
1996,8,MI,4.9
1996,9,MI,4.9
1996,10,MI,4.8
1996,11,MI,4.8
1996,12,MI,4.8
1997,1,MI,4.7
1997,2,MI,4.6
1997,3,MI,4.5
1997,4,MI,4.3
1997,5,MI,4.2
1997,6,MI,4.2
1997,7,MI,4.2
1997,8,MI,4.2
1997,9,MI,4.2
1997,10,MI,4.2
1997,11,MI,4.2
1997,12,MI,4.1
1998,1,MI,4.0
1998,2,MI,4.0
1998,3,MI,3.9
1998,4,MI,3.8
1998,5,MI,3.8
1998,6,MI,3.8
1998,7,MI,4.7
1998,8,MI,3.9
1998,9,MI,3.9
1998,10,MI,4.0
1998,11,MI,4.0
1998,12,MI,4.0
1999,1,MI,4.0
1999,2,MI,4.0
1999,3,MI,4.0
1999,4,MI,3.9
1999,5,MI,3.8
1999,6,MI,3.7
1999,7,MI,3.7
1999,8,MI,3.7
1999,9,MI,3.6
1999,10,MI,3.6
1999,11,MI,3.5
1999,12,MI,3.4
2000,1,MI,3.3
2000,2,MI,3.2
2000,3,MI,3.3
2000,4,MI,3.4
2000,5,MI,3.6
2000,6,MI,3.7
2000,7,MI,3.8
2000,8,MI,3.9
2000,9,MI,3.9
2000,10,MI,4.0
2000,11,MI,4.0
2000,12,MI,4.2
2001,1,MI,4.4
2001,2,MI,4.5
2001,3,MI,4.7
2001,4,MI,4.8
2001,5,MI,4.8
2001,6,MI,4.9
2001,7,MI,5.0
2001,8,MI,5.2
2001,9,MI,5.5
2001,10,MI,5.8
2001,11,MI,6.0
2001,12,MI,6.2
2002,1,MI,6.3
2002,2,MI,6.3
2002,3,MI,6.3
2002,4,MI,6.3
2002,5,MI,6.3
2002,6,MI,6.2
2002,7,MI,6.1
2002,8,MI,6.0
2002,9,MI,6.0
2002,10,MI,6.0
2002,11,MI,6.2
2002,12,MI,6.3
2003,1,MI,6.6
2003,2,MI,6.8
2003,3,MI,7.0
2003,4,MI,7.2
2003,5,MI,7.3
2003,6,MI,7.4
2003,7,MI,7.5
2003,8,MI,7.4
2003,9,MI,7.3
2003,10,MI,7.1
2003,11,MI,6.9
2003,12,MI,6.8
2004,1,MI,6.7
2004,2,MI,6.7
2004,3,MI,6.7
2004,4,MI,6.8
2004,5,MI,6.8
2004,6,MI,6.9
2004,7,MI,7.0
2004,8,MI,7.0
2004,9,MI,7.1
2004,10,MI,7.2
2004,11,MI,7.2
2004,12,MI,7.2
2005,1,MI,7.2
2005,2,MI,7.1
2005,3,MI,7.0
2005,4,MI,6.9
2005,5,MI,6.8
2005,6,MI,6.7
2005,7,MI,6.6
2005,8,MI,6.5
2005,9,MI,6.5
2005,10,MI,6.5
2005,11,MI,6.6
2005,12,MI,6.7
2006,1,MI,6.7
2006,2,MI,6.7
2006,3,MI,6.7
2006,4,MI,6.8
2006,5,MI,6.8
2006,6,MI,6.8
2006,7,MI,6.9
2006,8,MI,7.0
2006,9,MI,7.0
2006,10,MI,7.0
2006,11,MI,7.0
2006,12,MI,7.0
2007,1,MI,6.9
2007,2,MI,6.9
2007,3,MI,6.9
2007,4,MI,6.9
2007,5,MI,6.9
2007,6,MI,7.0
2007,7,MI,7.1
2007,8,MI,7.2
2007,9,MI,7.2
2007,10,MI,7.3
2007,11,MI,7.3
2007,12,MI,7.2
2008,1,MI,7.2
2008,2,MI,7.2
2008,3,MI,7.3
2008,4,MI,7.4
2008,5,MI,7.7
2008,6,MI,7.9
2008,7,MI,8.2
2008,8,MI,8.4
2008,9,MI,8.7
2008,10,MI,9.1
2008,11,MI,9.6
2008,12,MI,10.1
2009,1,MI,11.0
2009,2,MI,11.9
2009,3,MI,12.7
2009,4,MI,13.3
2009,5,MI,13.8
2009,6,MI,14.3
2009,7,MI,14.3
2009,8,MI,14.2
2009,9,MI,14.2
2009,10,MI,14.1
2009,11,MI,14.0
2009,12,MI,14.0
2010,1,MI,13.9
2010,2,MI,13.8
2010,3,MI,13.7
2010,4,MI,13.4
2010,5,MI,13.2
2010,6,MI,12.9
2010,7,MI,12.9
2010,8,MI,12.5
2010,9,MI,12.2
2010,10,MI,11.8
2010,11,MI,11.5
2010,12,MI,11.1
2011,1,MI,10.8
2011,2,MI,10.6
2011,3,MI,10.2
2011,4,MI,10.2
2011,5,MI,10.3
2011,6,MI,10.3
2011,7,MI,10.3
2011,8,MI,10.2
2011,9,MI,10.0
2011,10,MI,9.8
2011,11,MI,9.6
2011,12,MI,9.4
2012,1,MI,9.2
2012,2,MI,9.1
2012,3,MI,9.1
2012,4,MI,9.1
2012,5,MI,9.1
2012,6,MI,9.1
2012,7,MI,9.1
2012,8,MI,9.0
2012,9,MI,9.0
2012,10,MI,9.0
2012,11,MI,9.0
2012,12,MI,9.0
2013,1,MI,9.0
2013,2,MI,9.0
2013,3,MI,8.9
2013,4,MI,8.9
2013,5,MI,8.8
2013,6,MI,8.8
2013,7,MI,8.8
2013,8,MI,8.8
2013,9,MI,8.7
2013,10,MI,8.5
2013,11,MI,8.4
2013,12,MI,8.2
2014,1,MI,8.1
2014,2,MI,8.0
2014,3,MI,7.8
2014,4,MI,7.7
2014,5,MI,7.5
2014,6,MI,7.4
2014,7,MI,7.2
2014,8,MI,7.0
2014,9,MI,6.8
2014,10,MI,6.6
2014,11,MI,6.4
2014,12,MI,6.2
2015,1,MI,6.0
2015,2,MI,5.9
2015,3,MI,5.8
2015,4,MI,5.7
2015,5,MI,5.6
2015,6,MI,5.5
2015,7,MI,5.4
2015,8,MI,5.2
2015,9,MI,5.1
2015,10,MI,5.0
2015,11,MI,4.9
2015,12,MI,4.9
2016,1,MI,4.9
2016,2,MI,4.9
2016,3,MI,4.9
2016,4,MI,5.0
2016,5,MI,5.0
2016,6,MI,5.0
2016,7,MI,5.0
2016,8,MI,5.0
2016,9,MI,5.0
2016,10,MI,5.1
2016,11,MI,5.1
2016,12,MI,5.0
2017,1,MI,4.9
2017,2,MI,4.7
2017,3,MI,4.5
2017,4,MI,4.4
2017,5,MI,4.3
2017,6,MI,4.4
2017,7,MI,4.5
2017,8,MI,4.6
2017,9,MI,4.7
2017,10,MI,4.7
2017,11,MI,4.7
2017,12,MI,4.6
2018,1,MI,4.5
2018,2,MI,4.4
2018,3,MI,4.3
2018,4,MI,4.2
2018,5,MI,4.1
2018,6,MI,4.0
2018,7,MI,4.0
2018,8,MI,4.0
2018,9,MI,4.0
2018,10,MI,4.1
2018,11,MI,4.2
2018,12,MI,4.2
2019,1,MI,4.2
2019,2,MI,4.2
2019,3,MI,4.2
2019,4,MI,4.2
2019,5,MI,4.2
2019,6,MI,4.2
2019,7,MI,4.1
2019,8,MI,4.1
2019,9,MI,4.0
2019,10,MI,3.9
2019,11,MI,3.8
2019,12,MI,3.8
2020,1,MI,3.8
2020,2,MI,3.8
2020,3,MI,3.7
2020,4,MI,22.7
2020,5,MI,19.3
2020,6,MI,14.5
2020,7,MI,12.5
2020,8,MI,10.0
2020,9,MI,8.9
2020,10,MI,7.7
2020,11,MI,7.1
2020,12,MI,6.9
2021,1,MI,6.4
2021,2,MI,6.2
2021,3,MI,6.1
2021,4,MI,6.2
2021,5,MI,6.1
2021,6,MI,6.2
2021,7,MI,6.0
2021,8,MI,5.7
2021,9,MI,5.4
2021,10,MI,5.1
2021,11,MI,4.8
2021,12,MI,4.5
2022,1,MI,4.4
2022,2,MI,4.3
2022,3,MI,4.3
2022,4,MI,4.2
2022,5,MI,4.1
2022,6,MI,4.0
2022,7,MI,4.0
2022,8,MI,4.0
2022,9,MI,4.0
2022,10,MI,4.1
2022,11,MI,4.1
2022,12,MI,4.1
2023,1,MI,4.0
2023,2,MI,3.9
2023,3,MI,3.8
2023,4,MI,3.7
2023,5,MI,3.7
2023,6,MI,3.8
2023,7,MI,3.9
2023,8,MI,4.0
2023,9,MI,4.0
2023,10,MI,4.0
2023,11,MI,4.0
2023,12,MI,4.0
2024,1,MI,4.0
2024,2,MI,4.0
2024,3,MI,4.2
2024,4,MI,4.4
2024,5,MI,4.5
2024,6,MI,4.7
2024,7,MI,4.8
2024,8,MI,5.0
2024,9,MI,5.1
2024,10,MI,5.2
2024,11,MI,5.2
2024,12,MI,5.2
2025,1,MI,5.3
2025,2,MI,5.4
2025,3,MI,5.5
2025,4,MI,5.5
2025,5,MI,5.4
2025,6,MI,5.3
2025,7,MI,5.3
2025,8,MI,5.2
2025,9,MI,5.1
2025,10,MI,
2025,11,MI,5.0
2025,12,MI,5.0
1976,1,MN,5.9
1976,2,MN,5.9
1976,3,MN,5.8
1976,4,MN,5.7
1976,5,MN,5.6
1976,6,MN,5.6
1976,7,MN,5.6
1976,8,MN,5.7
1976,9,MN,5.8
1976,10,MN,5.8
1976,11,MN,5.9
1976,12,MN,5.9
1977,1,MN,5.9
1977,2,MN,5.8
1977,3,MN,5.7
1977,4,MN,5.6
1977,5,MN,5.5
1977,6,MN,5.4
1977,7,MN,5.3
1977,8,MN,5.2
1977,9,MN,5.0
1977,10,MN,4.8
1977,11,MN,4.7
1977,12,MN,4.5
1978,1,MN,4.3
1978,2,MN,4.2
1978,3,MN,4.1
1978,4,MN,4.0
1978,5,MN,3.9
1978,6,MN,3.9
1978,7,MN,3.8
1978,8,MN,3.8
1978,9,MN,3.8
1978,10,MN,3.8
1978,11,MN,3.8
1978,12,MN,3.9
1979,1,MN,3.9
1979,2,MN,4.0
1979,3,MN,4.0
1979,4,MN,4.1
1979,5,MN,4.1
1979,6,MN,4.2
1979,7,MN,4.3
1979,8,MN,4.4
1979,9,MN,4.5
1979,10,MN,4.6
1979,11,MN,4.8
1979,12,MN,4.9
1980,1,MN,5.1
1980,2,MN,5.3
1980,3,MN,5.5
1980,4,MN,5.7
1980,5,MN,5.9
1980,6,MN,6.1
1980,7,MN,6.2
1980,8,MN,6.2
1980,9,MN,6.1
1980,10,MN,6.0
1980,11,MN,5.9
1980,12,MN,5.8
1981,1,MN,5.7
1981,2,MN,5.7
1981,3,MN,5.6
1981,4,MN,5.5
1981,5,MN,5.5
1981,6,MN,5.4
1981,7,MN,5.5
1981,8,MN,5.6
1981,9,MN,5.8
1981,10,MN,6.0
1981,11,MN,6.2
1981,12,MN,6.4
1982,1,MN,6.6
1982,2,MN,6.7
1982,3,MN,6.9
1982,4,MN,7.2
1982,5,MN,7.5
1982,6,MN,7.7
1982,7,MN,8.0
1982,8,MN,8.3
1982,9,MN,8.5
1982,10,MN,8.7
1982,11,MN,8.8
1982,12,MN,8.9
1983,1,MN,8.9
1983,2,MN,8.9
1983,3,MN,8.8
1983,4,MN,8.6
1983,5,MN,8.4
1983,6,MN,8.2
1983,7,MN,8.0
1983,8,MN,7.7
1983,9,MN,7.5
1983,10,MN,7.4
1983,11,MN,7.2
1983,12,MN,7.1
1984,1,MN,7.0
1984,2,MN,6.8
1984,3,MN,6.7
1984,4,MN,6.6
1984,5,MN,6.5
1984,6,MN,6.4
1984,7,MN,6.2
1984,8,MN,6.2
1984,9,MN,6.1
1984,10,MN,6.0
1984,11,MN,6.0
1984,12,MN,6.0
1985,1,MN,5.9
1985,2,MN,5.9
1985,3,MN,5.9
1985,4,MN,5.9
1985,5,MN,5.9
1985,6,MN,6.0
1985,7,MN,6.0
1985,8,MN,6.1
1985,9,MN,6.1
1985,10,MN,6.1
1985,11,MN,6.1
1985,12,MN,6.0
1986,1,MN,6.0
1986,2,MN,6.0
1986,3,MN,5.9
1986,4,MN,5.8
1986,5,MN,5.7
1986,6,MN,5.5
1986,7,MN,5.4
1986,8,MN,5.3
1986,9,MN,5.2
1986,10,MN,5.2
1986,11,MN,5.2
1986,12,MN,5.3
1987,1,MN,5.3
1987,2,MN,5.3
1987,3,MN,5.3
1987,4,MN,5.3
1987,5,MN,5.3
1987,6,MN,5.3
1987,7,MN,5.2
1987,8,MN,5.2
1987,9,MN,5.1
1987,10,MN,4.9
1987,11,MN,4.8
1987,12,MN,4.6
1988,1,MN,4.4
1988,2,MN,4.3
1988,3,MN,4.3
1988,4,MN,4.3
1988,5,MN,4.3
1988,6,MN,4.3
1988,7,MN,4.3
1988,8,MN,4.3
1988,9,MN,4.3
1988,10,MN,4.3
1988,11,MN,4.3
1988,12,MN,4.3
1989,1,MN,4.2
1989,2,MN,4.2
1989,3,MN,4.2
1989,4,MN,4.2
1989,5,MN,4.3
1989,6,MN,4.3
1989,7,MN,4.4
1989,8,MN,4.4
1989,9,MN,4.4
1989,10,MN,4.4
1989,11,MN,4.5
1989,12,MN,4.5
1990,1,MN,4.5
1990,2,MN,4.6
1990,3,MN,4.5
1990,4,MN,4.5
1990,5,MN,4.6
1990,6,MN,4.6
1990,7,MN,4.7
1990,8,MN,4.8
1990,9,MN,4.9
1990,10,MN,4.9
1990,11,MN,5.0
1990,12,MN,5.1
1991,1,MN,5.1
1991,2,MN,5.2
1991,3,MN,5.2
1991,4,MN,5.2
1991,5,MN,5.2
1991,6,MN,5.1
1991,7,MN,5.1
1991,8,MN,5.0
1991,9,MN,5.0
1991,10,MN,5.0
1991,11,MN,5.0
1991,12,MN,5.0
1992,1,MN,5.0
1992,2,MN,5.0
1992,3,MN,5.0
1992,4,MN,5.1
1992,5,MN,5.1
1992,6,MN,5.1
1992,7,MN,5.1
1992,8,MN,5.1
1992,9,MN,5.1
1992,10,MN,5.1
1992,11,MN,5.1
1992,12,MN,5.1
1993,1,MN,5.1
1993,2,MN,5.1
1993,3,MN,5.2
1993,4,MN,5.2
1993,5,MN,5.1
1993,6,MN,5.1
1993,7,MN,5.0
1993,8,MN,4.9
1993,9,MN,4.8
1993,10,MN,4.7
1993,11,MN,4.7
1993,12,MN,4.6
1994,1,MN,4.5
1994,2,MN,4.4
1994,3,MN,4.3
1994,4,MN,4.1
1994,5,MN,4.0
1994,6,MN,3.9
1994,7,MN,3.9
1994,8,MN,3.9
1994,9,MN,3.9
1994,10,MN,3.9
1994,11,MN,3.8
1994,12,MN,3.8
1995,1,MN,3.7
1995,2,MN,3.7
1995,3,MN,3.7
1995,4,MN,3.7
1995,5,MN,3.7
1995,6,MN,3.6
1995,7,MN,3.6
1995,8,MN,3.6
1995,9,MN,3.6
1995,10,MN,3.6
1995,11,MN,3.7
1995,12,MN,3.7
1996,1,MN,3.8
1996,2,MN,3.9
1996,3,MN,3.9
1996,4,MN,4.0
1996,5,MN,4.0
1996,6,MN,4.0
1996,7,MN,3.9
1996,8,MN,3.9
1996,9,MN,3.8
1996,10,MN,3.7
1996,11,MN,3.7
1996,12,MN,3.6
1997,1,MN,3.5
1997,2,MN,3.5
1997,3,MN,3.4
1997,4,MN,3.3
1997,5,MN,3.3
1997,6,MN,3.3
1997,7,MN,3.2
1997,8,MN,3.2
1997,9,MN,3.1
1997,10,MN,3.0
1997,11,MN,3.0
1997,12,MN,2.9
1998,1,MN,2.8
1998,2,MN,2.8
1998,3,MN,2.7
1998,4,MN,2.7
1998,5,MN,2.6
1998,6,MN,2.6
1998,7,MN,2.6
1998,8,MN,2.6
1998,9,MN,2.7
1998,10,MN,2.7
1998,11,MN,2.7
1998,12,MN,2.6
1999,1,MN,2.6
1999,2,MN,2.5
1999,3,MN,2.6
1999,4,MN,2.7
1999,5,MN,2.8
1999,6,MN,2.8
1999,7,MN,2.9
1999,8,MN,2.9
1999,9,MN,2.9
1999,10,MN,2.8
1999,11,MN,2.9
1999,12,MN,2.9
2000,1,MN,2.9
2000,2,MN,3.0
2000,3,MN,3.0
2000,4,MN,3.0
2000,5,MN,3.0
2000,6,MN,3.0
2000,7,MN,3.1
2000,8,MN,3.2
2000,9,MN,3.2
2000,10,MN,3.3
2000,11,MN,3.3
2000,12,MN,3.3
2001,1,MN,3.4
2001,2,MN,3.4
2001,3,MN,3.5
2001,4,MN,3.5
2001,5,MN,3.6
2001,6,MN,3.6
2001,7,MN,3.7
2001,8,MN,3.8
2001,9,MN,3.9
2001,10,MN,4.1
2001,11,MN,4.2
2001,12,MN,4.4
2002,1,MN,4.5
2002,2,MN,4.5
2002,3,MN,4.6
2002,4,MN,4.6
2002,5,MN,4.5
2002,6,MN,4.4
2002,7,MN,4.4
2002,8,MN,4.3
2002,9,MN,4.3
2002,10,MN,4.3
2002,11,MN,4.3
2002,12,MN,4.3
2003,1,MN,4.4
2003,2,MN,4.5
2003,3,MN,4.6
2003,4,MN,4.7
2003,5,MN,4.8
2003,6,MN,4.8
2003,7,MN,4.9
2003,8,MN,4.9
2003,9,MN,4.9
2003,10,MN,4.9
2003,11,MN,4.9
2003,12,MN,4.8
2004,1,MN,4.8
2004,2,MN,4.7
2004,3,MN,4.7
2004,4,MN,4.7
2004,5,MN,4.7
2004,6,MN,4.7
2004,7,MN,4.7
2004,8,MN,4.7
2004,9,MN,4.6
2004,10,MN,4.5
2004,11,MN,4.4
2004,12,MN,4.3
2005,1,MN,4.3
2005,2,MN,4.2
2005,3,MN,4.2
2005,4,MN,4.1
2005,5,MN,4.1
2005,6,MN,4.0
2005,7,MN,4.0
2005,8,MN,4.0
2005,9,MN,4.0
2005,10,MN,4.1
2005,11,MN,4.1
2005,12,MN,4.2
2006,1,MN,4.1
2006,2,MN,4.1
2006,3,MN,4.0
2006,4,MN,3.9
2006,5,MN,3.9
2006,6,MN,3.9
2006,7,MN,3.9
2006,8,MN,4.0
2006,9,MN,4.1
2006,10,MN,4.2
2006,11,MN,4.3
2006,12,MN,4.3
2007,1,MN,4.4
2007,2,MN,4.4
2007,3,MN,4.4
2007,4,MN,4.5
2007,5,MN,4.5
2007,6,MN,4.6
2007,7,MN,4.6
2007,8,MN,4.7
2007,9,MN,4.8
2007,10,MN,4.8
2007,11,MN,4.8
2007,12,MN,4.7
2008,1,MN,4.7
2008,2,MN,4.7
2008,3,MN,4.8
2008,4,MN,5.0
2008,5,MN,5.1
2008,6,MN,5.3
2008,7,MN,5.5
2008,8,MN,5.6
2008,9,MN,5.8
2008,10,MN,6.0
2008,11,MN,6.3
2008,12,MN,6.6
2009,1,MN,7.0
2009,2,MN,7.4
2009,3,MN,7.7
2009,4,MN,7.8
2009,5,MN,7.9
2009,6,MN,7.9
2009,7,MN,7.9
2009,8,MN,7.8
2009,9,MN,7.8
2009,10,MN,7.8
2009,11,MN,7.7
2009,12,MN,7.7
2010,1,MN,7.7
2010,2,MN,7.6
2010,3,MN,7.6
2010,4,MN,7.4
2010,5,MN,7.3
2010,6,MN,7.3
2010,7,MN,7.2
2010,8,MN,7.3
2010,9,MN,7.3
2010,10,MN,7.3
2010,11,MN,7.3
2010,12,MN,7.1
2011,1,MN,7.0
2011,2,MN,6.9
2011,3,MN,6.8
2011,4,MN,6.8
2011,5,MN,6.8
2011,6,MN,6.7
2011,7,MN,6.7
2011,8,MN,6.6
2011,9,MN,6.4
2011,10,MN,6.2
2011,11,MN,6.1
2011,12,MN,5.9
2012,1,MN,5.8
2012,2,MN,5.8
2012,3,MN,5.7
2012,4,MN,5.7
2012,5,MN,5.7
2012,6,MN,5.7
2012,7,MN,5.7
2012,8,MN,5.7
2012,9,MN,5.6
2012,10,MN,5.6
2012,11,MN,5.5
2012,12,MN,5.4
2013,1,MN,5.4
2013,2,MN,5.3
2013,3,MN,5.2
2013,4,MN,5.2
2013,5,MN,5.1
2013,6,MN,5.1
2013,7,MN,5.0
2013,8,MN,5.0
2013,9,MN,4.9
2013,10,MN,4.8
2013,11,MN,4.8
2013,12,MN,4.7
2014,1,MN,4.7
2014,2,MN,4.6
2014,3,MN,4.6
2014,4,MN,4.5
2014,5,MN,4.4
2014,6,MN,4.2
2014,7,MN,4.1
2014,8,MN,4.1
2014,9,MN,4.0
2014,10,MN,3.9
2014,11,MN,3.9
2014,12,MN,3.9
2015,1,MN,3.8
2015,2,MN,3.8
2015,3,MN,3.8
2015,4,MN,3.8
2015,5,MN,3.8
2015,6,MN,3.8
2015,7,MN,3.8
2015,8,MN,3.7
2015,9,MN,3.7
2015,10,MN,3.7
2015,11,MN,3.7
2015,12,MN,3.7
2016,1,MN,3.7
2016,2,MN,3.7
2016,3,MN,3.8
2016,4,MN,3.8
2016,5,MN,3.8
2016,6,MN,3.9
2016,7,MN,3.9
2016,8,MN,3.9
2016,9,MN,4.0
2016,10,MN,4.0
2016,11,MN,4.0
2016,12,MN,3.9
2017,1,MN,3.8
2017,2,MN,3.7
2017,3,MN,3.6
2017,4,MN,3.5
2017,5,MN,3.5
2017,6,MN,3.4
2017,7,MN,3.4
2017,8,MN,3.4
2017,9,MN,3.3
2017,10,MN,3.3
2017,11,MN,3.2
2017,12,MN,3.2
2018,1,MN,3.1
2018,2,MN,3.1
2018,3,MN,3.0
2018,4,MN,3.0
2018,5,MN,2.9
2018,6,MN,2.9
2018,7,MN,2.9
2018,8,MN,2.9
2018,9,MN,3.0
2018,10,MN,3.1
2018,11,MN,3.2
2018,12,MN,3.2
2019,1,MN,3.3
2019,2,MN,3.3
2019,3,MN,3.3
2019,4,MN,3.2
2019,5,MN,3.2
2019,6,MN,3.2
2019,7,MN,3.2
2019,8,MN,3.3
2019,9,MN,3.3
2019,10,MN,3.3
2019,11,MN,3.3
2019,12,MN,3.4
2020,1,MN,3.4
2020,2,MN,3.5
2020,3,MN,3.6
2020,4,MN,8.9
2020,5,MN,11.1
2020,6,MN,8.9
2020,7,MN,7.8
2020,8,MN,6.7
2020,9,MN,6.2
2020,10,MN,5.5
2020,11,MN,5.1
2020,12,MN,4.8
2021,1,MN,4.5
2021,2,MN,4.3
2021,3,MN,4.1
2021,4,MN,4.0
2021,5,MN,3.9
2021,6,MN,3.8
2021,7,MN,3.7
2021,8,MN,3.5
2021,9,MN,3.4
2021,10,MN,3.2
2021,11,MN,3.0
2021,12,MN,2.8
2022,1,MN,2.7
2022,2,MN,2.5
2022,3,MN,2.4
2022,4,MN,2.3
2022,5,MN,2.3
2022,6,MN,2.3
2022,7,MN,2.3
2022,8,MN,2.4
2022,9,MN,2.5
2022,10,MN,2.6
2022,11,MN,2.7
2022,12,MN,2.8
2023,1,MN,2.8
2023,2,MN,2.8
2023,3,MN,2.8
2023,4,MN,2.8
2023,5,MN,2.9
2023,6,MN,2.9
2023,7,MN,2.9
2023,8,MN,2.8
2023,9,MN,2.8
2023,10,MN,2.8
2023,11,MN,2.8
2023,12,MN,2.8
2024,1,MN,2.8
2024,2,MN,2.8
2024,3,MN,2.9
2024,4,MN,3.0
2024,5,MN,3.1
2024,6,MN,3.2
2024,7,MN,3.2
2024,8,MN,3.2
2024,9,MN,3.1
2024,10,MN,3.0
2024,11,MN,3.0
2024,12,MN,3.0
2025,1,MN,3.0
2025,2,MN,3.0
2025,3,MN,3.1
2025,4,MN,3.2
2025,5,MN,3.3
2025,6,MN,3.3
2025,7,MN,3.5
2025,8,MN,3.6
2025,9,MN,3.7
2025,10,MN,
2025,11,MN,4.0
2025,12,MN,4.1
1976,1,MS,6.6
1976,2,MS,6.6
1976,3,MS,6.6
1976,4,MS,6.4
1976,5,MS,6.3
1976,6,MS,6.2
1976,7,MS,6.2
1976,8,MS,6.3
1976,9,MS,6.4
1976,10,MS,6.5
1976,11,MS,6.6
1976,12,MS,6.8
1977,1,MS,6.9
1977,2,MS,7.0
1977,3,MS,7.1
1977,4,MS,7.2
1977,5,MS,7.3
1977,6,MS,7.3
1977,7,MS,7.3
1977,8,MS,7.3
1977,9,MS,7.3
1977,10,MS,7.3
1977,11,MS,7.2
1977,12,MS,7.1
1978,1,MS,7.1
1978,2,MS,7.0
1978,3,MS,7.0
1978,4,MS,7.0
1978,5,MS,7.0
1978,6,MS,7.0
1978,7,MS,6.9
1978,8,MS,6.7
1978,9,MS,6.6
1978,10,MS,6.4
1978,11,MS,6.3
1978,12,MS,6.1
1979,1,MS,6.0
1979,2,MS,5.8
1979,3,MS,5.7
1979,4,MS,5.5
1979,5,MS,5.4
1979,6,MS,5.4
1979,7,MS,5.5
1979,8,MS,5.6
1979,9,MS,5.7
1979,10,MS,5.9
1979,11,MS,6.0
1979,12,MS,6.1
1980,1,MS,6.2
1980,2,MS,6.4
1980,3,MS,6.6
1980,4,MS,6.9
1980,5,MS,7.1
1980,6,MS,7.4
1980,7,MS,7.6
1980,8,MS,7.7
1980,9,MS,7.8
1980,10,MS,7.9
1980,11,MS,8.0
1980,12,MS,8.1
1981,1,MS,8.2
1981,2,MS,8.2
1981,3,MS,8.2
1981,4,MS,8.1
1981,5,MS,8.1
1981,6,MS,8.2
1981,7,MS,8.3
1981,8,MS,8.5
1981,9,MS,8.8
1981,10,MS,9.0
1981,11,MS,9.3
1981,12,MS,9.5
1982,1,MS,9.8
1982,2,MS,10.0
1982,3,MS,10.2
1982,4,MS,10.5
1982,5,MS,10.7
1982,6,MS,10.9
1982,7,MS,11.1
1982,8,MS,11.3
1982,9,MS,11.5
1982,10,MS,11.7
1982,11,MS,12.0
1982,12,MS,12.2
1983,1,MS,12.4
1983,2,MS,12.6
1983,3,MS,12.6
1983,4,MS,12.6
1983,5,MS,12.5
1983,6,MS,12.3
1983,7,MS,12.1
1983,8,MS,11.8
1983,9,MS,11.6
1983,10,MS,11.3
1983,11,MS,11.2
1983,12,MS,11.0
1984,1,MS,10.9
1984,2,MS,10.8
1984,3,MS,10.7
1984,4,MS,10.6
1984,5,MS,10.6
1984,6,MS,10.6
1984,7,MS,10.7
1984,8,MS,10.7
1984,9,MS,10.7
1984,10,MS,10.6
1984,11,MS,10.5
1984,12,MS,10.4
1985,1,MS,10.4
1985,2,MS,10.3
1985,3,MS,10.3
1985,4,MS,10.3
1985,5,MS,10.3
1985,6,MS,10.4
1985,7,MS,10.4
1985,8,MS,10.4
1985,9,MS,10.4
1985,10,MS,10.4
1985,11,MS,10.5
1985,12,MS,10.6
1986,1,MS,10.8
1986,2,MS,11.0
1986,3,MS,11.2
1986,4,MS,11.5
1986,5,MS,11.6
1986,6,MS,11.7
1986,7,MS,11.6
1986,8,MS,11.6
1986,9,MS,11.6
1986,10,MS,11.5
1986,11,MS,11.5
1986,12,MS,11.4
1987,1,MS,11.3
1987,2,MS,11.0
1987,3,MS,10.8
1987,4,MS,10.5
1987,5,MS,10.3
1987,6,MS,10.1
1987,7,MS,9.9
1987,8,MS,9.8
1987,9,MS,9.6
1987,10,MS,9.4
1987,11,MS,9.2
1987,12,MS,9.0
1988,1,MS,8.8
1988,2,MS,8.6
1988,3,MS,8.4
1988,4,MS,8.3
1988,5,MS,8.3
1988,6,MS,8.4
1988,7,MS,8.4
1988,8,MS,8.6
1988,9,MS,8.6
1988,10,MS,8.7
1988,11,MS,8.7
1988,12,MS,8.6
1989,1,MS,8.5
1989,2,MS,8.3
1989,3,MS,8.2
1989,4,MS,8.1
1989,5,MS,8.0
1989,6,MS,7.8
1989,7,MS,7.7
1989,8,MS,7.6
1989,9,MS,7.6
1989,10,MS,7.5
1989,11,MS,7.5
1989,12,MS,7.5
1990,1,MS,7.5
1990,2,MS,7.4
1990,3,MS,7.3
1990,4,MS,7.3
1990,5,MS,7.2
1990,6,MS,7.3
1990,7,MS,7.3
1990,8,MS,7.5
1990,9,MS,7.7
1990,10,MS,7.9
1990,11,MS,8.0
1990,12,MS,8.2
1991,1,MS,8.4
1991,2,MS,8.5
1991,3,MS,8.6
1991,4,MS,8.7
1991,5,MS,8.7
1991,6,MS,8.6
1991,7,MS,8.4
1991,8,MS,8.3
1991,9,MS,8.1
1991,10,MS,8.1
1991,11,MS,8.0
1991,12,MS,8.1
1992,1,MS,8.1
1992,2,MS,8.1
1992,3,MS,8.2
1992,4,MS,8.2
1992,5,MS,8.2
1992,6,MS,8.2
1992,7,MS,8.2
1992,8,MS,8.1
1992,9,MS,7.9
1992,10,MS,7.7
1992,11,MS,7.5
1992,12,MS,7.3
1993,1,MS,7.2
1993,2,MS,7.1
1993,3,MS,7.0
1993,4,MS,6.9
1993,5,MS,6.8
1993,6,MS,6.7
1993,7,MS,6.6
1993,8,MS,6.6
1993,9,MS,6.5
1993,10,MS,6.5
1993,11,MS,6.5
1993,12,MS,6.5
1994,1,MS,6.5
1994,2,MS,6.5
1994,3,MS,6.5
1994,4,MS,6.4
1994,5,MS,6.3
1994,6,MS,6.3
1994,7,MS,6.2
1994,8,MS,6.2
1994,9,MS,6.2
1994,10,MS,6.1
1994,11,MS,6.1
1994,12,MS,6.0
1995,1,MS,6.0
1995,2,MS,6.0
1995,3,MS,6.0
1995,4,MS,6.1
1995,5,MS,6.2
1995,6,MS,6.3
1995,7,MS,6.3
1995,8,MS,6.3
1995,9,MS,6.3
1995,10,MS,6.3
1995,11,MS,6.2
1995,12,MS,6.2
1996,1,MS,6.2
1996,2,MS,6.2
1996,3,MS,6.2
1996,4,MS,6.2
1996,5,MS,6.1
1996,6,MS,6.0
1996,7,MS,5.9
1996,8,MS,5.8
1996,9,MS,5.8
1996,10,MS,5.8
1996,11,MS,5.8
1996,12,MS,5.9
1997,1,MS,5.9
1997,2,MS,5.8
1997,3,MS,5.8
1997,4,MS,5.7
1997,5,MS,5.7
1997,6,MS,5.7
1997,7,MS,5.7
1997,8,MS,5.8
1997,9,MS,5.7
1997,10,MS,5.7
1997,11,MS,5.6
1997,12,MS,5.5
1998,1,MS,5.4
1998,2,MS,5.3
1998,3,MS,5.3
1998,4,MS,5.3
1998,5,MS,5.3
1998,6,MS,5.2
1998,7,MS,5.2
1998,8,MS,5.2
1998,9,MS,5.2
1998,10,MS,5.2
1998,11,MS,5.1
1998,12,MS,5.0
1999,1,MS,4.9
1999,2,MS,4.9
1999,3,MS,4.9
1999,4,MS,4.9
1999,5,MS,5.0
1999,6,MS,5.0
1999,7,MS,5.1
1999,8,MS,5.2
1999,9,MS,5.2
1999,10,MS,5.3
1999,11,MS,5.3
1999,12,MS,5.4
2000,1,MS,5.4
2000,2,MS,5.5
2000,3,MS,5.5
2000,4,MS,5.5
2000,5,MS,5.5
2000,6,MS,5.5
2000,7,MS,5.4
2000,8,MS,5.3
2000,9,MS,5.2
2000,10,MS,5.1
2000,11,MS,5.0
2000,12,MS,5.0
2001,1,MS,5.0
2001,2,MS,5.0
2001,3,MS,5.0
2001,4,MS,5.0
2001,5,MS,5.1
2001,6,MS,5.2
2001,7,MS,5.3
2001,8,MS,5.5
2001,9,MS,5.7
2001,10,MS,6.0
2001,11,MS,6.2
2001,12,MS,6.4
2002,1,MS,6.5
2002,2,MS,6.5
2002,3,MS,6.5
2002,4,MS,6.5
2002,5,MS,6.4
2002,6,MS,6.4
2002,7,MS,6.3
2002,8,MS,6.3
2002,9,MS,6.3
2002,10,MS,6.3
2002,11,MS,6.4
2002,12,MS,6.4
2003,1,MS,6.4
2003,2,MS,6.4
2003,3,MS,6.4
2003,4,MS,6.4
2003,5,MS,6.4
2003,6,MS,6.3
2003,7,MS,6.2
2003,8,MS,6.1
2003,9,MS,5.9
2003,10,MS,5.8
2003,11,MS,5.7
2003,12,MS,5.7
2004,1,MS,5.7
2004,2,MS,5.7
2004,3,MS,5.8
2004,4,MS,5.9
2004,5,MS,6.0
2004,6,MS,6.1
2004,7,MS,6.2
2004,8,MS,6.3
2004,9,MS,6.4
2004,10,MS,6.5
2004,11,MS,6.6
2004,12,MS,6.8
2005,1,MS,6.9
2005,2,MS,6.9
2005,3,MS,7.0
2005,4,MS,7.0
2005,5,MS,7.1
2005,6,MS,7.2
2005,7,MS,7.2
2005,8,MS,7.2
2005,9,MS,9.9
2005,10,MS,9.1
2005,11,MS,8.7
2005,12,MS,7.6
2006,1,MS,6.9
2006,2,MS,6.6
2006,3,MS,6.3
2006,4,MS,6.3
2006,5,MS,6.3
2006,6,MS,6.3
2006,7,MS,6.3
2006,8,MS,6.3
2006,9,MS,6.3
2006,10,MS,6.3
2006,11,MS,6.3
2006,12,MS,6.4
2007,1,MS,6.4
2007,2,MS,6.4
2007,3,MS,6.3
2007,4,MS,6.2
2007,5,MS,6.2
2007,6,MS,6.1
2007,7,MS,6.0
2007,8,MS,6.0
2007,9,MS,6.0
2007,10,MS,6.0
2007,11,MS,6.0
2007,12,MS,6.0
2008,1,MS,6.0
2008,2,MS,6.1
2008,3,MS,6.2
2008,4,MS,6.3
2008,5,MS,6.5
2008,6,MS,6.7
2008,7,MS,6.8
2008,8,MS,6.9
2008,9,MS,7.0
2008,10,MS,7.1
2008,11,MS,7.4
2008,12,MS,7.6
2009,1,MS,8.0
2009,2,MS,8.3
2009,3,MS,8.6
2009,4,MS,8.9
2009,5,MS,9.0
2009,6,MS,9.1
2009,7,MS,9.3
2009,8,MS,9.5
2009,9,MS,9.7
2009,10,MS,9.9
2009,11,MS,10.2
2009,12,MS,10.4
2010,1,MS,10.5
2010,2,MS,10.5
2010,3,MS,10.5
2010,4,MS,10.4
2010,5,MS,10.3
2010,6,MS,10.0
2010,7,MS,9.9
2010,8,MS,9.8
2010,9,MS,9.9
2010,10,MS,9.9
2010,11,MS,9.9
2010,12,MS,9.9
2011,1,MS,9.9
2011,2,MS,9.9
2011,3,MS,9.9
2011,4,MS,9.9
2011,5,MS,9.9
2011,6,MS,10.0
2011,7,MS,10.0
2011,8,MS,9.9
2011,9,MS,9.8
2011,10,MS,9.6
2011,11,MS,9.5
2011,12,MS,9.3
2012,1,MS,9.1
2012,2,MS,9.0
2012,3,MS,8.9
2012,4,MS,8.9
2012,5,MS,8.9
2012,6,MS,8.9
2012,7,MS,8.8
2012,8,MS,8.8
2012,9,MS,8.7
2012,10,MS,8.7
2012,11,MS,8.6
2012,12,MS,8.6
2013,1,MS,8.7
2013,2,MS,8.7
2013,3,MS,8.7
2013,4,MS,8.7
2013,5,MS,8.6
2013,6,MS,8.5
2013,7,MS,8.5
2013,8,MS,8.5
2013,9,MS,8.4
2013,10,MS,8.3
2013,11,MS,8.2
2013,12,MS,8.1
2014,1,MS,8.1
2014,2,MS,8.0
2014,3,MS,8.0
2014,4,MS,7.9
2014,5,MS,7.8
2014,6,MS,7.7
2014,7,MS,7.6
2014,8,MS,7.5
2014,9,MS,7.4
2014,10,MS,7.2
2014,11,MS,7.1
2014,12,MS,6.9
2015,1,MS,6.8
2015,2,MS,6.7
2015,3,MS,6.6
2015,4,MS,6.6
2015,5,MS,6.5
2015,6,MS,6.4
2015,7,MS,6.3
2015,8,MS,6.3
2015,9,MS,6.3
2015,10,MS,6.3
2015,11,MS,6.3
2015,12,MS,6.3
2016,1,MS,6.3
2016,2,MS,6.2
2016,3,MS,6.1
2016,4,MS,6.0
2016,5,MS,6.0
2016,6,MS,6.0
2016,7,MS,6.0
2016,8,MS,6.0
2016,9,MS,5.9
2016,10,MS,5.9
2016,11,MS,5.8
2016,12,MS,5.7
2017,1,MS,5.6
2017,2,MS,5.5
2017,3,MS,5.4
2017,4,MS,5.4
2017,5,MS,5.3
2017,6,MS,5.2
2017,7,MS,5.2
2017,8,MS,5.1
2017,9,MS,5.0
2017,10,MS,5.0
2017,11,MS,4.9
2017,12,MS,4.9
2018,1,MS,4.9
2018,2,MS,4.9
2018,3,MS,4.9
2018,4,MS,4.9
2018,5,MS,4.9
2018,6,MS,4.8
2018,7,MS,4.8
2018,8,MS,4.8
2018,9,MS,4.9
2018,10,MS,5.0
2018,11,MS,5.2
2018,12,MS,5.3
2019,1,MS,5.4
2019,2,MS,5.4
2019,3,MS,5.4
2019,4,MS,5.4
2019,5,MS,5.4
2019,6,MS,5.5
2019,7,MS,5.6
2019,8,MS,5.6
2019,9,MS,5.6
2019,10,MS,5.6
2019,11,MS,5.5
2019,12,MS,5.5
2020,1,MS,5.6
2020,2,MS,5.7
2020,3,MS,5.9
2020,4,MS,15.6
2020,5,MS,11.2
2020,6,MS,9.4
2020,7,MS,8.3
2020,8,MS,7.4
2020,9,MS,7.1
2020,10,MS,6.7
2020,11,MS,6.6
2020,12,MS,6.5
2021,1,MS,6.4
2021,2,MS,6.3
2021,3,MS,6.2
2021,4,MS,6.1
2021,5,MS,5.9
2021,6,MS,5.7
2021,7,MS,5.5
2021,8,MS,5.1
2021,9,MS,4.8
2021,10,MS,4.5
2021,11,MS,4.3
2021,12,MS,4.1
2022,1,MS,4.0
2022,2,MS,3.9
2022,3,MS,3.8
2022,4,MS,3.8
2022,5,MS,3.7
2022,6,MS,3.7
2022,7,MS,3.7
2022,8,MS,3.7
2022,9,MS,3.7
2022,10,MS,3.7
2022,11,MS,3.6
2022,12,MS,3.5
2023,1,MS,3.4
2023,2,MS,3.3
2023,3,MS,3.2
2023,4,MS,3.1
2023,5,MS,3.1
2023,6,MS,3.1
2023,7,MS,3.1
2023,8,MS,3.1
2023,9,MS,3.0
2023,10,MS,3.0
2023,11,MS,3.0
2023,12,MS,2.9
2024,1,MS,2.8
2024,2,MS,2.8
2024,3,MS,2.8
2024,4,MS,2.8
2024,5,MS,2.8
2024,6,MS,2.9
2024,7,MS,3.1
2024,8,MS,3.3
2024,9,MS,3.4
2024,10,MS,3.6
2024,11,MS,3.6
2024,12,MS,3.6
2025,1,MS,3.6
2025,2,MS,3.8
2025,3,MS,3.9
2025,4,MS,4.0
2025,5,MS,4.0
2025,6,MS,4.0
2025,7,MS,3.9
2025,8,MS,3.9
2025,9,MS,3.8
2025,10,MS,
2025,11,MS,3.8
2025,12,MS,3.7
1976,1,MO,6.0
1976,2,MO,6.0
1976,3,MO,6.0
1976,4,MO,6.0
1976,5,MO,6.0
1976,6,MO,6.1
1976,7,MO,6.2
1976,8,MO,6.3
1976,9,MO,6.4
1976,10,MO,6.5
1976,11,MO,6.5
1976,12,MO,6.5
1977,1,MO,6.4
1977,2,MO,6.3
1977,3,MO,6.2
1977,4,MO,6.1
1977,5,MO,6.1
1977,6,MO,6.1
1977,7,MO,6.0
1977,8,MO,6.0
1977,9,MO,5.9
1977,10,MO,5.8
1977,11,MO,5.7
1977,12,MO,5.7
1978,1,MO,5.6
1978,2,MO,5.5
1978,3,MO,5.3
1978,4,MO,5.2
1978,5,MO,5.0
1978,6,MO,4.8
1978,7,MO,4.7
1978,8,MO,4.7
1978,9,MO,4.6
1978,10,MO,4.5
1978,11,MO,4.4
1978,12,MO,4.3
1979,1,MO,4.3
1979,2,MO,4.3
1979,3,MO,4.3
1979,4,MO,4.4
1979,5,MO,4.5
1979,6,MO,4.6
1979,7,MO,4.8
1979,8,MO,4.9
1979,9,MO,5.1
1979,10,MO,5.2
1979,11,MO,5.4
1979,12,MO,5.6
1980,1,MO,5.8
1980,2,MO,6.1
1980,3,MO,6.5
1980,4,MO,6.9
1980,5,MO,7.3
1980,6,MO,7.6
1980,7,MO,7.8
1980,8,MO,7.8
1980,9,MO,7.8
1980,10,MO,7.7
1980,11,MO,7.7
1980,12,MO,7.6
1981,1,MO,7.6
1981,2,MO,7.6
1981,3,MO,7.6
1981,4,MO,7.5
1981,5,MO,7.4
1981,6,MO,7.3
1981,7,MO,7.3
1981,8,MO,7.5
1981,9,MO,7.7
1981,10,MO,8.0
1981,11,MO,8.2
1981,12,MO,8.5
1982,1,MO,8.6
1982,2,MO,8.6
1982,3,MO,8.7
1982,4,MO,8.8
1982,5,MO,8.9
1982,6,MO,9.0
1982,7,MO,9.2
1982,8,MO,9.4
1982,9,MO,9.7
1982,10,MO,9.9
1982,11,MO,10.1
1982,12,MO,10.3
1983,1,MO,10.4
1983,2,MO,10.5
1983,3,MO,10.5
1983,4,MO,10.4
1983,5,MO,10.3
1983,6,MO,10.2
1983,7,MO,10.0
1983,8,MO,9.8
1983,9,MO,9.5
1983,10,MO,9.3
1983,11,MO,9.0
1983,12,MO,8.8
1984,1,MO,8.5
1984,2,MO,8.2
1984,3,MO,7.9
1984,4,MO,7.6
1984,5,MO,7.4
1984,6,MO,7.1
1984,7,MO,7.0
1984,8,MO,6.9
1984,9,MO,6.8
1984,10,MO,6.8
1984,11,MO,6.8
1984,12,MO,6.8
1985,1,MO,6.8
1985,2,MO,6.9
1985,3,MO,6.9
1985,4,MO,6.8
1985,5,MO,6.8
1985,6,MO,6.7
1985,7,MO,6.6
1985,8,MO,6.6
1985,9,MO,6.5
1985,10,MO,6.4
1985,11,MO,6.3
1985,12,MO,6.3
1986,1,MO,6.3
1986,2,MO,6.3
1986,3,MO,6.3
1986,4,MO,6.4
1986,5,MO,6.5
1986,6,MO,6.5
1986,7,MO,6.5
1986,8,MO,6.5
1986,9,MO,6.4
1986,10,MO,6.4
1986,11,MO,6.4
1986,12,MO,6.4
1987,1,MO,6.5
1987,2,MO,6.5
1987,3,MO,6.5
1987,4,MO,6.5
1987,5,MO,6.5
1987,6,MO,6.4
1987,7,MO,6.3
1987,8,MO,6.2
1987,9,MO,6.1
1987,10,MO,6.0
1987,11,MO,5.8
1987,12,MO,5.6
1988,1,MO,5.5
1988,2,MO,5.5
1988,3,MO,5.5
1988,4,MO,5.6
1988,5,MO,5.7
1988,6,MO,5.8
1988,7,MO,5.8
1988,8,MO,5.8
1988,9,MO,5.8
1988,10,MO,5.8
1988,11,MO,5.8
1988,12,MO,5.7
1989,1,MO,5.7
1989,2,MO,5.6
1989,3,MO,5.5
1989,4,MO,5.5
1989,5,MO,5.4
1989,6,MO,5.5
1989,7,MO,5.5
1989,8,MO,5.5
1989,9,MO,5.6
1989,10,MO,5.6
1989,11,MO,5.6
1989,12,MO,5.6
1990,1,MO,5.6
1990,2,MO,5.6
1990,3,MO,5.5
1990,4,MO,5.5
1990,5,MO,5.5
1990,6,MO,5.6
1990,7,MO,5.7
1990,8,MO,6.0
1990,9,MO,6.2
1990,10,MO,6.4
1990,11,MO,6.6
1990,12,MO,6.7
1991,1,MO,6.8
1991,2,MO,6.8
1991,3,MO,6.9
1991,4,MO,6.8
1991,5,MO,6.8
1991,6,MO,6.7
1991,7,MO,6.5
1991,8,MO,6.4
1991,9,MO,6.3
1991,10,MO,6.3
1991,11,MO,6.2
1991,12,MO,6.2
1992,1,MO,6.2
1992,2,MO,6.2
1992,3,MO,6.2
1992,4,MO,6.2
1992,5,MO,6.2
1992,6,MO,6.2
1992,7,MO,6.2
1992,8,MO,6.1
1992,9,MO,6.0
1992,10,MO,6.0
1992,11,MO,6.0
1992,12,MO,6.0
1993,1,MO,6.1
1993,2,MO,6.2
1993,3,MO,6.3
1993,4,MO,6.3
1993,5,MO,6.3
1993,6,MO,6.3
1993,7,MO,6.3
1993,8,MO,6.2
1993,9,MO,6.1
1993,10,MO,6.0
1993,11,MO,5.9
1993,12,MO,5.8
1994,1,MO,5.7
1994,2,MO,5.5
1994,3,MO,5.3
1994,4,MO,5.2
1994,5,MO,5.0
1994,6,MO,5.0
1994,7,MO,4.9
1994,8,MO,4.9
1994,9,MO,4.9
1994,10,MO,5.0
1994,11,MO,4.9
1994,12,MO,4.9
1995,1,MO,4.9
1995,2,MO,5.0
1995,3,MO,5.0
1995,4,MO,5.0
1995,5,MO,5.0
1995,6,MO,5.0
1995,7,MO,4.9
1995,8,MO,4.8
1995,9,MO,4.7
1995,10,MO,4.6
1995,11,MO,4.5
1995,12,MO,4.5
1996,1,MO,4.5
1996,2,MO,4.6
1996,3,MO,4.7
1996,4,MO,4.7
1996,5,MO,4.8
1996,6,MO,4.8
1996,7,MO,4.8
1996,8,MO,4.7
1996,9,MO,4.8
1996,10,MO,4.8
1996,11,MO,4.8
1996,12,MO,4.8
1997,1,MO,4.8
1997,2,MO,4.6
1997,3,MO,4.5
1997,4,MO,4.3
1997,5,MO,4.2
1997,6,MO,4.2
1997,7,MO,4.2
1997,8,MO,4.3
1997,9,MO,4.3
1997,10,MO,4.3
1997,11,MO,4.4
1997,12,MO,4.4
1998,1,MO,4.4
1998,2,MO,4.4
1998,3,MO,4.4
1998,4,MO,4.3
1998,5,MO,4.3
1998,6,MO,4.2
1998,7,MO,4.1
1998,8,MO,4.0
1998,9,MO,3.9
1998,10,MO,3.7
1998,11,MO,3.6
1998,12,MO,3.4
1999,1,MO,3.3
1999,2,MO,3.2
1999,3,MO,3.3
1999,4,MO,3.3
1999,5,MO,3.4
1999,6,MO,3.4
1999,7,MO,3.4
1999,8,MO,3.3
1999,9,MO,3.2
1999,10,MO,3.1
1999,11,MO,3.0
1999,12,MO,3.0
2000,1,MO,3.0
2000,2,MO,3.0
2000,3,MO,3.1
2000,4,MO,3.1
2000,5,MO,3.1
2000,6,MO,3.2
2000,7,MO,3.3
2000,8,MO,3.5
2000,9,MO,3.6
2000,10,MO,3.8
2000,11,MO,3.9
2000,12,MO,4.1
2001,1,MO,4.2
2001,2,MO,4.2
2001,3,MO,4.3
2001,4,MO,4.3
2001,5,MO,4.3
2001,6,MO,4.3
2001,7,MO,4.4
2001,8,MO,4.5
2001,9,MO,4.7
2001,10,MO,4.9
2001,11,MO,5.0
2001,12,MO,5.2
2002,1,MO,5.3
2002,2,MO,5.3
2002,3,MO,5.4
2002,4,MO,5.4
2002,5,MO,5.4
2002,6,MO,5.3
2002,7,MO,5.3
2002,8,MO,5.3
2002,9,MO,5.3
2002,10,MO,5.3
2002,11,MO,5.3
2002,12,MO,5.3
2003,1,MO,5.4
2003,2,MO,5.5
2003,3,MO,5.6
2003,4,MO,5.7
2003,5,MO,5.8
2003,6,MO,5.9
2003,7,MO,5.9
2003,8,MO,5.9
2003,9,MO,5.8
2003,10,MO,5.7
2003,11,MO,5.6
2003,12,MO,5.5
2004,1,MO,5.5
2004,2,MO,5.6
2004,3,MO,5.6
2004,4,MO,5.7
2004,5,MO,5.8
2004,6,MO,5.9
2004,7,MO,6.0
2004,8,MO,6.0
2004,9,MO,6.0
2004,10,MO,6.0
2004,11,MO,6.0
2004,12,MO,6.0
2005,1,MO,6.0
2005,2,MO,5.9
2005,3,MO,5.8
2005,4,MO,5.7
2005,5,MO,5.5
2005,6,MO,5.4
2005,7,MO,5.2
2005,8,MO,5.2
2005,9,MO,5.1
2005,10,MO,5.1
2005,11,MO,5.1
2005,12,MO,5.0
2006,1,MO,5.0
2006,2,MO,4.9
2006,3,MO,4.8
2006,4,MO,4.8
2006,5,MO,4.8
2006,6,MO,4.8
2006,7,MO,4.9
2006,8,MO,4.9
2006,9,MO,5.0
2006,10,MO,5.0
2006,11,MO,4.9
2006,12,MO,4.9
2007,1,MO,4.8
2007,2,MO,4.8
2007,3,MO,4.8
2007,4,MO,4.9
2007,5,MO,4.9
2007,6,MO,5.0
2007,7,MO,5.1
2007,8,MO,5.2
2007,9,MO,5.3
2007,10,MO,5.4
2007,11,MO,5.4
2007,12,MO,5.4
2008,1,MO,5.4
2008,2,MO,5.4
2008,3,MO,5.4
2008,4,MO,5.6
2008,5,MO,5.7
2008,6,MO,5.9
2008,7,MO,6.1
2008,8,MO,6.3
2008,9,MO,6.5
2008,10,MO,6.8
2008,11,MO,7.2
2008,12,MO,7.6
2009,1,MO,8.0
2009,2,MO,8.4
2009,3,MO,8.7
2009,4,MO,9.0
2009,5,MO,9.1
2009,6,MO,9.3
2009,7,MO,9.3
2009,8,MO,9.4
2009,9,MO,9.4
2009,10,MO,9.4
2009,11,MO,9.5
2009,12,MO,9.6
2010,1,MO,9.6
2010,2,MO,9.6
2010,3,MO,9.6
2010,4,MO,9.5
2010,5,MO,9.4
2010,6,MO,9.3
2010,7,MO,9.3
2010,8,MO,9.3
2010,9,MO,9.3
2010,10,MO,9.4
2010,11,MO,9.4
2010,12,MO,9.3
2011,1,MO,9.2
2011,2,MO,9.1
2011,3,MO,8.9
2011,4,MO,8.8
2011,5,MO,8.8
2011,6,MO,8.7
2011,7,MO,8.6
2011,8,MO,8.5
2011,9,MO,8.4
2011,10,MO,8.2
2011,11,MO,8.0
2011,12,MO,7.7
2012,1,MO,7.5
2012,2,MO,7.4
2012,3,MO,7.3
2012,4,MO,7.2
2012,5,MO,7.2
2012,6,MO,7.1
2012,7,MO,7.1
2012,8,MO,7.0
2012,9,MO,7.0
2012,10,MO,7.0
2012,11,MO,7.0
2012,12,MO,6.9
2013,1,MO,6.9
2013,2,MO,6.9
2013,3,MO,6.9
2013,4,MO,6.8
2013,5,MO,6.8
2013,6,MO,6.8
2013,7,MO,6.8
2013,8,MO,6.7
2013,9,MO,6.7
2013,10,MO,6.6
2013,11,MO,6.6
2013,12,MO,6.6
2014,1,MO,6.6
2014,2,MO,6.6
2014,3,MO,6.6
2014,4,MO,6.5
2014,5,MO,6.3
2014,6,MO,6.2
2014,7,MO,6.1
2014,8,MO,6.0
2014,9,MO,5.9
2014,10,MO,5.8
2014,11,MO,5.7
2014,12,MO,5.7
2015,1,MO,5.6
2015,2,MO,5.6
2015,3,MO,5.5
2015,4,MO,5.5
2015,5,MO,5.3
2015,6,MO,5.2
2015,7,MO,5.0
2015,8,MO,4.9
2015,9,MO,4.8
2015,10,MO,4.7
2015,11,MO,4.6
2015,12,MO,4.5
2016,1,MO,4.5
2016,2,MO,4.5
2016,3,MO,4.5
2016,4,MO,4.5
2016,5,MO,4.6
2016,6,MO,4.7
2016,7,MO,4.7
2016,8,MO,4.7
2016,9,MO,4.7
2016,10,MO,4.6
2016,11,MO,4.5
2016,12,MO,4.4
2017,1,MO,4.2
2017,2,MO,4.1
2017,3,MO,4.0
2017,4,MO,3.9
2017,5,MO,3.8
2017,6,MO,3.7
2017,7,MO,3.7
2017,8,MO,3.7
2017,9,MO,3.6
2017,10,MO,3.6
2017,11,MO,3.6
2017,12,MO,3.6
2018,1,MO,3.5
2018,2,MO,3.5
2018,3,MO,3.4
2018,4,MO,3.3
2018,5,MO,3.2
2018,6,MO,3.1
2018,7,MO,3.1
2018,8,MO,3.1
2018,9,MO,3.1
2018,10,MO,3.1
2018,11,MO,3.2
2018,12,MO,3.2
2019,1,MO,3.3
2019,2,MO,3.3
2019,3,MO,3.2
2019,4,MO,3.1
2019,5,MO,3.1
2019,6,MO,3.1
2019,7,MO,3.1
2019,8,MO,3.2
2019,9,MO,3.3
2019,10,MO,3.3
2019,11,MO,3.4
2019,12,MO,3.4
2020,1,MO,3.4
2020,2,MO,3.4
2020,3,MO,3.6
2020,4,MO,11.6
2020,5,MO,9.6
2020,6,MO,8.0
2020,7,MO,7.2
2020,8,MO,6.4
2020,9,MO,5.9
2020,10,MO,5.4
2020,11,MO,5.1
2020,12,MO,5.0
2021,1,MO,4.9
2021,2,MO,4.8
2021,3,MO,4.8
2021,4,MO,4.7
2021,5,MO,4.5
2021,6,MO,4.4
2021,7,MO,4.1
2021,8,MO,3.9
2021,9,MO,3.7
2021,10,MO,3.5
2021,11,MO,3.3
2021,12,MO,3.1
2022,1,MO,3.0
2022,2,MO,2.7
2022,3,MO,2.6
2022,4,MO,2.4
2022,5,MO,2.3
2022,6,MO,2.3
2022,7,MO,2.4
2022,8,MO,2.5
2022,9,MO,2.7
2022,10,MO,2.7
2022,11,MO,2.8
2022,12,MO,2.8
2023,1,MO,2.8
2023,2,MO,2.8
2023,3,MO,2.8
2023,4,MO,2.9
2023,5,MO,3.0
2023,6,MO,3.1
2023,7,MO,3.1
2023,8,MO,3.2
2023,9,MO,3.3
2023,10,MO,3.4
2023,11,MO,3.4
2023,12,MO,3.4
2024,1,MO,3.5
2024,2,MO,3.5
2024,3,MO,3.6
2024,4,MO,3.7
2024,5,MO,3.7
2024,6,MO,3.8
2024,7,MO,3.7
2024,8,MO,3.7
2024,9,MO,3.7
2024,10,MO,3.6
2024,11,MO,3.6
2024,12,MO,3.6
2025,1,MO,3.7
2025,2,MO,3.7
2025,3,MO,3.8
2025,4,MO,3.9
2025,5,MO,4.0
2025,6,MO,4.0
2025,7,MO,4.1
2025,8,MO,4.1
2025,9,MO,4.1
2025,10,MO,
2025,11,MO,4.0
2025,12,MO,3.9
1976,1,MT,5.9
1976,2,MT,5.9
1976,3,MT,5.9
1976,4,MT,5.9
1976,5,MT,5.9
1976,6,MT,5.9
1976,7,MT,5.9
1976,8,MT,5.9
1976,9,MT,5.9
1976,10,MT,6.0
1976,11,MT,6.0
1976,12,MT,6.1
1977,1,MT,6.1
1977,2,MT,6.1
1977,3,MT,6.1
1977,4,MT,6.1
1977,5,MT,6.1
1977,6,MT,6.2
1977,7,MT,6.2
1977,8,MT,6.2
1977,9,MT,6.3
1977,10,MT,6.3
1977,11,MT,6.3
1977,12,MT,6.3
1978,1,MT,6.2
1978,2,MT,6.1
1978,3,MT,6.0
1978,4,MT,5.8
1978,5,MT,5.7
1978,6,MT,5.6
1978,7,MT,5.4
1978,8,MT,5.4
1978,9,MT,5.3
1978,10,MT,5.3
1978,11,MT,5.2
1978,12,MT,5.2
1979,1,MT,5.2
1979,2,MT,5.2
1979,3,MT,5.2
1979,4,MT,5.2
1979,5,MT,5.2
1979,6,MT,5.2
1979,7,MT,5.2
1979,8,MT,5.2
1979,9,MT,5.2
1979,10,MT,5.2
1979,11,MT,5.3
1979,12,MT,5.3
1980,1,MT,5.5
1980,2,MT,5.7
1980,3,MT,5.9
1980,4,MT,6.1
1980,5,MT,6.3
1980,6,MT,6.5
1980,7,MT,6.7
1980,8,MT,6.7
1980,9,MT,6.7
1980,10,MT,6.7
1980,11,MT,6.6
1980,12,MT,6.5
1981,1,MT,6.4
1981,2,MT,6.4
1981,3,MT,6.4
1981,4,MT,6.4
1981,5,MT,6.4
1981,6,MT,6.5
1981,7,MT,6.6
1981,8,MT,6.8
1981,9,MT,7.0
1981,10,MT,7.2
1981,11,MT,7.4
1981,12,MT,7.7
1982,1,MT,7.9
1982,2,MT,8.1
1982,3,MT,8.3
1982,4,MT,8.4
1982,5,MT,8.5
1982,6,MT,8.6
1982,7,MT,8.6
1982,8,MT,8.7
1982,9,MT,8.8
1982,10,MT,8.9
1982,11,MT,9.1
1982,12,MT,9.2
1983,1,MT,9.3
1983,2,MT,9.2
1983,3,MT,9.2
1983,4,MT,9.1
1983,5,MT,9.0
1983,6,MT,8.9
1983,7,MT,8.8
1983,8,MT,8.7
1983,9,MT,8.5
1983,10,MT,8.3
1983,11,MT,8.1
1983,12,MT,7.9
1984,1,MT,7.7
1984,2,MT,7.6
1984,3,MT,7.5
1984,4,MT,7.5
1984,5,MT,7.5
1984,6,MT,7.5
1984,7,MT,7.5
1984,8,MT,7.5
1984,9,MT,7.5
1984,10,MT,7.4
1984,11,MT,7.4
1984,12,MT,7.4
1985,1,MT,7.5
1985,2,MT,7.5
1985,3,MT,7.6
1985,4,MT,7.6
1985,5,MT,7.6
1985,6,MT,7.6
1985,7,MT,7.6
1985,8,MT,7.7
1985,9,MT,7.7
1985,10,MT,7.7
1985,11,MT,7.8
1985,12,MT,7.8
1986,1,MT,7.9
1986,2,MT,7.9
1986,3,MT,8.0
1986,4,MT,8.0
1986,5,MT,8.0
1986,6,MT,8.0
1986,7,MT,8.0
1986,8,MT,7.9
1986,9,MT,7.9
1986,10,MT,7.9
1986,11,MT,7.9
1986,12,MT,7.9
1987,1,MT,7.8
1987,2,MT,7.7
1987,3,MT,7.6
1987,4,MT,7.5
1987,5,MT,7.4
1987,6,MT,7.4
1987,7,MT,7.4
1987,8,MT,7.4
1987,9,MT,7.4
1987,10,MT,7.4
1987,11,MT,7.3
1987,12,MT,7.2
1988,1,MT,7.1
1988,2,MT,7.0
1988,3,MT,6.9
1988,4,MT,6.8
1988,5,MT,6.8
1988,6,MT,6.8
1988,7,MT,6.7
1988,8,MT,6.6
1988,9,MT,6.5
1988,10,MT,6.3
1988,11,MT,6.2
1988,12,MT,6.1
1989,1,MT,6.0
1989,2,MT,6.0
1989,3,MT,6.0
1989,4,MT,6.0
1989,5,MT,6.0
1989,6,MT,6.0
1989,7,MT,6.0
1989,8,MT,6.0
1989,9,MT,6.0
1989,10,MT,5.9
1989,11,MT,5.8
1989,12,MT,5.8
1990,1,MT,5.7
1990,2,MT,5.7
1990,3,MT,5.6
1990,4,MT,5.7
1990,5,MT,5.8
1990,6,MT,5.9
1990,7,MT,6.0
1990,8,MT,6.2
1990,9,MT,6.3
1990,10,MT,6.5
1990,11,MT,6.6
1990,12,MT,6.8
1991,1,MT,7.0
1991,2,MT,7.1
1991,3,MT,7.1
1991,4,MT,7.1
1991,5,MT,7.0
1991,6,MT,6.9
1991,7,MT,6.8
1991,8,MT,6.8
1991,9,MT,6.8
1991,10,MT,6.8
1991,11,MT,6.9
1991,12,MT,6.9
1992,1,MT,6.9
1992,2,MT,6.9
1992,3,MT,6.8
1992,4,MT,6.8
1992,5,MT,6.8
1992,6,MT,6.8
1992,7,MT,6.7
1992,8,MT,6.7
1992,9,MT,6.7
1992,10,MT,6.6
1992,11,MT,6.5
1992,12,MT,6.5
1993,1,MT,6.4
1993,2,MT,6.3
1993,3,MT,6.3
1993,4,MT,6.3
1993,5,MT,6.2
1993,6,MT,6.2
1993,7,MT,6.2
1993,8,MT,6.1
1993,9,MT,6.0
1993,10,MT,5.9
1993,11,MT,5.8
1993,12,MT,5.7
1994,1,MT,5.7
1994,2,MT,5.6
1994,3,MT,5.5
1994,4,MT,5.5
1994,5,MT,5.4
1994,6,MT,5.4
1994,7,MT,5.4
1994,8,MT,5.4
1994,9,MT,5.5
1994,10,MT,5.5
1994,11,MT,5.5
1994,12,MT,5.5
1995,1,MT,5.5
1995,2,MT,5.5
1995,3,MT,5.6
1995,4,MT,5.6
1995,5,MT,5.7
1995,6,MT,5.8
1995,7,MT,5.8
1995,8,MT,5.8
1995,9,MT,5.8
1995,10,MT,5.8
1995,11,MT,5.8
1995,12,MT,5.8
1996,1,MT,5.8
1996,2,MT,5.7
1996,3,MT,5.7
1996,4,MT,5.6
1996,5,MT,5.6
1996,6,MT,5.5
1996,7,MT,5.5
1996,8,MT,5.4
1996,9,MT,5.4
1996,10,MT,5.4
1996,11,MT,5.4
1996,12,MT,5.4
1997,1,MT,5.5
1997,2,MT,5.5
1997,3,MT,5.5
1997,4,MT,5.5
1997,5,MT,5.5
1997,6,MT,5.5
1997,7,MT,5.5
1997,8,MT,5.4
1997,9,MT,5.4
1997,10,MT,5.4
1997,11,MT,5.5
1997,12,MT,5.5
1998,1,MT,5.6
1998,2,MT,5.6
1998,3,MT,5.6
1998,4,MT,5.6
1998,5,MT,5.6
1998,6,MT,5.6
1998,7,MT,5.6
1998,8,MT,5.6
1998,9,MT,5.6
1998,10,MT,5.6
1998,11,MT,5.6
1998,12,MT,5.5
1999,1,MT,5.5
1999,2,MT,5.4
1999,3,MT,5.4
1999,4,MT,5.4
1999,5,MT,5.4
1999,6,MT,5.4
1999,7,MT,5.3
1999,8,MT,5.3
1999,9,MT,5.2
1999,10,MT,5.2
1999,11,MT,5.1
1999,12,MT,5.0
2000,1,MT,5.0
2000,2,MT,4.9
2000,3,MT,4.9
2000,4,MT,4.9
2000,5,MT,4.9
2000,6,MT,4.9
2000,7,MT,4.9
2000,8,MT,4.8
2000,9,MT,4.8
2000,10,MT,4.7
2000,11,MT,4.7
2000,12,MT,4.6
2001,1,MT,4.6
2001,2,MT,4.6
2001,3,MT,4.6
2001,4,MT,4.6
2001,5,MT,4.6
2001,6,MT,4.5
2001,7,MT,4.6
2001,8,MT,4.6
2001,9,MT,4.6
2001,10,MT,4.7
2001,11,MT,4.7
2001,12,MT,4.7
2002,1,MT,4.8
2002,2,MT,4.8
2002,3,MT,4.7
2002,4,MT,4.7
2002,5,MT,4.6
2002,6,MT,4.5
2002,7,MT,4.5
2002,8,MT,4.4
2002,9,MT,4.4
2002,10,MT,4.4
2002,11,MT,4.5
2002,12,MT,4.5
2003,1,MT,4.6
2003,2,MT,4.6
2003,3,MT,4.6
2003,4,MT,4.7
2003,5,MT,4.7
2003,6,MT,4.8
2003,7,MT,4.8
2003,8,MT,4.8
2003,9,MT,4.8
2003,10,MT,4.8
2003,11,MT,4.8
2003,12,MT,4.8
2004,1,MT,4.7
2004,2,MT,4.7
2004,3,MT,4.7
2004,4,MT,4.6
2004,5,MT,4.6
2004,6,MT,4.6
2004,7,MT,4.5
2004,8,MT,4.5
2004,9,MT,4.4
2004,10,MT,4.4
2004,11,MT,4.4
2004,12,MT,4.4
2005,1,MT,4.3
2005,2,MT,4.3
2005,3,MT,4.3
2005,4,MT,4.2
2005,5,MT,4.2
2005,6,MT,4.1
2005,7,MT,4.1
2005,8,MT,4.1
2005,9,MT,4.0
2005,10,MT,3.9
2005,11,MT,3.8
2005,12,MT,3.7
2006,1,MT,3.6
2006,2,MT,3.5
2006,3,MT,3.5
2006,4,MT,3.5
2006,5,MT,3.5
2006,6,MT,3.4
2006,7,MT,3.4
2006,8,MT,3.4
2006,9,MT,3.3
2006,10,MT,3.2
2006,11,MT,3.1
2006,12,MT,3.0
2007,1,MT,2.9
2007,2,MT,2.9
2007,3,MT,2.9
2007,4,MT,3.0
2007,5,MT,3.2
2007,6,MT,3.4
2007,7,MT,3.5
2007,8,MT,3.7
2007,9,MT,3.8
2007,10,MT,3.8
2007,11,MT,3.8
2007,12,MT,3.8
2008,1,MT,3.8
2008,2,MT,3.9
2008,3,MT,4.0
2008,4,MT,4.1
2008,5,MT,4.3
2008,6,MT,4.5
2008,7,MT,4.7
2008,8,MT,4.9
2008,9,MT,5.1
2008,10,MT,5.4
2008,11,MT,5.8
2008,12,MT,6.2
2009,1,MT,6.5
2009,2,MT,6.9
2009,3,MT,7.1
2009,4,MT,7.2
2009,5,MT,7.2
2009,6,MT,7.2
2009,7,MT,7.1
2009,8,MT,7.1
2009,9,MT,7.1
2009,10,MT,7.2
2009,11,MT,7.3
2009,12,MT,7.3
2010,1,MT,7.4
2010,2,MT,7.4
2010,3,MT,7.4
2010,4,MT,7.3
2010,5,MT,7.2
2010,6,MT,7.1
2010,7,MT,7.0
2010,8,MT,7.0
2010,9,MT,7.0
2010,10,MT,7.0
2010,11,MT,7.0
2010,12,MT,7.0
2011,1,MT,7.0
2011,2,MT,6.9
2011,3,MT,6.8
2011,4,MT,6.7
2011,5,MT,6.7
2011,6,MT,6.7
2011,7,MT,6.7
2011,8,MT,6.6
2011,9,MT,6.6
2011,10,MT,6.4
2011,11,MT,6.3
2011,12,MT,6.1
2012,1,MT,6.0
2012,2,MT,5.9
2012,3,MT,5.9
2012,4,MT,5.9
2012,5,MT,5.9
2012,6,MT,5.9
2012,7,MT,5.8
2012,8,MT,5.8
2012,9,MT,5.7
2012,10,MT,5.6
2012,11,MT,5.5
2012,12,MT,5.5
2013,1,MT,5.5
2013,2,MT,5.4
2013,3,MT,5.4
2013,4,MT,5.4
2013,5,MT,5.4
2013,6,MT,5.4
2013,7,MT,5.3
2013,8,MT,5.3
2013,9,MT,5.2
2013,10,MT,5.2
2013,11,MT,5.1
2013,12,MT,5.0
2014,1,MT,4.9
2014,2,MT,4.9
2014,3,MT,4.8
2014,4,MT,4.7
2014,5,MT,4.7
2014,6,MT,4.6
2014,7,MT,4.6
2014,8,MT,4.6
2014,9,MT,4.6
2014,10,MT,4.5
2014,11,MT,4.4
2014,12,MT,4.4
2015,1,MT,4.3
2015,2,MT,4.3
2015,3,MT,4.2
2015,4,MT,4.2
2015,5,MT,4.2
2015,6,MT,4.2
2015,7,MT,4.2
2015,8,MT,4.2
2015,9,MT,4.2
2015,10,MT,4.3
2015,11,MT,4.3
2015,12,MT,4.3
2016,1,MT,4.3
2016,2,MT,4.3
2016,3,MT,4.3
2016,4,MT,4.3
2016,5,MT,4.3
2016,6,MT,4.3
2016,7,MT,4.3
2016,8,MT,4.3
2016,9,MT,4.2
2016,10,MT,4.2
2016,11,MT,4.2
2016,12,MT,4.2
2017,1,MT,4.2
2017,2,MT,4.1
2017,3,MT,4.1
2017,4,MT,4.1
2017,5,MT,4.1
2017,6,MT,4.1
2017,7,MT,4.1
2017,8,MT,4.1
2017,9,MT,4.1
2017,10,MT,4.1
2017,11,MT,4.1
2017,12,MT,4.0
2018,1,MT,3.9
2018,2,MT,3.9
2018,3,MT,3.8
2018,4,MT,3.8
2018,5,MT,3.7
2018,6,MT,3.7
2018,7,MT,3.7
2018,8,MT,3.6
2018,9,MT,3.6
2018,10,MT,3.7
2018,11,MT,3.7
2018,12,MT,3.6
2019,1,MT,3.6
2019,2,MT,3.6
2019,3,MT,3.5
2019,4,MT,3.5
2019,5,MT,3.4
2019,6,MT,3.4
2019,7,MT,3.5
2019,8,MT,3.5
2019,9,MT,3.5
2019,10,MT,3.5
2019,11,MT,3.5
2019,12,MT,3.5
2020,1,MT,3.5
2020,2,MT,3.5
2020,3,MT,3.5
2020,4,MT,11.9
2020,5,MT,9.2
2020,6,MT,7.7
2020,7,MT,6.7
2020,8,MT,5.6
2020,9,MT,5.2
2020,10,MT,4.6
2020,11,MT,4.3
2020,12,MT,4.2
2021,1,MT,4.0
2021,2,MT,3.9
2021,3,MT,3.8
2021,4,MT,3.7
2021,5,MT,3.6
2021,6,MT,3.5
2021,7,MT,3.4
2021,8,MT,3.3
2021,9,MT,3.1
2021,10,MT,2.9
2021,11,MT,2.8
2021,12,MT,2.7
2022,1,MT,2.6
2022,2,MT,2.6
2022,3,MT,2.6
2022,4,MT,2.7
2022,5,MT,2.7
2022,6,MT,2.7
2022,7,MT,2.7
2022,8,MT,2.7
2022,9,MT,2.7
2022,10,MT,2.6
2022,11,MT,2.5
2022,12,MT,2.5
2023,1,MT,2.4
2023,2,MT,2.4
2023,3,MT,2.5
2023,4,MT,2.5
2023,5,MT,2.5
2023,6,MT,2.6
2023,7,MT,2.6
2023,8,MT,2.7
2023,9,MT,2.8
2023,10,MT,2.9
2023,11,MT,3.0
2023,12,MT,3.1
2024,1,MT,3.0
2024,2,MT,3.0
2024,3,MT,3.0
2024,4,MT,3.0
2024,5,MT,3.0
2024,6,MT,3.0
2024,7,MT,3.0
2024,8,MT,3.0
2024,9,MT,3.0
2024,10,MT,2.9
2024,11,MT,2.9
2024,12,MT,2.9
2025,1,MT,2.8
2025,2,MT,2.8
2025,3,MT,2.7
2025,4,MT,2.7
2025,5,MT,2.8
2025,6,MT,2.8
2025,7,MT,2.8
2025,8,MT,2.9
2025,9,MT,3.0
2025,10,MT,
2025,11,MT,3.3
2025,12,MT,3.4
1976,1,NE,3.2
1976,2,NE,3.2
1976,3,NE,3.2
1976,4,NE,3.1
1976,5,NE,3.0
1976,6,NE,3.0
1976,7,NE,3.0
1976,8,NE,3.0
1976,9,NE,3.1
1976,10,NE,3.1
1976,11,NE,3.2
1976,12,NE,3.2
1977,1,NE,3.2
1977,2,NE,3.2
1977,3,NE,3.2
1977,4,NE,3.2
1977,5,NE,3.3
1977,6,NE,3.4
1977,7,NE,3.4
1977,8,NE,3.5
1977,9,NE,3.5
1977,10,NE,3.5
1977,11,NE,3.6
1977,12,NE,3.6
1978,1,NE,3.6
1978,2,NE,3.5
1978,3,NE,3.4
1978,4,NE,3.2
1978,5,NE,3.0
1978,6,NE,2.8
1978,7,NE,2.7
1978,8,NE,2.6
1978,9,NE,2.6
1978,10,NE,2.6
1978,11,NE,2.6
1978,12,NE,2.6
1979,1,NE,2.6
1979,2,NE,2.6
1979,3,NE,2.7
1979,4,NE,2.8
1979,5,NE,2.9
1979,6,NE,3.0
1979,7,NE,3.0
1979,8,NE,3.1
1979,9,NE,3.1
1979,10,NE,3.1
1979,11,NE,3.0
1979,12,NE,3.0
1980,1,NE,3.0
1980,2,NE,3.1
1980,3,NE,3.3
1980,4,NE,3.6
1980,5,NE,3.9
1980,6,NE,4.1
1980,7,NE,4.2
1980,8,NE,4.3
1980,9,NE,4.2
1980,10,NE,4.2
1980,11,NE,4.1
1980,12,NE,4.0
1981,1,NE,4.0
1981,2,NE,3.9
1981,3,NE,3.9
1981,4,NE,3.9
1981,5,NE,3.9
1981,6,NE,3.9
1981,7,NE,4.0
1981,8,NE,4.1
1981,9,NE,4.3
1981,10,NE,4.4
1981,11,NE,4.6
1981,12,NE,4.7
1982,1,NE,4.8
1982,2,NE,4.9
1982,3,NE,5.1
1982,4,NE,5.2
1982,5,NE,5.4
1982,6,NE,5.5
1982,7,NE,5.6
1982,8,NE,5.7
1982,9,NE,5.8
1982,10,NE,5.9
1982,11,NE,6.0
1982,12,NE,6.2
1983,1,NE,6.3
1983,2,NE,6.3
1983,3,NE,6.2
1983,4,NE,6.0
1983,5,NE,5.8
1983,6,NE,5.6
1983,7,NE,5.4
1983,8,NE,5.2
1983,9,NE,5.1
1983,10,NE,5.0
1983,11,NE,4.9
1983,12,NE,4.8
1984,1,NE,4.7
1984,2,NE,4.6
1984,3,NE,4.5
1984,4,NE,4.4
1984,5,NE,4.4
1984,6,NE,4.3
1984,7,NE,4.3
1984,8,NE,4.3
1984,9,NE,4.4
1984,10,NE,4.4
1984,11,NE,4.4
1984,12,NE,4.5
1985,1,NE,4.6
1985,2,NE,4.8
1985,3,NE,4.9
1985,4,NE,5.0
1985,5,NE,5.1
1985,6,NE,5.1
1985,7,NE,5.2
1985,8,NE,5.2
1985,9,NE,5.2
1985,10,NE,5.2
1985,11,NE,5.2
1985,12,NE,5.2
1986,1,NE,5.2
1986,2,NE,5.2
1986,3,NE,5.1
1986,4,NE,5.0
1986,5,NE,4.9
1986,6,NE,4.8
1986,7,NE,4.8
1986,8,NE,4.7
1986,9,NE,4.7
1986,10,NE,4.7
1986,11,NE,4.6
1986,12,NE,4.6
1987,1,NE,4.6
1987,2,NE,4.5
1987,3,NE,4.5
1987,4,NE,4.5
1987,5,NE,4.4
1987,6,NE,4.4
1987,7,NE,4.4
1987,8,NE,4.3
1987,9,NE,4.2
1987,10,NE,4.1
1987,11,NE,4.0
1987,12,NE,3.9
1988,1,NE,3.8
1988,2,NE,3.7
1988,3,NE,3.6
1988,4,NE,3.6
1988,5,NE,3.6
1988,6,NE,3.5
1988,7,NE,3.5
1988,8,NE,3.4
1988,9,NE,3.4
1988,10,NE,3.3
1988,11,NE,3.2
1988,12,NE,3.1
1989,1,NE,3.0
1989,2,NE,3.0
1989,3,NE,2.9
1989,4,NE,2.9
1989,5,NE,2.9
1989,6,NE,2.9
1989,7,NE,2.9
1989,8,NE,2.9
1989,9,NE,2.8
1989,10,NE,2.8
1989,11,NE,2.7
1989,12,NE,2.6
1990,1,NE,2.6
1990,2,NE,2.5
1990,3,NE,2.4
1990,4,NE,2.3
1990,5,NE,2.3
1990,6,NE,2.3
1990,7,NE,2.3
1990,8,NE,2.3
1990,9,NE,2.3
1990,10,NE,2.4
1990,11,NE,2.4
1990,12,NE,2.4
1991,1,NE,2.5
1991,2,NE,2.5
1991,3,NE,2.6
1991,4,NE,2.6
1991,5,NE,2.6
1991,6,NE,2.6
1991,7,NE,2.6
1991,8,NE,2.7
1991,9,NE,2.7
1991,10,NE,2.7
1991,11,NE,2.7
1991,12,NE,2.7
1992,1,NE,2.7
1992,2,NE,2.8
1992,3,NE,2.8
1992,4,NE,2.8
1992,5,NE,2.8
1992,6,NE,2.9
1992,7,NE,2.9
1992,8,NE,2.9
1992,9,NE,2.8
1992,10,NE,2.8
1992,11,NE,2.8
1992,12,NE,2.8
1993,1,NE,2.9
1993,2,NE,2.9
1993,3,NE,2.9
1993,4,NE,2.9
1993,5,NE,2.8
1993,6,NE,2.8
1993,7,NE,2.7
1993,8,NE,2.7
1993,9,NE,2.6
1993,10,NE,2.6
1993,11,NE,2.7
1993,12,NE,2.7
1994,1,NE,2.7
1994,2,NE,2.7
1994,3,NE,2.7
1994,4,NE,2.7
1994,5,NE,2.6
1994,6,NE,2.6
1994,7,NE,2.6
1994,8,NE,2.6
1994,9,NE,2.6
1994,10,NE,2.6
1994,11,NE,2.6
1994,12,NE,2.6
1995,1,NE,2.5
1995,2,NE,2.5
1995,3,NE,2.5
1995,4,NE,2.6
1995,5,NE,2.6
1995,6,NE,2.7
1995,7,NE,2.7
1995,8,NE,2.7
1995,9,NE,2.7
1995,10,NE,2.7
1995,11,NE,2.7
1995,12,NE,2.7
1996,1,NE,2.7
1996,2,NE,2.8
1996,3,NE,2.8
1996,4,NE,2.8
1996,5,NE,2.8
1996,6,NE,2.7
1996,7,NE,2.7
1996,8,NE,2.7
1996,9,NE,2.6
1996,10,NE,2.6
1996,11,NE,2.6
1996,12,NE,2.6
1997,1,NE,2.6
1997,2,NE,2.5
1997,3,NE,2.5
1997,4,NE,2.4
1997,5,NE,2.4
1997,6,NE,2.4
1997,7,NE,2.4
1997,8,NE,2.4
1997,9,NE,2.4
1997,10,NE,2.3
1997,11,NE,2.3
1997,12,NE,2.3
1998,1,NE,2.3
1998,2,NE,2.3
1998,3,NE,2.4
1998,4,NE,2.4
1998,5,NE,2.4
1998,6,NE,2.5
1998,7,NE,2.5
1998,8,NE,2.6
1998,9,NE,2.7
1998,10,NE,2.7
1998,11,NE,2.7
1998,12,NE,2.7
1999,1,NE,2.7
1999,2,NE,2.7
1999,3,NE,2.7
1999,4,NE,2.7
1999,5,NE,2.8
1999,6,NE,2.8
1999,7,NE,2.8
1999,8,NE,2.8
1999,9,NE,2.8
1999,10,NE,2.8
1999,11,NE,2.8
1999,12,NE,2.8
2000,1,NE,2.8
2000,2,NE,2.8
2000,3,NE,2.8
2000,4,NE,2.8
2000,5,NE,2.8
2000,6,NE,2.8
2000,7,NE,2.8
2000,8,NE,2.8
2000,9,NE,2.9
2000,10,NE,2.9
2000,11,NE,2.9
2000,12,NE,2.9
2001,1,NE,2.9
2001,2,NE,2.9
2001,3,NE,3.0
2001,4,NE,3.0
2001,5,NE,3.0
2001,6,NE,3.0
2001,7,NE,3.1
2001,8,NE,3.2
2001,9,NE,3.3
2001,10,NE,3.4
2001,11,NE,3.5
2001,12,NE,3.6
2002,1,NE,3.7
2002,2,NE,3.7
2002,3,NE,3.7
2002,4,NE,3.7
2002,5,NE,3.7
2002,6,NE,3.7
2002,7,NE,3.6
2002,8,NE,3.6
2002,9,NE,3.6
2002,10,NE,3.6
2002,11,NE,3.6
2002,12,NE,3.7
2003,1,NE,3.7
2003,2,NE,3.8
2003,3,NE,3.9
2003,4,NE,3.9
2003,5,NE,4.0
2003,6,NE,4.0
2003,7,NE,4.1
2003,8,NE,4.0
2003,9,NE,4.0
2003,10,NE,3.9
2003,11,NE,3.9
2003,12,NE,3.8
2004,1,NE,3.8
2004,2,NE,3.8
2004,3,NE,3.8
2004,4,NE,3.8
2004,5,NE,3.8
2004,6,NE,3.8
2004,7,NE,3.8
2004,8,NE,3.9
2004,9,NE,3.9
2004,10,NE,3.9
2004,11,NE,3.9
2004,12,NE,4.0
2005,1,NE,4.0
2005,2,NE,4.0
2005,3,NE,4.0
2005,4,NE,3.9
2005,5,NE,3.9
2005,6,NE,3.8
2005,7,NE,3.7
2005,8,NE,3.7
2005,9,NE,3.7
2005,10,NE,3.6
2005,11,NE,3.5
2005,12,NE,3.5
2006,1,NE,3.3
2006,2,NE,3.2
2006,3,NE,3.1
2006,4,NE,3.0
2006,5,NE,3.0
2006,6,NE,3.0
2006,7,NE,3.0
2006,8,NE,3.0
2006,9,NE,3.0
2006,10,NE,3.0
2006,11,NE,3.0
2006,12,NE,2.9
2007,1,NE,2.9
2007,2,NE,2.9
2007,3,NE,2.9
2007,4,NE,2.9
2007,5,NE,2.9
2007,6,NE,3.0
2007,7,NE,3.0
2007,8,NE,3.0
2007,9,NE,3.0
2007,10,NE,3.0
2007,11,NE,3.0
2007,12,NE,3.0
2008,1,NE,2.9
2008,2,NE,2.9
2008,3,NE,3.0
2008,4,NE,3.0
2008,5,NE,3.1
2008,6,NE,3.2
2008,7,NE,3.2
2008,8,NE,3.3
2008,9,NE,3.4
2008,10,NE,3.5
2008,11,NE,3.7
2008,12,NE,3.9
2009,1,NE,4.1
2009,2,NE,4.3
2009,3,NE,4.5
2009,4,NE,4.6
2009,5,NE,4.7
2009,6,NE,4.7
2009,7,NE,4.7
2009,8,NE,4.8
2009,9,NE,4.8
2009,10,NE,4.8
2009,11,NE,4.8
2009,12,NE,4.8
2010,1,NE,4.9
2010,2,NE,4.9
2010,3,NE,4.8
2010,4,NE,4.8
2010,5,NE,4.7
2010,6,NE,4.6
2010,7,NE,4.5
2010,8,NE,4.5
2010,9,NE,4.5
2010,10,NE,4.5
2010,11,NE,4.5
2010,12,NE,4.5
2011,1,NE,4.5
2011,2,NE,4.5
2011,3,NE,4.5
2011,4,NE,4.4
2011,5,NE,4.4
2011,6,NE,4.4
2011,7,NE,4.4
2011,8,NE,4.4
2011,9,NE,4.3
2011,10,NE,4.3
2011,11,NE,4.2
2011,12,NE,4.1
2012,1,NE,4.1
2012,2,NE,4.0
2012,3,NE,3.9
2012,4,NE,3.9
2012,5,NE,3.9
2012,6,NE,3.9
2012,7,NE,3.9
2012,8,NE,3.8
2012,9,NE,3.9
2012,10,NE,3.9
2012,11,NE,3.9
2012,12,NE,3.9
2013,1,NE,3.9
2013,2,NE,3.9
2013,3,NE,3.8
2013,4,NE,3.8
2013,5,NE,3.8
2013,6,NE,3.8
2013,7,NE,3.7
2013,8,NE,3.7
2013,9,NE,3.6
2013,10,NE,3.6
2013,11,NE,3.5
2013,12,NE,3.5
2014,1,NE,3.5
2014,2,NE,3.5
2014,3,NE,3.5
2014,4,NE,3.4
2014,5,NE,3.3
2014,6,NE,3.3
2014,7,NE,3.2
2014,8,NE,3.1
2014,9,NE,3.1
2014,10,NE,3.0
2014,11,NE,3.0
2014,12,NE,2.9
2015,1,NE,2.9
2015,2,NE,2.9
2015,3,NE,2.9
2015,4,NE,3.0
2015,5,NE,3.0
2015,6,NE,3.0
2015,7,NE,3.0
2015,8,NE,3.0
2015,9,NE,3.0
2015,10,NE,3.0
2015,11,NE,3.0
2015,12,NE,3.0
2016,1,NE,3.0
2016,2,NE,3.0
2016,3,NE,3.0
2016,4,NE,3.0
2016,5,NE,3.1
2016,6,NE,3.1
2016,7,NE,3.2
2016,8,NE,3.2
2016,9,NE,3.2
2016,10,NE,3.2
2016,11,NE,3.2
2016,12,NE,3.1
2017,1,NE,3.1
2017,2,NE,3.0
2017,3,NE,2.9
2017,4,NE,2.9
2017,5,NE,2.9
2017,6,NE,2.9
2017,7,NE,2.9
2017,8,NE,2.9
2017,9,NE,3.0
2017,10,NE,3.0
2017,11,NE,3.0
2017,12,NE,3.0
2018,1,NE,2.9
2018,2,NE,2.9
2018,3,NE,2.9
2018,4,NE,2.8
2018,5,NE,2.8
2018,6,NE,2.8
2018,7,NE,2.9
2018,8,NE,2.9
2018,9,NE,2.9
2018,10,NE,3.0
2018,11,NE,3.0
2018,12,NE,3.1
2019,1,NE,3.1
2019,2,NE,3.1
2019,3,NE,3.1
2019,4,NE,3.1
2019,5,NE,3.1
2019,6,NE,3.1
2019,7,NE,3.1
2019,8,NE,3.2
2019,9,NE,3.2
2019,10,NE,3.1
2019,11,NE,3.1
2019,12,NE,3.1
2020,1,NE,3.0
2020,2,NE,3.0
2020,3,NE,4.4
2020,4,NE,8.2
2020,5,NE,6.4
2020,6,NE,5.3
2020,7,NE,4.6
2020,8,NE,3.8
2020,9,NE,3.4
2020,10,NE,3.1
2020,11,NE,3.0
2020,12,NE,3.0
2021,1,NE,2.9
2021,2,NE,2.9
2021,3,NE,2.9
2021,4,NE,2.9
2021,5,NE,2.8
2021,6,NE,2.7
2021,7,NE,2.6
2021,8,NE,2.5
2021,9,NE,2.4
2021,10,NE,2.3
2021,11,NE,2.2
2021,12,NE,2.1
2022,1,NE,2.0
2022,2,NE,2.0
2022,3,NE,2.0
2022,4,NE,2.0
2022,5,NE,2.1
2022,6,NE,2.1
2022,7,NE,2.2
2022,8,NE,2.3
2022,9,NE,2.3
2022,10,NE,2.3
2022,11,NE,2.3
2022,12,NE,2.2
2023,1,NE,2.2
2023,2,NE,2.1
2023,3,NE,2.1
2023,4,NE,2.1
2023,5,NE,2.2
2023,6,NE,2.2
2023,7,NE,2.3
2023,8,NE,2.4
2023,9,NE,2.5
2023,10,NE,2.5
2023,11,NE,2.5
2023,12,NE,2.6
2024,1,NE,2.6
2024,2,NE,2.6
2024,3,NE,2.6
2024,4,NE,2.7
2024,5,NE,2.7
2024,6,NE,2.8
2024,7,NE,2.8
2024,8,NE,2.9
2024,9,NE,2.9
2024,10,NE,2.9
2024,11,NE,2.9
2024,12,NE,2.9
2025,1,NE,2.9
2025,2,NE,3.0
2025,3,NE,2.9
2025,4,NE,3.0
2025,5,NE,3.0
2025,6,NE,3.0
2025,7,NE,3.0
2025,8,NE,3.0
2025,9,NE,3.0
2025,10,NE,
2025,11,NE,3.0
2025,12,NE,3.0
1976,1,NV,9.2
1976,2,NV,9.2
1976,3,NV,9.2
1976,4,NV,9.0
1976,5,NV,8.8
1976,6,NV,8.7
1976,7,NV,8.6
1976,8,NV,8.5
1976,9,NV,8.6
1976,10,NV,8.6
1976,11,NV,8.7
1976,12,NV,8.7
1977,1,NV,8.5
1977,2,NV,8.3
1977,3,NV,8.0
1977,4,NV,7.6
1977,5,NV,7.3
1977,6,NV,7.0
1977,7,NV,6.7
1977,8,NV,6.4
1977,9,NV,6.1
1977,10,NV,5.7
1977,11,NV,5.3
1977,12,NV,5.0
1978,1,NV,4.7
1978,2,NV,4.5
1978,3,NV,4.4
1978,4,NV,4.3
1978,5,NV,4.2
1978,6,NV,4.2
1978,7,NV,4.3
1978,8,NV,4.3
1978,9,NV,4.4
1978,10,NV,4.5
1978,11,NV,4.6
1978,12,NV,4.8
1979,1,NV,4.9
1979,2,NV,5.0
1979,3,NV,5.0
1979,4,NV,5.0
1979,5,NV,5.0
1979,6,NV,5.0
1979,7,NV,4.9
1979,8,NV,4.9
1979,9,NV,4.9
1979,10,NV,4.8
1979,11,NV,4.8
1979,12,NV,4.9
1980,1,NV,5.0
1980,2,NV,5.2
1980,3,NV,5.5
1980,4,NV,5.8
1980,5,NV,6.2
1980,6,NV,6.5
1980,7,NV,6.8
1980,8,NV,6.9
1980,9,NV,7.0
1980,10,NV,7.0
1980,11,NV,7.1
1980,12,NV,7.1
1981,1,NV,7.1
1981,2,NV,7.1
1981,3,NV,7.1
1981,4,NV,7.1
1981,5,NV,7.1
1981,6,NV,7.1
1981,7,NV,7.1
1981,8,NV,7.2
1981,9,NV,7.4
1981,10,NV,7.6
1981,11,NV,7.8
1981,12,NV,8.1
1982,1,NV,8.4
1982,2,NV,8.8
1982,3,NV,9.1
1982,4,NV,9.4
1982,5,NV,9.7
1982,6,NV,9.9
1982,7,NV,10.1
1982,8,NV,10.4
1982,9,NV,10.6
1982,10,NV,10.9
1982,11,NV,11.1
1982,12,NV,11.2
1983,1,NV,11.2
1983,2,NV,11.1
1983,3,NV,10.9
1983,4,NV,10.6
1983,5,NV,10.3
1983,6,NV,10.0
1983,7,NV,9.7
1983,8,NV,9.4
1983,9,NV,9.1
1983,10,NV,8.7
1983,11,NV,8.4
1983,12,NV,8.2
1984,1,NV,7.9
1984,2,NV,7.7
1984,3,NV,7.6
1984,4,NV,7.5
1984,5,NV,7.6
1984,6,NV,7.6
1984,7,NV,7.7
1984,8,NV,7.7
1984,9,NV,7.8
1984,10,NV,7.8
1984,11,NV,7.7
1984,12,NV,7.7
1985,1,NV,7.7
1985,2,NV,7.7
1985,3,NV,7.8
1985,4,NV,7.8
1985,5,NV,7.8
1985,6,NV,7.7
1985,7,NV,7.6
1985,8,NV,7.5
1985,9,NV,7.4
1985,10,NV,7.2
1985,11,NV,7.1
1985,12,NV,6.9
1986,1,NV,6.8
1986,2,NV,6.7
1986,3,NV,6.5
1986,4,NV,6.4
1986,5,NV,6.3
1986,6,NV,6.2
1986,7,NV,6.2
1986,8,NV,6.1
1986,9,NV,6.1
1986,10,NV,6.2
1986,11,NV,6.2
1986,12,NV,6.3
1987,1,NV,6.3
1987,2,NV,6.3
1987,3,NV,6.3
1987,4,NV,6.3
1987,5,NV,6.3
1987,6,NV,6.2
1987,7,NV,6.2
1987,8,NV,6.2
1987,9,NV,6.2
1987,10,NV,6.1
1987,11,NV,6.0
1987,12,NV,5.9
1988,1,NV,5.8
1988,2,NV,5.6
1988,3,NV,5.5
1988,4,NV,5.4
1988,5,NV,5.3
1988,6,NV,5.2
1988,7,NV,5.2
1988,8,NV,5.1
1988,9,NV,5.0
1988,10,NV,4.9
1988,11,NV,4.9
1988,12,NV,4.8
1989,1,NV,4.8
1989,2,NV,4.8
1989,3,NV,4.7
1989,4,NV,4.7
1989,5,NV,4.7
1989,6,NV,4.7
1989,7,NV,4.7
1989,8,NV,4.7
1989,9,NV,4.7
1989,10,NV,4.6
1989,11,NV,4.6
1989,12,NV,4.5
1990,1,NV,4.5
1990,2,NV,4.5
1990,3,NV,4.5
1990,4,NV,4.5
1990,5,NV,4.5
1990,6,NV,4.6
1990,7,NV,4.7
1990,8,NV,4.9
1990,9,NV,5.0
1990,10,NV,5.2
1990,11,NV,5.3
1990,12,NV,5.4
1991,1,NV,5.5
1991,2,NV,5.6
1991,3,NV,5.7
1991,4,NV,5.7
1991,5,NV,5.7
1991,6,NV,5.8
1991,7,NV,5.8
1991,8,NV,5.8
1991,9,NV,5.9
1991,10,NV,6.0
1991,11,NV,6.2
1991,12,NV,6.3
1992,1,NV,6.5
1992,2,NV,6.6
1992,3,NV,6.7
1992,4,NV,6.7
1992,5,NV,6.8
1992,6,NV,6.8
1992,7,NV,6.8
1992,8,NV,6.9
1992,9,NV,6.9
1992,10,NV,6.9
1992,11,NV,6.9
1992,12,NV,6.9
1993,1,NV,6.9
1993,2,NV,7.0
1993,3,NV,7.0
1993,4,NV,7.0
1993,5,NV,7.1
1993,6,NV,7.0
1993,7,NV,7.0
1993,8,NV,6.9
1993,9,NV,6.8
1993,10,NV,6.7
1993,11,NV,6.6
1993,12,NV,6.5
1994,1,NV,6.5
1994,2,NV,6.4
1994,3,NV,6.4
1994,4,NV,6.3
1994,5,NV,6.3
1994,6,NV,6.3
1994,7,NV,6.3
1994,8,NV,6.2
1994,9,NV,6.2
1994,10,NV,6.1
1994,11,NV,6.0
1994,12,NV,5.9
1995,1,NV,5.9
1995,2,NV,5.8
1995,3,NV,5.7
1995,4,NV,5.7
1995,5,NV,5.6
1995,6,NV,5.6
1995,7,NV,5.5
1995,8,NV,5.5
1995,9,NV,5.4
1995,10,NV,5.4
1995,11,NV,5.4
1995,12,NV,5.3
1996,1,NV,5.3
1996,2,NV,5.3
1996,3,NV,5.2
1996,4,NV,5.2
1996,5,NV,5.1
1996,6,NV,5.1
1996,7,NV,5.1
1996,8,NV,5.0
1996,9,NV,5.0
1996,10,NV,5.0
1996,11,NV,4.9
1996,12,NV,4.8
1997,1,NV,4.8
1997,2,NV,4.7
1997,3,NV,4.6
1997,4,NV,4.5
1997,5,NV,4.4
1997,6,NV,4.4
1997,7,NV,4.3
1997,8,NV,4.3
1997,9,NV,4.3
1997,10,NV,4.3
1997,11,NV,4.3
1997,12,NV,4.3
1998,1,NV,4.3
1998,2,NV,4.3
1998,3,NV,4.3
1998,4,NV,4.3
1998,5,NV,4.3
1998,6,NV,4.2
1998,7,NV,4.2
1998,8,NV,4.1
1998,9,NV,4.1
1998,10,NV,4.0
1998,11,NV,4.0
1998,12,NV,3.9
1999,1,NV,3.9
1999,2,NV,4.0
1999,3,NV,4.0
1999,4,NV,4.1
1999,5,NV,4.1
1999,6,NV,4.1
1999,7,NV,4.1
1999,8,NV,4.1
1999,9,NV,4.1
1999,10,NV,4.1
1999,11,NV,4.0
1999,12,NV,4.0
2000,1,NV,3.9
2000,2,NV,3.9
2000,3,NV,3.9
2000,4,NV,4.0
2000,5,NV,4.0
2000,6,NV,4.1
2000,7,NV,4.2
2000,8,NV,4.2
2000,9,NV,4.3
2000,10,NV,4.3
2000,11,NV,4.4
2000,12,NV,4.5
2001,1,NV,4.6
2001,2,NV,4.7
2001,3,NV,4.8
2001,4,NV,4.8
2001,5,NV,4.9
2001,6,NV,5.0
2001,7,NV,5.1
2001,8,NV,5.2
2001,9,NV,5.4
2001,10,NV,5.5
2001,11,NV,5.6
2001,12,NV,5.7
2002,1,NV,5.7
2002,2,NV,5.8
2002,3,NV,5.8
2002,4,NV,5.7
2002,5,NV,5.7
2002,6,NV,5.7
2002,7,NV,5.6
2002,8,NV,5.5
2002,9,NV,5.5
2002,10,NV,5.5
2002,11,NV,5.5
2002,12,NV,5.5
2003,1,NV,5.4
2003,2,NV,5.4
2003,3,NV,5.4
2003,4,NV,5.3
2003,5,NV,5.3
2003,6,NV,5.3
2003,7,NV,5.3
2003,8,NV,5.2
2003,9,NV,5.1
2003,10,NV,5.0
2003,11,NV,4.9
2003,12,NV,4.8
2004,1,NV,4.7
2004,2,NV,4.7
2004,3,NV,4.6
2004,4,NV,4.6
2004,5,NV,4.5
2004,6,NV,4.4
2004,7,NV,4.4
2004,8,NV,4.3
2004,9,NV,4.3
2004,10,NV,4.3
2004,11,NV,4.3
2004,12,NV,4.3
2005,1,NV,4.3
2005,2,NV,4.3
2005,3,NV,4.3
2005,4,NV,4.3
2005,5,NV,4.2
2005,6,NV,4.2
2005,7,NV,4.2
2005,8,NV,4.2
2005,9,NV,4.2
2005,10,NV,4.1
2005,11,NV,4.1
2005,12,NV,4.1
2006,1,NV,4.1
2006,2,NV,4.1
2006,3,NV,4.1
2006,4,NV,4.1
2006,5,NV,4.2
2006,6,NV,4.2
2006,7,NV,4.2
2006,8,NV,4.2
2006,9,NV,4.2
2006,10,NV,4.2
2006,11,NV,4.2
2006,12,NV,4.2
2007,1,NV,4.3
2007,2,NV,4.3
2007,3,NV,4.4
2007,4,NV,4.5
2007,5,NV,4.6
2007,6,NV,4.7
2007,7,NV,4.8
2007,8,NV,4.9
2007,9,NV,5.0
2007,10,NV,5.1
2007,11,NV,5.2
2007,12,NV,5.4
2008,1,NV,5.5
2008,2,NV,5.6
2008,3,NV,5.8
2008,4,NV,6.1
2008,5,NV,6.3
2008,6,NV,6.6
2008,7,NV,6.9
2008,8,NV,7.2
2008,9,NV,7.6
2008,10,NV,8.0
2008,11,NV,8.4
2008,12,NV,8.8
2009,1,NV,9.2
2009,2,NV,9.6
2009,3,NV,10.0
2009,4,NV,10.3
2009,5,NV,10.7
2009,6,NV,11.0
2009,7,NV,11.3
2009,8,NV,11.6
2009,9,NV,11.9
2009,10,NV,12.2
2009,11,NV,12.4
2009,12,NV,12.7
2010,1,NV,12.9
2010,2,NV,13.0
2010,3,NV,13.2
2010,4,NV,13.2
2010,5,NV,13.3
2010,6,NV,13.2
2010,7,NV,13.3
2010,8,NV,13.3
2010,9,NV,13.4
2010,10,NV,13.4
2010,11,NV,13.4
2010,12,NV,13.4
2011,1,NV,13.3
2011,2,NV,13.2
2011,3,NV,13.2
2011,4,NV,13.1
2011,5,NV,13.1
2011,6,NV,13.1
2011,7,NV,13.1
2011,8,NV,13.0
2011,9,NV,12.9
2011,10,NV,12.8
2011,11,NV,12.6
2011,12,NV,12.4
2012,1,NV,12.2
2012,2,NV,12.1
2012,3,NV,12.0
2012,4,NV,11.9
2012,5,NV,11.8
2012,6,NV,11.7
2012,7,NV,11.5
2012,8,NV,11.3
2012,9,NV,11.2
2012,10,NV,11.0
2012,11,NV,10.9
2012,12,NV,10.8
2013,1,NV,10.7
2013,2,NV,10.6
2013,3,NV,10.5
2013,4,NV,10.3
2013,5,NV,10.2
2013,6,NV,10.0
2013,7,NV,9.9
2013,8,NV,9.8
2013,9,NV,9.6
2013,10,NV,9.5
2013,11,NV,9.3
2013,12,NV,9.2
2014,1,NV,9.0
2014,2,NV,8.8
2014,3,NV,8.6
2014,4,NV,8.5
2014,5,NV,8.4
2014,6,NV,8.2
2014,7,NV,8.1
2014,8,NV,8.0
2014,9,NV,7.9
2014,10,NV,7.8
2014,11,NV,7.6
2014,12,NV,7.5
2015,1,NV,7.4
2015,2,NV,7.3
2015,3,NV,7.3
2015,4,NV,7.1
2015,5,NV,7.0
2015,6,NV,6.9
2015,7,NV,6.8
2015,8,NV,6.7
2015,9,NV,6.6
2015,10,NV,6.5
2015,11,NV,6.4
2015,12,NV,6.4
2016,1,NV,6.3
2016,2,NV,6.2
2016,3,NV,6.1
2016,4,NV,6.0
2016,5,NV,5.9
2016,6,NV,5.9
2016,7,NV,5.8
2016,8,NV,5.7
2016,9,NV,5.6
2016,10,NV,5.6
2016,11,NV,5.5
2016,12,NV,5.4
2017,1,NV,5.3
2017,2,NV,5.3
2017,3,NV,5.2
2017,4,NV,5.1
2017,5,NV,5.0
2017,6,NV,5.0
2017,7,NV,4.9
2017,8,NV,4.9
2017,9,NV,4.9
2017,10,NV,4.9
2017,11,NV,4.8
2017,12,NV,4.8
2018,1,NV,4.7
2018,2,NV,4.7
2018,3,NV,4.6
2018,4,NV,4.5
2018,5,NV,4.4
2018,6,NV,4.3
2018,7,NV,4.3
2018,8,NV,4.2
2018,9,NV,4.3
2018,10,NV,4.3
2018,11,NV,4.3
2018,12,NV,4.3
2019,1,NV,4.3
2019,2,NV,4.3
2019,3,NV,4.2
2019,4,NV,4.1
2019,5,NV,4.1
2019,6,NV,4.0
2019,7,NV,4.0
2019,8,NV,4.0
2019,9,NV,4.0
2019,10,NV,4.1
2019,11,NV,4.1
2019,12,NV,4.1
2020,1,NV,4.2
2020,2,NV,4.4
2020,3,NV,7.2
2020,4,NV,30.5
2020,5,NV,24.7
2020,6,NV,18.9
2020,7,NV,16.7
2020,8,NV,13.9
2020,9,NV,12.7
2020,10,NV,11.1
2020,11,NV,10.2
2020,12,NV,9.6
2021,1,NV,8.9
2021,2,NV,8.5
2021,3,NV,8.0
2021,4,NV,7.6
2021,5,NV,7.2
2021,6,NV,6.9
2021,7,NV,6.5
2021,8,NV,6.2
2021,9,NV,5.8
2021,10,NV,5.6
2021,11,NV,5.4
2021,12,NV,5.3
2022,1,NV,5.2
2022,2,NV,5.2
2022,3,NV,5.2
2022,4,NV,5.1
2022,5,NV,5.1
2022,6,NV,5.1
2022,7,NV,5.2
2022,8,NV,5.2
2022,9,NV,5.2
2022,10,NV,5.3
2022,11,NV,5.3
2022,12,NV,5.3
2023,1,NV,5.2
2023,2,NV,5.2
2023,3,NV,5.1
2023,4,NV,5.0
2023,5,NV,5.0
2023,6,NV,5.0
2023,7,NV,5.1
2023,8,NV,5.1
2023,9,NV,5.2
2023,10,NV,5.2
2023,11,NV,5.3
2023,12,NV,5.3
2024,1,NV,5.3
2024,2,NV,5.3
2024,3,NV,5.3
2024,4,NV,5.4
2024,5,NV,5.5
2024,6,NV,5.6
2024,7,NV,5.6
2024,8,NV,5.7
2024,9,NV,5.7
2024,10,NV,5.8
2024,11,NV,5.8
2024,12,NV,5.8
2025,1,NV,5.8
2025,2,NV,5.8
2025,3,NV,5.7
2025,4,NV,5.6
2025,5,NV,5.5
2025,6,NV,5.4
2025,7,NV,5.4
2025,8,NV,5.3
2025,9,NV,5.3
2025,10,NV,
2025,11,NV,5.2
2025,12,NV,5.2
1976,1,NH,6.5
1976,2,NH,6.5
1976,3,NH,6.5
1976,4,NH,6.5
1976,5,NH,6.5
1976,6,NH,6.5
1976,7,NH,6.4
1976,8,NH,6.4
1976,9,NH,6.3
1976,10,NH,6.3
1976,11,NH,6.3
1976,12,NH,6.3
1977,1,NH,6.3
1977,2,NH,6.3
1977,3,NH,6.2
1977,4,NH,6.0
1977,5,NH,5.9
1977,6,NH,5.7
1977,7,NH,5.5
1977,8,NH,5.3
1977,9,NH,5.1
1977,10,NH,4.9
1977,11,NH,4.7
1977,12,NH,4.6
1978,1,NH,4.4
1978,2,NH,4.2
1978,3,NH,4.1
1978,4,NH,4.0
1978,5,NH,3.9
1978,6,NH,3.9
1978,7,NH,3.8
1978,8,NH,3.7
1978,9,NH,3.6
1978,10,NH,3.5
1978,11,NH,3.4
1978,12,NH,3.3
1979,1,NH,3.3
1979,2,NH,3.2
1979,3,NH,3.1
1979,4,NH,3.0
1979,5,NH,2.9
1979,6,NH,2.9
1979,7,NH,2.9
1979,8,NH,3.0
1979,9,NH,3.1
1979,10,NH,3.3
1979,11,NH,3.4
1979,12,NH,3.5
1980,1,NH,3.6
1980,2,NH,3.7
1980,3,NH,4.0
1980,4,NH,4.3
1980,5,NH,4.5
1980,6,NH,4.8
1980,7,NH,5.0
1980,8,NH,5.0
1980,9,NH,5.0
1980,10,NH,4.9
1980,11,NH,4.8
1980,12,NH,4.7
1981,1,NH,4.7
1981,2,NH,4.7
1981,3,NH,4.7
1981,4,NH,4.7
1981,5,NH,4.7
1981,6,NH,4.8
1981,7,NH,4.9
1981,8,NH,5.0
1981,9,NH,5.3
1981,10,NH,5.5
1981,11,NH,5.8
1981,12,NH,6.1
1982,1,NH,6.3
1982,2,NH,6.6
1982,3,NH,6.8
1982,4,NH,6.9
1982,5,NH,7.0
1982,6,NH,7.0
1982,7,NH,7.0
1982,8,NH,7.0
1982,9,NH,7.0
1982,10,NH,6.9
1982,11,NH,6.9
1982,12,NH,6.8
1983,1,NH,6.6
1983,2,NH,6.4
1983,3,NH,6.2
1983,4,NH,5.9
1983,5,NH,5.7
1983,6,NH,5.5
1983,7,NH,5.3
1983,8,NH,5.1
1983,9,NH,5.0
1983,10,NH,4.8
1983,11,NH,4.7
1983,12,NH,4.5
1984,1,NH,4.4
1984,2,NH,4.3
1984,3,NH,4.2
1984,4,NH,4.1
1984,5,NH,4.1
1984,6,NH,4.1
1984,7,NH,4.1
1984,8,NH,4.2
1984,9,NH,4.3
1984,10,NH,4.3
1984,11,NH,4.3
1984,12,NH,4.3
1985,1,NH,4.3
1985,2,NH,4.2
1985,3,NH,4.2
1985,4,NH,4.1
1985,5,NH,3.9
1985,6,NH,3.8
1985,7,NH,3.6
1985,8,NH,3.5
1985,9,NH,3.3
1985,10,NH,3.2
1985,11,NH,3.1
1985,12,NH,3.0
1986,1,NH,3.0
1986,2,NH,3.0
1986,3,NH,3.0
1986,4,NH,3.0
1986,5,NH,2.9
1986,6,NH,2.8
1986,7,NH,2.6
1986,8,NH,2.4
1986,9,NH,2.3
1986,10,NH,2.2
1986,11,NH,2.2
1986,12,NH,2.2
1987,1,NH,2.2
1987,2,NH,2.2
1987,3,NH,2.2
1987,4,NH,2.1
1987,5,NH,2.1
1987,6,NH,2.1
1987,7,NH,2.2
1987,8,NH,2.2
1987,9,NH,2.3
1987,10,NH,2.3
1987,11,NH,2.3
1987,12,NH,2.3
1988,1,NH,2.3
1988,2,NH,2.2
1988,3,NH,2.2
1988,4,NH,2.2
1988,5,NH,2.3
1988,6,NH,2.4
1988,7,NH,2.4
1988,8,NH,2.5
1988,9,NH,2.5
1988,10,NH,2.5
1988,11,NH,2.5
1988,12,NH,2.5
1989,1,NH,2.5
1989,2,NH,2.6
1989,3,NH,2.7
1989,4,NH,2.9
1989,5,NH,3.1
1989,6,NH,3.3
1989,7,NH,3.5
1989,8,NH,3.7
1989,9,NH,3.8
1989,10,NH,4.0
1989,11,NH,4.1
1989,12,NH,4.3
1990,1,NH,4.4
1990,2,NH,4.6
1990,3,NH,4.7
1990,4,NH,4.9
1990,5,NH,5.0
1990,6,NH,5.2
1990,7,NH,5.3
1990,8,NH,5.4
1990,9,NH,5.6
1990,10,NH,5.8
1990,11,NH,5.9
1990,12,NH,6.1
1991,1,NH,6.3
1991,2,NH,6.4
1991,3,NH,6.5
1991,4,NH,6.7
1991,5,NH,6.7
1991,6,NH,6.8
1991,7,NH,6.8
1991,8,NH,6.9
1991,9,NH,6.9
1991,10,NH,7.0
1991,11,NH,7.0
1991,12,NH,7.1
1992,1,NH,7.1
1992,2,NH,7.1
1992,3,NH,7.2
1992,4,NH,7.2
1992,5,NH,7.3
1992,6,NH,7.3
1992,7,NH,7.4
1992,8,NH,7.4
1992,9,NH,7.4
1992,10,NH,7.4
1992,11,NH,7.4
1992,12,NH,7.3
1993,1,NH,7.2
1993,2,NH,7.1
1993,3,NH,6.9
1993,4,NH,6.6
1993,5,NH,6.3
1993,6,NH,6.1
1993,7,NH,5.9
1993,8,NH,5.8
1993,9,NH,5.6
1993,10,NH,5.5
1993,11,NH,5.3
1993,12,NH,5.2
1994,1,NH,5.1
1994,2,NH,4.9
1994,3,NH,4.8
1994,4,NH,4.7
1994,5,NH,4.6
1994,6,NH,4.5
1994,7,NH,4.4
1994,8,NH,4.3
1994,9,NH,4.3
1994,10,NH,4.2
1994,11,NH,4.1
1994,12,NH,4.1
1995,1,NH,4.0
1995,2,NH,4.0
1995,3,NH,3.9
1995,4,NH,3.9
1995,5,NH,3.9
1995,6,NH,3.9
1995,7,NH,3.8
1995,8,NH,3.8
1995,9,NH,3.7
1995,10,NH,3.7
1995,11,NH,3.6
1995,12,NH,3.6
1996,1,NH,3.6
1996,2,NH,3.7
1996,3,NH,3.7
1996,4,NH,3.8
1996,5,NH,3.8
1996,6,NH,3.8
1996,7,NH,3.8
1996,8,NH,3.8
1996,9,NH,3.8
1996,10,NH,3.7
1996,11,NH,3.7
1996,12,NH,3.7
1997,1,NH,3.6
1997,2,NH,3.6
1997,3,NH,3.5
1997,4,NH,3.5
1997,5,NH,3.5
1997,6,NH,3.4
1997,7,NH,3.4
1997,8,NH,3.3
1997,9,NH,3.2
1997,10,NH,3.2
1997,11,NH,3.1
1997,12,NH,3.0
1998,1,NH,3.0
1998,2,NH,2.9
1998,3,NH,2.9
1998,4,NH,2.8
1998,5,NH,2.8
1998,6,NH,2.7
1998,7,NH,2.7
1998,8,NH,2.8
1998,9,NH,2.8
1998,10,NH,2.8
1998,11,NH,2.9
1998,12,NH,2.9
1999,1,NH,2.8
1999,2,NH,2.8
1999,3,NH,2.8
1999,4,NH,2.7
1999,5,NH,2.7
1999,6,NH,2.6
1999,7,NH,2.6
1999,8,NH,2.7
1999,9,NH,2.7
1999,10,NH,2.7
1999,11,NH,2.8
1999,12,NH,2.8
2000,1,NH,2.8
2000,2,NH,2.8
2000,3,NH,2.8
2000,4,NH,2.8
2000,5,NH,2.7
2000,6,NH,2.7
2000,7,NH,2.7
2000,8,NH,2.6
2000,9,NH,2.5
2000,10,NH,2.5
2000,11,NH,2.5
2000,12,NH,2.6
2001,1,NH,2.8
2001,2,NH,2.9
2001,3,NH,3.0
2001,4,NH,3.2
2001,5,NH,3.2
2001,6,NH,3.3
2001,7,NH,3.5
2001,8,NH,3.6
2001,9,NH,3.7
2001,10,NH,3.8
2001,11,NH,3.9
2001,12,NH,4.0
2002,1,NH,4.1
2002,2,NH,4.2
2002,3,NH,4.3
2002,4,NH,4.4
2002,5,NH,4.5
2002,6,NH,4.5
2002,7,NH,4.6
2002,8,NH,4.6
2002,9,NH,4.6
2002,10,NH,4.6
2002,11,NH,4.6
2002,12,NH,4.6
2003,1,NH,4.5
2003,2,NH,4.4
2003,3,NH,4.4
2003,4,NH,4.4
2003,5,NH,4.4
2003,6,NH,4.5
2003,7,NH,4.5
2003,8,NH,4.5
2003,9,NH,4.5
2003,10,NH,4.4
2003,11,NH,4.4
2003,12,NH,4.3
2004,1,NH,4.2
2004,2,NH,4.1
2004,3,NH,4.1
2004,4,NH,4.0
2004,5,NH,3.9
2004,6,NH,3.9
2004,7,NH,3.8
2004,8,NH,3.7
2004,9,NH,3.6
2004,10,NH,3.5
2004,11,NH,3.5
2004,12,NH,3.6
2005,1,NH,3.6
2005,2,NH,3.6
2005,3,NH,3.7
2005,4,NH,3.6
2005,5,NH,3.6
2005,6,NH,3.6
2005,7,NH,3.6
2005,8,NH,3.7
2005,9,NH,3.7
2005,10,NH,3.7
2005,11,NH,3.6
2005,12,NH,3.6
2006,1,NH,3.5
2006,2,NH,3.4
2006,3,NH,3.4
2006,4,NH,3.4
2006,5,NH,3.4
2006,6,NH,3.5
2006,7,NH,3.5
2006,8,NH,3.5
2006,9,NH,3.6
2006,10,NH,3.6
2006,11,NH,3.7
2006,12,NH,3.7
2007,1,NH,3.7
2007,2,NH,3.7
2007,3,NH,3.7
2007,4,NH,3.7
2007,5,NH,3.6
2007,6,NH,3.5
2007,7,NH,3.5
2007,8,NH,3.4
2007,9,NH,3.4
2007,10,NH,3.4
2007,11,NH,3.4
2007,12,NH,3.4
2008,1,NH,3.4
2008,2,NH,3.4
2008,3,NH,3.4
2008,4,NH,3.5
2008,5,NH,3.5
2008,6,NH,3.6
2008,7,NH,3.7
2008,8,NH,3.8
2008,9,NH,3.9
2008,10,NH,4.1
2008,11,NH,4.3
2008,12,NH,4.6
2009,1,NH,4.9
2009,2,NH,5.2
2009,3,NH,5.5
2009,4,NH,5.8
2009,5,NH,6.0
2009,6,NH,6.2
2009,7,NH,6.3
2009,8,NH,6.4
2009,9,NH,6.5
2009,10,NH,6.6
2009,11,NH,6.6
2009,12,NH,6.6
2010,1,NH,6.6
2010,2,NH,6.5
2010,3,NH,6.4
2010,4,NH,6.3
2010,5,NH,6.1
2010,6,NH,6.0
2010,7,NH,5.9
2010,8,NH,5.8
2010,9,NH,5.8
2010,10,NH,5.8
2010,11,NH,5.8
2010,12,NH,5.7
2011,1,NH,5.6
2011,2,NH,5.5
2011,3,NH,5.5
2011,4,NH,5.5
2011,5,NH,5.5
2011,6,NH,5.6
2011,7,NH,5.6
2011,8,NH,5.6
2011,9,NH,5.5
2011,10,NH,5.4
2011,11,NH,5.3
2011,12,NH,5.3
2012,1,NH,5.2
2012,2,NH,5.2
2012,3,NH,5.3
2012,4,NH,5.4
2012,5,NH,5.5
2012,6,NH,5.5
2012,7,NH,5.6
2012,8,NH,5.6
2012,9,NH,5.6
2012,10,NH,5.6
2012,11,NH,5.6
2012,12,NH,5.6
2013,1,NH,5.6
2013,2,NH,5.5
2013,3,NH,5.5
2013,4,NH,5.4
2013,5,NH,5.3
2013,6,NH,5.2
2013,7,NH,5.2
2013,8,NH,5.2
2013,9,NH,5.1
2013,10,NH,5.1
2013,11,NH,5.0
2013,12,NH,4.9
2014,1,NH,4.8
2014,2,NH,4.6
2014,3,NH,4.6
2014,4,NH,4.5
2014,5,NH,4.4
2014,6,NH,4.3
2014,7,NH,4.3
2014,8,NH,4.2
2014,9,NH,4.1
2014,10,NH,4.1
2014,11,NH,4.0
2014,12,NH,3.9
2015,1,NH,3.8
2015,2,NH,3.8
2015,3,NH,3.7
2015,4,NH,3.6
2015,5,NH,3.5
2015,6,NH,3.4
2015,7,NH,3.3
2015,8,NH,3.3
2015,9,NH,3.2
2015,10,NH,3.1
2015,11,NH,3.0
2015,12,NH,3.0
2016,1,NH,2.9
2016,2,NH,2.9
2016,3,NH,2.8
2016,4,NH,2.9
2016,5,NH,2.9
2016,6,NH,2.9
2016,7,NH,2.9
2016,8,NH,2.9
2016,9,NH,2.9
2016,10,NH,2.9
2016,11,NH,2.9
2016,12,NH,2.9
2017,1,NH,2.9
2017,2,NH,2.9
2017,3,NH,2.9
2017,4,NH,2.8
2017,5,NH,2.8
2017,6,NH,2.7
2017,7,NH,2.7
2017,8,NH,2.8
2017,9,NH,2.8
2017,10,NH,2.8
2017,11,NH,2.8
2017,12,NH,2.8
2018,1,NH,2.8
2018,2,NH,2.7
2018,3,NH,2.7
2018,4,NH,2.7
2018,5,NH,2.7
2018,6,NH,2.6
2018,7,NH,2.6
2018,8,NH,2.6
2018,9,NH,2.5
2018,10,NH,2.5
2018,11,NH,2.6
2018,12,NH,2.6
2019,1,NH,2.6
2019,2,NH,2.6
2019,3,NH,2.6
2019,4,NH,2.6
2019,5,NH,2.5
2019,6,NH,2.5
2019,7,NH,2.5
2019,8,NH,2.5
2019,9,NH,2.6
2019,10,NH,2.6
2019,11,NH,2.5
2019,12,NH,2.5
2020,1,NH,2.5
2020,2,NH,2.6
2020,3,NH,2.6
2020,4,NH,16.0
2020,5,NH,11.8
2020,6,NH,9.6
2020,7,NH,8.3
2020,8,NH,6.7
2020,9,NH,6.1
2020,10,NH,5.3
2020,11,NH,4.9
2020,12,NH,4.6
2021,1,NH,4.3
2021,2,NH,4.2
2021,3,NH,4.0
2021,4,NH,3.9
2021,5,NH,3.8
2021,6,NH,3.7
2021,7,NH,3.5
2021,8,NH,3.3
2021,9,NH,3.1
2021,10,NH,2.8
2021,11,NH,2.6
2021,12,NH,2.5
2022,1,NH,2.4
2022,2,NH,2.3
2022,3,NH,2.3
2022,4,NH,2.3
2022,5,NH,2.3
2022,6,NH,2.4
2022,7,NH,2.4
2022,8,NH,2.5
2022,9,NH,2.5
2022,10,NH,2.6
2022,11,NH,2.5
2022,12,NH,2.5
2023,1,NH,2.4
2023,2,NH,2.3
2023,3,NH,2.2
2023,4,NH,2.2
2023,5,NH,2.2
2023,6,NH,2.2
2023,7,NH,2.2
2023,8,NH,2.2
2023,9,NH,2.3
2023,10,NH,2.3
2023,11,NH,2.3
2023,12,NH,2.3
2024,1,NH,2.3
2024,2,NH,2.3
2024,3,NH,2.4
2024,4,NH,2.4
2024,5,NH,2.5
2024,6,NH,2.5
2024,7,NH,2.6
2024,8,NH,2.6
2024,9,NH,2.7
2024,10,NH,2.8
2024,11,NH,2.8
2024,12,NH,2.8
2025,1,NH,2.9
2025,2,NH,3.0
2025,3,NH,3.1
2025,4,NH,3.1
2025,5,NH,3.1
2025,6,NH,3.1
2025,7,NH,3.1
2025,8,NH,3.0
2025,9,NH,3.0
2025,10,NH,
2025,11,NH,3.0
2025,12,NH,3.1
1976,1,NJ,10.2
1976,2,NJ,10.2
1976,3,NJ,10.2
1976,4,NJ,10.3
1976,5,NJ,10.3
1976,6,NJ,10.3
1976,7,NJ,10.4
1976,8,NJ,10.4
1976,9,NJ,10.5
1976,10,NJ,10.6
1976,11,NJ,10.6
1976,12,NJ,10.6
1977,1,NJ,10.6
1977,2,NJ,10.5
1977,3,NJ,10.3
1977,4,NJ,10.0
1977,5,NJ,9.7
1977,6,NJ,9.4
1977,7,NJ,9.2
1977,8,NJ,9.0
1977,9,NJ,8.8
1977,10,NJ,8.5
1977,11,NJ,8.3
1977,12,NJ,8.0
1978,1,NJ,7.7
1978,2,NJ,7.6
1978,3,NJ,7.4
1978,4,NJ,7.4
1978,5,NJ,7.3
1978,6,NJ,7.3
1978,7,NJ,7.2
1978,8,NJ,7.1
1978,9,NJ,7.1
1978,10,NJ,7.0
1978,11,NJ,7.0
1978,12,NJ,7.0
1979,1,NJ,7.0
1979,2,NJ,6.9
1979,3,NJ,6.9
1979,4,NJ,6.8
1979,5,NJ,6.8
1979,6,NJ,6.8
1979,7,NJ,6.9
1979,8,NJ,6.9
1979,9,NJ,6.9
1979,10,NJ,6.9
1979,11,NJ,6.7
1979,12,NJ,6.6
1980,1,NJ,6.5
1980,2,NJ,6.5
1980,3,NJ,6.7
1980,4,NJ,6.8
1980,5,NJ,7.1
1980,6,NJ,7.2
1980,7,NJ,7.4
1980,8,NJ,7.4
1980,9,NJ,7.4
1980,10,NJ,7.4
1980,11,NJ,7.4
1980,12,NJ,7.5
1981,1,NJ,7.5
1981,2,NJ,7.5
1981,3,NJ,7.5
1981,4,NJ,7.5
1981,5,NJ,7.4
1981,6,NJ,7.3
1981,7,NJ,7.3
1981,8,NJ,7.3
1981,9,NJ,7.4
1981,10,NJ,7.5
1981,11,NJ,7.8
1981,12,NJ,8.0
1982,1,NJ,8.3
1982,2,NJ,8.5
1982,3,NJ,8.6
1982,4,NJ,8.6
1982,5,NJ,8.6
1982,6,NJ,8.7
1982,7,NJ,8.7
1982,8,NJ,8.8
1982,9,NJ,8.9
1982,10,NJ,9.0
1982,11,NJ,9.2
1982,12,NJ,9.2
1983,1,NJ,9.1
1983,2,NJ,9.0
1983,3,NJ,8.9
1983,4,NJ,8.8
1983,5,NJ,8.7
1983,6,NJ,8.5
1983,7,NJ,8.3
1983,8,NJ,8.1
1983,9,NJ,7.9
1983,10,NJ,7.6
1983,11,NJ,7.3
1983,12,NJ,7.1
1984,1,NJ,6.9
1984,2,NJ,6.7
1984,3,NJ,6.6
1984,4,NJ,6.5
1984,5,NJ,6.4
1984,6,NJ,6.3
1984,7,NJ,6.2
1984,8,NJ,6.2
1984,9,NJ,6.1
1984,10,NJ,6.0
1984,11,NJ,5.9
1984,12,NJ,5.9
1985,1,NJ,5.8
1985,2,NJ,5.8
1985,3,NJ,5.8
1985,4,NJ,5.7
1985,5,NJ,5.7
1985,6,NJ,5.6
1985,7,NJ,5.5
1985,8,NJ,5.5
1985,9,NJ,5.5
1985,10,NJ,5.5
1985,11,NJ,5.5
1985,12,NJ,5.5
1986,1,NJ,5.5
1986,2,NJ,5.5
1986,3,NJ,5.4
1986,4,NJ,5.4
1986,5,NJ,5.3
1986,6,NJ,5.2
1986,7,NJ,5.1
1986,8,NJ,4.9
1986,9,NJ,4.8
1986,10,NJ,4.6
1986,11,NJ,4.4
1986,12,NJ,4.3
1987,1,NJ,4.2
1987,2,NJ,4.2
1987,3,NJ,4.1
1987,4,NJ,4.1
1987,5,NJ,4.1
1987,6,NJ,4.1
1987,7,NJ,4.1
1987,8,NJ,4.0
1987,9,NJ,4.0
1987,10,NJ,3.9
1987,11,NJ,3.9
1987,12,NJ,3.8
1988,1,NJ,3.8
1988,2,NJ,3.8
1988,3,NJ,3.7
1988,4,NJ,3.7
1988,5,NJ,3.7
1988,6,NJ,3.7
1988,7,NJ,3.7
1988,8,NJ,3.7
1988,9,NJ,3.8
1988,10,NJ,3.8
1988,11,NJ,3.8
1988,12,NJ,3.8
1989,1,NJ,3.8
1989,2,NJ,3.7
1989,3,NJ,3.7
1989,4,NJ,3.7
1989,5,NJ,3.8
1989,6,NJ,3.9
1989,7,NJ,4.1
1989,8,NJ,4.2
1989,9,NJ,4.3
1989,10,NJ,4.4
1989,11,NJ,4.4
1989,12,NJ,4.5
1990,1,NJ,4.5
1990,2,NJ,4.6
1990,3,NJ,4.6
1990,4,NJ,4.7
1990,5,NJ,4.7
1990,6,NJ,4.8
1990,7,NJ,4.9
1990,8,NJ,5.1
1990,9,NJ,5.3
1990,10,NJ,5.6
1990,11,NJ,5.8
1990,12,NJ,6.0
1991,1,NJ,6.2
1991,2,NJ,6.4
1991,3,NJ,6.5
1991,4,NJ,6.6
1991,5,NJ,6.6
1991,6,NJ,6.6
1991,7,NJ,6.7
1991,8,NJ,6.7
1991,9,NJ,6.9
1991,10,NJ,7.1
1991,11,NJ,7.3
1991,12,NJ,7.5
1992,1,NJ,7.7
1992,2,NJ,7.9
1992,3,NJ,8.1
1992,4,NJ,8.4
1992,5,NJ,8.6
1992,6,NJ,8.8
1992,7,NJ,9.0
1992,8,NJ,9.0
1992,9,NJ,9.0
1992,10,NJ,8.9
1992,11,NJ,8.7
1992,12,NJ,8.7
1993,1,NJ,8.6
1993,2,NJ,8.4
1993,3,NJ,8.3
1993,4,NJ,8.1
1993,5,NJ,7.9
1993,6,NJ,7.8
1993,7,NJ,7.6
1993,8,NJ,7.5
1993,9,NJ,7.4
1993,10,NJ,7.3
1993,11,NJ,7.2
1993,12,NJ,7.2
1994,1,NJ,7.2
1994,2,NJ,7.2
1994,3,NJ,7.1
1994,4,NJ,7.1
1994,5,NJ,7.0
1994,6,NJ,6.9
1994,7,NJ,6.8
1994,8,NJ,6.8
1994,9,NJ,6.7
1994,10,NJ,6.6
1994,11,NJ,6.5
1994,12,NJ,6.4
1995,1,NJ,6.3
1995,2,NJ,6.3
1995,3,NJ,6.3
1995,4,NJ,6.4
1995,5,NJ,6.5
1995,6,NJ,6.5
1995,7,NJ,6.5
1995,8,NJ,6.5
1995,9,NJ,6.4
1995,10,NJ,6.4
1995,11,NJ,6.4
1995,12,NJ,6.4
1996,1,NJ,6.4
1996,2,NJ,6.4
1996,3,NJ,6.4
1996,4,NJ,6.3
1996,5,NJ,6.2
1996,6,NJ,6.1
1996,7,NJ,6.0
1996,8,NJ,5.9
1996,9,NJ,5.9
1996,10,NJ,5.9
1996,11,NJ,5.9
1996,12,NJ,5.9
1997,1,NJ,5.8
1997,2,NJ,5.7
1997,3,NJ,5.6
1997,4,NJ,5.4
1997,5,NJ,5.4
1997,6,NJ,5.3
1997,7,NJ,5.3
1997,8,NJ,5.2
1997,9,NJ,5.1
1997,10,NJ,5.1
1997,11,NJ,5.0
1997,12,NJ,5.0
1998,1,NJ,5.0
1998,2,NJ,4.9
1998,3,NJ,4.9
1998,4,NJ,4.8
1998,5,NJ,4.6
1998,6,NJ,4.5
1998,7,NJ,4.4
1998,8,NJ,4.4
1998,9,NJ,4.4
1998,10,NJ,4.3
1998,11,NJ,4.3
1998,12,NJ,4.3
1999,1,NJ,4.3
1999,2,NJ,4.4
1999,3,NJ,4.5
1999,4,NJ,4.6
1999,5,NJ,4.7
1999,6,NJ,4.7
1999,7,NJ,4.7
1999,8,NJ,4.6
1999,9,NJ,4.4
1999,10,NJ,4.3
1999,11,NJ,4.1
1999,12,NJ,4.0
2000,1,NJ,3.8
2000,2,NJ,3.7
2000,3,NJ,3.6
2000,4,NJ,3.6
2000,5,NJ,3.5
2000,6,NJ,3.5
2000,7,NJ,3.6
2000,8,NJ,3.6
2000,9,NJ,3.7
2000,10,NJ,3.7
2000,11,NJ,3.8
2000,12,NJ,3.7
2001,1,NJ,3.7
2001,2,NJ,3.7
2001,3,NJ,3.7
2001,4,NJ,3.8
2001,5,NJ,3.9
2001,6,NJ,4.0
2001,7,NJ,4.1
2001,8,NJ,4.3
2001,9,NJ,4.5
2001,10,NJ,4.8
2001,11,NJ,5.0
2001,12,NJ,5.2
2002,1,NJ,5.4
2002,2,NJ,5.6
2002,3,NJ,5.7
2002,4,NJ,5.8
2002,5,NJ,5.8
2002,6,NJ,5.8
2002,7,NJ,5.8
2002,8,NJ,5.8
2002,9,NJ,5.8
2002,10,NJ,5.9
2002,11,NJ,5.9
2002,12,NJ,6.0
2003,1,NJ,6.0
2003,2,NJ,5.9
2003,3,NJ,5.9
2003,4,NJ,5.9
2003,5,NJ,6.0
2003,6,NJ,6.0
2003,7,NJ,6.0
2003,8,NJ,5.9
2003,9,NJ,5.8
2003,10,NJ,5.7
2003,11,NJ,5.6
2003,12,NJ,5.5
2004,1,NJ,5.4
2004,2,NJ,5.3
2004,3,NJ,5.2
2004,4,NJ,5.1
2004,5,NJ,5.1
2004,6,NJ,5.0
2004,7,NJ,4.9
2004,8,NJ,4.8
2004,9,NJ,4.7
2004,10,NJ,4.6
2004,11,NJ,4.5
2004,12,NJ,4.4
2005,1,NJ,4.4
2005,2,NJ,4.4
2005,3,NJ,4.3
2005,4,NJ,4.3
2005,5,NJ,4.3
2005,6,NJ,4.3
2005,7,NJ,4.3
2005,8,NJ,4.4
2005,9,NJ,4.5
2005,10,NJ,4.6
2005,11,NJ,4.7
2005,12,NJ,4.8
2006,1,NJ,4.8
2006,2,NJ,4.9
2006,3,NJ,4.9
2006,4,NJ,4.9
2006,5,NJ,4.9
2006,6,NJ,4.9
2006,7,NJ,4.8
2006,8,NJ,4.7
2006,9,NJ,4.6
2006,10,NJ,4.4
2006,11,NJ,4.3
2006,12,NJ,4.2
2007,1,NJ,4.1
2007,2,NJ,4.1
2007,3,NJ,4.1
2007,4,NJ,4.1
2007,5,NJ,4.1
2007,6,NJ,4.1
2007,7,NJ,4.2
2007,8,NJ,4.2
2007,9,NJ,4.3
2007,10,NJ,4.3
2007,11,NJ,4.4
2007,12,NJ,4.5
2008,1,NJ,4.6
2008,2,NJ,4.6
2008,3,NJ,4.7
2008,4,NJ,4.9
2008,5,NJ,5.0
2008,6,NJ,5.2
2008,7,NJ,5.4
2008,8,NJ,5.6
2008,9,NJ,5.8
2008,10,NJ,6.1
2008,11,NJ,6.4
2008,12,NJ,6.8
2009,1,NJ,7.2
2009,2,NJ,7.6
2009,3,NJ,7.9
2009,4,NJ,8.2
2009,5,NJ,8.5
2009,6,NJ,8.8
2009,7,NJ,9.1
2009,8,NJ,9.4
2009,9,NJ,9.6
2009,10,NJ,9.8
2009,11,NJ,9.9
2009,12,NJ,10.0
2010,1,NJ,10.0
2010,2,NJ,10.0
2010,3,NJ,9.9
2010,4,NJ,9.8
2010,5,NJ,9.7
2010,6,NJ,9.6
2010,7,NJ,9.5
2010,8,NJ,9.5
2010,9,NJ,9.5
2010,10,NJ,9.5
2010,11,NJ,9.5
2010,12,NJ,9.5
2011,1,NJ,9.5
2011,2,NJ,9.5
2011,3,NJ,9.5
2011,4,NJ,9.4
2011,5,NJ,9.4
2011,6,NJ,9.4
2011,7,NJ,9.4
2011,8,NJ,9.4
2011,9,NJ,9.4
2011,10,NJ,9.3
2011,11,NJ,9.3
2011,12,NJ,9.3
2012,1,NJ,9.3
2012,2,NJ,9.3
2012,3,NJ,9.4
2012,4,NJ,9.5
2012,5,NJ,9.6
2012,6,NJ,9.6
2012,7,NJ,9.6
2012,8,NJ,9.5
2012,9,NJ,9.5
2012,10,NJ,9.4
2012,11,NJ,9.4
2012,12,NJ,9.3
2013,1,NJ,9.2
2013,2,NJ,9.1
2013,3,NJ,9.0
2013,4,NJ,8.9
2013,5,NJ,8.7
2013,6,NJ,8.6
2013,7,NJ,8.4
2013,8,NJ,8.3
2013,9,NJ,8.0
2013,10,NJ,7.8
2013,11,NJ,7.6
2013,12,NJ,7.4
2014,1,NJ,7.2
2014,2,NJ,7.0
2014,3,NJ,6.9
2014,4,NJ,6.8
2014,5,NJ,6.7
2014,6,NJ,6.6
2014,7,NJ,6.6
2014,8,NJ,6.5
2014,9,NJ,6.5
2014,10,NJ,6.5
2014,11,NJ,6.5
2014,12,NJ,6.4
2015,1,NJ,6.3
2015,2,NJ,6.3
2015,3,NJ,6.2
2015,4,NJ,6.1
2015,5,NJ,6.0
2015,6,NJ,5.8
2015,7,NJ,5.7
2015,8,NJ,5.5
2015,9,NJ,5.3
2015,10,NJ,5.1
2015,11,NJ,5.0
2015,12,NJ,5.0
2016,1,NJ,4.9
2016,2,NJ,5.0
2016,3,NJ,5.0
2016,4,NJ,5.0
2016,5,NJ,5.0
2016,6,NJ,5.0
2016,7,NJ,5.0
2016,8,NJ,5.0
2016,9,NJ,4.9
2016,10,NJ,4.9
2016,11,NJ,4.8
2016,12,NJ,4.7
2017,1,NJ,4.6
2017,2,NJ,4.5
2017,3,NJ,4.4
2017,4,NJ,4.4
2017,5,NJ,4.4
2017,6,NJ,4.5
2017,7,NJ,4.5
2017,8,NJ,4.6
2017,9,NJ,4.6
2017,10,NJ,4.6
2017,11,NJ,4.6
2017,12,NJ,4.5
2018,1,NJ,4.4
2018,2,NJ,4.4
2018,3,NJ,4.3
2018,4,NJ,4.2
2018,5,NJ,4.1
2018,6,NJ,4.1
2018,7,NJ,4.0
2018,8,NJ,3.9
2018,9,NJ,3.8
2018,10,NJ,3.7
2018,11,NJ,3.7
2018,12,NJ,3.6
2019,1,NJ,3.5
2019,2,NJ,3.4
2019,3,NJ,3.3
2019,4,NJ,3.2
2019,5,NJ,3.2
2019,6,NJ,3.2
2019,7,NJ,3.3
2019,8,NJ,3.4
2019,9,NJ,3.6
2019,10,NJ,3.7
2019,11,NJ,3.8
2019,12,NJ,3.9
2020,1,NJ,4.0
2020,2,NJ,4.1
2020,3,NJ,4.1
2020,4,NJ,15.0
2020,5,NJ,15.4
2020,6,NJ,14.5
2020,7,NJ,14.4
2020,8,NJ,13.3
2020,9,NJ,7.4
2020,10,NJ,7.1
2020,11,NJ,7.2
2020,12,NJ,7.3
2021,1,NJ,7.3
2021,2,NJ,7.3
2021,3,NJ,7.2
2021,4,NJ,7.2
2021,5,NJ,7.0
2021,6,NJ,7.2
2021,7,NJ,6.9
2021,8,NJ,6.8
2021,9,NJ,6.3
2021,10,NJ,6.0
2021,11,NJ,5.6
2021,12,NJ,5.5
2022,1,NJ,5.2
2022,2,NJ,4.7
2022,3,NJ,4.3
2022,4,NJ,4.1
2022,5,NJ,3.8
2022,6,NJ,3.6
2022,7,NJ,3.3
2022,8,NJ,3.0
2022,9,NJ,3.3
2022,10,NJ,3.5
2022,11,NJ,3.6
2022,12,NJ,3.8
2023,1,NJ,3.9
2023,2,NJ,4.0
2023,3,NJ,4.0
2023,4,NJ,4.1
2023,5,NJ,4.2
2023,6,NJ,4.3
2023,7,NJ,4.4
2023,8,NJ,4.4
2023,9,NJ,4.5
2023,10,NJ,4.5
2023,11,NJ,4.5
2023,12,NJ,4.5
2024,1,NJ,4.4
2024,2,NJ,4.4
2024,3,NJ,4.4
2024,4,NJ,4.5
2024,5,NJ,4.5
2024,6,NJ,4.6
2024,7,NJ,4.6
2024,8,NJ,4.6
2024,9,NJ,4.6
2024,10,NJ,4.6
2024,11,NJ,4.6
2024,12,NJ,4.6
2025,1,NJ,4.6
2025,2,NJ,4.6
2025,3,NJ,4.7
2025,4,NJ,4.8
2025,5,NJ,4.8
2025,6,NJ,4.9
2025,7,NJ,4.9
2025,8,NJ,5.0
2025,9,NJ,5.2
2025,10,NJ,
2025,11,NJ,5.4
2025,12,NJ,5.4
1976,1,NM,8.6
1976,2,NM,8.6
1976,3,NM,8.6
1976,4,NM,8.6
1976,5,NM,8.6
1976,6,NM,8.6
1976,7,NM,8.7
1976,8,NM,8.8
1976,9,NM,8.8
1976,10,NM,8.9
1976,11,NM,9.0
1976,12,NM,9.0
1977,1,NM,9.0
1977,2,NM,8.8
1977,3,NM,8.6
1977,4,NM,8.3
1977,5,NM,8.0
1977,6,NM,7.8
1977,7,NM,7.5
1977,8,NM,7.3
1977,9,NM,7.1
1977,10,NM,6.9
1977,11,NM,6.6
1977,12,NM,6.4
1978,1,NM,6.2
1978,2,NM,6.1
1978,3,NM,6.1
1978,4,NM,6.0
1978,5,NM,6.1
1978,6,NM,6.1
1978,7,NM,6.1
1978,8,NM,6.2
1978,9,NM,6.2
1978,10,NM,6.2
1978,11,NM,6.3
1978,12,NM,6.4
1979,1,NM,6.4
1979,2,NM,6.5
1979,3,NM,6.5
1979,4,NM,6.5
1979,5,NM,6.5
1979,6,NM,6.6
1979,7,NM,6.7
1979,8,NM,6.7
1979,9,NM,6.8
1979,10,NM,6.8
1979,11,NM,6.8
1979,12,NM,6.7
1980,1,NM,6.8
1980,2,NM,6.9
1980,3,NM,7.1
1980,4,NM,7.3
1980,5,NM,7.5
1980,6,NM,7.7
1980,7,NM,7.8
1980,8,NM,7.9
1980,9,NM,7.9
1980,10,NM,7.9
1980,11,NM,8.0
1980,12,NM,7.9
1981,1,NM,7.8
1981,2,NM,7.7
1981,3,NM,7.5
1981,4,NM,7.3
1981,5,NM,7.1
1981,6,NM,6.9
1981,7,NM,6.9
1981,8,NM,6.9
1981,9,NM,6.9
1981,10,NM,7.1
1981,11,NM,7.2
1981,12,NM,7.4
1982,1,NM,7.7
1982,2,NM,8.0
1982,3,NM,8.3
1982,4,NM,8.5
1982,5,NM,8.8
1982,6,NM,9.0
1982,7,NM,9.2
1982,8,NM,9.4
1982,9,NM,9.6
1982,10,NM,9.8
1982,11,NM,10.0
1982,12,NM,10.2
1983,1,NM,10.4
1983,2,NM,10.5
1983,3,NM,10.5
1983,4,NM,10.4
1983,5,NM,10.3
1983,6,NM,10.1
1983,7,NM,9.8
1983,8,NM,9.6
1983,9,NM,9.3
1983,10,NM,9.0
1983,11,NM,8.7
1983,12,NM,8.4
1984,1,NM,8.1
1984,2,NM,7.8
1984,3,NM,7.6
1984,4,NM,7.5
1984,5,NM,7.4
1984,6,NM,7.5
1984,7,NM,7.5
1984,8,NM,7.6
1984,9,NM,7.7
1984,10,NM,7.8
1984,11,NM,7.9
1984,12,NM,8.0
1985,1,NM,8.2
1985,2,NM,8.3
1985,3,NM,8.5
1985,4,NM,8.6
1985,5,NM,8.7
1985,6,NM,8.8
1985,7,NM,8.8
1985,8,NM,8.8
1985,9,NM,8.7
1985,10,NM,8.7
1985,11,NM,8.7
1985,12,NM,8.8
1986,1,NM,8.8
1986,2,NM,8.9
1986,3,NM,9.0
1986,4,NM,9.1
1986,5,NM,9.2
1986,6,NM,9.2
1986,7,NM,9.3
1986,8,NM,9.3
1986,9,NM,9.4
1986,10,NM,9.4
1986,11,NM,9.5
1986,12,NM,9.5
1987,1,NM,9.5
1987,2,NM,9.4
1987,3,NM,9.3
1987,4,NM,9.2
1987,5,NM,9.0
1987,6,NM,8.9
1987,7,NM,8.9
1987,8,NM,8.8
1987,9,NM,8.8
1987,10,NM,8.7
1987,11,NM,8.6
1987,12,NM,8.5
1988,1,NM,8.4
1988,2,NM,8.3
1988,3,NM,8.2
1988,4,NM,8.0
1988,5,NM,7.9
1988,6,NM,7.8
1988,7,NM,7.6
1988,8,NM,7.4
1988,9,NM,7.2
1988,10,NM,7.0
1988,11,NM,6.9
1988,12,NM,6.7
1989,1,NM,6.6
1989,2,NM,6.5
1989,3,NM,6.5
1989,4,NM,6.5
1989,5,NM,6.6
1989,6,NM,6.7
1989,7,NM,6.8
1989,8,NM,6.9
1989,9,NM,7.0
1989,10,NM,7.0
1989,11,NM,6.9
1989,12,NM,6.8
1990,1,NM,6.7
1990,2,NM,6.6
1990,3,NM,6.5
1990,4,NM,6.4
1990,5,NM,6.4
1990,6,NM,6.4
1990,7,NM,6.5
1990,8,NM,6.6
1990,9,NM,6.7
1990,10,NM,6.9
1990,11,NM,7.1
1990,12,NM,7.2
1991,1,NM,7.4
1991,2,NM,7.5
1991,3,NM,7.5
1991,4,NM,7.5
1991,5,NM,7.4
1991,6,NM,7.3
1991,7,NM,7.2
1991,8,NM,7.1
1991,9,NM,7.0
1991,10,NM,7.0
1991,11,NM,7.1
1991,12,NM,7.2
1992,1,NM,7.3
1992,2,NM,7.4
1992,3,NM,7.4
1992,4,NM,7.4
1992,5,NM,7.4
1992,6,NM,7.4
1992,7,NM,7.3
1992,8,NM,7.3
1992,9,NM,7.3
1992,10,NM,7.2
1992,11,NM,7.2
1992,12,NM,7.3
1993,1,NM,7.3
1993,2,NM,7.4
1993,3,NM,7.5
1993,4,NM,7.5
1993,5,NM,7.5
1993,6,NM,7.5
1993,7,NM,7.5
1993,8,NM,7.4
1993,9,NM,7.3
1993,10,NM,7.1
1993,11,NM,7.0
1993,12,NM,6.9
1994,1,NM,6.7
1994,2,NM,6.6
1994,3,NM,6.5
1994,4,NM,6.4
1994,5,NM,6.4
1994,6,NM,6.5
1994,7,NM,6.5
1994,8,NM,6.5
1994,9,NM,6.6
1994,10,NM,6.5
1994,11,NM,6.5
1994,12,NM,6.4
1995,1,NM,6.3
1995,2,NM,6.3
1995,3,NM,6.3
1995,4,NM,6.3
1995,5,NM,6.3
1995,6,NM,6.4
1995,7,NM,6.6
1995,8,NM,6.7
1995,9,NM,6.9
1995,10,NM,7.0
1995,11,NM,7.2
1995,12,NM,7.3
1996,1,NM,7.4
1996,2,NM,7.6
1996,3,NM,7.6
1996,4,NM,7.7
1996,5,NM,7.7
1996,6,NM,7.7
1996,7,NM,7.6
1996,8,NM,7.6
1996,9,NM,7.5
1996,10,NM,7.4
1996,11,NM,7.3
1996,12,NM,7.2
1997,1,NM,7.1
1997,2,NM,7.0
1997,3,NM,6.9
1997,4,NM,6.7
1997,5,NM,6.6
1997,6,NM,6.4
1997,7,NM,6.2
1997,8,NM,6.1
1997,9,NM,6.0
1997,10,NM,6.0
1997,11,NM,6.0
1997,12,NM,6.1
1998,1,NM,6.2
1998,2,NM,6.3
1998,3,NM,6.3
1998,4,NM,6.3
1998,5,NM,6.3
1998,6,NM,6.3
1998,7,NM,6.3
1998,8,NM,6.3
1998,9,NM,6.3
1998,10,NM,6.2
1998,11,NM,6.1
1998,12,NM,5.9
1999,1,NM,5.8
1999,2,NM,5.8
1999,3,NM,5.7
1999,4,NM,5.7
1999,5,NM,5.6
1999,6,NM,5.6
1999,7,NM,5.6
1999,8,NM,5.6
1999,9,NM,5.6
1999,10,NM,5.5
1999,11,NM,5.3
1999,12,NM,5.2
2000,1,NM,5.1
2000,2,NM,5.1
2000,3,NM,5.0
2000,4,NM,5.0
2000,5,NM,5.0
2000,6,NM,5.0
2000,7,NM,5.0
2000,8,NM,5.0
2000,9,NM,5.0
2000,10,NM,5.0
2000,11,NM,5.0
2000,12,NM,5.0
2001,1,NM,5.0
2001,2,NM,5.0
2001,3,NM,4.9
2001,4,NM,4.9
2001,5,NM,4.8
2001,6,NM,4.8
2001,7,NM,4.8
2001,8,NM,4.8
2001,9,NM,5.0
2001,10,NM,5.1
2001,11,NM,5.2
2001,12,NM,5.3
2002,1,NM,5.3
2002,2,NM,5.4
2002,3,NM,5.4
2002,4,NM,5.5
2002,5,NM,5.5
2002,6,NM,5.5
2002,7,NM,5.5
2002,8,NM,5.5
2002,9,NM,5.5
2002,10,NM,5.5
2002,11,NM,5.5
2002,12,NM,5.6
2003,1,NM,5.6
2003,2,NM,5.7
2003,3,NM,5.8
2003,4,NM,5.8
2003,5,NM,5.9
2003,6,NM,6.0
2003,7,NM,6.1
2003,8,NM,6.1
2003,9,NM,6.1
2003,10,NM,6.1
2003,11,NM,6.0
2003,12,NM,5.9
2004,1,NM,5.8
2004,2,NM,5.8
2004,3,NM,5.7
2004,4,NM,5.7
2004,5,NM,5.6
2004,6,NM,5.5
2004,7,NM,5.5
2004,8,NM,5.4
2004,9,NM,5.4
2004,10,NM,5.5
2004,11,NM,5.5
2004,12,NM,5.6
2005,1,NM,5.6
2005,2,NM,5.6
2005,3,NM,5.6
2005,4,NM,5.5
2005,5,NM,5.4
2005,6,NM,5.3
2005,7,NM,5.2
2005,8,NM,5.1
2005,9,NM,5.0
2005,10,NM,4.9
2005,11,NM,4.8
2005,12,NM,4.7
2006,1,NM,4.6
2006,2,NM,4.5
2006,3,NM,4.4
2006,4,NM,4.4
2006,5,NM,4.3
2006,6,NM,4.3
2006,7,NM,4.3
2006,8,NM,4.2
2006,9,NM,4.1
2006,10,NM,4.0
2006,11,NM,3.9
2006,12,NM,3.8
2007,1,NM,3.7
2007,2,NM,3.6
2007,3,NM,3.6
2007,4,NM,3.6
2007,5,NM,3.5
2007,6,NM,3.5
2007,7,NM,3.5
2007,8,NM,3.5
2007,9,NM,3.5
2007,10,NM,3.5
2007,11,NM,3.5
2007,12,NM,3.5
2008,1,NM,3.6
2008,2,NM,3.7
2008,3,NM,3.8
2008,4,NM,3.9
2008,5,NM,4.1
2008,6,NM,4.2
2008,7,NM,4.4
2008,8,NM,4.5
2008,9,NM,4.7
2008,10,NM,4.9
2008,11,NM,5.2
2008,12,NM,5.5
2009,1,NM,5.8
2009,2,NM,6.1
2009,3,NM,6.4
2009,4,NM,6.6
2009,5,NM,6.9
2009,6,NM,7.1
2009,7,NM,7.3
2009,8,NM,7.4
2009,9,NM,7.6
2009,10,NM,7.7
2009,11,NM,7.8
2009,12,NM,7.9
2010,1,NM,8.0
2010,2,NM,8.0
2010,3,NM,8.0
2010,4,NM,8.0
2010,5,NM,7.9
2010,6,NM,7.8
2010,7,NM,7.8
2010,8,NM,7.8
2010,9,NM,7.7
2010,10,NM,7.7
2010,11,NM,7.6
2010,12,NM,7.5
2011,1,NM,7.4
2011,2,NM,7.3
2011,3,NM,7.2
2011,4,NM,7.2
2011,5,NM,7.2
2011,6,NM,7.2
2011,7,NM,7.2
2011,8,NM,7.2
2011,9,NM,7.2
2011,10,NM,7.2
2011,11,NM,7.2
2011,12,NM,7.1
2012,1,NM,7.0
2012,2,NM,7.0
2012,3,NM,7.0
2012,4,NM,7.0
2012,5,NM,7.0
2012,6,NM,7.0
2012,7,NM,6.9
2012,8,NM,6.9
2012,9,NM,6.9
2012,10,NM,6.9
2012,11,NM,6.9
2012,12,NM,6.9
2013,1,NM,7.0
2013,2,NM,7.0
2013,3,NM,7.0
2013,4,NM,7.0
2013,5,NM,6.9
2013,6,NM,6.9
2013,7,NM,6.9
2013,8,NM,6.9
2013,9,NM,6.8
2013,10,NM,6.8
2013,11,NM,6.8
2013,12,NM,6.8
2014,1,NM,6.8
2014,2,NM,6.7
2014,3,NM,6.7
2014,4,NM,6.6
2014,5,NM,6.6
2014,6,NM,6.6
2014,7,NM,6.5
2014,8,NM,6.5
2014,9,NM,6.5
2014,10,NM,6.4
2014,11,NM,6.4
2014,12,NM,6.4
2015,1,NM,6.5
2015,2,NM,6.5
2015,3,NM,6.6
2015,4,NM,6.7
2015,5,NM,6.7
2015,6,NM,6.7
2015,7,NM,6.7
2015,8,NM,6.7
2015,9,NM,6.6
2015,10,NM,6.6
2015,11,NM,6.5
2015,12,NM,6.5
2016,1,NM,6.5
2016,2,NM,6.5
2016,3,NM,6.5
2016,4,NM,6.6
2016,5,NM,6.7
2016,6,NM,6.8
2016,7,NM,6.9
2016,8,NM,7.0
2016,9,NM,7.0
2016,10,NM,7.0
2016,11,NM,7.0
2016,12,NM,6.9
2017,1,NM,6.8
2017,2,NM,6.7
2017,3,NM,6.6
2017,4,NM,6.5
2017,5,NM,6.3
2017,6,NM,6.2
2017,7,NM,6.0
2017,8,NM,5.9
2017,9,NM,5.8
2017,10,NM,5.7
2017,11,NM,5.5
2017,12,NM,5.4
2018,1,NM,5.2
2018,2,NM,5.1
2018,3,NM,4.9
2018,4,NM,4.8
2018,5,NM,4.8
2018,6,NM,4.7
2018,7,NM,4.7
2018,8,NM,4.8
2018,9,NM,4.9
2018,10,NM,5.0
2018,11,NM,5.1
2018,12,NM,5.2
2019,1,NM,5.1
2019,2,NM,5.1
2019,3,NM,5.0
2019,4,NM,5.0
2019,5,NM,5.0
2019,6,NM,4.9
2019,7,NM,4.9
2019,8,NM,4.9
2019,9,NM,4.9
2019,10,NM,4.9
2019,11,NM,4.9
2019,12,NM,5.0
2020,1,NM,5.1
2020,2,NM,5.3
2020,3,NM,5.9
2020,4,NM,9.0
2020,5,NM,9.3
2020,6,NM,9.0
2020,7,NM,9.0
2020,8,NM,8.6
2020,9,NM,8.7
2020,10,NM,8.4
2020,11,NM,8.4
2020,12,NM,8.4
2021,1,NM,8.2
2021,2,NM,8.2
2021,3,NM,8.0
2021,4,NM,7.9
2021,5,NM,7.5
2021,6,NM,7.4
2021,7,NM,7.1
2021,8,NM,6.8
2021,9,NM,6.3
2021,10,NM,6.0
2021,11,NM,5.8
2021,12,NM,5.6
2022,1,NM,5.4
2022,2,NM,5.0
2022,3,NM,4.7
2022,4,NM,4.4
2022,5,NM,4.2
2022,6,NM,3.9
2022,7,NM,3.6
2022,8,NM,3.4
2022,9,NM,3.5
2022,10,NM,3.5
2022,11,NM,3.6
2022,12,NM,3.6
2023,1,NM,3.6
2023,2,NM,3.6
2023,3,NM,3.6
2023,4,NM,3.6
2023,5,NM,3.6
2023,6,NM,3.6
2023,7,NM,3.6
2023,8,NM,3.7
2023,9,NM,3.7
2023,10,NM,3.8
2023,11,NM,3.8
2023,12,NM,3.8
2024,1,NM,3.8
2024,2,NM,3.8
2024,3,NM,3.9
2024,4,NM,4.0
2024,5,NM,4.1
2024,6,NM,4.2
2024,7,NM,4.3
2024,8,NM,4.3
2024,9,NM,4.3
2024,10,NM,4.4
2024,11,NM,4.4
2024,12,NM,4.3
2025,1,NM,4.4
2025,2,NM,4.4
2025,3,NM,4.3
2025,4,NM,4.3
2025,5,NM,4.2
2025,6,NM,4.2
2025,7,NM,4.2
2025,8,NM,4.1
2025,9,NM,4.1
2025,10,NM,
2025,11,NM,4.2
2025,12,NM,4.3
1976,1,NY,10.3
1976,2,NY,10.3
1976,3,NY,10.2
1976,4,NY,10.2
1976,5,NY,10.2
1976,6,NY,10.2
1976,7,NY,10.2
1976,8,NY,10.2
1976,9,NY,10.2
1976,10,NY,10.2
1976,11,NY,10.2
1976,12,NY,10.1
1977,1,NY,10.1
1977,2,NY,10.0
1977,3,NY,9.8
1977,4,NY,9.6
1977,5,NY,9.3
1977,6,NY,9.1
1977,7,NY,8.9
1977,8,NY,8.8
1977,9,NY,8.7
1977,10,NY,8.6
1977,11,NY,8.5
1977,12,NY,8.4
1978,1,NY,8.2
1978,2,NY,8.1
1978,3,NY,8.0
1978,4,NY,7.9
1978,5,NY,7.8
1978,6,NY,7.8
1978,7,NY,7.7
1978,8,NY,7.6
1978,9,NY,7.5
1978,10,NY,7.4
1978,11,NY,7.3
1978,12,NY,7.2
1979,1,NY,7.1
1979,2,NY,7.1
1979,3,NY,7.0
1979,4,NY,7.0
1979,5,NY,7.0
1979,6,NY,7.0
1979,7,NY,7.1
1979,8,NY,7.1
1979,9,NY,7.2
1979,10,NY,7.2
1979,11,NY,7.2
1979,12,NY,7.1
1980,1,NY,7.1
1980,2,NY,7.1
1980,3,NY,7.2
1980,4,NY,7.4
1980,5,NY,7.5
1980,6,NY,7.6
1980,7,NY,7.6
1980,8,NY,7.6
1980,9,NY,7.5
1980,10,NY,7.5
1980,11,NY,7.5
1980,12,NY,7.5
1981,1,NY,7.6
1981,2,NY,7.6
1981,3,NY,7.6
1981,4,NY,7.6
1981,5,NY,7.6
1981,6,NY,7.5
1981,7,NY,7.4
1981,8,NY,7.4
1981,9,NY,7.5
1981,10,NY,7.6
1981,11,NY,7.8
1981,12,NY,8.0
1982,1,NY,8.1
1982,2,NY,8.2
1982,3,NY,8.3
1982,4,NY,8.4
1982,5,NY,8.4
1982,6,NY,8.5
1982,7,NY,8.6
1982,8,NY,8.8
1982,9,NY,9.0
1982,10,NY,9.2
1982,11,NY,9.4
1982,12,NY,9.5
1983,1,NY,9.6
1983,2,NY,9.6
1983,3,NY,9.6
1983,4,NY,9.4
1983,5,NY,9.3
1983,6,NY,9.2
1983,7,NY,9.0
1983,8,NY,8.8
1983,9,NY,8.5
1983,10,NY,8.3
1983,11,NY,8.1
1983,12,NY,7.8
1984,1,NY,7.6
1984,2,NY,7.5
1984,3,NY,7.3
1984,4,NY,7.3
1984,5,NY,7.3
1984,6,NY,7.3
1984,7,NY,7.3
1984,8,NY,7.3
1984,9,NY,7.2
1984,10,NY,7.1
1984,11,NY,7.0
1984,12,NY,6.9
1985,1,NY,6.8
1985,2,NY,6.8
1985,3,NY,6.8
1985,4,NY,6.8
1985,5,NY,6.7
1985,6,NY,6.6
1985,7,NY,6.6
1985,8,NY,6.5
1985,9,NY,6.5
1985,10,NY,6.4
1985,11,NY,6.4
1985,12,NY,6.5
1986,1,NY,6.5
1986,2,NY,6.6
1986,3,NY,6.6
1986,4,NY,6.6
1986,5,NY,6.6
1986,6,NY,6.5
1986,7,NY,6.3
1986,8,NY,6.1
1986,9,NY,5.9
1986,10,NY,5.7
1986,11,NY,5.6
1986,12,NY,5.5
1987,1,NY,5.3
1987,2,NY,5.2
1987,3,NY,5.0
1987,4,NY,4.9
1987,5,NY,4.8
1987,6,NY,4.7
1987,7,NY,4.7
1987,8,NY,4.7
1987,9,NY,4.6
1987,10,NY,4.6
1987,11,NY,4.5
1987,12,NY,4.4
1988,1,NY,4.3
1988,2,NY,4.1
1988,3,NY,4.0
1988,4,NY,4.0
1988,5,NY,4.0
1988,6,NY,4.1
1988,7,NY,4.2
1988,8,NY,4.3
1988,9,NY,4.4
1988,10,NY,4.4
1988,11,NY,4.5
1988,12,NY,4.5
1989,1,NY,4.5
1989,2,NY,4.6
1989,3,NY,4.6
1989,4,NY,4.7
1989,5,NY,4.7
1989,6,NY,4.8
1989,7,NY,4.9
1989,8,NY,5.0
1989,9,NY,5.0
1989,10,NY,5.1
1989,11,NY,5.2
1989,12,NY,5.2
1990,1,NY,5.2
1990,2,NY,5.1
1990,3,NY,5.1
1990,4,NY,5.0
1990,5,NY,5.0
1990,6,NY,5.0
1990,7,NY,5.1
1990,8,NY,5.3
1990,9,NY,5.4
1990,10,NY,5.7
1990,11,NY,5.9
1990,12,NY,6.2
1991,1,NY,6.4
1991,2,NY,6.7
1991,3,NY,7.0
1991,4,NY,7.2
1991,5,NY,7.3
1991,6,NY,7.4
1991,7,NY,7.4
1991,8,NY,7.4
1991,9,NY,7.5
1991,10,NY,7.6
1991,11,NY,7.8
1991,12,NY,8.0
1992,1,NY,8.3
1992,2,NY,8.4
1992,3,NY,8.6
1992,4,NY,8.7
1992,5,NY,8.8
1992,6,NY,8.9
1992,7,NY,8.9
1992,8,NY,9.0
1992,9,NY,8.9
1992,10,NY,8.8
1992,11,NY,8.7
1992,12,NY,8.6
1993,1,NY,8.4
1993,2,NY,8.3
1993,3,NY,8.1
1993,4,NY,8.0
1993,5,NY,7.9
1993,6,NY,7.9
1993,7,NY,7.9
1993,8,NY,7.8
1993,9,NY,7.8
1993,10,NY,7.8
1993,11,NY,7.8
1993,12,NY,7.7
1994,1,NY,7.7
1994,2,NY,7.5
1994,3,NY,7.4
1994,4,NY,7.3
1994,5,NY,7.1
1994,6,NY,7.0
1994,7,NY,6.8
1994,8,NY,6.7
1994,9,NY,6.6
1994,10,NY,6.5
1994,11,NY,6.3
1994,12,NY,6.2
1995,1,NY,6.1
1995,2,NY,6.2
1995,3,NY,6.2
1995,4,NY,6.3
1995,5,NY,6.3
1995,6,NY,6.4
1995,7,NY,6.4
1995,8,NY,6.5
1995,9,NY,6.4
1995,10,NY,6.4
1995,11,NY,6.4
1995,12,NY,6.3
1996,1,NY,6.3
1996,2,NY,6.3
1996,3,NY,6.3
1996,4,NY,6.3
1996,5,NY,6.3
1996,6,NY,6.2
1996,7,NY,6.2
1996,8,NY,6.1
1996,9,NY,6.1
1996,10,NY,6.1
1996,11,NY,6.3
1996,12,NY,6.4
1997,1,NY,6.5
1997,2,NY,6.5
1997,3,NY,6.6
1997,4,NY,6.6
1997,5,NY,6.6
1997,6,NY,6.5
1997,7,NY,6.5
1997,8,NY,6.4
1997,9,NY,6.3
1997,10,NY,6.2
1997,11,NY,6.2
1997,12,NY,6.1
1998,1,NY,6.0
1998,2,NY,5.9
1998,3,NY,5.8
1998,4,NY,5.7
1998,5,NY,5.6
1998,6,NY,5.5
1998,7,NY,5.5
1998,8,NY,5.5
1998,9,NY,5.4
1998,10,NY,5.4
1998,11,NY,5.4
1998,12,NY,5.3
1999,1,NY,5.3
1999,2,NY,5.3
1999,3,NY,5.3
1999,4,NY,5.3
1999,5,NY,5.3
1999,6,NY,5.3
1999,7,NY,5.3
1999,8,NY,5.2
1999,9,NY,5.2
1999,10,NY,5.0
1999,11,NY,4.9
1999,12,NY,4.8
2000,1,NY,4.7
2000,2,NY,4.6
2000,3,NY,4.6
2000,4,NY,4.6
2000,5,NY,4.5
2000,6,NY,4.5
2000,7,NY,4.5
2000,8,NY,4.5
2000,9,NY,4.5
2000,10,NY,4.4
2000,11,NY,4.3
2000,12,NY,4.3
2001,1,NY,4.2
2001,2,NY,4.2
2001,3,NY,4.2
2001,4,NY,4.3
2001,5,NY,4.4
2001,6,NY,4.6
2001,7,NY,4.8
2001,8,NY,5.0
2001,9,NY,5.3
2001,10,NY,5.6
2001,11,NY,5.8
2001,12,NY,6.0
2002,1,NY,6.2
2002,2,NY,6.3
2002,3,NY,6.3
2002,4,NY,6.3
2002,5,NY,6.3
2002,6,NY,6.2
2002,7,NY,6.1
2002,8,NY,6.1
2002,9,NY,6.1
2002,10,NY,6.1
2002,11,NY,6.2
2002,12,NY,6.2
2003,1,NY,6.3
2003,2,NY,6.3
2003,3,NY,6.4
2003,4,NY,6.4
2003,5,NY,6.4
2003,6,NY,6.5
2003,7,NY,6.5
2003,8,NY,6.5
2003,9,NY,6.5
2003,10,NY,6.4
2003,11,NY,6.4
2003,12,NY,6.4
2004,1,NY,6.3
2004,2,NY,6.3
2004,3,NY,6.2
2004,4,NY,6.2
2004,5,NY,6.0
2004,6,NY,5.9
2004,7,NY,5.8
2004,8,NY,5.6
2004,9,NY,5.5
2004,10,NY,5.4
2004,11,NY,5.3
2004,12,NY,5.2
2005,1,NY,5.1
2005,2,NY,5.1
2005,3,NY,5.0
2005,4,NY,4.9
2005,5,NY,4.9
2005,6,NY,4.9
2005,7,NY,4.9
2005,8,NY,5.0
2005,9,NY,5.0
2005,10,NY,4.9
2005,11,NY,4.9
2005,12,NY,4.8
2006,1,NY,4.8
2006,2,NY,4.7
2006,3,NY,4.7
2006,4,NY,4.6
2006,5,NY,4.6
2006,6,NY,4.6
2006,7,NY,4.5
2006,8,NY,4.4
2006,9,NY,4.4
2006,10,NY,4.3
2006,11,NY,4.2
2006,12,NY,4.2
2007,1,NY,4.2
2007,2,NY,4.2
2007,3,NY,4.2
2007,4,NY,4.2
2007,5,NY,4.3
2007,6,NY,4.4
2007,7,NY,4.5
2007,8,NY,4.5
2007,9,NY,4.6
2007,10,NY,4.6
2007,11,NY,4.7
2007,12,NY,4.7
2008,1,NY,4.7
2008,2,NY,4.7
2008,3,NY,4.8
2008,4,NY,4.9
2008,5,NY,5.0
2008,6,NY,5.1
2008,7,NY,5.3
2008,8,NY,5.5
2008,9,NY,5.7
2008,10,NY,6.0
2008,11,NY,6.3
2008,12,NY,6.7
2009,1,NY,7.1
2009,2,NY,7.5
2009,3,NY,7.9
2009,4,NY,8.2
2009,5,NY,8.4
2009,6,NY,8.5
2009,7,NY,8.6
2009,8,NY,8.7
2009,9,NY,8.8
2009,10,NY,8.9
2009,11,NY,9.0
2009,12,NY,9.0
2010,1,NY,9.0
2010,2,NY,9.0
2010,3,NY,8.9
2010,4,NY,8.9
2010,5,NY,8.8
2010,6,NY,8.7
2010,7,NY,8.7
2010,8,NY,8.6
2010,9,NY,8.6
2010,10,NY,8.6
2010,11,NY,8.5
2010,12,NY,8.5
2011,1,NY,8.4
2011,2,NY,8.3
2011,3,NY,8.2
2011,4,NY,8.2
2011,5,NY,8.2
2011,6,NY,8.3
2011,7,NY,8.3
2011,8,NY,8.4
2011,9,NY,8.4
2011,10,NY,8.5
2011,11,NY,8.5
2011,12,NY,8.6
2012,1,NY,8.6
2012,2,NY,8.7
2012,3,NY,8.7
2012,4,NY,8.8
2012,5,NY,8.8
2012,6,NY,8.8
2012,7,NY,8.8
2012,8,NY,8.7
2012,9,NY,8.6
2012,10,NY,8.5
2012,11,NY,8.4
2012,12,NY,8.4
2013,1,NY,8.3
2013,2,NY,8.2
2013,3,NY,8.1
2013,4,NY,8.0
2013,5,NY,8.0
2013,6,NY,7.9
2013,7,NY,7.9
2013,8,NY,7.8
2013,9,NY,7.7
2013,10,NY,7.5
2013,11,NY,7.3
2013,12,NY,7.1
2014,1,NY,7.0
2014,2,NY,6.8
2014,3,NY,6.7
2014,4,NY,6.6
2014,5,NY,6.4
2014,6,NY,6.3
2014,7,NY,6.2
2014,8,NY,6.1
2014,9,NY,6.0
2014,10,NY,5.9
2014,11,NY,5.8
2014,12,NY,5.7
2015,1,NY,5.7
2015,2,NY,5.6
2015,3,NY,5.6
2015,4,NY,5.5
2015,5,NY,5.4
2015,6,NY,5.3
2015,7,NY,5.1
2015,8,NY,5.0
2015,9,NY,4.9
2015,10,NY,4.9
2015,11,NY,4.8
2015,12,NY,4.8
2016,1,NY,4.8
2016,2,NY,4.8
2016,3,NY,4.8
2016,4,NY,4.8
2016,5,NY,4.8
2016,6,NY,4.9
2016,7,NY,4.9
2016,8,NY,5.0
2016,9,NY,5.0
2016,10,NY,5.0
2016,11,NY,4.9
2016,12,NY,4.8
2017,1,NY,4.7
2017,2,NY,4.6
2017,3,NY,4.6
2017,4,NY,4.6
2017,5,NY,4.6
2017,6,NY,4.6
2017,7,NY,4.7
2017,8,NY,4.7
2017,9,NY,4.7
2017,10,NY,4.7
2017,11,NY,4.6
2017,12,NY,4.6
2018,1,NY,4.5
2018,2,NY,4.4
2018,3,NY,4.3
2018,4,NY,4.2
2018,5,NY,4.1
2018,6,NY,4.0
2018,7,NY,3.9
2018,8,NY,3.9
2018,9,NY,3.9
2018,10,NY,4.0
2018,11,NY,4.0
2018,12,NY,4.0
2019,1,NY,4.0
2019,2,NY,3.9
2019,3,NY,3.9
2019,4,NY,3.8
2019,5,NY,3.8
2019,6,NY,3.8
2019,7,NY,3.8
2019,8,NY,3.9
2019,9,NY,3.9
2019,10,NY,3.9
2019,11,NY,4.0
2019,12,NY,4.0
2020,1,NY,4.1
2020,2,NY,4.2
2020,3,NY,4.2
2020,4,NY,15.7
2020,5,NY,16.7
2020,6,NY,13.6
2020,7,NY,12.6
2020,8,NY,10.8
2020,9,NY,10.2
2020,10,NY,9.2
2020,11,NY,8.9
2020,12,NY,8.7
2021,1,NY,8.6
2021,2,NY,8.4
2021,3,NY,8.1
2021,4,NY,7.9
2021,5,NY,7.5
2021,6,NY,7.5
2021,7,NY,7.1
2021,8,NY,6.8
2021,9,NY,6.2
2021,10,NY,5.9
2021,11,NY,5.6
2021,12,NY,5.4
2022,1,NY,5.2
2022,2,NY,4.8
2022,3,NY,4.6
2022,4,NY,4.5
2022,5,NY,4.3
2022,6,NY,4.2
2022,7,NY,4.0
2022,8,NY,3.8
2022,9,NY,3.9
2022,10,NY,4.0
2022,11,NY,4.1
2022,12,NY,4.1
2023,1,NY,4.0
2023,2,NY,4.0
2023,3,NY,4.0
2023,4,NY,3.9
2023,5,NY,3.9
2023,6,NY,3.9
2023,7,NY,4.0
2023,8,NY,4.1
2023,9,NY,4.1
2023,10,NY,4.2
2023,11,NY,4.2
2023,12,NY,4.2
2024,1,NY,4.2
2024,2,NY,4.1
2024,3,NY,4.2
2024,4,NY,4.2
2024,5,NY,4.3
2024,6,NY,4.3
2024,7,NY,4.4
2024,8,NY,4.4
2024,9,NY,4.4
2024,10,NY,4.4
2024,11,NY,4.4
2024,12,NY,4.4
2025,1,NY,4.4
2025,2,NY,4.3
2025,3,NY,4.2
2025,4,NY,4.2
2025,5,NY,4.0
2025,6,NY,4.0
2025,7,NY,4.0
2025,8,NY,4.0
2025,9,NY,4.2
2025,10,NY,
2025,11,NY,4.5
2025,12,NY,4.6
1976,1,NC,6.5
1976,2,NC,6.5
1976,3,NC,6.5
1976,4,NC,6.3
1976,5,NC,6.1
1976,6,NC,6.0
1976,7,NC,5.9
1976,8,NC,5.9
1976,9,NC,6.0
1976,10,NC,6.1
1976,11,NC,6.2
1976,12,NC,6.3
1977,1,NC,6.3
1977,2,NC,6.3
1977,3,NC,6.2
1977,4,NC,6.1
1977,5,NC,6.0
1977,6,NC,6.0
1977,7,NC,5.9
1977,8,NC,5.8
1977,9,NC,5.7
1977,10,NC,5.6
1977,11,NC,5.4
1977,12,NC,5.3
1978,1,NC,5.1
1978,2,NC,4.9
1978,3,NC,4.7
1978,4,NC,4.6
1978,5,NC,4.5
1978,6,NC,4.4
1978,7,NC,4.4
1978,8,NC,4.4
1978,9,NC,4.4
1978,10,NC,4.4
1978,11,NC,4.4
1978,12,NC,4.5
1979,1,NC,4.6
1979,2,NC,4.7
1979,3,NC,4.7
1979,4,NC,4.7
1979,5,NC,4.7
1979,6,NC,4.7
1979,7,NC,4.8
1979,8,NC,4.9
1979,9,NC,4.9
1979,10,NC,5.0
1979,11,NC,5.1
1979,12,NC,5.1
1980,1,NC,5.2
1980,2,NC,5.4
1980,3,NC,5.7
1980,4,NC,6.1
1980,5,NC,6.5
1980,6,NC,6.8
1980,7,NC,7.0
1980,8,NC,7.1
1980,9,NC,7.0
1980,10,NC,6.8
1980,11,NC,6.6
1980,12,NC,6.5
1981,1,NC,6.4
1981,2,NC,6.3
1981,3,NC,6.2
1981,4,NC,6.1
1981,5,NC,5.9
1981,6,NC,5.7
1981,7,NC,5.6
1981,8,NC,5.6
1981,9,NC,5.7
1981,10,NC,7.4
1981,11,NC,8.1
1981,12,NC,8.5
1982,1,NC,8.6
1982,2,NC,8.8
1982,3,NC,8.9
1982,4,NC,9.1
1982,5,NC,9.1
1982,6,NC,9.2
1982,7,NC,9.3
1982,8,NC,9.4
1982,9,NC,9.6
1982,10,NC,9.7
1982,11,NC,9.9
1982,12,NC,10.0
1983,1,NC,10.0
1983,2,NC,10.0
1983,3,NC,9.8
1983,4,NC,9.6
1983,5,NC,9.4
1983,6,NC,9.2
1983,7,NC,8.8
1983,8,NC,8.6
1983,9,NC,8.5
1983,10,NC,8.3
1983,11,NC,8.1
1983,12,NC,7.7
1984,1,NC,7.3
1984,2,NC,7.0
1984,3,NC,6.7
1984,4,NC,6.6
1984,5,NC,6.5
1984,6,NC,6.5
1984,7,NC,6.3
1984,8,NC,6.4
1984,9,NC,6.5
1984,10,NC,6.6
1984,11,NC,6.5
1984,12,NC,6.4
1985,1,NC,6.3
1985,2,NC,6.2
1985,3,NC,6.1
1985,4,NC,6.0
1985,5,NC,5.9
1985,6,NC,5.8
1985,7,NC,5.6
1985,8,NC,5.5
1985,9,NC,5.3
1985,10,NC,5.2
1985,11,NC,5.1
1985,12,NC,5.1
1986,1,NC,5.1
1986,2,NC,5.2
1986,3,NC,5.3
1986,4,NC,5.4
1986,5,NC,5.4
1986,6,NC,5.4
1986,7,NC,5.4
1986,8,NC,5.4
1986,9,NC,5.4
1986,10,NC,5.3
1986,11,NC,5.3
1986,12,NC,5.2
1987,1,NC,5.1
1987,2,NC,5.0
1987,3,NC,4.9
1987,4,NC,4.8
1987,5,NC,4.6
1987,6,NC,4.5
1987,7,NC,4.4
1987,8,NC,4.4
1987,9,NC,4.3
1987,10,NC,4.3
1987,11,NC,4.2
1987,12,NC,4.1
1988,1,NC,4.0
1988,2,NC,3.9
1988,3,NC,3.8
1988,4,NC,3.7
1988,5,NC,3.6
1988,6,NC,3.6
1988,7,NC,3.6
1988,8,NC,3.6
1988,9,NC,3.6
1988,10,NC,3.7
1988,11,NC,3.6
1988,12,NC,3.6
1989,1,NC,3.6
1989,2,NC,3.5
1989,3,NC,3.5
1989,4,NC,3.6
1989,5,NC,3.6
1989,6,NC,3.6
1989,7,NC,3.6
1989,8,NC,3.6
1989,9,NC,3.6
1989,10,NC,3.6
1989,11,NC,3.5
1989,12,NC,3.5
1990,1,NC,3.5
1990,2,NC,3.5
1990,3,NC,3.6
1990,4,NC,3.6
1990,5,NC,3.7
1990,6,NC,3.9
1990,7,NC,4.0
1990,8,NC,4.2
1990,9,NC,4.5
1990,10,NC,4.7
1990,11,NC,5.0
1990,12,NC,5.3
1991,1,NC,5.5
1991,2,NC,5.7
1991,3,NC,5.9
1991,4,NC,6.0
1991,5,NC,6.0
1991,6,NC,6.0
1991,7,NC,5.9
1991,8,NC,5.9
1991,9,NC,5.9
1991,10,NC,6.0
1991,11,NC,6.1
1991,12,NC,6.2
1992,1,NC,6.3
1992,2,NC,6.3
1992,3,NC,6.4
1992,4,NC,6.4
1992,5,NC,6.4
1992,6,NC,6.3
1992,7,NC,6.3
1992,8,NC,6.3
1992,9,NC,6.2
1992,10,NC,6.1
1992,11,NC,6.0
1992,12,NC,5.9
1993,1,NC,5.7
1993,2,NC,5.6
1993,3,NC,5.5
1993,4,NC,5.4
1993,5,NC,5.3
1993,6,NC,5.2
1993,7,NC,5.0
1993,8,NC,4.9
1993,9,NC,4.8
1993,10,NC,4.7
1993,11,NC,4.7
1993,12,NC,4.6
1994,1,NC,4.6
1994,2,NC,4.5
1994,3,NC,4.5
1994,4,NC,4.5
1994,5,NC,4.5
1994,6,NC,4.4
1994,7,NC,4.5
1994,8,NC,4.4
1994,9,NC,4.4
1994,10,NC,4.3
1994,11,NC,4.2
1994,12,NC,4.1
1995,1,NC,4.1
1995,2,NC,4.1
1995,3,NC,4.1
1995,4,NC,4.2
1995,5,NC,4.3
1995,6,NC,4.4
1995,7,NC,4.5
1995,8,NC,4.5
1995,9,NC,4.5
1995,10,NC,4.5
1995,11,NC,4.6
1995,12,NC,4.6
1996,1,NC,4.6
1996,2,NC,4.6
1996,3,NC,4.6
1996,4,NC,4.5
1996,5,NC,4.4
1996,6,NC,4.4
1996,7,NC,4.3
1996,8,NC,4.2
1996,9,NC,4.2
1996,10,NC,4.1
1996,11,NC,4.1
1996,12,NC,4.1
1997,1,NC,4.0
1997,2,NC,4.0
1997,3,NC,3.9
1997,4,NC,3.9
1997,5,NC,3.9
1997,6,NC,3.8
1997,7,NC,3.8
1997,8,NC,3.8
1997,9,NC,3.7
1997,10,NC,3.7
1997,11,NC,3.7
1997,12,NC,3.7
1998,1,NC,3.8
1998,2,NC,3.7
1998,3,NC,3.7
1998,4,NC,3.7
1998,5,NC,3.6
1998,6,NC,3.5
1998,7,NC,3.5
1998,8,NC,3.5
1998,9,NC,3.4
1998,10,NC,3.4
1998,11,NC,3.3
1998,12,NC,3.2
1999,1,NC,3.2
1999,2,NC,3.2
1999,3,NC,3.2
1999,4,NC,3.2
1999,5,NC,3.2
1999,6,NC,3.3
1999,7,NC,3.3
1999,8,NC,3.4
1999,9,NC,3.4
1999,10,NC,3.4
1999,11,NC,3.4
1999,12,NC,3.4
2000,1,NC,3.4
2000,2,NC,3.4
2000,3,NC,3.4
2000,4,NC,3.5
2000,5,NC,3.6
2000,6,NC,3.7
2000,7,NC,3.8
2000,8,NC,3.9
2000,9,NC,4.0
2000,10,NC,4.0
2000,11,NC,4.1
2000,12,NC,4.2
2001,1,NC,4.4
2001,2,NC,4.6
2001,3,NC,4.8
2001,4,NC,4.9
2001,5,NC,5.1
2001,6,NC,5.3
2001,7,NC,5.5
2001,8,NC,5.7
2001,9,NC,6.0
2001,10,NC,6.2
2001,11,NC,6.5
2001,12,NC,6.7
2002,1,NC,6.8
2002,2,NC,6.8
2002,3,NC,6.8
2002,4,NC,6.7
2002,5,NC,6.6
2002,6,NC,6.5
2002,7,NC,6.4
2002,8,NC,6.3
2002,9,NC,6.3
2002,10,NC,6.3
2002,11,NC,6.4
2002,12,NC,6.4
2003,1,NC,6.3
2003,2,NC,6.3
2003,3,NC,6.3
2003,4,NC,6.4
2003,5,NC,6.4
2003,6,NC,6.5
2003,7,NC,6.4
2003,8,NC,6.4
2003,9,NC,6.2
2003,10,NC,6.1
2003,11,NC,6.0
2003,12,NC,5.8
2004,1,NC,5.8
2004,2,NC,5.7
2004,3,NC,5.7
2004,4,NC,5.6
2004,5,NC,5.5
2004,6,NC,5.4
2004,7,NC,5.4
2004,8,NC,5.3
2004,9,NC,5.3
2004,10,NC,5.3
2004,11,NC,5.3
2004,12,NC,5.3
2005,1,NC,5.4
2005,2,NC,5.4
2005,3,NC,5.3
2005,4,NC,5.3
2005,5,NC,5.3
2005,6,NC,5.3
2005,7,NC,5.2
2005,8,NC,5.2
2005,9,NC,5.2
2005,10,NC,5.1
2005,11,NC,5.0
2005,12,NC,4.9
2006,1,NC,4.8
2006,2,NC,4.7
2006,3,NC,4.6
2006,4,NC,4.6
2006,5,NC,4.7
2006,6,NC,4.7
2006,7,NC,4.8
2006,8,NC,4.8
2006,9,NC,4.8
2006,10,NC,4.8
2006,11,NC,4.8
2006,12,NC,4.7
2007,1,NC,4.6
2007,2,NC,4.6
2007,3,NC,4.5
2007,4,NC,4.5
2007,5,NC,4.6
2007,6,NC,4.6
2007,7,NC,4.7
2007,8,NC,4.8
2007,9,NC,4.9
2007,10,NC,4.9
2007,11,NC,5.0
2007,12,NC,4.9
2008,1,NC,4.9
2008,2,NC,4.9
2008,3,NC,4.9
2008,4,NC,5.1
2008,5,NC,5.2
2008,6,NC,5.4
2008,7,NC,5.6
2008,8,NC,5.7
2008,9,NC,5.8
2008,10,NC,6.0
2008,11,NC,8.3
2008,12,NC,9.4
2009,1,NC,10.0
2009,2,NC,10.5
2009,3,NC,10.8
2009,4,NC,10.9
2009,5,NC,11.0
2009,6,NC,11.0
2009,7,NC,10.9
2009,8,NC,10.8
2009,9,NC,10.8
2009,10,NC,10.8
2009,11,NC,10.9
2009,12,NC,11.1
2010,1,NC,11.2
2010,2,NC,11.2
2010,3,NC,11.2
2010,4,NC,11.0
2010,5,NC,10.9
2010,6,NC,10.6
2010,7,NC,10.6
2010,8,NC,10.6
2010,9,NC,10.5
2010,10,NC,10.5
2010,11,NC,10.7
2010,12,NC,10.6
2011,1,NC,10.5
2011,2,NC,10.4
2011,3,NC,10.3
2011,4,NC,10.3
2011,5,NC,10.3
2011,6,NC,10.4
2011,7,NC,10.5
2011,8,NC,10.5
2011,9,NC,10.5
2011,10,NC,10.4
2011,11,NC,10.1
2011,12,NC,10.0
2012,1,NC,9.8
2012,2,NC,9.7
2012,3,NC,9.6
2012,4,NC,9.5
2012,5,NC,9.6
2012,6,NC,9.6
2012,7,NC,9.7
2012,8,NC,9.6
2012,9,NC,9.5
2012,10,NC,9.5
2012,11,NC,9.5
2012,12,NC,9.6
2013,1,NC,9.7
2013,2,NC,9.2
2013,3,NC,8.9
2013,4,NC,8.5
2013,5,NC,8.2
2013,6,NC,7.9
2013,7,NC,7.5
2013,8,NC,7.3
2013,9,NC,6.6
2013,10,NC,6.6
2013,11,NC,6.5
2013,12,NC,6.4
2014,1,NC,6.4
2014,2,NC,6.3
2014,3,NC,6.3
2014,4,NC,6.3
2014,5,NC,6.2
2014,6,NC,6.2
2014,7,NC,6.1
2014,8,NC,6.1
2014,9,NC,6.0
2014,10,NC,5.9
2014,11,NC,5.8
2014,12,NC,5.8
2015,1,NC,5.7
2015,2,NC,5.7
2015,3,NC,5.8
2015,4,NC,5.8
2015,5,NC,5.8
2015,6,NC,5.8
2015,7,NC,5.7
2015,8,NC,5.7
2015,9,NC,5.6
2015,10,NC,5.5
2015,11,NC,5.4
2015,12,NC,5.4
2016,1,NC,5.3
2016,2,NC,5.2
2016,3,NC,5.2
2016,4,NC,5.1
2016,5,NC,5.0
2016,6,NC,5.0
2016,7,NC,5.0
2016,8,NC,5.1
2016,9,NC,5.1
2016,10,NC,5.1
2016,11,NC,5.1
2016,12,NC,5.0
2017,1,NC,4.9
2017,2,NC,4.8
2017,3,NC,4.7
2017,4,NC,4.6
2017,5,NC,4.5
2017,6,NC,4.5
2017,7,NC,4.5
2017,8,NC,4.5
2017,9,NC,4.5
2017,10,NC,4.4
2017,11,NC,4.4
2017,12,NC,4.3
2018,1,NC,4.2
2018,2,NC,4.2
2018,3,NC,4.1
2018,4,NC,4.0
2018,5,NC,3.9
2018,6,NC,3.9
2018,7,NC,3.9
2018,8,NC,3.9
2018,9,NC,4.0
2018,10,NC,4.0
2018,11,NC,4.0
2018,12,NC,4.0
2019,1,NC,4.0
2019,2,NC,4.0
2019,3,NC,3.9
2019,4,NC,3.9
2019,5,NC,3.8
2019,6,NC,3.9
2019,7,NC,3.9
2019,8,NC,3.9
2019,9,NC,3.9
2019,10,NC,3.8
2019,11,NC,3.8
2019,12,NC,3.7
2020,1,NC,3.8
2020,2,NC,3.8
2020,3,NC,4.0
2020,4,NC,14.2
2020,5,NC,11.6
2020,6,NC,9.8
2020,7,NC,8.7
2020,8,NC,7.4
2020,9,NC,6.8
2020,10,NC,6.1
2020,11,NC,5.9
2020,12,NC,5.8
2021,1,NC,5.7
2021,2,NC,5.6
2021,3,NC,5.5
2021,4,NC,5.3
2021,5,NC,5.2
2021,6,NC,5.1
2021,7,NC,4.9
2021,8,NC,4.7
2021,9,NC,4.5
2021,10,NC,4.3
2021,11,NC,4.1
2021,12,NC,3.8
2022,1,NC,3.7
2022,2,NC,3.6
2022,3,NC,3.5
2022,4,NC,3.6
2022,5,NC,3.6
2022,6,NC,3.7
2022,7,NC,3.7
2022,8,NC,3.8
2022,9,NC,3.8
2022,10,NC,3.8
2022,11,NC,3.7
2022,12,NC,3.6
2023,1,NC,3.5
2023,2,NC,3.5
2023,3,NC,3.4
2023,4,NC,3.4
2023,5,NC,3.4
2023,6,NC,3.4
2023,7,NC,3.5
2023,8,NC,3.5
2023,9,NC,3.5
2023,10,NC,3.6
2023,11,NC,3.6
2023,12,NC,3.6
2024,1,NC,3.5
2024,2,NC,3.5
2024,3,NC,3.5
2024,4,NC,3.6
2024,5,NC,3.6
2024,6,NC,3.6
2024,7,NC,3.6
2024,8,NC,3.7
2024,9,NC,3.7
2024,10,NC,3.7
2024,11,NC,3.7
2024,12,NC,3.7
2025,1,NC,3.7
2025,2,NC,3.7
2025,3,NC,3.7
2025,4,NC,3.7
2025,5,NC,3.7
2025,6,NC,3.7
2025,7,NC,3.7
2025,8,NC,3.7
2025,9,NC,3.7
2025,10,NC,
2025,11,NC,3.9
2025,12,NC,3.9
1976,1,ND,3.5
1976,2,ND,3.5
1976,3,ND,3.5
1976,4,ND,3.6
1976,5,ND,3.6
1976,6,ND,3.7
1976,7,ND,3.8
1976,8,ND,3.9
1976,9,ND,4.0
1976,10,ND,4.1
1976,11,ND,4.1
1976,12,ND,4.2
1977,1,ND,4.3
1977,2,ND,4.4
1977,3,ND,4.4
1977,4,ND,4.5
1977,5,ND,4.5
1977,6,ND,4.5
1977,7,ND,4.5
1977,8,ND,4.5
1977,9,ND,4.5
1977,10,ND,4.5
1977,11,ND,4.4
1977,12,ND,4.4
1978,1,ND,4.3
1978,2,ND,4.3
1978,3,ND,4.2
1978,4,ND,4.1
1978,5,ND,4.1
1978,6,ND,4.0
1978,7,ND,4.1
1978,8,ND,4.1
1978,9,ND,4.2
1978,10,ND,4.2
1978,11,ND,4.2
1978,12,ND,4.2
1979,1,ND,4.3
1979,2,ND,4.3
1979,3,ND,4.3
1979,4,ND,4.2
1979,5,ND,4.2
1979,6,ND,4.1
1979,7,ND,4.1
1979,8,ND,4.0
1979,9,ND,4.1
1979,10,ND,4.1
1979,11,ND,4.1
1979,12,ND,4.2
1980,1,ND,4.2
1980,2,ND,4.2
1980,3,ND,4.4
1980,4,ND,4.6
1980,5,ND,4.9
1980,6,ND,5.1
1980,7,ND,5.3
1980,8,ND,5.3
1980,9,ND,5.3
1980,10,ND,5.2
1980,11,ND,5.1
1980,12,ND,5.1
1981,1,ND,5.1
1981,2,ND,5.0
1981,3,ND,5.0
1981,4,ND,4.9
1981,5,ND,4.9
1981,6,ND,4.8
1981,7,ND,4.8
1981,8,ND,4.8
1981,9,ND,4.8
1981,10,ND,4.8
1981,11,ND,4.9
1981,12,ND,4.9
1982,1,ND,5.0
1982,2,ND,5.1
1982,3,ND,5.1
1982,4,ND,5.2
1982,5,ND,5.3
1982,6,ND,5.4
1982,7,ND,5.5
1982,8,ND,5.7
1982,9,ND,5.8
1982,10,ND,5.9
1982,11,ND,6.1
1982,12,ND,6.2
1983,1,ND,6.3
1983,2,ND,6.3
1983,3,ND,6.3
1983,4,ND,6.2
1983,5,ND,6.0
1983,6,ND,5.9
1983,7,ND,5.7
1983,8,ND,5.5
1983,9,ND,5.4
1983,10,ND,5.4
1983,11,ND,5.3
1983,12,ND,5.3
1984,1,ND,5.3
1984,2,ND,5.2
1984,3,ND,5.2
1984,4,ND,5.2
1984,5,ND,5.3
1984,6,ND,5.3
1984,7,ND,5.3
1984,8,ND,5.3
1984,9,ND,5.3
1984,10,ND,5.3
1984,11,ND,5.4
1984,12,ND,5.4
1985,1,ND,5.4
1985,2,ND,5.5
1985,3,ND,5.5
1985,4,ND,5.5
1985,5,ND,5.5
1985,6,ND,5.5
1985,7,ND,5.5
1985,8,ND,5.5
1985,9,ND,5.5
1985,10,ND,5.5
1985,11,ND,5.5
1985,12,ND,5.6
1986,1,ND,5.6
1986,2,ND,5.7
1986,3,ND,5.8
1986,4,ND,5.8
1986,5,ND,5.8
1986,6,ND,5.7
1986,7,ND,5.6
1986,8,ND,5.5
1986,9,ND,5.4
1986,10,ND,5.3
1986,11,ND,5.3
1986,12,ND,5.2
1987,1,ND,5.2
1987,2,ND,5.2
1987,3,ND,5.1
1987,4,ND,5.0
1987,5,ND,5.0
1987,6,ND,4.9
1987,7,ND,4.9
1987,8,ND,4.9
1987,9,ND,4.9
1987,10,ND,4.9
1987,11,ND,4.9
1987,12,ND,4.8
1988,1,ND,4.7
1988,2,ND,4.7
1988,3,ND,4.6
1988,4,ND,4.6
1988,5,ND,4.7
1988,6,ND,4.7
1988,7,ND,4.7
1988,8,ND,4.7
1988,9,ND,4.7
1988,10,ND,4.7
1988,11,ND,4.6
1988,12,ND,4.6
1989,1,ND,4.5
1989,2,ND,4.4
1989,3,ND,4.3
1989,4,ND,4.3
1989,5,ND,4.3
1989,6,ND,4.3
1989,7,ND,4.3
1989,8,ND,4.4
1989,9,ND,4.4
1989,10,ND,4.3
1989,11,ND,4.3
1989,12,ND,4.2
1990,1,ND,4.2
1990,2,ND,4.2
1990,3,ND,4.1
1990,4,ND,4.1
1990,5,ND,4.1
1990,6,ND,4.1
1990,7,ND,4.1
1990,8,ND,4.2
1990,9,ND,4.2
1990,10,ND,4.2
1990,11,ND,4.2
1990,12,ND,4.2
1991,1,ND,4.2
1991,2,ND,4.3
1991,3,ND,4.4
1991,4,ND,4.4
1991,5,ND,4.5
1991,6,ND,4.5
1991,7,ND,4.4
1991,8,ND,4.3
1991,9,ND,4.3
1991,10,ND,4.3
1991,11,ND,4.3
1991,12,ND,4.4
1992,1,ND,4.4
1992,2,ND,4.5
1992,3,ND,4.5
1992,4,ND,4.6
1992,5,ND,4.6
1992,6,ND,4.6
1992,7,ND,4.6
1992,8,ND,4.6
1992,9,ND,4.5
1992,10,ND,4.5
1992,11,ND,4.5
1992,12,ND,4.5
1993,1,ND,4.4
1993,2,ND,4.4
1993,3,ND,4.4
1993,4,ND,4.3
1993,5,ND,4.3
1993,6,ND,4.3
1993,7,ND,4.2
1993,8,ND,4.2
1993,9,ND,4.2
1993,10,ND,4.1
1993,11,ND,4.1
1993,12,ND,4.1
1994,1,ND,4.0
1994,2,ND,4.0
1994,3,ND,3.9
1994,4,ND,3.8
1994,5,ND,3.7
1994,6,ND,3.6
1994,7,ND,3.6
1994,8,ND,3.6
1994,9,ND,3.6
1994,10,ND,3.6
1994,11,ND,3.6
1994,12,ND,3.5
1995,1,ND,3.5
1995,2,ND,3.4
1995,3,ND,3.4
1995,4,ND,3.4
1995,5,ND,3.3
1995,6,ND,3.3
1995,7,ND,3.3
1995,8,ND,3.3
1995,9,ND,3.3
1995,10,ND,3.3
1995,11,ND,3.2
1995,12,ND,3.2
1996,1,ND,3.2
1996,2,ND,3.2
1996,3,ND,3.2
1996,4,ND,3.2
1996,5,ND,3.2
1996,6,ND,3.1
1996,7,ND,3.1
1996,8,ND,3.1
1996,9,ND,3.1
1996,10,ND,3.1
1996,11,ND,3.1
1996,12,ND,3.1
1997,1,ND,3.1
1997,2,ND,3.1
1997,3,ND,3.1
1997,4,ND,3.1
1997,5,ND,3.1
1997,6,ND,3.0
1997,7,ND,3.0
1997,8,ND,2.9
1997,9,ND,2.8
1997,10,ND,2.7
1997,11,ND,2.7
1997,12,ND,2.7
1998,1,ND,2.7
1998,2,ND,2.7
1998,3,ND,2.8
1998,4,ND,2.8
1998,5,ND,2.9
1998,6,ND,2.9
1998,7,ND,3.0
1998,8,ND,3.1
1998,9,ND,3.1
1998,10,ND,3.2
1998,11,ND,3.2
1998,12,ND,3.2
1999,1,ND,3.2
1999,2,ND,3.2
1999,3,ND,3.2
1999,4,ND,3.2
1999,5,ND,3.2
1999,6,ND,3.2
1999,7,ND,3.2
1999,8,ND,3.2
1999,9,ND,3.1
1999,10,ND,3.1
1999,11,ND,3.0
1999,12,ND,3.0
2000,1,ND,3.0
2000,2,ND,3.0
2000,3,ND,2.9
2000,4,ND,2.9
2000,5,ND,2.9
2000,6,ND,2.9
2000,7,ND,2.9
2000,8,ND,2.9
2000,9,ND,2.9
2000,10,ND,2.9
2000,11,ND,2.9
2000,12,ND,2.8
2001,1,ND,2.8
2001,2,ND,2.8
2001,3,ND,2.7
2001,4,ND,2.7
2001,5,ND,2.7
2001,6,ND,2.7
2001,7,ND,2.7
2001,8,ND,2.8
2001,9,ND,2.9
2001,10,ND,2.9
2001,11,ND,3.0
2001,12,ND,3.1
2002,1,ND,3.2
2002,2,ND,3.3
2002,3,ND,3.4
2002,4,ND,3.4
2002,5,ND,3.4
2002,6,ND,3.4
2002,7,ND,3.4
2002,8,ND,3.4
2002,9,ND,3.4
2002,10,ND,3.4
2002,11,ND,3.4
2002,12,ND,3.4
2003,1,ND,3.4
2003,2,ND,3.4
2003,3,ND,3.4
2003,4,ND,3.5
2003,5,ND,3.5
2003,6,ND,3.5
2003,7,ND,3.5
2003,8,ND,3.5
2003,9,ND,3.5
2003,10,ND,3.4
2003,11,ND,3.4
2003,12,ND,3.4
2004,1,ND,3.3
2004,2,ND,3.3
2004,3,ND,3.3
2004,4,ND,3.3
2004,5,ND,3.3
2004,6,ND,3.4
2004,7,ND,3.4
2004,8,ND,3.4
2004,9,ND,3.4
2004,10,ND,3.4
2004,11,ND,3.4
2004,12,ND,3.4
2005,1,ND,3.4
2005,2,ND,3.4
2005,3,ND,3.4
2005,4,ND,3.4
2005,5,ND,3.4
2005,6,ND,3.3
2005,7,ND,3.3
2005,8,ND,3.3
2005,9,ND,3.3
2005,10,ND,3.3
2005,11,ND,3.2
2005,12,ND,3.2
2006,1,ND,3.2
2006,2,ND,3.1
2006,3,ND,3.1
2006,4,ND,3.1
2006,5,ND,3.1
2006,6,ND,3.1
2006,7,ND,3.1
2006,8,ND,3.1
2006,9,ND,3.2
2006,10,ND,3.1
2006,11,ND,3.1
2006,12,ND,3.1
2007,1,ND,3.1
2007,2,ND,3.0
2007,3,ND,3.0
2007,4,ND,3.0
2007,5,ND,3.0
2007,6,ND,3.0
2007,7,ND,3.1
2007,8,ND,3.1
2007,9,ND,3.1
2007,10,ND,3.1
2007,11,ND,3.0
2007,12,ND,3.0
2008,1,ND,2.9
2008,2,ND,2.8
2008,3,ND,2.8
2008,4,ND,2.9
2008,5,ND,3.0
2008,6,ND,3.0
2008,7,ND,3.1
2008,8,ND,3.1
2008,9,ND,3.2
2008,10,ND,3.2
2008,11,ND,3.4
2008,12,ND,3.5
2009,1,ND,3.7
2009,2,ND,3.9
2009,3,ND,4.0
2009,4,ND,4.0
2009,5,ND,4.0
2009,6,ND,3.9
2009,7,ND,3.9
2009,8,ND,3.8
2009,9,ND,3.8
2009,10,ND,3.8
2009,11,ND,3.8
2009,12,ND,3.9
2010,1,ND,3.9
2010,2,ND,3.8
2010,3,ND,3.8
2010,4,ND,3.7
2010,5,ND,3.7
2010,6,ND,3.6
2010,7,ND,3.6
2010,8,ND,3.6
2010,9,ND,3.6
2010,10,ND,3.6
2010,11,ND,3.5
2010,12,ND,3.5
2011,1,ND,3.4
2011,2,ND,3.4
2011,3,ND,3.4
2011,4,ND,3.4
2011,5,ND,3.4
2011,6,ND,3.4
2011,7,ND,3.4
2011,8,ND,3.4
2011,9,ND,3.3
2011,10,ND,3.3
2011,11,ND,3.2
2011,12,ND,3.1
2012,1,ND,3.0
2012,2,ND,2.9
2012,3,ND,2.9
2012,4,ND,2.9
2012,5,ND,2.9
2012,6,ND,2.9
2012,7,ND,2.9
2012,8,ND,2.9
2012,9,ND,3.0
2012,10,ND,3.0
2012,11,ND,3.0
2012,12,ND,3.0
2013,1,ND,3.0
2013,2,ND,3.0
2013,3,ND,3.0
2013,4,ND,2.9
2013,5,ND,2.9
2013,6,ND,2.9
2013,7,ND,2.9
2013,8,ND,2.9
2013,9,ND,2.8
2013,10,ND,2.8
2013,11,ND,2.8
2013,12,ND,2.8
2014,1,ND,2.7
2014,2,ND,2.7
2014,3,ND,2.7
2014,4,ND,2.7
2014,5,ND,2.6
2014,6,ND,2.6
2014,7,ND,2.7
2014,8,ND,2.7
2014,9,ND,2.7
2014,10,ND,2.7
2014,11,ND,2.6
2014,12,ND,2.6
2015,1,ND,2.6
2015,2,ND,2.7
2015,3,ND,2.7
2015,4,ND,2.8
2015,5,ND,2.8
2015,6,ND,2.8
2015,7,ND,2.8
2015,8,ND,2.8
2015,9,ND,2.8
2015,10,ND,2.8
2015,11,ND,2.8
2015,12,ND,2.9
2016,1,ND,3.0
2016,2,ND,3.1
2016,3,ND,3.1
2016,4,ND,3.1
2016,5,ND,3.1
2016,6,ND,3.1
2016,7,ND,3.0
2016,8,ND,3.0
2016,9,ND,3.0
2016,10,ND,2.9
2016,11,ND,2.9
2016,12,ND,2.9
2017,1,ND,2.8
2017,2,ND,2.8
2017,3,ND,2.7
2017,4,ND,2.6
2017,5,ND,2.5
2017,6,ND,2.5
2017,7,ND,2.5
2017,8,ND,2.5
2017,9,ND,2.5
2017,10,ND,2.6
2017,11,ND,2.6
2017,12,ND,2.6
2018,1,ND,2.6
2018,2,ND,2.6
2018,3,ND,2.6
2018,4,ND,2.5
2018,5,ND,2.4
2018,6,ND,2.3
2018,7,ND,2.3
2018,8,ND,2.2
2018,9,ND,2.3
2018,10,ND,2.3
2018,11,ND,2.3
2018,12,ND,2.3
2019,1,ND,2.4
2019,2,ND,2.3
2019,3,ND,2.3
2019,4,ND,2.2
2019,5,ND,2.1
2019,6,ND,2.1
2019,7,ND,2.1
2019,8,ND,2.1
2019,9,ND,2.1
2019,10,ND,2.1
2019,11,ND,2.0
2019,12,ND,2.0
2020,1,ND,2.1
2020,2,ND,2.2
2020,3,ND,2.5
2020,4,ND,8.7
2020,5,ND,7.3
2020,6,ND,6.5
2020,7,ND,6.2
2020,8,ND,5.6
2020,9,ND,5.3
2020,10,ND,4.8
2020,11,ND,4.5
2020,12,ND,4.4
2021,1,ND,4.1
2021,2,ND,3.9
2021,3,ND,3.7
2021,4,ND,3.5
2021,5,ND,3.3
2021,6,ND,3.1
2021,7,ND,2.9
2021,8,ND,2.8
2021,9,ND,2.6
2021,10,ND,2.5
2021,11,ND,2.4
2021,12,ND,2.3
2022,1,ND,2.2
2022,2,ND,2.2
2022,3,ND,2.1
2022,4,ND,2.1
2022,5,ND,2.0
2022,6,ND,2.0
2022,7,ND,2.0
2022,8,ND,2.1
2022,9,ND,2.1
2022,10,ND,2.1
2022,11,ND,2.1
2022,12,ND,2.1
2023,1,ND,2.1
2023,2,ND,2.0
2023,3,ND,2.0
2023,4,ND,2.0
2023,5,ND,1.9
2023,6,ND,1.9
2023,7,ND,2.0
2023,8,ND,2.0
2023,9,ND,2.0
2023,10,ND,2.1
2023,11,ND,2.2
2023,12,ND,2.2
2024,1,ND,2.2
2024,2,ND,2.2
2024,3,ND,2.3
2024,4,ND,2.3
2024,5,ND,2.4
2024,6,ND,2.5
2024,7,ND,2.5
2024,8,ND,2.5
2024,9,ND,2.5
2024,10,ND,2.5
2024,11,ND,2.5
2024,12,ND,2.5
2025,1,ND,2.6
2025,2,ND,2.6
2025,3,ND,2.6
2025,4,ND,2.6
2025,5,ND,2.5
2025,6,ND,2.5
2025,7,ND,2.5
2025,8,ND,2.5
2025,9,ND,2.6
2025,10,ND,
2025,11,ND,2.6
2025,12,ND,2.6
1976,1,OH,8.1
1976,2,OH,8.1
1976,3,OH,8.1
1976,4,OH,7.9
1976,5,OH,7.8
1976,6,OH,7.6
1976,7,OH,7.5
1976,8,OH,7.5
1976,9,OH,7.4
1976,10,OH,7.5
1976,11,OH,7.6
1976,12,OH,7.6
1977,1,OH,7.5
1977,2,OH,7.3
1977,3,OH,7.1
1977,4,OH,6.8
1977,5,OH,6.5
1977,6,OH,6.3
1977,7,OH,6.2
1977,8,OH,6.1
1977,9,OH,6.0
1977,10,OH,6.0
1977,11,OH,5.9
1977,12,OH,5.8
1978,1,OH,5.7
1978,2,OH,5.7
1978,3,OH,5.6
1978,4,OH,5.5
1978,5,OH,5.5
1978,6,OH,5.4
1978,7,OH,5.4
1978,8,OH,5.4
1978,9,OH,5.4
1978,10,OH,5.5
1978,11,OH,5.5
1978,12,OH,5.6
1979,1,OH,5.6
1979,2,OH,5.7
1979,3,OH,5.7
1979,4,OH,5.7
1979,5,OH,5.8
1979,6,OH,5.8
1979,7,OH,5.9
1979,8,OH,6.0
1979,9,OH,6.1
1979,10,OH,6.1
1979,11,OH,6.1
1979,12,OH,6.1
1980,1,OH,6.3
1980,2,OH,6.7
1980,3,OH,7.3
1980,4,OH,7.9
1980,5,OH,8.6
1980,6,OH,9.2
1980,7,OH,9.5
1980,8,OH,9.5
1980,9,OH,9.4
1980,10,OH,9.2
1980,11,OH,9.1
1980,12,OH,9.0
1981,1,OH,9.0
1981,2,OH,8.9
1981,3,OH,8.9
1981,4,OH,8.9
1981,5,OH,8.8
1981,6,OH,8.9
1981,7,OH,9.0
1981,8,OH,9.3
1981,9,OH,9.7
1981,10,OH,10.2
1981,11,OH,10.6
1981,12,OH,11.1
1982,1,OH,11.5
1982,2,OH,11.8
1982,3,OH,12.0
1982,4,OH,12.2
1982,5,OH,12.3
1982,6,OH,12.5
1982,7,OH,12.7
1982,8,OH,12.9
1982,9,OH,13.3
1982,10,OH,13.6
1982,11,OH,13.9
1982,12,OH,14.0
1983,1,OH,14.0
1983,2,OH,13.8
1983,3,OH,13.6
1983,4,OH,13.2
1983,5,OH,12.9
1983,6,OH,12.5
1983,7,OH,12.2
1983,8,OH,11.8
1983,9,OH,11.4
1983,10,OH,11.0
1983,11,OH,10.6
1983,12,OH,10.3
1984,1,OH,10.1
1984,2,OH,9.9
1984,3,OH,9.7
1984,4,OH,9.6
1984,5,OH,9.5
1984,6,OH,9.4
1984,7,OH,9.3
1984,8,OH,9.2
1984,9,OH,9.1
1984,10,OH,9.1
1984,11,OH,9.1
1984,12,OH,9.0
1985,1,OH,8.9
1985,2,OH,8.9
1985,3,OH,8.9
1985,4,OH,8.9
1985,5,OH,8.9
1985,6,OH,9.0
1985,7,OH,9.0
1985,8,OH,9.1
1985,9,OH,9.0
1985,10,OH,8.9
1985,11,OH,8.8
1985,12,OH,8.6
1986,1,OH,8.5
1986,2,OH,8.5
1986,3,OH,8.4
1986,4,OH,8.4
1986,5,OH,8.4
1986,6,OH,8.4
1986,7,OH,8.4
1986,8,OH,8.3
1986,9,OH,8.2
1986,10,OH,8.2
1986,11,OH,8.1
1986,12,OH,8.0
1987,1,OH,7.9
1987,2,OH,7.8
1987,3,OH,7.7
1987,4,OH,7.5
1987,5,OH,7.4
1987,6,OH,7.2
1987,7,OH,7.0
1987,8,OH,6.8
1987,9,OH,6.6
1987,10,OH,6.5
1987,11,OH,6.4
1987,12,OH,6.4
1988,1,OH,6.4
1988,2,OH,6.3
1988,3,OH,6.3
1988,4,OH,6.2
1988,5,OH,6.1
1988,6,OH,6.1
1988,7,OH,6.0
1988,8,OH,6.0
1988,9,OH,6.0
1988,10,OH,5.9
1988,11,OH,5.7
1988,12,OH,5.5
1989,1,OH,5.3
1989,2,OH,5.2
1989,3,OH,5.2
1989,4,OH,5.2
1989,5,OH,5.3
1989,6,OH,5.4
1989,7,OH,5.6
1989,8,OH,5.7
1989,9,OH,5.9
1989,10,OH,6.0
1989,11,OH,6.0
1989,12,OH,6.0
1990,1,OH,5.9
1990,2,OH,5.8
1990,3,OH,5.7
1990,4,OH,5.6
1990,5,OH,5.5
1990,6,OH,5.5
1990,7,OH,5.5
1990,8,OH,5.6
1990,9,OH,5.7
1990,10,OH,5.8
1990,11,OH,6.0
1990,12,OH,6.3
1991,1,OH,6.5
1991,2,OH,6.7
1991,3,OH,6.8
1991,4,OH,6.8
1991,5,OH,6.7
1991,6,OH,6.6
1991,7,OH,6.5
1991,8,OH,6.4
1991,9,OH,6.4
1991,10,OH,6.4
1991,11,OH,6.6
1991,12,OH,6.8
1992,1,OH,7.0
1992,2,OH,7.2
1992,3,OH,7.3
1992,4,OH,7.5
1992,5,OH,7.5
1992,6,OH,7.6
1992,7,OH,7.6
1992,8,OH,7.6
1992,9,OH,7.5
1992,10,OH,7.4
1992,11,OH,7.3
1992,12,OH,7.2
1993,1,OH,7.1
1993,2,OH,7.0
1993,3,OH,6.9
1993,4,OH,6.8
1993,5,OH,6.7
1993,6,OH,6.6
1993,7,OH,6.6
1993,8,OH,6.6
1993,9,OH,6.5
1993,10,OH,6.5
1993,11,OH,6.4
1993,12,OH,6.4
1994,1,OH,6.3
1994,2,OH,6.3
1994,3,OH,6.2
1994,4,OH,6.1
1994,5,OH,6.0
1994,6,OH,5.8
1994,7,OH,5.7
1994,8,OH,5.5
1994,9,OH,5.3
1994,10,OH,5.0
1994,11,OH,4.8
1994,12,OH,4.6
1995,1,OH,4.5
1995,2,OH,4.5
1995,3,OH,4.5
1995,4,OH,4.7
1995,5,OH,4.8
1995,6,OH,4.9
1995,7,OH,5.0
1995,8,OH,5.0
1995,9,OH,5.1
1995,10,OH,5.1
1995,11,OH,5.1
1995,12,OH,5.1
1996,1,OH,5.1
1996,2,OH,5.1
1996,3,OH,5.1
1996,4,OH,5.1
1996,5,OH,5.0
1996,6,OH,5.0
1996,7,OH,4.9
1996,8,OH,4.9
1996,9,OH,4.9
1996,10,OH,4.9
1996,11,OH,5.0
1996,12,OH,5.0
1997,1,OH,5.1
1997,2,OH,5.0
1997,3,OH,4.9
1997,4,OH,4.7
1997,5,OH,4.6
1997,6,OH,4.5
1997,7,OH,4.4
1997,8,OH,4.4
1997,9,OH,4.4
1997,10,OH,4.5
1997,11,OH,4.5
1997,12,OH,4.4
1998,1,OH,4.4
1998,2,OH,4.3
1998,3,OH,4.2
1998,4,OH,4.2
1998,5,OH,4.3
1998,6,OH,4.3
1998,7,OH,4.4
1998,8,OH,4.4
1998,9,OH,4.5
1998,10,OH,4.4
1998,11,OH,4.3
1998,12,OH,4.3
1999,1,OH,4.3
1999,2,OH,4.3
1999,3,OH,4.3
1999,4,OH,4.3
1999,5,OH,4.3
1999,6,OH,4.4
1999,7,OH,4.4
1999,8,OH,4.4
1999,9,OH,4.4
1999,10,OH,4.3
1999,11,OH,4.3
1999,12,OH,4.2
2000,1,OH,4.2
2000,2,OH,4.1
2000,3,OH,4.1
2000,4,OH,4.1
2000,5,OH,4.1
2000,6,OH,4.1
2000,7,OH,4.1
2000,8,OH,4.1
2000,9,OH,4.1
2000,10,OH,4.0
2000,11,OH,3.9
2000,12,OH,3.9
2001,1,OH,3.9
2001,2,OH,3.9
2001,3,OH,3.9
2001,4,OH,4.0
2001,5,OH,4.0
2001,6,OH,4.2
2001,7,OH,4.3
2001,8,OH,4.5
2001,9,OH,4.8
2001,10,OH,5.0
2001,11,OH,5.2
2001,12,OH,5.5
2002,1,OH,5.7
2002,2,OH,5.8
2002,3,OH,5.9
2002,4,OH,5.9
2002,5,OH,5.9
2002,6,OH,5.9
2002,7,OH,5.8
2002,8,OH,5.7
2002,9,OH,5.7
2002,10,OH,5.8
2002,11,OH,5.8
2002,12,OH,5.9
2003,1,OH,6.1
2003,2,OH,6.2
2003,3,OH,6.3
2003,4,OH,6.4
2003,5,OH,6.4
2003,6,OH,6.4
2003,7,OH,6.4
2003,8,OH,6.3
2003,9,OH,6.2
2003,10,OH,6.1
2003,11,OH,6.1
2003,12,OH,6.1
2004,1,OH,6.1
2004,2,OH,6.1
2004,3,OH,6.2
2004,4,OH,6.2
2004,5,OH,6.2
2004,6,OH,6.2
2004,7,OH,6.2
2004,8,OH,6.3
2004,9,OH,6.3
2004,10,OH,6.3
2004,11,OH,6.3
2004,12,OH,6.3
2005,1,OH,6.3
2005,2,OH,6.2
2005,3,OH,6.1
2005,4,OH,6.0
2005,5,OH,5.9
2005,6,OH,5.8
2005,7,OH,5.8
2005,8,OH,5.8
2005,9,OH,5.8
2005,10,OH,5.8
2005,11,OH,5.7
2005,12,OH,5.6
2006,1,OH,5.5
2006,2,OH,5.4
2006,3,OH,5.3
2006,4,OH,5.3
2006,5,OH,5.3
2006,6,OH,5.4
2006,7,OH,5.5
2006,8,OH,5.5
2006,9,OH,5.5
2006,10,OH,5.5
2006,11,OH,5.5
2006,12,OH,5.5
2007,1,OH,5.5
2007,2,OH,5.5
2007,3,OH,5.5
2007,4,OH,5.5
2007,5,OH,5.5
2007,6,OH,5.6
2007,7,OH,5.6
2007,8,OH,5.7
2007,9,OH,5.7
2007,10,OH,5.7
2007,11,OH,5.7
2007,12,OH,5.7
2008,1,OH,5.7
2008,2,OH,5.7
2008,3,OH,5.8
2008,4,OH,5.9
2008,5,OH,6.1
2008,6,OH,6.4
2008,7,OH,6.6
2008,8,OH,6.8
2008,9,OH,7.0
2008,10,OH,7.3
2008,11,OH,7.7
2008,12,OH,8.2
2009,1,OH,8.8
2009,2,OH,9.4
2009,3,OH,9.9
2009,4,OH,10.2
2009,5,OH,10.4
2009,6,OH,10.5
2009,7,OH,10.5
2009,8,OH,10.5
2009,9,OH,10.5
2009,10,OH,10.6
2009,11,OH,10.6
2009,12,OH,10.7
2010,1,OH,10.8
2010,2,OH,10.7
2010,3,OH,10.5
2010,4,OH,10.3
2010,5,OH,10.1
2010,6,OH,9.9
2010,7,OH,9.8
2010,8,OH,9.7
2010,9,OH,9.7
2010,10,OH,9.6
2010,11,OH,9.5
2010,12,OH,9.3
2011,1,OH,9.2
2011,2,OH,9.0
2011,3,OH,8.9
2011,4,OH,8.9
2011,5,OH,8.9
2011,6,OH,8.9
2011,7,OH,8.9
2011,8,OH,8.9
2011,9,OH,8.7
2011,10,OH,8.5
2011,11,OH,8.3
2011,12,OH,8.0
2012,1,OH,7.8
2012,2,OH,7.6
2012,3,OH,7.5
2012,4,OH,7.4
2012,5,OH,7.4
2012,6,OH,7.3
2012,7,OH,7.3
2012,8,OH,7.2
2012,9,OH,7.2
2012,10,OH,7.3
2012,11,OH,7.3
2012,12,OH,7.4
2013,1,OH,7.5
2013,2,OH,7.5
2013,3,OH,7.5
2013,4,OH,7.5
2013,5,OH,7.5
2013,6,OH,7.5
2013,7,OH,7.5
2013,8,OH,7.5
2013,9,OH,7.4
2013,10,OH,7.2
2013,11,OH,7.1
2013,12,OH,6.9
2014,1,OH,6.6
2014,2,OH,6.4
2014,3,OH,6.2
2014,4,OH,6.1
2014,5,OH,6.0
2014,6,OH,5.8
2014,7,OH,5.7
2014,8,OH,5.6
2014,9,OH,5.5
2014,10,OH,5.4
2014,11,OH,5.3
2014,12,OH,5.2
2015,1,OH,5.2
2015,2,OH,5.2
2015,3,OH,5.1
2015,4,OH,5.1
2015,5,OH,5.0
2015,6,OH,4.9
2015,7,OH,4.8
2015,8,OH,4.8
2015,9,OH,4.8
2015,10,OH,4.8
2015,11,OH,4.9
2015,12,OH,4.9
2016,1,OH,5.0
2016,2,OH,5.0
2016,3,OH,5.0
2016,4,OH,5.0
2016,5,OH,5.0
2016,6,OH,5.0
2016,7,OH,5.0
2016,8,OH,5.0
2016,9,OH,5.1
2016,10,OH,5.2
2016,11,OH,5.2
2016,12,OH,5.2
2017,1,OH,5.2
2017,2,OH,5.1
2017,3,OH,5.1
2017,4,OH,5.0
2017,5,OH,5.0
2017,6,OH,5.0
2017,7,OH,4.9
2017,8,OH,4.9
2017,9,OH,4.9
2017,10,OH,4.8
2017,11,OH,4.7
2017,12,OH,4.6
2018,1,OH,4.6
2018,2,OH,4.5
2018,3,OH,4.5
2018,4,OH,4.5
2018,5,OH,4.5
2018,6,OH,4.4
2018,7,OH,4.4
2018,8,OH,4.4
2018,9,OH,4.4
2018,10,OH,4.5
2018,11,OH,4.5
2018,12,OH,4.5
2019,1,OH,4.4
2019,2,OH,4.2
2019,3,OH,4.0
2019,4,OH,3.9
2019,5,OH,3.9
2019,6,OH,3.9
2019,7,OH,4.0
2019,8,OH,4.1
2019,9,OH,4.2
2019,10,OH,4.3
2019,11,OH,4.3
2019,12,OH,4.3
2020,1,OH,4.4
2020,2,OH,4.5
2020,3,OH,4.8
2020,4,OH,16.5
2020,5,OH,12.8
2020,6,OH,11.0
2020,7,OH,9.8
2020,8,OH,8.3
2020,9,OH,7.6
2020,10,OH,6.7
2020,11,OH,6.4
2020,12,OH,6.3
2021,1,OH,6.1
2021,2,OH,6.1
2021,3,OH,6.0
2021,4,OH,5.9
2021,5,OH,5.7
2021,6,OH,5.5
2021,7,OH,5.2
2021,8,OH,4.9
2021,9,OH,4.7
2021,10,OH,4.4
2021,11,OH,4.3
2021,12,OH,4.1
2022,1,OH,4.0
2022,2,OH,3.9
2022,3,OH,3.9
2022,4,OH,3.9
2022,5,OH,3.9
2022,6,OH,3.9
2022,7,OH,4.0
2022,8,OH,4.1
2022,9,OH,4.1
2022,10,OH,4.1
2022,11,OH,4.0
2022,12,OH,3.9
2023,1,OH,3.8
2023,2,OH,3.6
2023,3,OH,3.5
2023,4,OH,3.4
2023,5,OH,3.4
2023,6,OH,3.4
2023,7,OH,3.5
2023,8,OH,3.6
2023,9,OH,3.8
2023,10,OH,3.8
2023,11,OH,3.9
2023,12,OH,3.9
2024,1,OH,4.0
2024,2,OH,4.0
2024,3,OH,4.1
2024,4,OH,4.2
2024,5,OH,4.2
2024,6,OH,4.3
2024,7,OH,4.3
2024,8,OH,4.4
2024,9,OH,4.4
2024,10,OH,4.5
2024,11,OH,4.5
2024,12,OH,4.5
2025,1,OH,4.6
2025,2,OH,4.7
2025,3,OH,4.8
2025,4,OH,4.9
2025,5,OH,4.9
2025,6,OH,4.9
2025,7,OH,5.0
2025,8,OH,5.0
2025,9,OH,4.8
2025,10,OH,
2025,11,OH,4.5
2025,12,OH,4.5
1976,1,OK,5.8
1976,2,OK,5.8
1976,3,OK,5.8
1976,4,OK,5.7
1976,5,OK,5.7
1976,6,OK,5.6
1976,7,OK,5.5
1976,8,OK,5.5
1976,9,OK,5.4
1976,10,OK,5.4
1976,11,OK,5.3
1976,12,OK,5.3
1977,1,OK,5.2
1977,2,OK,5.2
1977,3,OK,5.2
1977,4,OK,5.2
1977,5,OK,5.1
1977,6,OK,5.0
1977,7,OK,4.8
1977,8,OK,4.6
1977,9,OK,4.4
1977,10,OK,4.2
1977,11,OK,4.1
1977,12,OK,4.0
1978,1,OK,4.0
1978,2,OK,3.9
1978,3,OK,3.7
1978,4,OK,3.5
1978,5,OK,3.3
1978,6,OK,3.1
1978,7,OK,3.0
1978,8,OK,3.0
1978,9,OK,3.0
1978,10,OK,3.1
1978,11,OK,3.1
1978,12,OK,3.2
1979,1,OK,3.2
1979,2,OK,3.2
1979,3,OK,3.1
1979,4,OK,3.1
1979,5,OK,3.1
1979,6,OK,3.1
1979,7,OK,3.1
1979,8,OK,3.1
1979,9,OK,3.1
1979,10,OK,3.1
1979,11,OK,3.0
1979,12,OK,3.0
1980,1,OK,3.0
1980,2,OK,3.1
1980,3,OK,3.3
1980,4,OK,3.5
1980,5,OK,3.7
1980,6,OK,4.8
1980,7,OK,5.1
1980,8,OK,5.1
1980,9,OK,4.9
1980,10,OK,4.7
1980,11,OK,4.4
1980,12,OK,4.0
1981,1,OK,3.8
1981,2,OK,3.6
1981,3,OK,3.4
1981,4,OK,3.3
1981,5,OK,3.3
1981,6,OK,3.3
1981,7,OK,3.3
1981,8,OK,3.4
1981,9,OK,3.5
1981,10,OK,3.8
1981,11,OK,4.1
1981,12,OK,4.3
1982,1,OK,4.5
1982,2,OK,4.6
1982,3,OK,4.8
1982,4,OK,5.0
1982,5,OK,5.3
1982,6,OK,5.6
1982,7,OK,6.0
1982,8,OK,6.5
1982,9,OK,7.0
1982,10,OK,7.5
1982,11,OK,8.0
1982,12,OK,8.4
1983,1,OK,8.6
1983,2,OK,8.8
1983,3,OK,8.8
1983,4,OK,8.8
1983,5,OK,8.6
1983,6,OK,8.5
1983,7,OK,8.2
1983,8,OK,8.0
1983,9,OK,7.7
1983,10,OK,7.5
1983,11,OK,7.2
1983,12,OK,7.1
1984,1,OK,6.9
1984,2,OK,6.8
1984,3,OK,6.7
1984,4,OK,6.7
1984,5,OK,6.7
1984,6,OK,6.7
1984,7,OK,6.7
1984,8,OK,6.8
1984,9,OK,6.8
1984,10,OK,6.9
1984,11,OK,6.9
1984,12,OK,7.0
1985,1,OK,7.1
1985,2,OK,7.1
1985,3,OK,7.2
1985,4,OK,7.2
1985,5,OK,7.1
1985,6,OK,7.1
1985,7,OK,7.0
1985,8,OK,7.0
1985,9,OK,7.0
1985,10,OK,7.0
1985,11,OK,7.1
1985,12,OK,7.2
1986,1,OK,7.4
1986,2,OK,7.7
1986,3,OK,8.0
1986,4,OK,8.3
1986,5,OK,8.6
1986,6,OK,8.7
1986,7,OK,8.8
1986,8,OK,8.7
1986,9,OK,8.7
1986,10,OK,8.5
1986,11,OK,8.4
1986,12,OK,8.1
1987,1,OK,8.0
1987,2,OK,7.8
1987,3,OK,7.7
1987,4,OK,7.5
1987,5,OK,7.3
1987,6,OK,7.1
1987,7,OK,6.9
1987,8,OK,6.8
1987,9,OK,6.8
1987,10,OK,6.8
1987,11,OK,6.7
1987,12,OK,6.7
1988,1,OK,6.6
1988,2,OK,6.5
1988,3,OK,6.4
1988,4,OK,6.3
1988,5,OK,6.3
1988,6,OK,6.3
1988,7,OK,6.3
1988,8,OK,6.4
1988,9,OK,6.4
1988,10,OK,6.3
1988,11,OK,6.3
1988,12,OK,6.2
1989,1,OK,6.1
1989,2,OK,5.9
1989,3,OK,5.8
1989,4,OK,5.9
1989,5,OK,5.8
1989,6,OK,5.8
1989,7,OK,5.7
1989,8,OK,5.7
1989,9,OK,5.7
1989,10,OK,5.6
1989,11,OK,5.6
1989,12,OK,5.5
1990,1,OK,5.4
1990,2,OK,5.3
1990,3,OK,5.2
1990,4,OK,5.2
1990,5,OK,5.0
1990,6,OK,5.1
1990,7,OK,5.2
1990,8,OK,5.3
1990,9,OK,5.5
1990,10,OK,5.7
1990,11,OK,5.9
1990,12,OK,6.0
1991,1,OK,6.1
1991,2,OK,6.1
1991,3,OK,6.1
1991,4,OK,6.0
1991,5,OK,6.0
1991,6,OK,6.0
1991,7,OK,6.0
1991,8,OK,5.9
1991,9,OK,5.9
1991,10,OK,5.9
1991,11,OK,6.0
1991,12,OK,6.0
1992,1,OK,6.1
1992,2,OK,6.1
1992,3,OK,6.1
1992,4,OK,6.1
1992,5,OK,6.0
1992,6,OK,6.0
1992,7,OK,5.9
1992,8,OK,5.8
1992,9,OK,5.7
1992,10,OK,5.6
1992,11,OK,5.5
1992,12,OK,5.5
1993,1,OK,5.5
1993,2,OK,5.5
1993,3,OK,5.6
1993,4,OK,5.7
1993,5,OK,5.7
1993,6,OK,5.8
1993,7,OK,5.8
1993,8,OK,5.7
1993,9,OK,5.7
1993,10,OK,5.6
1993,11,OK,5.6
1993,12,OK,5.6
1994,1,OK,5.7
1994,2,OK,5.6
1994,3,OK,5.6
1994,4,OK,5.6
1994,5,OK,5.5
1994,6,OK,5.4
1994,7,OK,5.3
1994,8,OK,5.2
1994,9,OK,5.1
1994,10,OK,5.0
1994,11,OK,4.9
1994,12,OK,4.7
1995,1,OK,4.6
1995,2,OK,4.5
1995,3,OK,4.5
1995,4,OK,4.5
1995,5,OK,4.5
1995,6,OK,4.5
1995,7,OK,4.5
1995,8,OK,4.5
1995,9,OK,4.5
1995,10,OK,4.4
1995,11,OK,4.4
1995,12,OK,4.3
1996,1,OK,4.3
1996,2,OK,4.2
1996,3,OK,4.2
1996,4,OK,4.1
1996,5,OK,4.0
1996,6,OK,3.9
1996,7,OK,3.8
1996,8,OK,3.8
1996,9,OK,3.9
1996,10,OK,3.9
1996,11,OK,4.0
1996,12,OK,4.0
1997,1,OK,4.1
1997,2,OK,4.0
1997,3,OK,4.0
1997,4,OK,4.0
1997,5,OK,4.0
1997,6,OK,4.0
1997,7,OK,4.0
1997,8,OK,4.0
1997,9,OK,3.9
1997,10,OK,3.9
1997,11,OK,3.8
1997,12,OK,3.8
1998,1,OK,3.8
1998,2,OK,3.8
1998,3,OK,3.9
1998,4,OK,4.0
1998,5,OK,4.1
1998,6,OK,4.2
1998,7,OK,4.3
1998,8,OK,4.3
1998,9,OK,4.2
1998,10,OK,4.2
1998,11,OK,4.1
1998,12,OK,4.0
1999,1,OK,3.9
1999,2,OK,3.8
1999,3,OK,3.7
1999,4,OK,3.6
1999,5,OK,3.5
1999,6,OK,3.5
1999,7,OK,3.4
1999,8,OK,3.3
1999,9,OK,3.3
1999,10,OK,3.3
1999,11,OK,3.2
1999,12,OK,3.2
2000,1,OK,3.1
2000,2,OK,3.1
2000,3,OK,3.0
2000,4,OK,3.0
2000,5,OK,3.0
2000,6,OK,3.0
2000,7,OK,3.0
2000,8,OK,3.0
2000,9,OK,3.0
2000,10,OK,2.9
2000,11,OK,2.9
2000,12,OK,2.9
2001,1,OK,3.0
2001,2,OK,3.0
2001,3,OK,3.1
2001,4,OK,3.2
2001,5,OK,3.3
2001,6,OK,3.4
2001,7,OK,3.6
2001,8,OK,3.8
2001,9,OK,4.0
2001,10,OK,4.2
2001,11,OK,4.4
2001,12,OK,4.5
2002,1,OK,4.6
2002,2,OK,4.6
2002,3,OK,4.6
2002,4,OK,4.6
2002,5,OK,4.6
2002,6,OK,4.5
2002,7,OK,4.5
2002,8,OK,4.5
2002,9,OK,4.5
2002,10,OK,4.7
2002,11,OK,4.8
2002,12,OK,4.9
2003,1,OK,5.1
2003,2,OK,5.2
2003,3,OK,5.3
2003,4,OK,5.5
2003,5,OK,5.6
2003,6,OK,5.6
2003,7,OK,5.6
2003,8,OK,5.6
2003,9,OK,5.5
2003,10,OK,5.3
2003,11,OK,5.2
2003,12,OK,5.1
2004,1,OK,5.1
2004,2,OK,5.0
2004,3,OK,4.9
2004,4,OK,4.9
2004,5,OK,4.8
2004,6,OK,4.7
2004,7,OK,4.6
2004,8,OK,4.5
2004,9,OK,4.5
2004,10,OK,4.5
2004,11,OK,4.5
2004,12,OK,4.5
2005,1,OK,4.5
2005,2,OK,4.5
2005,3,OK,4.4
2005,4,OK,4.4
2005,5,OK,4.3
2005,6,OK,4.3
2005,7,OK,4.3
2005,8,OK,4.3
2005,9,OK,4.3
2005,10,OK,4.3
2005,11,OK,4.2
2005,12,OK,4.1
2006,1,OK,4.0
2006,2,OK,3.9
2006,3,OK,3.8
2006,4,OK,3.8
2006,5,OK,3.8
2006,6,OK,3.8
2006,7,OK,3.9
2006,8,OK,3.9
2006,9,OK,3.9
2006,10,OK,4.0
2006,11,OK,4.0
2006,12,OK,4.1
2007,1,OK,4.1
2007,2,OK,4.1
2007,3,OK,4.1
2007,4,OK,4.1
2007,5,OK,4.1
2007,6,OK,4.0
2007,7,OK,4.0
2007,8,OK,4.0
2007,9,OK,3.9
2007,10,OK,3.8
2007,11,OK,3.7
2007,12,OK,3.6
2008,1,OK,3.4
2008,2,OK,3.3
2008,3,OK,3.2
2008,4,OK,3.2
2008,5,OK,3.3
2008,6,OK,3.4
2008,7,OK,3.5
2008,8,OK,3.6
2008,9,OK,3.7
2008,10,OK,3.9
2008,11,OK,4.2
2008,12,OK,4.6
2009,1,OK,5.1
2009,2,OK,5.6
2009,3,OK,6.1
2009,4,OK,6.5
2009,5,OK,6.7
2009,6,OK,6.8
2009,7,OK,6.9
2009,8,OK,6.9
2009,9,OK,6.9
2009,10,OK,6.9
2009,11,OK,6.9
2009,12,OK,6.9
2010,1,OK,6.9
2010,2,OK,6.9
2010,3,OK,6.8
2010,4,OK,6.7
2010,5,OK,6.5
2010,6,OK,6.4
2010,7,OK,6.3
2010,8,OK,6.3
2010,9,OK,6.2
2010,10,OK,6.2
2010,11,OK,6.1
2010,12,OK,6.0
2011,1,OK,5.9
2011,2,OK,5.7
2011,3,OK,5.6
2011,4,OK,5.5
2011,5,OK,5.5
2011,6,OK,5.5
2011,7,OK,5.5
2011,8,OK,5.6
2011,9,OK,5.6
2011,10,OK,5.5
2011,11,OK,5.5
2011,12,OK,5.4
2012,1,OK,5.2
2012,2,OK,5.1
2012,3,OK,5.1
2012,4,OK,5.0
2012,5,OK,5.0
2012,6,OK,5.1
2012,7,OK,5.1
2012,8,OK,5.0
2012,9,OK,5.0
2012,10,OK,5.1
2012,11,OK,5.1
2012,12,OK,5.1
2013,1,OK,5.2
2013,2,OK,5.2
2013,3,OK,5.2
2013,4,OK,5.2
2013,5,OK,5.1
2013,6,OK,5.1
2013,7,OK,5.1
2013,8,OK,5.1
2013,9,OK,5.1
2013,10,OK,5.1
2013,11,OK,5.0
2013,12,OK,5.0
2014,1,OK,4.9
2014,2,OK,4.7
2014,3,OK,4.6
2014,4,OK,4.5
2014,5,OK,4.4
2014,6,OK,4.3
2014,7,OK,4.3
2014,8,OK,4.2
2014,9,OK,4.1
2014,10,OK,4.1
2014,11,OK,4.0
2014,12,OK,4.0
2015,1,OK,4.0
2015,2,OK,4.1
2015,3,OK,4.2
2015,4,OK,4.3
2015,5,OK,4.3
2015,6,OK,4.4
2015,7,OK,4.4
2015,8,OK,4.3
2015,9,OK,4.3
2015,10,OK,4.3
2015,11,OK,4.4
2015,12,OK,4.4
2016,1,OK,4.5
2016,2,OK,4.5
2016,3,OK,4.6
2016,4,OK,4.6
2016,5,OK,4.7
2016,6,OK,4.8
2016,7,OK,4.8
2016,8,OK,4.8
2016,9,OK,4.7
2016,10,OK,4.7
2016,11,OK,4.6
2016,12,OK,4.5
2017,1,OK,4.4
2017,2,OK,4.3
2017,3,OK,4.2
2017,4,OK,4.1
2017,5,OK,4.0
2017,6,OK,4.0
2017,7,OK,4.0
2017,8,OK,4.0
2017,9,OK,3.9
2017,10,OK,3.9
2017,11,OK,3.8
2017,12,OK,3.8
2018,1,OK,3.7
2018,2,OK,3.6
2018,3,OK,3.5
2018,4,OK,3.4
2018,5,OK,3.3
2018,6,OK,3.2
2018,7,OK,3.1
2018,8,OK,3.1
2018,9,OK,3.1
2018,10,OK,3.1
2018,11,OK,3.2
2018,12,OK,3.2
2019,1,OK,3.2
2019,2,OK,3.2
2019,3,OK,3.1
2019,4,OK,3.1
2019,5,OK,3.0
2019,6,OK,3.0
2019,7,OK,3.1
2019,8,OK,3.1
2019,9,OK,3.2
2019,10,OK,3.2
2019,11,OK,3.1
2019,12,OK,3.1
2020,1,OK,3.1
2020,2,OK,3.2
2020,3,OK,3.2
2020,4,OK,12.5
2020,5,OK,9.8
2020,6,OK,8.2
2020,7,OK,7.4
2020,8,OK,6.3
2020,9,OK,5.9
2020,10,OK,5.5
2020,11,OK,5.3
2020,12,OK,5.2
2021,1,OK,5.0
2021,2,OK,4.9
2021,3,OK,4.8
2021,4,OK,4.7
2021,5,OK,4.5
2021,6,OK,4.3
2021,7,OK,4.0
2021,8,OK,3.7
2021,9,OK,3.4
2021,10,OK,3.1
2021,11,OK,3.0
2021,12,OK,2.9
2022,1,OK,2.9
2022,2,OK,2.9
2022,3,OK,2.9
2022,4,OK,2.9
2022,5,OK,3.0
2022,6,OK,3.0
2022,7,OK,3.1
2022,8,OK,3.1
2022,9,OK,3.2
2022,10,OK,3.1
2022,11,OK,3.1
2022,12,OK,3.1
2023,1,OK,3.0
2023,2,OK,3.0
2023,3,OK,3.0
2023,4,OK,3.0
2023,5,OK,3.0
2023,6,OK,3.1
2023,7,OK,3.2
2023,8,OK,3.3
2023,9,OK,3.4
2023,10,OK,3.4
2023,11,OK,3.5
2023,12,OK,3.5
2024,1,OK,3.4
2024,2,OK,3.4
2024,3,OK,3.3
2024,4,OK,3.3
2024,5,OK,3.3
2024,6,OK,3.3
2024,7,OK,3.3
2024,8,OK,3.3
2024,9,OK,3.3
2024,10,OK,3.3
2024,11,OK,3.3
2024,12,OK,3.3
2025,1,OK,3.3
2025,2,OK,3.3
2025,3,OK,3.3
2025,4,OK,3.2
2025,5,OK,3.1
2025,6,OK,3.1
2025,7,OK,3.1
2025,8,OK,3.1
2025,9,OK,3.2
2025,10,OK,
2025,11,OK,3.5
2025,12,OK,3.6
1976,1,OR,9.5
1976,2,OR,9.5
1976,3,OR,9.4
1976,4,OR,9.3
1976,5,OR,9.1
1976,6,OR,9.1
1976,7,OR,9.1
1976,8,OR,9.2
1976,9,OR,9.2
1976,10,OR,9.3
1976,11,OR,9.3
1976,12,OR,9.3
1977,1,OR,9.2
1977,2,OR,9.0
1977,3,OR,8.6
1977,4,OR,8.3
1977,5,OR,7.8
1977,6,OR,7.4
1977,7,OR,7.1
1977,8,OR,6.8
1977,9,OR,6.6
1977,10,OR,6.3
1977,11,OR,6.1
1977,12,OR,5.9
1978,1,OR,5.7
1978,2,OR,5.6
1978,3,OR,5.6
1978,4,OR,5.7
1978,5,OR,5.8
1978,6,OR,5.9
1978,7,OR,6.1
1978,8,OR,6.2
1978,9,OR,6.4
1978,10,OR,6.6
1978,11,OR,6.8
1978,12,OR,7.0
1979,1,OR,7.1
1979,2,OR,7.0
1979,3,OR,7.0
1979,4,OR,6.9
1979,5,OR,6.8
1979,6,OR,6.7
1979,7,OR,6.7
1979,8,OR,6.7
1979,9,OR,6.7
1979,10,OR,6.6
1979,11,OR,6.5
1979,12,OR,6.5
1980,1,OR,6.5
1980,2,OR,6.8
1980,3,OR,7.4
1980,4,OR,8.0
1980,5,OR,8.6
1980,6,OR,9.0
1980,7,OR,9.2
1980,8,OR,9.2
1980,9,OR,9.1
1980,10,OR,9.0
1980,11,OR,8.9
1980,12,OR,9.0
1981,1,OR,9.1
1981,2,OR,9.3
1981,3,OR,9.4
1981,4,OR,9.4
1981,5,OR,9.4
1981,6,OR,9.4
1981,7,OR,9.5
1981,8,OR,9.7
1981,9,OR,9.9
1981,10,OR,10.2
1981,11,OR,10.5
1981,12,OR,10.8
1982,1,OR,11.0
1982,2,OR,11.1
1982,3,OR,11.1
1982,4,OR,11.1
1982,5,OR,11.1
1982,6,OR,11.1
1982,7,OR,11.2
1982,8,OR,11.3
1982,9,OR,11.5
1982,10,OR,11.7
1982,11,OR,11.9
1982,12,OR,11.9
1983,1,OR,11.8
1983,2,OR,11.6
1983,3,OR,11.3
1983,4,OR,11.1
1983,5,OR,10.9
1983,6,OR,10.8
1983,7,OR,10.8
1983,8,OR,10.7
1983,9,OR,10.6
1983,10,OR,10.4
1983,11,OR,10.1
1983,12,OR,9.9
1984,1,OR,9.7
1984,2,OR,9.5
1984,3,OR,9.4
1984,4,OR,9.4
1984,5,OR,9.3
1984,6,OR,9.2
1984,7,OR,9.2
1984,8,OR,9.1
1984,9,OR,9.1
1984,10,OR,9.2
1984,11,OR,9.2
1984,12,OR,9.2
1985,1,OR,9.2
1985,2,OR,9.1
1985,3,OR,9.0
1985,4,OR,8.9
1985,5,OR,8.8
1985,6,OR,8.7
1985,7,OR,8.5
1985,8,OR,8.4
1985,9,OR,8.3
1985,10,OR,8.2
1985,11,OR,8.2
1985,12,OR,8.3
1986,1,OR,8.4
1986,2,OR,8.5
1986,3,OR,8.6
1986,4,OR,8.6
1986,5,OR,8.5
1986,6,OR,8.4
1986,7,OR,8.1
1986,8,OR,7.8
1986,9,OR,7.5
1986,10,OR,7.2
1986,11,OR,6.9
1986,12,OR,6.7
1987,1,OR,6.5
1987,2,OR,6.3
1987,3,OR,6.2
1987,4,OR,6.1
1987,5,OR,6.0
1987,6,OR,6.0
1987,7,OR,6.0
1987,8,OR,6.1
1987,9,OR,6.1
1987,10,OR,6.2
1987,11,OR,6.1
1987,12,OR,6.1
1988,1,OR,6.0
1988,2,OR,6.0
1988,3,OR,5.9
1988,4,OR,5.9
1988,5,OR,5.9
1988,6,OR,5.8
1988,7,OR,5.8
1988,8,OR,5.7
1988,9,OR,5.6
1988,10,OR,5.5
1988,11,OR,5.4
1988,12,OR,5.4
1989,1,OR,5.4
1989,2,OR,5.4
1989,3,OR,5.4
1989,4,OR,5.4
1989,5,OR,5.4
1989,6,OR,5.3
1989,7,OR,5.3
1989,8,OR,5.3
1989,9,OR,5.3
1989,10,OR,5.3
1989,11,OR,5.3
1989,12,OR,5.2
1990,1,OR,5.1
1990,2,OR,5.1
1990,3,OR,5.0
1990,4,OR,5.1
1990,5,OR,5.2
1990,6,OR,5.4
1990,7,OR,5.5
1990,8,OR,5.6
1990,9,OR,5.7
1990,10,OR,5.7
1990,11,OR,5.7
1990,12,OR,5.7
1991,1,OR,5.7
1991,2,OR,5.8
1991,3,OR,5.8
1991,4,OR,5.8
1991,5,OR,5.9
1991,6,OR,6.0
1991,7,OR,6.1
1991,8,OR,6.2
1991,9,OR,6.4
1991,10,OR,6.6
1991,11,OR,6.8
1991,12,OR,7.0
1992,1,OR,7.2
1992,2,OR,7.3
1992,3,OR,7.3
1992,4,OR,7.3
1992,5,OR,7.3
1992,6,OR,7.2
1992,7,OR,7.2
1992,8,OR,7.2
1992,9,OR,7.2
1992,10,OR,7.2
1992,11,OR,7.2
1992,12,OR,7.2
1993,1,OR,7.2
1993,2,OR,7.2
1993,3,OR,7.2
1993,4,OR,7.2
1993,5,OR,7.3
1993,6,OR,7.2
1993,7,OR,7.2
1993,8,OR,7.0
1993,9,OR,6.9
1993,10,OR,6.7
1993,11,OR,6.5
1993,12,OR,6.3
1994,1,OR,6.1
1994,2,OR,6.0
1994,3,OR,5.8
1994,4,OR,5.6
1994,5,OR,5.4
1994,6,OR,5.3
1994,7,OR,5.1
1994,8,OR,5.0
1994,9,OR,4.9
1994,10,OR,4.8
1994,11,OR,4.7
1994,12,OR,4.6
1995,1,OR,4.5
1995,2,OR,4.5
1995,3,OR,4.6
1995,4,OR,4.7
1995,5,OR,4.7
1995,6,OR,4.8
1995,7,OR,4.8
1995,8,OR,4.8
1995,9,OR,4.8
1995,10,OR,4.9
1995,11,OR,5.0
1995,12,OR,5.1
1996,1,OR,5.2
1996,2,OR,5.4
1996,3,OR,5.5
1996,4,OR,5.5
1996,5,OR,5.5
1996,6,OR,5.5
1996,7,OR,5.5
1996,8,OR,5.6
1996,9,OR,5.6
1996,10,OR,5.7
1996,11,OR,5.8
1996,12,OR,5.9
1997,1,OR,5.9
1997,2,OR,5.9
1997,3,OR,5.8
1997,4,OR,5.7
1997,5,OR,5.6
1997,6,OR,5.5
1997,7,OR,5.4
1997,8,OR,5.4
1997,9,OR,5.4
1997,10,OR,5.4
1997,11,OR,5.3
1997,12,OR,5.3
1998,1,OR,5.3
1998,2,OR,5.3
1998,3,OR,5.4
1998,4,OR,5.5
1998,5,OR,5.6
1998,6,OR,5.7
1998,7,OR,5.8
1998,8,OR,5.8
1998,9,OR,5.8
1998,10,OR,5.9
1998,11,OR,5.8
1998,12,OR,5.8
1999,1,OR,5.7
1999,2,OR,5.6
1999,3,OR,5.6
1999,4,OR,5.6
1999,5,OR,5.6
1999,6,OR,5.6
1999,7,OR,5.6
1999,8,OR,5.5
1999,9,OR,5.4
1999,10,OR,5.3
1999,11,OR,5.2
1999,12,OR,5.1
2000,1,OR,5.0
2000,2,OR,5.0
2000,3,OR,5.1
2000,4,OR,5.1
2000,5,OR,5.2
2000,6,OR,5.3
2000,7,OR,5.3
2000,8,OR,5.3
2000,9,OR,5.3
2000,10,OR,5.2
2000,11,OR,5.2
2000,12,OR,5.2
2001,1,OR,5.3
2001,2,OR,5.4
2001,3,OR,5.6
2001,4,OR,5.8
2001,5,OR,5.9
2001,6,OR,6.1
2001,7,OR,6.3
2001,8,OR,6.5
2001,9,OR,6.9
2001,10,OR,7.2
2001,11,OR,7.5
2001,12,OR,7.8
2002,1,OR,7.8
2002,2,OR,7.8
2002,3,OR,7.7
2002,4,OR,7.5
2002,5,OR,7.4
2002,6,OR,7.3
2002,7,OR,7.2
2002,8,OR,7.2
2002,9,OR,7.3
2002,10,OR,7.3
2002,11,OR,7.4
2002,12,OR,7.5
2003,1,OR,7.7
2003,2,OR,7.8
2003,3,OR,8.0
2003,4,OR,8.2
2003,5,OR,8.3
2003,6,OR,8.3
2003,7,OR,8.3
2003,8,OR,8.2
2003,9,OR,8.0
2003,10,OR,7.9
2003,11,OR,7.8
2003,12,OR,7.7
2004,1,OR,7.7
2004,2,OR,7.7
2004,3,OR,7.6
2004,4,OR,7.6
2004,5,OR,7.5
2004,6,OR,7.4
2004,7,OR,7.3
2004,8,OR,7.2
2004,9,OR,7.2
2004,10,OR,7.0
2004,11,OR,6.9
2004,12,OR,6.7
2005,1,OR,6.6
2005,2,OR,6.5
2005,3,OR,6.4
2005,4,OR,6.3
2005,5,OR,6.3
2005,6,OR,6.2
2005,7,OR,6.2
2005,8,OR,6.1
2005,9,OR,6.0
2005,10,OR,5.9
2005,11,OR,5.8
2005,12,OR,5.7
2006,1,OR,5.6
2006,2,OR,5.5
2006,3,OR,5.5
2006,4,OR,5.4
2006,5,OR,5.4
2006,6,OR,5.4
2006,7,OR,5.4
2006,8,OR,5.4
2006,9,OR,5.3
2006,10,OR,5.3
2006,11,OR,5.3
2006,12,OR,5.2
2007,1,OR,5.1
2007,2,OR,5.1
2007,3,OR,5.0
2007,4,OR,5.0
2007,5,OR,5.0
2007,6,OR,5.1
2007,7,OR,5.2
2007,8,OR,5.3
2007,9,OR,5.3
2007,10,OR,5.3
2007,11,OR,5.3
2007,12,OR,5.2
2008,1,OR,5.1
2008,2,OR,5.0
2008,3,OR,5.1
2008,4,OR,5.2
2008,5,OR,5.4
2008,6,OR,5.7
2008,7,OR,6.1
2008,8,OR,6.5
2008,9,OR,7.0
2008,10,OR,7.5
2008,11,OR,8.2
2008,12,OR,8.9
2009,1,OR,9.6
2009,2,OR,10.2
2009,3,OR,10.7
2009,4,OR,11.0
2009,5,OR,11.1
2009,6,OR,11.0
2009,7,OR,10.9
2009,8,OR,10.7
2009,9,OR,10.6
2009,10,OR,10.6
2009,11,OR,10.6
2009,12,OR,10.6
2010,1,OR,10.7
2010,2,OR,10.7
2010,3,OR,10.7
2010,4,OR,10.7
2010,5,OR,10.6
2010,6,OR,10.6
2010,7,OR,10.6
2010,8,OR,10.5
2010,9,OR,10.5
2010,10,OR,10.5
2010,11,OR,10.4
2010,12,OR,10.2
2011,1,OR,9.9
2011,2,OR,9.7
2011,3,OR,9.6
2011,4,OR,9.5
2011,5,OR,9.5
2011,6,OR,9.5
2011,7,OR,9.5
2011,8,OR,9.5
2011,9,OR,9.4
2011,10,OR,9.3
2011,11,OR,9.1
2011,12,OR,9.0
2012,1,OR,8.9
2012,2,OR,8.8
2012,3,OR,8.8
2012,4,OR,8.8
2012,5,OR,8.8
2012,6,OR,8.8
2012,7,OR,8.7
2012,8,OR,8.7
2012,9,OR,8.6
2012,10,OR,8.6
2012,11,OR,8.5
2012,12,OR,8.5
2013,1,OR,8.4
2013,2,OR,8.3
2013,3,OR,8.2
2013,4,OR,8.1
2013,5,OR,7.9
2013,6,OR,7.8
2013,7,OR,7.7
2013,8,OR,7.5
2013,9,OR,7.4
2013,10,OR,7.3
2013,11,OR,7.2
2013,12,OR,7.2
2014,1,OR,7.2
2014,2,OR,7.1
2014,3,OR,7.0
2014,4,OR,6.9
2014,5,OR,6.8
2014,6,OR,6.7
2014,7,OR,6.6
2014,8,OR,6.5
2014,9,OR,6.4
2014,10,OR,6.3
2014,11,OR,6.2
2014,12,OR,6.0
2015,1,OR,5.8
2015,2,OR,5.8
2015,3,OR,5.7
2015,4,OR,5.6
2015,5,OR,5.6
2015,6,OR,5.5
2015,7,OR,5.5
2015,8,OR,5.4
2015,9,OR,5.3
2015,10,OR,5.2
2015,11,OR,5.1
2015,12,OR,5.0
2016,1,OR,5.0
2016,2,OR,4.9
2016,3,OR,4.9
2016,4,OR,4.9
2016,5,OR,4.9
2016,6,OR,4.9
2016,7,OR,4.9
2016,8,OR,4.8
2016,9,OR,4.7
2016,10,OR,4.5
2016,11,OR,4.4
2016,12,OR,4.2
2017,1,OR,4.1
2017,2,OR,4.0
2017,3,OR,4.0
2017,4,OR,3.9
2017,5,OR,4.0
2017,6,OR,4.0
2017,7,OR,4.1
2017,8,OR,4.1
2017,9,OR,4.1
2017,10,OR,4.2
2017,11,OR,4.2
2017,12,OR,4.1
2018,1,OR,4.1
2018,2,OR,4.1
2018,3,OR,4.0
2018,4,OR,3.9
2018,5,OR,3.9
2018,6,OR,3.8
2018,7,OR,3.9
2018,8,OR,3.9
2018,9,OR,4.1
2018,10,OR,4.2
2018,11,OR,4.2
2018,12,OR,4.3
2019,1,OR,4.2
2019,2,OR,4.1
2019,3,OR,4.0
2019,4,OR,3.9
2019,5,OR,3.8
2019,6,OR,3.7
2019,7,OR,3.7
2019,8,OR,3.6
2019,9,OR,3.5
2019,10,OR,3.4
2019,11,OR,3.4
2019,12,OR,3.4
2020,1,OR,3.4
2020,2,OR,3.6
2020,3,OR,3.7
2020,4,OR,13.7
2020,5,OR,11.8
2020,6,OR,10.2
2020,7,OR,9.2
2020,8,OR,7.9
2020,9,OR,7.5
2020,10,OR,6.8
2020,11,OR,6.6
2020,12,OR,6.5
2021,1,OR,6.3
2021,2,OR,6.2
2021,3,OR,6.1
2021,4,OR,6.0
2021,5,OR,5.6
2021,6,OR,5.4
2021,7,OR,5.0
2021,8,OR,4.7
2021,9,OR,4.4
2021,10,OR,4.2
2021,11,OR,4.0
2021,12,OR,3.9
2022,1,OR,3.9
2022,2,OR,3.8
2022,3,OR,3.7
2022,4,OR,3.7
2022,5,OR,3.8
2022,6,OR,3.9
2022,7,OR,3.9
2022,8,OR,4.0
2022,9,OR,4.1
2022,10,OR,4.2
2022,11,OR,4.1
2022,12,OR,4.0
2023,1,OR,3.8
2023,2,OR,3.7
2023,3,OR,3.6
2023,4,OR,3.6
2023,5,OR,3.6
2023,6,OR,3.6
2023,7,OR,3.7
2023,8,OR,3.8
2023,9,OR,3.8
2023,10,OR,3.9
2023,11,OR,4.0
2023,12,OR,4.0
2024,1,OR,4.1
2024,2,OR,4.1
2024,3,OR,4.1
2024,4,OR,4.1
2024,5,OR,4.1
2024,6,OR,4.1
2024,7,OR,4.2
2024,8,OR,4.2
2024,9,OR,4.2
2024,10,OR,4.3
2024,11,OR,4.3
2024,12,OR,4.3
2025,1,OR,4.4
2025,2,OR,4.5
2025,3,OR,4.6
2025,4,OR,4.7
2025,5,OR,4.8
2025,6,OR,4.9
2025,7,OR,4.9
2025,8,OR,5.0
2025,9,OR,5.2
2025,10,OR,
2025,11,OR,5.2
2025,12,OR,5.2
1976,1,PA,8.1
1976,2,PA,8.1
1976,3,PA,8.1
1976,4,PA,8.1
1976,5,PA,8.1
1976,6,PA,8.0
1976,7,PA,7.9
1976,8,PA,7.9
1976,9,PA,7.8
1976,10,PA,7.9
1976,11,PA,8.0
1976,12,PA,8.1
1977,1,PA,8.1
1977,2,PA,8.1
1977,3,PA,8.0
1977,4,PA,7.9
1977,5,PA,7.8
1977,6,PA,7.7
1977,7,PA,7.7
1977,8,PA,7.6
1977,9,PA,7.6
1977,10,PA,7.5
1977,11,PA,7.5
1977,12,PA,7.4
1978,1,PA,7.4
1978,2,PA,7.3
1978,3,PA,7.2
1978,4,PA,7.1
1978,5,PA,7.0
1978,6,PA,6.9
1978,7,PA,6.9
1978,8,PA,6.9
1978,9,PA,6.9
1978,10,PA,6.9
1978,11,PA,6.9
1978,12,PA,6.9
1979,1,PA,6.9
1979,2,PA,6.9
1979,3,PA,6.9
1979,4,PA,6.9
1979,5,PA,6.9
1979,6,PA,6.9
1979,7,PA,7.0
1979,8,PA,7.0
1979,9,PA,7.1
1979,10,PA,7.2
1979,11,PA,7.2
1979,12,PA,7.2
1980,1,PA,7.3
1980,2,PA,7.4
1980,3,PA,7.7
1980,4,PA,8.0
1980,5,PA,8.4
1980,6,PA,8.7
1980,7,PA,8.8
1980,8,PA,8.8
1980,9,PA,8.6
1980,10,PA,8.4
1980,11,PA,8.2
1980,12,PA,8.0
1981,1,PA,8.0
1981,2,PA,8.0
1981,3,PA,8.0
1981,4,PA,8.0
1981,5,PA,8.0
1981,6,PA,8.0
1981,7,PA,8.1
1981,8,PA,8.2
1981,9,PA,8.4
1981,10,PA,8.7
1981,11,PA,9.0
1981,12,PA,9.4
1982,1,PA,9.7
1982,2,PA,9.9
1982,3,PA,10.1
1982,4,PA,10.2
1982,5,PA,10.4
1982,6,PA,10.6
1982,7,PA,10.8
1982,8,PA,11.1
1982,9,PA,11.4
1982,10,PA,11.8
1982,11,PA,12.0
1982,12,PA,12.2
1983,1,PA,12.3
1983,2,PA,12.3
1983,3,PA,12.1
1983,4,PA,11.8
1983,5,PA,11.5
1983,6,PA,11.2
1983,7,PA,10.9
1983,8,PA,10.6
1983,9,PA,10.3
1983,10,PA,10.0
1983,11,PA,9.7
1983,12,PA,9.5
1984,1,PA,9.3
1984,2,PA,9.1
1984,3,PA,9.0
1984,4,PA,9.0
1984,5,PA,8.9
1984,6,PA,8.9
1984,7,PA,8.9
1984,8,PA,8.8
1984,9,PA,8.7
1984,10,PA,8.6
1984,11,PA,8.5
1984,12,PA,8.4
1985,1,PA,8.3
1985,2,PA,8.2
1985,3,PA,8.2
1985,4,PA,8.2
1985,5,PA,8.1
1985,6,PA,8.1
1985,7,PA,8.0
1985,8,PA,7.9
1985,9,PA,7.8
1985,10,PA,7.7
1985,11,PA,7.6
1985,12,PA,7.6
1986,1,PA,7.5
1986,2,PA,7.5
1986,3,PA,7.4
1986,4,PA,7.4
1986,5,PA,7.2
1986,6,PA,7.1
1986,7,PA,7.0
1986,8,PA,6.8
1986,9,PA,6.7
1986,10,PA,6.6
1986,11,PA,6.4
1986,12,PA,6.3
1987,1,PA,6.2
1987,2,PA,6.1
1987,3,PA,5.9
1987,4,PA,5.9
1987,5,PA,5.8
1987,6,PA,5.7
1987,7,PA,5.7
1987,8,PA,5.7
1987,9,PA,5.6
1987,10,PA,5.6
1987,11,PA,5.6
1987,12,PA,5.5
1988,1,PA,5.5
1988,2,PA,5.4
1988,3,PA,5.3
1988,4,PA,5.2
1988,5,PA,5.2
1988,6,PA,5.1
1988,7,PA,5.1
1988,8,PA,5.1
1988,9,PA,5.1
1988,10,PA,5.0
1988,11,PA,5.0
1988,12,PA,4.9
1989,1,PA,4.8
1989,2,PA,4.7
1989,3,PA,4.7
1989,4,PA,4.8
1989,5,PA,4.8
1989,6,PA,4.9
1989,7,PA,4.9
1989,8,PA,5.0
1989,9,PA,5.1
1989,10,PA,5.1
1989,11,PA,5.2
1989,12,PA,5.2
1990,1,PA,5.2
1990,2,PA,5.2
1990,3,PA,5.2
1990,4,PA,5.2
1990,5,PA,5.2
1990,6,PA,5.3
1990,7,PA,5.4
1990,8,PA,5.5
1990,9,PA,5.7
1990,10,PA,5.9
1990,11,PA,6.1
1990,12,PA,6.3
1991,1,PA,6.6
1991,2,PA,6.8
1991,3,PA,6.9
1991,4,PA,7.0
1991,5,PA,7.0
1991,6,PA,6.9
1991,7,PA,6.9
1991,8,PA,6.8
1991,9,PA,6.9
1991,10,PA,7.0
1991,11,PA,7.1
1991,12,PA,7.2
1992,1,PA,7.3
1992,2,PA,7.4
1992,3,PA,7.4
1992,4,PA,7.4
1992,5,PA,7.5
1992,6,PA,7.5
1992,7,PA,7.5
1992,8,PA,7.5
1992,9,PA,7.4
1992,10,PA,7.3
1992,11,PA,7.2
1992,12,PA,7.1
1993,1,PA,7.0
1993,2,PA,7.0
1993,3,PA,6.9
1993,4,PA,6.9
1993,5,PA,6.9
1993,6,PA,6.9
1993,7,PA,6.9
1993,8,PA,6.8
1993,9,PA,6.8
1993,10,PA,6.7
1993,11,PA,6.7
1993,12,PA,6.7
1994,1,PA,6.6
1994,2,PA,6.6
1994,3,PA,6.6
1994,4,PA,6.5
1994,5,PA,6.5
1994,6,PA,6.4
1994,7,PA,6.3
1994,8,PA,6.2
1994,9,PA,6.2
1994,10,PA,6.1
1994,11,PA,5.9
1994,12,PA,5.8
1995,1,PA,5.7
1995,2,PA,5.7
1995,3,PA,5.8
1995,4,PA,5.9
1995,5,PA,5.9
1995,6,PA,6.0
1995,7,PA,6.0
1995,8,PA,6.0
1995,9,PA,6.0
1995,10,PA,6.0
1995,11,PA,6.0
1995,12,PA,6.0
1996,1,PA,5.9
1996,2,PA,5.9
1996,3,PA,5.8
1996,4,PA,5.7
1996,5,PA,5.6
1996,6,PA,5.5
1996,7,PA,5.3
1996,8,PA,5.3
1996,9,PA,5.2
1996,10,PA,5.2
1996,11,PA,5.3
1996,12,PA,5.3
1997,1,PA,5.3
1997,2,PA,5.3
1997,3,PA,5.3
1997,4,PA,5.2
1997,5,PA,5.2
1997,6,PA,5.2
1997,7,PA,5.2
1997,8,PA,5.1
1997,9,PA,5.0
1997,10,PA,5.0
1997,11,PA,4.9
1997,12,PA,4.8
1998,1,PA,4.8
1998,2,PA,4.8
1998,3,PA,4.7
1998,4,PA,4.7
1998,5,PA,4.7
1998,6,PA,4.7
1998,7,PA,4.7
1998,8,PA,4.7
1998,9,PA,4.7
1998,10,PA,4.7
1998,11,PA,4.6
1998,12,PA,4.6
1999,1,PA,4.5
1999,2,PA,4.5
1999,3,PA,4.5
1999,4,PA,4.5
1999,5,PA,4.5
1999,6,PA,4.5
1999,7,PA,4.6
1999,8,PA,4.6
1999,9,PA,4.5
1999,10,PA,4.5
1999,11,PA,4.4
1999,12,PA,4.3
2000,1,PA,4.2
2000,2,PA,4.1
2000,3,PA,4.1
2000,4,PA,4.1
2000,5,PA,4.2
2000,6,PA,4.2
2000,7,PA,4.3
2000,8,PA,4.3
2000,9,PA,4.3
2000,10,PA,4.3
2000,11,PA,4.3
2000,12,PA,4.3
2001,1,PA,4.3
2001,2,PA,4.4
2001,3,PA,4.5
2001,4,PA,4.5
2001,5,PA,4.6
2001,6,PA,4.7
2001,7,PA,4.8
2001,8,PA,4.9
2001,9,PA,5.1
2001,10,PA,5.2
2001,11,PA,5.4
2001,12,PA,5.5
2002,1,PA,5.6
2002,2,PA,5.6
2002,3,PA,5.6
2002,4,PA,5.6
2002,5,PA,5.5
2002,6,PA,5.5
2002,7,PA,5.4
2002,8,PA,5.4
2002,9,PA,5.5
2002,10,PA,5.5
2002,11,PA,5.6
2002,12,PA,5.7
2003,1,PA,5.8
2003,2,PA,5.8
2003,3,PA,5.8
2003,4,PA,5.8
2003,5,PA,5.8
2003,6,PA,5.8
2003,7,PA,5.7
2003,8,PA,5.7
2003,9,PA,5.6
2003,10,PA,5.6
2003,11,PA,5.5
2003,12,PA,5.5
2004,1,PA,5.4
2004,2,PA,5.4
2004,3,PA,5.4
2004,4,PA,5.4
2004,5,PA,5.4
2004,6,PA,5.4
2004,7,PA,5.4
2004,8,PA,5.3
2004,9,PA,5.3
2004,10,PA,5.3
2004,11,PA,5.2
2004,12,PA,5.2
2005,1,PA,5.2
2005,2,PA,5.2
2005,3,PA,5.1
2005,4,PA,5.1
2005,5,PA,5.0
2005,6,PA,5.0
2005,7,PA,4.9
2005,8,PA,4.9
2005,9,PA,4.9
2005,10,PA,4.9
2005,11,PA,4.9
2005,12,PA,4.8
2006,1,PA,4.8
2006,2,PA,4.7
2006,3,PA,4.7
2006,4,PA,4.7
2006,5,PA,4.8
2006,6,PA,4.8
2006,7,PA,4.8
2006,8,PA,4.8
2006,9,PA,4.7
2006,10,PA,4.7
2006,11,PA,4.6
2006,12,PA,4.6
2007,1,PA,4.5
2007,2,PA,4.5
2007,3,PA,4.4
2007,4,PA,4.4
2007,5,PA,4.4
2007,6,PA,4.5
2007,7,PA,4.6
2007,8,PA,4.7
2007,9,PA,4.7
2007,10,PA,4.8
2007,11,PA,4.8
2007,12,PA,4.8
2008,1,PA,4.8
2008,2,PA,4.8
2008,3,PA,4.9
2008,4,PA,4.9
2008,5,PA,5.0
2008,6,PA,5.1
2008,7,PA,5.3
2008,8,PA,5.4
2008,9,PA,5.6
2008,10,PA,5.9
2008,11,PA,6.2
2008,12,PA,6.7
2009,1,PA,7.1
2009,2,PA,7.5
2009,3,PA,7.8
2009,4,PA,8.0
2009,5,PA,8.2
2009,6,PA,8.2
2009,7,PA,8.3
2009,8,PA,8.2
2009,9,PA,8.2
2009,10,PA,8.2
2009,11,PA,8.2
2009,12,PA,8.3
2010,1,PA,8.4
2010,2,PA,8.4
2010,3,PA,8.4
2010,4,PA,8.3
2010,5,PA,8.2
2010,6,PA,8.1
2010,7,PA,8.0
2010,8,PA,8.0
2010,9,PA,8.0
2010,10,PA,7.9
2010,11,PA,7.9
2010,12,PA,7.8
2011,1,PA,7.7
2011,2,PA,7.6
2011,3,PA,7.6
2011,4,PA,7.6
2011,5,PA,7.7
2011,6,PA,7.7
2011,7,PA,7.8
2011,8,PA,7.8
2011,9,PA,7.8
2011,10,PA,7.8
2011,11,PA,7.7
2011,12,PA,7.6
2012,1,PA,7.5
2012,2,PA,7.4
2012,3,PA,7.5
2012,4,PA,7.5
2012,5,PA,7.6
2012,6,PA,7.7
2012,7,PA,7.7
2012,8,PA,7.7
2012,9,PA,7.6
2012,10,PA,7.6
2012,11,PA,7.6
2012,12,PA,7.6
2013,1,PA,7.5
2013,2,PA,7.4
2013,3,PA,7.3
2013,4,PA,7.2
2013,5,PA,7.1
2013,6,PA,7.1
2013,7,PA,7.0
2013,8,PA,7.0
2013,9,PA,6.9
2013,10,PA,6.8
2013,11,PA,6.7
2013,12,PA,6.6
2014,1,PA,6.5
2014,2,PA,6.4
2014,3,PA,6.3
2014,4,PA,6.2
2014,5,PA,6.1
2014,6,PA,6.0
2014,7,PA,5.9
2014,8,PA,5.8
2014,9,PA,5.7
2014,10,PA,5.6
2014,11,PA,5.6
2014,12,PA,5.5
2015,1,PA,5.5
2015,2,PA,5.6
2015,3,PA,5.6
2015,4,PA,5.5
2015,5,PA,5.5
2015,6,PA,5.4
2015,7,PA,5.4
2015,8,PA,5.3
2015,9,PA,5.3
2015,10,PA,5.3
2015,11,PA,5.3
2015,12,PA,5.3
2016,1,PA,5.3
2016,2,PA,5.3
2016,3,PA,5.3
2016,4,PA,5.4
2016,5,PA,5.4
2016,6,PA,5.4
2016,7,PA,5.4
2016,8,PA,5.4
2016,9,PA,5.3
2016,10,PA,5.3
2016,11,PA,5.3
2016,12,PA,5.2
2017,1,PA,5.2
2017,2,PA,5.1
2017,3,PA,5.1
2017,4,PA,5.0
2017,5,PA,5.0
2017,6,PA,4.9
2017,7,PA,4.9
2017,8,PA,4.9
2017,9,PA,4.9
2017,10,PA,4.9
2017,11,PA,4.9
2017,12,PA,4.9
2018,1,PA,4.8
2018,2,PA,4.7
2018,3,PA,4.6
2018,4,PA,4.5
2018,5,PA,4.4
2018,6,PA,4.3
2018,7,PA,4.3
2018,8,PA,4.2
2018,9,PA,4.2
2018,10,PA,4.3
2018,11,PA,4.3
2018,12,PA,4.3
2019,1,PA,4.3
2019,2,PA,4.3
2019,3,PA,4.3
2019,4,PA,4.2
2019,5,PA,4.2
2019,6,PA,4.2
2019,7,PA,4.2
2019,8,PA,4.2
2019,9,PA,4.3
2019,10,PA,4.3
2019,11,PA,4.3
2019,12,PA,4.4
2020,1,PA,4.4
2020,2,PA,4.6
2020,3,PA,4.8
2020,4,PA,16.1
2020,5,PA,12.9
2020,6,PA,11.3
2020,7,PA,10.4
2020,8,PA,9.3
2020,9,PA,8.7
2020,10,PA,8.1
2020,11,PA,7.8
2020,12,PA,7.6
2021,1,PA,7.3
2021,2,PA,7.1
2021,3,PA,6.8
2021,4,PA,6.5
2021,5,PA,6.3
2021,6,PA,6.1
2021,7,PA,5.9
2021,8,PA,5.6
2021,9,PA,5.2
2021,10,PA,4.9
2021,11,PA,4.7
2021,12,PA,4.4
2022,1,PA,4.3
2022,2,PA,4.2
2022,3,PA,4.2
2022,4,PA,4.2
2022,5,PA,4.2
2022,6,PA,4.2
2022,7,PA,4.1
2022,8,PA,4.1
2022,9,PA,4.1
2022,10,PA,4.0
2022,11,PA,4.0
2022,12,PA,3.9
2023,1,PA,3.9
2023,2,PA,3.8
2023,3,PA,3.7
2023,4,PA,3.6
2023,5,PA,3.6
2023,6,PA,3.5
2023,7,PA,3.5
2023,8,PA,3.6
2023,9,PA,3.6
2023,10,PA,3.7
2023,11,PA,3.7
2023,12,PA,3.7
2024,1,PA,3.7
2024,2,PA,3.6
2024,3,PA,3.6
2024,4,PA,3.6
2024,5,PA,3.6
2024,6,PA,3.6
2024,7,PA,3.6
2024,8,PA,3.6
2024,9,PA,3.7
2024,10,PA,3.7
2024,11,PA,3.7
2024,12,PA,3.7
2025,1,PA,3.8
2025,2,PA,3.8
2025,3,PA,3.8
2025,4,PA,3.9
2025,5,PA,3.9
2025,6,PA,4.0
2025,7,PA,4.0
2025,8,PA,4.0
2025,9,PA,4.1
2025,10,PA,
2025,11,PA,4.2
2025,12,PA,4.2
1976,1,RI,7.7
1976,2,RI,7.7
1976,3,RI,7.7
1976,4,RI,7.7
1976,5,RI,7.7
1976,6,RI,7.7
1976,7,RI,7.9
1976,8,RI,8.0
1976,9,RI,8.2
1976,10,RI,8.4
1976,11,RI,8.6
1976,12,RI,8.7
1977,1,RI,8.8
1977,2,RI,8.7
1977,3,RI,8.6
1977,4,RI,8.5
1977,5,RI,8.3
1977,6,RI,8.2
1977,7,RI,8.0
1977,8,RI,7.9
1977,9,RI,7.7
1977,10,RI,7.5
1977,11,RI,7.3
1977,12,RI,7.1
1978,1,RI,6.9
1978,2,RI,6.7
1978,3,RI,6.6
1978,4,RI,6.4
1978,5,RI,6.3
1978,6,RI,6.2
1978,7,RI,6.2
1978,8,RI,6.1
1978,9,RI,6.1
1978,10,RI,6.1
1978,11,RI,6.1
1978,12,RI,6.2
1979,1,RI,6.2
1979,2,RI,6.3
1979,3,RI,6.3
1979,4,RI,6.3
1979,5,RI,6.3
1979,6,RI,6.3
1979,7,RI,6.3
1979,8,RI,6.3
1979,9,RI,6.3
1979,10,RI,6.3
1979,11,RI,6.4
1979,12,RI,6.4
1980,1,RI,6.5
1980,2,RI,6.6
1980,3,RI,6.8
1980,4,RI,7.0
1980,5,RI,7.3
1980,6,RI,7.5
1980,7,RI,7.6
1980,8,RI,7.7
1980,9,RI,7.6
1980,10,RI,7.5
1980,11,RI,7.3
1980,12,RI,7.2
1981,1,RI,7.2
1981,2,RI,7.2
1981,3,RI,7.2
1981,4,RI,7.2
1981,5,RI,7.3
1981,6,RI,7.3
1981,7,RI,7.4
1981,8,RI,7.6
1981,9,RI,7.8
1981,10,RI,8.0
1981,11,RI,8.3
1981,12,RI,8.6
1982,1,RI,8.9
1982,2,RI,9.2
1982,3,RI,9.4
1982,4,RI,9.6
1982,5,RI,9.7
1982,6,RI,9.9
1982,7,RI,10.0
1982,8,RI,10.1
1982,9,RI,10.2
1982,10,RI,10.4
1982,11,RI,10.4
1982,12,RI,10.3
1983,1,RI,10.1
1983,2,RI,9.8
1983,3,RI,9.4
1983,4,RI,9.1
1983,5,RI,8.9
1983,6,RI,8.6
1983,7,RI,8.4
1983,8,RI,8.1
1983,9,RI,7.8
1983,10,RI,7.4
1983,11,RI,7.1
1983,12,RI,6.8
1984,1,RI,6.6
1984,2,RI,6.3
1984,3,RI,6.1
1984,4,RI,5.9
1984,5,RI,5.6
1984,6,RI,5.4
1984,7,RI,5.1
1984,8,RI,4.9
1984,9,RI,4.7
1984,10,RI,4.6
1984,11,RI,4.7
1984,12,RI,4.8
1985,1,RI,4.9
1985,2,RI,4.9
1985,3,RI,4.9
1985,4,RI,4.9
1985,5,RI,4.9
1985,6,RI,4.8
1985,7,RI,4.7
1985,8,RI,4.6
1985,9,RI,4.5
1985,10,RI,4.3
1985,11,RI,4.2
1985,12,RI,4.0
1986,1,RI,3.9
1986,2,RI,3.8
1986,3,RI,3.8
1986,4,RI,3.9
1986,5,RI,4.0
1986,6,RI,4.1
1986,7,RI,4.1
1986,8,RI,4.2
1986,9,RI,4.2
1986,10,RI,4.2
1986,11,RI,4.2
1986,12,RI,4.2
1987,1,RI,4.1
1987,2,RI,4.1
1987,3,RI,4.1
1987,4,RI,4.0
1987,5,RI,3.9
1987,6,RI,3.8
1987,7,RI,3.7
1987,8,RI,3.6
1987,9,RI,3.5
1987,10,RI,3.4
1987,11,RI,3.3
1987,12,RI,3.2
1988,1,RI,3.1
1988,2,RI,2.9
1988,3,RI,2.8
1988,4,RI,2.8
1988,5,RI,2.8
1988,6,RI,2.8
1988,7,RI,2.9
1988,8,RI,3.0
1988,9,RI,3.1
1988,10,RI,3.1
1988,11,RI,3.1
1988,12,RI,3.1
1989,1,RI,3.1
1989,2,RI,3.2
1989,3,RI,3.2
1989,4,RI,3.3
1989,5,RI,3.5
1989,6,RI,3.6
1989,7,RI,3.8
1989,8,RI,4.0
1989,9,RI,4.3
1989,10,RI,4.7
1989,11,RI,4.9
1989,12,RI,5.2
1990,1,RI,5.4
1990,2,RI,5.6
1990,3,RI,5.7
1990,4,RI,5.9
1990,5,RI,6.1
1990,6,RI,6.2
1990,7,RI,6.3
1990,8,RI,6.4
1990,9,RI,6.5
1990,10,RI,6.6
1990,11,RI,6.9
1990,12,RI,7.1
1991,1,RI,7.4
1991,2,RI,7.7
1991,3,RI,7.9
1991,4,RI,8.0
1991,5,RI,8.2
1991,6,RI,8.3
1991,7,RI,8.4
1991,8,RI,8.5
1991,9,RI,8.6
1991,10,RI,8.7
1991,11,RI,8.8
1991,12,RI,8.9
1992,1,RI,9.0
1992,2,RI,9.1
1992,3,RI,9.1
1992,4,RI,9.2
1992,5,RI,9.2
1992,6,RI,9.2
1992,7,RI,9.2
1992,8,RI,9.1
1992,9,RI,9.0
1992,10,RI,8.8
1992,11,RI,8.6
1992,12,RI,8.5
1993,1,RI,8.3
1993,2,RI,8.2
1993,3,RI,8.1
1993,4,RI,7.9
1993,5,RI,7.8
1993,6,RI,7.6
1993,7,RI,7.4
1993,8,RI,7.3
1993,9,RI,7.3
1993,10,RI,7.3
1993,11,RI,7.3
1993,12,RI,7.3
1994,1,RI,7.2
1994,2,RI,7.1
1994,3,RI,6.9
1994,4,RI,6.8
1994,5,RI,6.7
1994,6,RI,6.6
1994,7,RI,6.6
1994,8,RI,6.6
1994,9,RI,6.5
1994,10,RI,6.5
1994,11,RI,6.3
1994,12,RI,6.3
1995,1,RI,6.2
1995,2,RI,6.3
1995,3,RI,6.4
1995,4,RI,6.5
1995,5,RI,6.6
1995,6,RI,6.6
1995,7,RI,6.6
1995,8,RI,6.4
1995,9,RI,6.3
1995,10,RI,6.1
1995,11,RI,5.9
1995,12,RI,5.7
1996,1,RI,5.6
1996,2,RI,5.4
1996,3,RI,5.3
1996,4,RI,5.2
1996,5,RI,5.0
1996,6,RI,5.0
1996,7,RI,4.9
1996,8,RI,5.0
1996,9,RI,5.0
1996,10,RI,5.1
1996,11,RI,5.3
1996,12,RI,5.4
1997,1,RI,5.5
1997,2,RI,5.5
1997,3,RI,5.6
1997,4,RI,5.6
1997,5,RI,5.5
1997,6,RI,5.5
1997,7,RI,5.4
1997,8,RI,5.3
1997,9,RI,5.2
1997,10,RI,5.1
1997,11,RI,5.0
1997,12,RI,5.0
1998,1,RI,5.0
1998,2,RI,4.9
1998,3,RI,4.9
1998,4,RI,4.7
1998,5,RI,4.6
1998,6,RI,4.5
1998,7,RI,4.5
1998,8,RI,4.5
1998,9,RI,4.5
1998,10,RI,4.4
1998,11,RI,4.3
1998,12,RI,4.2
1999,1,RI,4.1
1999,2,RI,4.0
1999,3,RI,3.9
1999,4,RI,4.0
1999,5,RI,4.0
1999,6,RI,4.1
1999,7,RI,4.3
1999,8,RI,4.3
1999,9,RI,4.4
1999,10,RI,4.4
1999,11,RI,4.4
1999,12,RI,4.3
2000,1,RI,4.3
2000,2,RI,4.2
2000,3,RI,4.1
2000,4,RI,4.1
2000,5,RI,4.1
2000,6,RI,4.1
2000,7,RI,4.0
2000,8,RI,4.0
2000,9,RI,3.9
2000,10,RI,3.9
2000,11,RI,3.9
2000,12,RI,4.0
2001,1,RI,4.1
2001,2,RI,4.3
2001,3,RI,4.4
2001,4,RI,4.5
2001,5,RI,4.6
2001,6,RI,4.6
2001,7,RI,4.5
2001,8,RI,4.5
2001,9,RI,4.5
2001,10,RI,4.6
2001,11,RI,4.6
2001,12,RI,4.7
2002,1,RI,4.7
2002,2,RI,4.7
2002,3,RI,4.7
2002,4,RI,4.7
2002,5,RI,4.7
2002,6,RI,4.8
2002,7,RI,5.0
2002,8,RI,5.2
2002,9,RI,5.4
2002,10,RI,5.5
2002,11,RI,5.6
2002,12,RI,5.6
2003,1,RI,5.6
2003,2,RI,5.6
2003,3,RI,5.6
2003,4,RI,5.6
2003,5,RI,5.6
2003,6,RI,5.6
2003,7,RI,5.5
2003,8,RI,5.5
2003,9,RI,5.4
2003,10,RI,5.4
2003,11,RI,5.4
2003,12,RI,5.5
2004,1,RI,5.6
2004,2,RI,5.6
2004,3,RI,5.7
2004,4,RI,5.7
2004,5,RI,5.6
2004,6,RI,5.5
2004,7,RI,5.3
2004,8,RI,5.1
2004,9,RI,4.9
2004,10,RI,4.8
2004,11,RI,4.8
2004,12,RI,4.8
2005,1,RI,4.8
2005,2,RI,4.9
2005,3,RI,4.9
2005,4,RI,4.9
2005,5,RI,5.0
2005,6,RI,5.1
2005,7,RI,5.2
2005,8,RI,5.3
2005,9,RI,5.4
2005,10,RI,5.4
2005,11,RI,5.4
2005,12,RI,5.4
2006,1,RI,5.4
2006,2,RI,5.3
2006,3,RI,5.4
2006,4,RI,5.4
2006,5,RI,5.4
2006,6,RI,5.4
2006,7,RI,5.3
2006,8,RI,5.3
2006,9,RI,5.2
2006,10,RI,5.1
2006,11,RI,5.0
2006,12,RI,4.9
2007,1,RI,4.8
2007,2,RI,4.7
2007,3,RI,4.7
2007,4,RI,4.7
2007,5,RI,4.8
2007,6,RI,4.9
2007,7,RI,5.1
2007,8,RI,5.2
2007,9,RI,5.4
2007,10,RI,5.5
2007,11,RI,5.7
2007,12,RI,5.9
2008,1,RI,6.1
2008,2,RI,6.2
2008,3,RI,6.5
2008,4,RI,6.7
2008,5,RI,7.0
2008,6,RI,7.4
2008,7,RI,7.8
2008,8,RI,8.1
2008,9,RI,8.4
2008,10,RI,8.7
2008,11,RI,9.1
2008,12,RI,9.5
2009,1,RI,10.0
2009,2,RI,10.4
2009,3,RI,10.8
2009,4,RI,11.1
2009,5,RI,11.2
2009,6,RI,11.3
2009,7,RI,11.4
2009,8,RI,11.4
2009,9,RI,11.5
2009,10,RI,11.6
2009,11,RI,11.6
2009,12,RI,11.7
2010,1,RI,11.8
2010,2,RI,11.8
2010,3,RI,11.8
2010,4,RI,11.8
2010,5,RI,11.7
2010,6,RI,11.6
2010,7,RI,11.5
2010,8,RI,11.5
2010,9,RI,11.5
2010,10,RI,11.5
2010,11,RI,11.5
2010,12,RI,11.4
2011,1,RI,11.3
2011,2,RI,11.2
2011,3,RI,11.1
2011,4,RI,11.0
2011,5,RI,11.0
2011,6,RI,11.1
2011,7,RI,11.1
2011,8,RI,11.1
2011,9,RI,11.1
2011,10,RI,11.1
2011,11,RI,11.1
2011,12,RI,11.0
2012,1,RI,10.9
2012,2,RI,10.8
2012,3,RI,10.7
2012,4,RI,10.6
2012,5,RI,10.5
2012,6,RI,10.4
2012,7,RI,10.3
2012,8,RI,10.2
2012,9,RI,10.0
2012,10,RI,9.9
2012,11,RI,9.7
2012,12,RI,9.6
2013,1,RI,9.6
2013,2,RI,9.5
2013,3,RI,9.5
2013,4,RI,9.5
2013,5,RI,9.6
2013,6,RI,9.6
2013,7,RI,9.6
2013,8,RI,9.6
2013,9,RI,9.5
2013,10,RI,9.4
2013,11,RI,9.3
2013,12,RI,9.1
2014,1,RI,8.9
2014,2,RI,8.7
2014,3,RI,8.5
2014,4,RI,8.2
2014,5,RI,8.0
2014,6,RI,7.8
2014,7,RI,7.6
2014,8,RI,7.5
2014,9,RI,7.3
2014,10,RI,7.1
2014,11,RI,6.9
2014,12,RI,6.7
2015,1,RI,6.5
2015,2,RI,6.4
2015,3,RI,6.4
2015,4,RI,6.3
2015,5,RI,6.2
2015,6,RI,6.0
2015,7,RI,5.9
2015,8,RI,5.8
2015,9,RI,5.7
2015,10,RI,5.7
2015,11,RI,5.7
2015,12,RI,5.6
2016,1,RI,5.6
2016,2,RI,5.5
2016,3,RI,5.5
2016,4,RI,5.4
2016,5,RI,5.4
2016,6,RI,5.3
2016,7,RI,5.3
2016,8,RI,5.2
2016,9,RI,5.1
2016,10,RI,5.0
2016,11,RI,4.9
2016,12,RI,4.7
2017,1,RI,4.6
2017,2,RI,4.5
2017,3,RI,4.5
2017,4,RI,4.4
2017,5,RI,4.4
2017,6,RI,4.4
2017,7,RI,4.4
2017,8,RI,4.5
2017,9,RI,4.5
2017,10,RI,4.5
2017,11,RI,4.5
2017,12,RI,4.5
2018,1,RI,4.5
2018,2,RI,4.4
2018,3,RI,4.3
2018,4,RI,4.1
2018,5,RI,4.0
2018,6,RI,4.0
2018,7,RI,3.9
2018,8,RI,3.9
2018,9,RI,3.9
2018,10,RI,3.9
2018,11,RI,3.9
2018,12,RI,3.8
2019,1,RI,3.8
2019,2,RI,3.7
2019,3,RI,3.6
2019,4,RI,3.5
2019,5,RI,3.5
2019,6,RI,3.5
2019,7,RI,3.5
2019,8,RI,3.5
2019,9,RI,3.5
2019,10,RI,3.4
2019,11,RI,3.4
2019,12,RI,3.4
2020,1,RI,3.5
2020,2,RI,3.6
2020,3,RI,3.7
2020,4,RI,17.9
2020,5,RI,15.4
2020,6,RI,13.4
2020,7,RI,12.2
2020,8,RI,10.4
2020,9,RI,10.0
2020,10,RI,7.0
2020,11,RI,7.0
2020,12,RI,7.0
2021,1,RI,6.6
2021,2,RI,6.4
2021,3,RI,6.3
2021,4,RI,6.3
2021,5,RI,6.1
2021,6,RI,6.2
2021,7,RI,5.9
2021,8,RI,5.6
2021,9,RI,5.1
2021,10,RI,4.7
2021,11,RI,4.2
2021,12,RI,3.8
2022,1,RI,3.5
2022,2,RI,3.3
2022,3,RI,3.2
2022,4,RI,3.1
2022,5,RI,3.2
2022,6,RI,3.2
2022,7,RI,3.3
2022,8,RI,3.4
2022,9,RI,3.3
2022,10,RI,3.2
2022,11,RI,3.1
2022,12,RI,3.0
2023,1,RI,2.9
2023,2,RI,2.8
2023,3,RI,2.8
2023,4,RI,2.7
2023,5,RI,2.7
2023,6,RI,2.6
2023,7,RI,2.7
2023,8,RI,2.8
2023,9,RI,3.1
2023,10,RI,3.3
2023,11,RI,3.6
2023,12,RI,3.8
2024,1,RI,3.9
2024,2,RI,4.0
2024,3,RI,4.1
2024,4,RI,4.2
2024,5,RI,4.3
2024,6,RI,4.4
2024,7,RI,4.4
2024,8,RI,4.5
2024,9,RI,4.5
2024,10,RI,4.5
2024,11,RI,4.5
2024,12,RI,4.5
2025,1,RI,4.6
2025,2,RI,4.7
2025,3,RI,4.8
2025,4,RI,4.9
2025,5,RI,4.9
2025,6,RI,4.8
2025,7,RI,4.8
2025,8,RI,4.6
2025,9,RI,4.5
2025,10,RI,
2025,11,RI,4.3
2025,12,RI,4.3
1976,1,SC,7.3
1976,2,SC,7.3
1976,3,SC,7.3
1976,4,SC,7.1
1976,5,SC,7.0
1976,6,SC,6.9
1976,7,SC,6.8
1976,8,SC,6.8
1976,9,SC,6.8
1976,10,SC,6.8
1976,11,SC,6.9
1976,12,SC,7.0
1977,1,SC,7.1
1977,2,SC,7.2
1977,3,SC,7.2
1977,4,SC,7.1
1977,5,SC,7.0
1977,6,SC,6.8
1977,7,SC,6.7
1977,8,SC,6.6
1977,9,SC,6.5
1977,10,SC,6.4
1977,11,SC,6.3
1977,12,SC,6.1
1978,1,SC,5.8
1978,2,SC,5.7
1978,3,SC,5.6
1978,4,SC,5.6
1978,5,SC,5.7
1978,6,SC,5.8
1978,7,SC,5.7
1978,8,SC,5.6
1978,9,SC,5.5
1978,10,SC,5.4
1978,11,SC,5.3
1978,12,SC,5.2
1979,1,SC,5.2
1979,2,SC,5.1
1979,3,SC,5.0
1979,4,SC,4.9
1979,5,SC,4.7
1979,6,SC,4.7
1979,7,SC,4.7
1979,8,SC,4.8
1979,9,SC,4.9
1979,10,SC,5.1
1979,11,SC,5.2
1979,12,SC,5.4
1980,1,SC,5.6
1980,2,SC,5.8
1980,3,SC,6.1
1980,4,SC,6.4
1980,5,SC,6.7
1980,6,SC,6.9
1980,7,SC,7.1
1980,8,SC,7.2
1980,9,SC,7.2
1980,10,SC,7.2
1980,11,SC,7.2
1980,12,SC,7.3
1981,1,SC,7.3
1981,2,SC,7.4
1981,3,SC,7.4
1981,4,SC,7.5
1981,5,SC,7.6
1981,6,SC,7.7
1981,7,SC,8.0
1981,8,SC,8.3
1981,9,SC,8.7
1981,10,SC,9.0
1981,11,SC,9.3
1981,12,SC,9.6
1982,1,SC,9.8
1982,2,SC,10.1
1982,3,SC,10.3
1982,4,SC,10.5
1982,5,SC,10.7
1982,6,SC,10.8
1982,7,SC,11.0
1982,8,SC,11.1
1982,9,SC,11.2
1982,10,SC,11.3
1982,11,SC,11.4
1982,12,SC,11.4
1983,1,SC,11.5
1983,2,SC,11.4
1983,3,SC,11.2
1983,4,SC,11.0
1983,5,SC,10.6
1983,6,SC,10.2
1983,7,SC,9.7
1983,8,SC,9.3
1983,9,SC,8.8
1983,10,SC,8.5
1983,11,SC,8.2
1983,12,SC,7.9
1984,1,SC,7.7
1984,2,SC,7.4
1984,3,SC,7.2
1984,4,SC,7.0
1984,5,SC,6.9
1984,6,SC,6.8
1984,7,SC,6.8
1984,8,SC,6.8
1984,9,SC,6.9
1984,10,SC,6.8
1984,11,SC,6.7
1984,12,SC,6.6
1985,1,SC,6.4
1985,2,SC,6.3
1985,3,SC,6.4
1985,4,SC,6.6
1985,5,SC,6.8
1985,6,SC,7.0
1985,7,SC,7.2
1985,8,SC,7.2
1985,9,SC,7.2
1985,10,SC,7.1
1985,11,SC,7.0
1985,12,SC,6.9
1986,1,SC,6.9
1986,2,SC,6.8
1986,3,SC,6.8
1986,4,SC,6.7
1986,5,SC,6.5
1986,6,SC,6.4
1986,7,SC,6.2
1986,8,SC,6.1
1986,9,SC,6.0
1986,10,SC,6.0
1986,11,SC,6.0
1986,12,SC,6.1
1987,1,SC,6.1
1987,2,SC,6.1
1987,3,SC,6.0
1987,4,SC,5.8
1987,5,SC,5.6
1987,6,SC,5.4
1987,7,SC,5.2
1987,8,SC,5.1
1987,9,SC,5.1
1987,10,SC,5.1
1987,11,SC,5.1
1987,12,SC,5.0
1988,1,SC,4.9
1988,2,SC,4.9
1988,3,SC,4.8
1988,4,SC,4.7
1988,5,SC,4.7
1988,6,SC,4.7
1988,7,SC,4.6
1988,8,SC,4.5
1988,9,SC,4.5
1988,10,SC,4.4
1988,11,SC,4.3
1988,12,SC,4.3
1989,1,SC,4.2
1989,2,SC,4.2
1989,3,SC,4.3
1989,4,SC,4.4
1989,5,SC,4.5
1989,6,SC,4.6
1989,7,SC,4.7
1989,8,SC,4.8
1989,9,SC,4.9
1989,10,SC,4.9
1989,11,SC,4.9
1989,12,SC,4.8
1990,1,SC,4.7
1990,2,SC,4.7
1990,3,SC,4.6
1990,4,SC,4.7
1990,5,SC,4.7
1990,6,SC,4.8
1990,7,SC,4.9
1990,8,SC,4.9
1990,9,SC,5.0
1990,10,SC,5.1
1990,11,SC,5.3
1990,12,SC,5.4
1991,1,SC,5.6
1991,2,SC,5.7
1991,3,SC,5.8
1991,4,SC,5.9
1991,5,SC,6.0
1991,6,SC,6.0
1991,7,SC,6.1
1991,8,SC,6.2
1991,9,SC,6.4
1991,10,SC,6.5
1991,11,SC,6.6
1991,12,SC,6.7
1992,1,SC,6.7
1992,2,SC,6.7
1992,3,SC,6.7
1992,4,SC,6.7
1992,5,SC,6.7
1992,6,SC,6.7
1992,7,SC,6.7
1992,8,SC,6.7
1992,9,SC,6.7
1992,10,SC,6.8
1992,11,SC,6.9
1992,12,SC,7.0
1993,1,SC,7.2
1993,2,SC,7.3
1993,3,SC,7.5
1993,4,SC,7.6
1993,5,SC,7.6
1993,6,SC,7.6
1993,7,SC,7.5
1993,8,SC,7.3
1993,9,SC,7.2
1993,10,SC,7.0
1993,11,SC,6.9
1993,12,SC,6.9
1994,1,SC,6.9
1994,2,SC,6.8
1994,3,SC,6.7
1994,4,SC,6.6
1994,5,SC,6.4
1994,6,SC,6.2
1994,7,SC,6.1
1994,8,SC,5.9
1994,9,SC,5.8
1994,10,SC,5.7
1994,11,SC,5.5
1994,12,SC,5.3
1995,1,SC,5.2
1995,2,SC,5.0
1995,3,SC,5.0
1995,4,SC,4.9
1995,5,SC,4.9
1995,6,SC,5.0
1995,7,SC,5.0
1995,8,SC,5.1
1995,9,SC,5.2
1995,10,SC,5.3
1995,11,SC,5.3
1995,12,SC,5.4
1996,1,SC,5.4
1996,2,SC,5.5
1996,3,SC,5.6
1996,4,SC,5.7
1996,5,SC,5.7
1996,6,SC,5.8
1996,7,SC,5.8
1996,8,SC,5.8
1996,9,SC,5.8
1996,10,SC,5.7
1996,11,SC,5.7
1996,12,SC,5.7
1997,1,SC,5.6
1997,2,SC,5.4
1997,3,SC,5.2
1997,4,SC,5.0
1997,5,SC,4.8
1997,6,SC,4.6
1997,7,SC,4.4
1997,8,SC,4.1
1997,9,SC,3.9
1997,10,SC,3.8
1997,11,SC,3.6
1997,12,SC,3.5
1998,1,SC,3.4
1998,2,SC,3.3
1998,3,SC,3.3
1998,4,SC,3.4
1998,5,SC,3.4
1998,6,SC,3.6
1998,7,SC,3.7
1998,8,SC,3.8
1998,9,SC,3.9
1998,10,SC,3.9
1998,11,SC,3.9
1998,12,SC,4.0
1999,1,SC,4.0
1999,2,SC,4.0
1999,3,SC,4.0
1999,4,SC,4.1
1999,5,SC,4.1
1999,6,SC,4.1
1999,7,SC,4.2
1999,8,SC,4.3
1999,9,SC,4.3
1999,10,SC,4.3
1999,11,SC,4.3
1999,12,SC,4.2
2000,1,SC,4.0
2000,2,SC,3.9
2000,3,SC,3.8
2000,4,SC,3.7
2000,5,SC,3.7
2000,6,SC,3.7
2000,7,SC,3.6
2000,8,SC,3.6
2000,9,SC,3.5
2000,10,SC,3.5
2000,11,SC,3.6
2000,12,SC,3.8
2001,1,SC,4.1
2001,2,SC,4.4
2001,3,SC,4.6
2001,4,SC,4.8
2001,5,SC,5.0
2001,6,SC,5.1
2001,7,SC,5.3
2001,8,SC,5.4
2001,9,SC,5.6
2001,10,SC,5.8
2001,11,SC,5.9
2001,12,SC,6.0
2002,1,SC,6.0
2002,2,SC,6.0
2002,3,SC,6.0
2002,4,SC,6.0
2002,5,SC,6.0
2002,6,SC,6.0
2002,7,SC,5.9
2002,8,SC,6.0
2002,9,SC,6.1
2002,10,SC,6.2
2002,11,SC,6.3
2002,12,SC,6.4
2003,1,SC,6.5
2003,2,SC,6.5
2003,3,SC,6.6
2003,4,SC,6.7
2003,5,SC,6.8
2003,6,SC,6.9
2003,7,SC,6.9
2003,8,SC,6.9
2003,9,SC,6.9
2003,10,SC,6.8
2003,11,SC,6.8
2003,12,SC,6.7
2004,1,SC,6.8
2004,2,SC,6.8
2004,3,SC,6.9
2004,4,SC,7.0
2004,5,SC,7.0
2004,6,SC,7.0
2004,7,SC,7.0
2004,8,SC,6.9
2004,9,SC,6.9
2004,10,SC,6.9
2004,11,SC,6.9
2004,12,SC,7.0
2005,1,SC,7.0
2005,2,SC,6.9
2005,3,SC,6.9
2005,4,SC,6.8
2005,5,SC,6.7
2005,6,SC,6.7
2005,7,SC,6.7
2005,8,SC,6.7
2005,9,SC,6.8
2005,10,SC,6.8
2005,11,SC,6.7
2005,12,SC,6.7
2006,1,SC,6.6
2006,2,SC,6.5
2006,3,SC,6.5
2006,4,SC,6.5
2006,5,SC,6.5
2006,6,SC,6.5
2006,7,SC,6.4
2006,8,SC,6.3
2006,9,SC,6.2
2006,10,SC,6.1
2006,11,SC,6.1
2006,12,SC,6.0
2007,1,SC,5.9
2007,2,SC,5.8
2007,3,SC,5.7
2007,4,SC,5.6
2007,5,SC,5.5
2007,6,SC,5.5
2007,7,SC,5.5
2007,8,SC,5.5
2007,9,SC,5.6
2007,10,SC,5.6
2007,11,SC,5.6
2007,12,SC,5.6
2008,1,SC,5.6
2008,2,SC,5.6
2008,3,SC,5.8
2008,4,SC,6.0
2008,5,SC,6.2
2008,6,SC,6.6
2008,7,SC,6.9
2008,8,SC,7.2
2008,9,SC,7.6
2008,10,SC,8.0
2008,11,SC,8.5
2008,12,SC,9.0
2009,1,SC,9.5
2009,2,SC,10.0
2009,3,SC,10.4
2009,4,SC,10.7
2009,5,SC,10.9
2009,6,SC,11.1
2009,7,SC,11.2
2009,8,SC,11.3
2009,9,SC,11.5
2009,10,SC,11.6
2009,11,SC,11.7
2009,12,SC,11.7
2010,1,SC,11.7
2010,2,SC,11.6
2010,3,SC,11.4
2010,4,SC,11.3
2010,5,SC,11.1
2010,6,SC,11.0
2010,7,SC,10.9
2010,8,SC,10.9
2010,9,SC,10.8
2010,10,SC,10.8
2010,11,SC,10.8
2010,12,SC,10.7
2011,1,SC,10.6
2011,2,SC,10.6
2011,3,SC,10.6
2011,4,SC,10.6
2011,5,SC,10.6
2011,6,SC,10.6
2011,7,SC,10.5
2011,8,SC,10.4
2011,9,SC,10.2
2011,10,SC,10.0
2011,11,SC,9.9
2011,12,SC,9.7
2012,1,SC,9.6
2012,2,SC,9.5
2012,3,SC,9.4
2012,4,SC,9.4
2012,5,SC,9.3
2012,6,SC,9.2
2012,7,SC,9.0
2012,8,SC,8.8
2012,9,SC,8.7
2012,10,SC,8.6
2012,11,SC,8.5
2012,12,SC,8.4
2013,1,SC,8.4
2013,2,SC,8.2
2013,3,SC,8.1
2013,4,SC,7.9
2013,5,SC,7.7
2013,6,SC,7.6
2013,7,SC,7.4
2013,8,SC,7.2
2013,9,SC,7.0
2013,10,SC,6.8
2013,11,SC,6.5
2013,12,SC,6.3
2014,1,SC,6.2
2014,2,SC,6.0
2014,3,SC,6.0
2014,4,SC,6.0
2014,5,SC,6.1
2014,6,SC,6.2
2014,7,SC,6.4
2014,8,SC,6.5
2014,9,SC,6.6
2014,10,SC,6.6
2014,11,SC,6.5
2014,12,SC,6.5
2015,1,SC,6.4
2015,2,SC,6.4
2015,3,SC,6.3
2015,4,SC,6.2
2015,5,SC,6.1
2015,6,SC,6.0
2015,7,SC,5.8
2015,8,SC,5.7
2015,9,SC,5.6
2015,10,SC,5.5
2015,11,SC,5.4
2015,12,SC,5.4
2016,1,SC,5.3
2016,2,SC,5.3
2016,3,SC,5.2
2016,4,SC,5.1
2016,5,SC,5.1
2016,6,SC,5.0
2016,7,SC,4.9
2016,8,SC,4.7
2016,9,SC,4.7
2016,10,SC,4.6
2016,11,SC,4.5
2016,12,SC,4.4
2017,1,SC,4.4
2017,2,SC,4.3
2017,3,SC,4.2
2017,4,SC,4.2
2017,5,SC,4.1
2017,6,SC,4.1
2017,7,SC,4.2
2017,8,SC,4.2
2017,9,SC,4.2
2017,10,SC,4.2
2017,11,SC,4.2
2017,12,SC,4.0
2018,1,SC,3.9
2018,2,SC,3.7
2018,3,SC,3.5
2018,4,SC,3.3
2018,5,SC,3.2
2018,6,SC,3.2
2018,7,SC,3.3
2018,8,SC,3.3
2018,9,SC,3.3
2018,10,SC,3.3
2018,11,SC,3.2
2018,12,SC,3.2
2019,1,SC,3.2
2019,2,SC,3.2
2019,3,SC,3.1
2019,4,SC,3.1
2019,5,SC,2.9
2019,6,SC,2.7
2019,7,SC,2.6
2019,8,SC,2.5
2019,9,SC,2.4
2019,10,SC,2.4
2019,11,SC,2.5
2019,12,SC,2.6
2020,1,SC,2.8
2020,2,SC,2.9
2020,3,SC,3.1
2020,4,SC,11.7
2020,5,SC,9.3
2020,6,SC,7.8
2020,7,SC,7.1
2020,8,SC,6.2
2020,9,SC,5.8
2020,10,SC,5.3
2020,11,SC,5.1
2020,12,SC,4.9
2021,1,SC,4.6
2021,2,SC,4.4
2021,3,SC,4.3
2021,4,SC,4.2
2021,5,SC,4.1
2021,6,SC,4.0
2021,7,SC,3.9
2021,8,SC,3.8
2021,9,SC,3.6
2021,10,SC,3.5
2021,11,SC,3.4
2021,12,SC,3.3
2022,1,SC,3.3
2022,2,SC,3.2
2022,3,SC,3.2
2022,4,SC,3.2
2022,5,SC,3.2
2022,6,SC,3.2
2022,7,SC,3.2
2022,8,SC,3.2
2022,9,SC,3.2
2022,10,SC,3.2
2022,11,SC,3.2
2022,12,SC,3.1
2023,1,SC,3.1
2023,2,SC,3.0
2023,3,SC,3.0
2023,4,SC,2.9
2023,5,SC,2.8
2023,6,SC,2.8
2023,7,SC,2.8
2023,8,SC,2.9
2023,9,SC,3.0
2023,10,SC,3.1
2023,11,SC,3.2
2023,12,SC,3.3
2024,1,SC,3.4
2024,2,SC,3.5
2024,3,SC,3.7
2024,4,SC,3.9
2024,5,SC,4.2
2024,6,SC,4.4
2024,7,SC,4.5
2024,8,SC,4.6
2024,9,SC,4.5
2024,10,SC,4.5
2024,11,SC,4.4
2024,12,SC,4.4
2025,1,SC,4.3
2025,2,SC,4.2
2025,3,SC,4.1
2025,4,SC,4.2
2025,5,SC,4.1
2025,6,SC,4.1
2025,7,SC,4.2
2025,8,SC,4.3
2025,9,SC,4.4
2025,10,SC,
2025,11,SC,4.6
2025,12,SC,4.8
1976,1,SD,3.3
1976,2,SD,3.3
1976,3,SD,3.3
1976,4,SD,3.2
1976,5,SD,3.1
1976,6,SD,3.1
1976,7,SD,3.2
1976,8,SD,3.3
1976,9,SD,3.4
1976,10,SD,3.5
1976,11,SD,3.6
1976,12,SD,3.7
1977,1,SD,3.7
1977,2,SD,3.7
1977,3,SD,3.7
1977,4,SD,3.6
1977,5,SD,3.5
1977,6,SD,3.4
1977,7,SD,3.3
1977,8,SD,3.2
1977,9,SD,3.2
1977,10,SD,3.1
1977,11,SD,3.1
1977,12,SD,3.1
1978,1,SD,3.0
1978,2,SD,3.0
1978,3,SD,3.0
1978,4,SD,3.0
1978,5,SD,3.1
1978,6,SD,3.2
1978,7,SD,3.3
1978,8,SD,3.3
1978,9,SD,3.3
1978,10,SD,3.3
1978,11,SD,3.3
1978,12,SD,3.3
1979,1,SD,3.4
1979,2,SD,3.4
1979,3,SD,3.4
1979,4,SD,3.4
1979,5,SD,3.3
1979,6,SD,3.3
1979,7,SD,3.3
1979,8,SD,3.3
1979,9,SD,3.3
1979,10,SD,3.4
1979,11,SD,3.4
1979,12,SD,3.5
1980,1,SD,3.7
1980,2,SD,3.9
1980,3,SD,4.2
1980,4,SD,4.5
1980,5,SD,4.8
1980,6,SD,5.0
1980,7,SD,5.1
1980,8,SD,5.2
1980,9,SD,5.1
1980,10,SD,5.1
1980,11,SD,5.1
1980,12,SD,5.1
1981,1,SD,5.1
1981,2,SD,5.0
1981,3,SD,4.9
1981,4,SD,4.8
1981,5,SD,4.7
1981,6,SD,4.6
1981,7,SD,4.6
1981,8,SD,4.6
1981,9,SD,4.7
1981,10,SD,4.8
1981,11,SD,4.8
1981,12,SD,4.8
1982,1,SD,4.9
1982,2,SD,4.9
1982,3,SD,5.0
1982,4,SD,5.1
1982,5,SD,5.2
1982,6,SD,5.4
1982,7,SD,5.5
1982,8,SD,5.6
1982,9,SD,5.7
1982,10,SD,5.9
1982,11,SD,5.9
1982,12,SD,6.0
1983,1,SD,5.9
1983,2,SD,5.9
1983,3,SD,5.8
1983,4,SD,5.6
1983,5,SD,5.4
1983,6,SD,5.2
1983,7,SD,5.0
1983,8,SD,4.9
1983,9,SD,4.7
1983,10,SD,4.6
1983,11,SD,4.5
1983,12,SD,4.4
1984,1,SD,4.3
1984,2,SD,4.3
1984,3,SD,4.2
1984,4,SD,4.2
1984,5,SD,4.3
1984,6,SD,4.3
1984,7,SD,4.4
1984,8,SD,4.4
1984,9,SD,4.4
1984,10,SD,4.5
1984,11,SD,4.5
1984,12,SD,4.6
1985,1,SD,4.6
1985,2,SD,4.7
1985,3,SD,4.8
1985,4,SD,4.9
1985,5,SD,4.9
1985,6,SD,4.9
1985,7,SD,4.9
1985,8,SD,4.9
1985,9,SD,4.9
1985,10,SD,4.9
1985,11,SD,4.9
1985,12,SD,4.9
1986,1,SD,4.9
1986,2,SD,4.9
1986,3,SD,4.8
1986,4,SD,4.8
1986,5,SD,4.7
1986,6,SD,4.7
1986,7,SD,4.6
1986,8,SD,4.6
1986,9,SD,4.5
1986,10,SD,4.5
1986,11,SD,4.4
1986,12,SD,4.4
1987,1,SD,4.4
1987,2,SD,4.4
1987,3,SD,4.4
1987,4,SD,4.4
1987,5,SD,4.3
1987,6,SD,4.3
1987,7,SD,4.3
1987,8,SD,4.3
1987,9,SD,4.3
1987,10,SD,4.3
1987,11,SD,4.3
1987,12,SD,4.3
1988,1,SD,4.3
1988,2,SD,4.3
1988,3,SD,4.3
1988,4,SD,4.2
1988,5,SD,4.2
1988,6,SD,4.1
1988,7,SD,4.1
1988,8,SD,4.1
1988,9,SD,4.1
1988,10,SD,4.1
1988,11,SD,4.0
1988,12,SD,4.0
1989,1,SD,3.9
1989,2,SD,3.9
1989,3,SD,3.9
1989,4,SD,3.9
1989,5,SD,3.9
1989,6,SD,4.0
1989,7,SD,4.0
1989,8,SD,4.0
1989,9,SD,4.0
1989,10,SD,3.9
1989,11,SD,3.9
1989,12,SD,3.8
1990,1,SD,3.7
1990,2,SD,3.7
1990,3,SD,3.6
1990,4,SD,3.6
1990,5,SD,3.6
1990,6,SD,3.6
1990,7,SD,3.6
1990,8,SD,3.6
1990,9,SD,3.6
1990,10,SD,3.6
1990,11,SD,3.6
1990,12,SD,3.6
1991,1,SD,3.6
1991,2,SD,3.6
1991,3,SD,3.6
1991,4,SD,3.6
1991,5,SD,3.6
1991,6,SD,3.6
1991,7,SD,3.5
1991,8,SD,3.5
1991,9,SD,3.5
1991,10,SD,3.4
1991,11,SD,3.4
1991,12,SD,3.4
1992,1,SD,3.4
1992,2,SD,3.4
1992,3,SD,3.4
1992,4,SD,3.4
1992,5,SD,3.5
1992,6,SD,3.5
1992,7,SD,3.5
1992,8,SD,3.5
1992,9,SD,3.4
1992,10,SD,3.4
1992,11,SD,3.5
1992,12,SD,3.5
1993,1,SD,3.6
1993,2,SD,3.6
1993,3,SD,3.6
1993,4,SD,3.6
1993,5,SD,3.5
1993,6,SD,3.5
1993,7,SD,3.4
1993,8,SD,3.4
1993,9,SD,3.4
1993,10,SD,3.3
1993,11,SD,3.3
1993,12,SD,3.3
1994,1,SD,3.3
1994,2,SD,3.3
1994,3,SD,3.3
1994,4,SD,3.3
1994,5,SD,3.2
1994,6,SD,3.2
1994,7,SD,3.2
1994,8,SD,3.3
1994,9,SD,3.3
1994,10,SD,3.3
1994,11,SD,3.2
1994,12,SD,3.1
1995,1,SD,3.1
1995,2,SD,3.1
1995,3,SD,3.1
1995,4,SD,3.1
1995,5,SD,3.2
1995,6,SD,3.2
1995,7,SD,3.2
1995,8,SD,3.2
1995,9,SD,3.2
1995,10,SD,3.2
1995,11,SD,3.2
1995,12,SD,3.3
1996,1,SD,3.3
1996,2,SD,3.3
1996,3,SD,3.4
1996,4,SD,3.4
1996,5,SD,3.3
1996,6,SD,3.3
1996,7,SD,3.2
1996,8,SD,3.2
1996,9,SD,3.2
1996,10,SD,3.2
1996,11,SD,3.2
1996,12,SD,3.2
1997,1,SD,3.1
1997,2,SD,3.1
1997,3,SD,3.0
1997,4,SD,2.9
1997,5,SD,2.9
1997,6,SD,2.9
1997,7,SD,2.9
1997,8,SD,2.9
1997,9,SD,2.9
1997,10,SD,2.9
1997,11,SD,2.9
1997,12,SD,2.9
1998,1,SD,2.9
1998,2,SD,2.9
1998,3,SD,2.9
1998,4,SD,2.9
1998,5,SD,2.9
1998,6,SD,2.9
1998,7,SD,2.9
1998,8,SD,2.9
1998,9,SD,2.9
1998,10,SD,2.9
1998,11,SD,2.8
1998,12,SD,2.8
1999,1,SD,2.8
1999,2,SD,2.7
1999,3,SD,2.7
1999,4,SD,2.8
1999,5,SD,2.8
1999,6,SD,2.8
1999,7,SD,2.8
1999,8,SD,2.8
1999,9,SD,2.7
1999,10,SD,2.6
1999,11,SD,2.6
1999,12,SD,2.5
2000,1,SD,2.4
2000,2,SD,2.4
2000,3,SD,2.4
2000,4,SD,2.4
2000,5,SD,2.4
2000,6,SD,2.5
2000,7,SD,2.5
2000,8,SD,2.6
2000,9,SD,2.6
2000,10,SD,2.6
2000,11,SD,2.7
2000,12,SD,2.7
2001,1,SD,2.7
2001,2,SD,2.8
2001,3,SD,2.8
2001,4,SD,2.9
2001,5,SD,2.9
2001,6,SD,2.9
2001,7,SD,3.0
2001,8,SD,3.0
2001,9,SD,3.1
2001,10,SD,3.2
2001,11,SD,3.3
2001,12,SD,3.4
2002,1,SD,3.5
2002,2,SD,3.5
2002,3,SD,3.4
2002,4,SD,3.4
2002,5,SD,3.3
2002,6,SD,3.2
2002,7,SD,3.1
2002,8,SD,3.1
2002,9,SD,3.1
2002,10,SD,3.1
2002,11,SD,3.2
2002,12,SD,3.2
2003,1,SD,3.3
2003,2,SD,3.3
2003,3,SD,3.4
2003,4,SD,3.4
2003,5,SD,3.5
2003,6,SD,3.5
2003,7,SD,3.6
2003,8,SD,3.6
2003,9,SD,3.6
2003,10,SD,3.5
2003,11,SD,3.5
2003,12,SD,3.5
2004,1,SD,3.4
2004,2,SD,3.4
2004,3,SD,3.5
2004,4,SD,3.5
2004,5,SD,3.5
2004,6,SD,3.6
2004,7,SD,3.6
2004,8,SD,3.6
2004,9,SD,3.6
2004,10,SD,3.7
2004,11,SD,3.7
2004,12,SD,3.7
2005,1,SD,3.7
2005,2,SD,3.7
2005,3,SD,3.7
2005,4,SD,3.7
2005,5,SD,3.6
2005,6,SD,3.5
2005,7,SD,3.5
2005,8,SD,3.4
2005,9,SD,3.4
2005,10,SD,3.4
2005,11,SD,3.3
2005,12,SD,3.3
2006,1,SD,3.2
2006,2,SD,3.0
2006,3,SD,3.0
2006,4,SD,2.9
2006,5,SD,2.9
2006,6,SD,3.0
2006,7,SD,3.0
2006,8,SD,3.0
2006,9,SD,3.1
2006,10,SD,3.0
2006,11,SD,3.0
2006,12,SD,3.0
2007,1,SD,2.9
2007,2,SD,2.9
2007,3,SD,2.9
2007,4,SD,2.8
2007,5,SD,2.8
2007,6,SD,2.8
2007,7,SD,2.9
2007,8,SD,2.9
2007,9,SD,2.9
2007,10,SD,2.9
2007,11,SD,2.8
2007,12,SD,2.7
2008,1,SD,2.6
2008,2,SD,2.6
2008,3,SD,2.6
2008,4,SD,2.7
2008,5,SD,2.8
2008,6,SD,2.9
2008,7,SD,3.1
2008,8,SD,3.2
2008,9,SD,3.3
2008,10,SD,3.5
2008,11,SD,3.7
2008,12,SD,3.9
2009,1,SD,4.2
2009,2,SD,4.4
2009,3,SD,4.6
2009,4,SD,4.7
2009,5,SD,4.8
2009,6,SD,4.7
2009,7,SD,4.7
2009,8,SD,4.6
2009,9,SD,4.6
2009,10,SD,4.6
2009,11,SD,4.6
2009,12,SD,4.7
2010,1,SD,4.8
2010,2,SD,4.8
2010,3,SD,4.9
2010,4,SD,4.9
2010,5,SD,4.9
2010,6,SD,4.9
2010,7,SD,4.8
2010,8,SD,4.8
2010,9,SD,4.8
2010,10,SD,4.9
2010,11,SD,4.9
2010,12,SD,4.9
2011,1,SD,4.9
2011,2,SD,4.9
2011,3,SD,4.8
2011,4,SD,4.7
2011,5,SD,4.6
2011,6,SD,4.5
2011,7,SD,4.5
2011,8,SD,4.5
2011,9,SD,4.4
2011,10,SD,4.4
2011,11,SD,4.3
2011,12,SD,4.2
2012,1,SD,4.1
2012,2,SD,4.1
2012,3,SD,4.0
2012,4,SD,4.0
2012,5,SD,4.0
2012,6,SD,4.1
2012,7,SD,4.1
2012,8,SD,4.0
2012,9,SD,4.0
2012,10,SD,4.0
2012,11,SD,3.9
2012,12,SD,3.9
2013,1,SD,3.9
2013,2,SD,3.8
2013,3,SD,3.8
2013,4,SD,3.8
2013,5,SD,3.8
2013,6,SD,3.7
2013,7,SD,3.7
2013,8,SD,3.7
2013,9,SD,3.6
2013,10,SD,3.6
2013,11,SD,3.5
2013,12,SD,3.5
2014,1,SD,3.5
2014,2,SD,3.5
2014,3,SD,3.4
2014,4,SD,3.4
2014,5,SD,3.4
2014,6,SD,3.3
2014,7,SD,3.3
2014,8,SD,3.3
2014,9,SD,3.3
2014,10,SD,3.3
2014,11,SD,3.2
2014,12,SD,3.2
2015,1,SD,3.2
2015,2,SD,3.2
2015,3,SD,3.1
2015,4,SD,3.1
2015,5,SD,3.1
2015,6,SD,3.1
2015,7,SD,3.0
2015,8,SD,3.0
2015,9,SD,2.9
2015,10,SD,2.9
2015,11,SD,2.9
2015,12,SD,2.8
2016,1,SD,2.8
2016,2,SD,2.8
2016,3,SD,2.8
2016,4,SD,2.9
2016,5,SD,2.9
2016,6,SD,3.0
2016,7,SD,3.1
2016,8,SD,3.1
2016,9,SD,3.1
2016,10,SD,3.2
2016,11,SD,3.2
2016,12,SD,3.1
2017,1,SD,3.1
2017,2,SD,3.1
2017,3,SD,3.0
2017,4,SD,3.0
2017,5,SD,3.0
2017,6,SD,3.0
2017,7,SD,3.0
2017,8,SD,3.0
2017,9,SD,3.0
2017,10,SD,3.0
2017,11,SD,3.0
2017,12,SD,3.0
2018,1,SD,2.9
2018,2,SD,2.9
2018,3,SD,2.9
2018,4,SD,2.8
2018,5,SD,2.8
2018,6,SD,2.7
2018,7,SD,2.7
2018,8,SD,2.7
2018,9,SD,2.7
2018,10,SD,2.7
2018,11,SD,2.7
2018,12,SD,2.7
2019,1,SD,2.8
2019,2,SD,2.8
2019,3,SD,2.8
2019,4,SD,2.8
2019,5,SD,2.8
2019,6,SD,2.8
2019,7,SD,2.8
2019,8,SD,2.7
2019,9,SD,2.7
2019,10,SD,2.7
2019,11,SD,2.6
2019,12,SD,2.6
2020,1,SD,2.5
2020,2,SD,2.5
2020,3,SD,2.4
2020,4,SD,8.8
2020,5,SD,6.6
2020,6,SD,5.3
2020,7,SD,4.7
2020,8,SD,3.9
2020,9,SD,3.6
2020,10,SD,3.3
2020,11,SD,3.1
2020,12,SD,3.0
2021,1,SD,2.9
2021,2,SD,2.8
2021,3,SD,2.8
2021,4,SD,2.8
2021,5,SD,2.7
2021,6,SD,2.7
2021,7,SD,2.6
2021,8,SD,2.5
2021,9,SD,2.4
2021,10,SD,2.2
2021,11,SD,2.1
2021,12,SD,2.0
2022,1,SD,1.9
2022,2,SD,1.9
2022,3,SD,1.8
2022,4,SD,1.8
2022,5,SD,1.9
2022,6,SD,1.9
2022,7,SD,1.9
2022,8,SD,1.9
2022,9,SD,2.0
2022,10,SD,1.9
2022,11,SD,1.9
2022,12,SD,1.9
2023,1,SD,1.8
2023,2,SD,1.8
2023,3,SD,1.8
2023,4,SD,1.8
2023,5,SD,1.8
2023,6,SD,1.8
2023,7,SD,1.8
2023,8,SD,1.8
2023,9,SD,1.8
2023,10,SD,1.8
2023,11,SD,1.8
2023,12,SD,1.8
2024,1,SD,1.7
2024,2,SD,1.7
2024,3,SD,1.7
2024,4,SD,1.8
2024,5,SD,1.8
2024,6,SD,1.8
2024,7,SD,1.8
2024,8,SD,1.8
2024,9,SD,1.8
2024,10,SD,1.9
2024,11,SD,1.9
2024,12,SD,1.9
2025,1,SD,1.9
2025,2,SD,1.9
2025,3,SD,1.8
2025,4,SD,1.8
2025,5,SD,1.8
2025,6,SD,1.8
2025,7,SD,1.9
2025,8,SD,1.9
2025,9,SD,2.0
2025,10,SD,
2025,11,SD,2.1
2025,12,SD,2.2
1976,1,TN,6.0
1976,2,TN,6.0
1976,3,TN,6.0
1976,4,TN,6.0
1976,5,TN,5.9
1976,6,TN,6.0
1976,7,TN,6.0
1976,8,TN,6.1
1976,9,TN,6.2
1976,10,TN,6.3
1976,11,TN,6.4
1976,12,TN,6.5
1977,1,TN,6.6
1977,2,TN,6.6
1977,3,TN,6.5
1977,4,TN,6.4
1977,5,TN,6.3
1977,6,TN,6.2
1977,7,TN,6.1
1977,8,TN,6.1
1977,9,TN,6.0
1977,10,TN,6.0
1977,11,TN,6.0
1977,12,TN,5.9
1978,1,TN,5.9
1978,2,TN,5.8
1978,3,TN,5.7
1978,4,TN,5.7
1978,5,TN,5.7
1978,6,TN,5.7
1978,7,TN,5.8
1978,8,TN,5.8
1978,9,TN,5.8
1978,10,TN,5.8
1978,11,TN,5.8
1978,12,TN,5.7
1979,1,TN,5.7
1979,2,TN,5.7
1979,3,TN,5.7
1979,4,TN,5.8
1979,5,TN,5.8
1979,6,TN,5.9
1979,7,TN,5.9
1979,8,TN,6.0
1979,9,TN,6.0
1979,10,TN,6.0
1979,11,TN,6.0
1979,12,TN,6.0
1980,1,TN,6.1
1980,2,TN,6.3
1980,3,TN,6.5
1980,4,TN,6.9
1980,5,TN,7.3
1980,6,TN,7.6
1980,7,TN,7.9
1980,8,TN,8.0
1980,9,TN,8.0
1980,10,TN,8.0
1980,11,TN,8.0
1980,12,TN,8.1
1981,1,TN,8.2
1981,2,TN,8.3
1981,3,TN,8.4
1981,4,TN,8.4
1981,5,TN,8.5
1981,6,TN,8.5
1981,7,TN,8.6
1981,8,TN,8.8
1981,9,TN,9.1
1981,10,TN,9.4
1981,11,TN,9.9
1981,12,TN,10.3
1982,1,TN,10.7
1982,2,TN,11.0
1982,3,TN,11.2
1982,4,TN,11.4
1982,5,TN,11.5
1982,6,TN,11.6
1982,7,TN,11.7
1982,8,TN,12.0
1982,9,TN,12.3
1982,10,TN,12.6
1982,11,TN,12.8
1982,12,TN,12.9
1983,1,TN,12.9
1983,2,TN,12.7
1983,3,TN,12.5
1983,4,TN,12.3
1983,5,TN,12.0
1983,6,TN,11.8
1983,7,TN,11.5
1983,8,TN,11.2
1983,9,TN,10.9
1983,10,TN,10.6
1983,11,TN,10.2
1983,12,TN,9.9
1984,1,TN,9.5
1984,2,TN,9.3
1984,3,TN,9.1
1984,4,TN,8.9
1984,5,TN,8.8
1984,6,TN,8.7
1984,7,TN,8.6
1984,8,TN,8.5
1984,9,TN,8.4
1984,10,TN,8.3
1984,11,TN,8.2
1984,12,TN,8.1
1985,1,TN,8.0
1985,2,TN,8.0
1985,3,TN,8.0
1985,4,TN,8.0
1985,5,TN,8.0
1985,6,TN,8.0
1985,7,TN,8.0
1985,8,TN,7.9
1985,9,TN,7.8
1985,10,TN,7.8
1985,11,TN,7.8
1985,12,TN,7.8
1986,1,TN,7.9
1986,2,TN,8.0
1986,3,TN,8.0
1986,4,TN,8.0
1986,5,TN,8.0
1986,6,TN,8.0
1986,7,TN,7.9
1986,8,TN,7.9
1986,9,TN,7.8
1986,10,TN,7.8
1986,11,TN,7.7
1986,12,TN,7.6
1987,1,TN,7.4
1987,2,TN,7.3
1987,3,TN,7.2
1987,4,TN,7.1
1987,5,TN,6.9
1987,6,TN,6.7
1987,7,TN,6.6
1987,8,TN,6.4
1987,9,TN,6.2
1987,10,TN,6.1
1987,11,TN,6.0
1987,12,TN,5.9
1988,1,TN,5.8
1988,2,TN,5.8
1988,3,TN,5.8
1988,4,TN,5.8
1988,5,TN,5.8
1988,6,TN,5.8
1988,7,TN,5.8
1988,8,TN,5.8
1988,9,TN,5.8
1988,10,TN,5.8
1988,11,TN,5.7
1988,12,TN,5.6
1989,1,TN,5.4
1989,2,TN,5.2
1989,3,TN,5.1
1989,4,TN,5.0
1989,5,TN,5.0
1989,6,TN,5.0
1989,7,TN,5.1
1989,8,TN,5.1
1989,9,TN,5.1
1989,10,TN,5.1
1989,11,TN,5.1
1989,12,TN,5.0
1990,1,TN,5.0
1990,2,TN,5.0
1990,3,TN,5.0
1990,4,TN,5.1
1990,5,TN,5.1
1990,6,TN,5.2
1990,7,TN,5.3
1990,8,TN,5.4
1990,9,TN,5.5
1990,10,TN,5.7
1990,11,TN,5.9
1990,12,TN,6.2
1991,1,TN,6.4
1991,2,TN,6.5
1991,3,TN,6.7
1991,4,TN,6.7
1991,5,TN,6.7
1991,6,TN,6.7
1991,7,TN,6.7
1991,8,TN,6.7
1991,9,TN,6.7
1991,10,TN,6.7
1991,11,TN,6.7
1991,12,TN,6.8
1992,1,TN,6.8
1992,2,TN,6.7
1992,3,TN,6.7
1992,4,TN,6.6
1992,5,TN,6.5
1992,6,TN,6.4
1992,7,TN,6.3
1992,8,TN,6.3
1992,9,TN,6.3
1992,10,TN,6.3
1992,11,TN,6.2
1992,12,TN,6.2
1993,1,TN,6.2
1993,2,TN,6.2
1993,3,TN,6.1
1993,4,TN,6.1
1993,5,TN,6.0
1993,6,TN,5.9
1993,7,TN,5.8
1993,8,TN,5.7
1993,9,TN,5.5
1993,10,TN,5.4
1993,11,TN,5.3
1993,12,TN,5.2
1994,1,TN,5.2
1994,2,TN,5.1
1994,3,TN,5.0
1994,4,TN,4.9
1994,5,TN,4.8
1994,6,TN,4.8
1994,7,TN,4.7
1994,8,TN,4.7
1994,9,TN,4.7
1994,10,TN,4.6
1994,11,TN,4.6
1994,12,TN,4.5
1995,1,TN,4.6
1995,2,TN,4.7
1995,3,TN,4.8
1995,4,TN,5.0
1995,5,TN,5.2
1995,6,TN,5.3
1995,7,TN,5.4
1995,8,TN,5.4
1995,9,TN,5.3
1995,10,TN,5.3
1995,11,TN,5.3
1995,12,TN,5.2
1996,1,TN,5.2
1996,2,TN,5.2
1996,3,TN,5.2
1996,4,TN,5.1
1996,5,TN,5.1
1996,6,TN,5.1
1996,7,TN,5.1
1996,8,TN,5.1
1996,9,TN,5.2
1996,10,TN,5.3
1996,11,TN,5.4
1996,12,TN,5.4
1997,1,TN,5.5
1997,2,TN,5.5
1997,3,TN,5.4
1997,4,TN,5.4
1997,5,TN,5.4
1997,6,TN,5.4
1997,7,TN,5.3
1997,8,TN,5.2
1997,9,TN,5.1
1997,10,TN,5.0
1997,11,TN,4.8
1997,12,TN,4.7
1998,1,TN,4.6
1998,2,TN,4.5
1998,3,TN,4.4
1998,4,TN,4.4
1998,5,TN,4.3
1998,6,TN,4.3
1998,7,TN,4.3
1998,8,TN,4.3
1998,9,TN,4.3
1998,10,TN,4.3
1998,11,TN,4.3
1998,12,TN,4.2
1999,1,TN,4.2
1999,2,TN,4.1
1999,3,TN,4.1
1999,4,TN,4.0
1999,5,TN,4.0
1999,6,TN,3.9
1999,7,TN,3.9
1999,8,TN,3.9
1999,9,TN,3.9
1999,10,TN,3.9
1999,11,TN,3.8
1999,12,TN,3.8
2000,1,TN,3.7
2000,2,TN,3.7
2000,3,TN,3.7
2000,4,TN,3.8
2000,5,TN,3.8
2000,6,TN,3.9
2000,7,TN,3.9
2000,8,TN,3.9
2000,9,TN,3.9
2000,10,TN,3.9
2000,11,TN,3.9
2000,12,TN,3.9
2001,1,TN,4.0
2001,2,TN,4.0
2001,3,TN,4.1
2001,4,TN,4.2
2001,5,TN,4.3
2001,6,TN,4.4
2001,7,TN,4.6
2001,8,TN,4.7
2001,9,TN,4.9
2001,10,TN,5.1
2001,11,TN,5.3
2001,12,TN,5.5
2002,1,TN,5.6
2002,2,TN,5.6
2002,3,TN,5.5
2002,4,TN,5.4
2002,5,TN,5.3
2002,6,TN,5.1
2002,7,TN,5.0
2002,8,TN,4.9
2002,9,TN,4.9
2002,10,TN,4.9
2002,11,TN,4.9
2002,12,TN,5.0
2003,1,TN,5.1
2003,2,TN,5.3
2003,3,TN,5.4
2003,4,TN,5.5
2003,5,TN,5.6
2003,6,TN,5.7
2003,7,TN,5.8
2003,8,TN,5.8
2003,9,TN,5.7
2003,10,TN,5.6
2003,11,TN,5.5
2003,12,TN,5.4
2004,1,TN,5.3
2004,2,TN,5.2
2004,3,TN,5.2
2004,4,TN,5.1
2004,5,TN,5.2
2004,6,TN,5.2
2004,7,TN,5.3
2004,8,TN,5.4
2004,9,TN,5.5
2004,10,TN,5.5
2004,11,TN,5.6
2004,12,TN,5.7
2005,1,TN,5.7
2005,2,TN,5.7
2005,3,TN,5.7
2005,4,TN,5.6
2005,5,TN,5.5
2005,6,TN,5.4
2005,7,TN,5.4
2005,8,TN,5.4
2005,9,TN,5.4
2005,10,TN,5.4
2005,11,TN,5.4
2005,12,TN,5.4
2006,1,TN,5.4
2006,2,TN,5.4
2006,3,TN,5.4
2006,4,TN,5.4
2006,5,TN,5.4
2006,6,TN,5.4
2006,7,TN,5.4
2006,8,TN,5.2
2006,9,TN,5.1
2006,10,TN,5.0
2006,11,TN,4.8
2006,12,TN,4.7
2007,1,TN,4.6
2007,2,TN,4.5
2007,3,TN,4.4
2007,4,TN,4.3
2007,5,TN,4.3
2007,6,TN,4.4
2007,7,TN,4.5
2007,8,TN,4.7
2007,9,TN,4.8
2007,10,TN,5.0
2007,11,TN,5.1
2007,12,TN,5.2
2008,1,TN,5.2
2008,2,TN,5.3
2008,3,TN,5.5
2008,4,TN,5.7
2008,5,TN,6.0
2008,6,TN,6.3
2008,7,TN,6.5
2008,8,TN,6.8
2008,9,TN,7.1
2008,10,TN,7.4
2008,11,TN,7.9
2008,12,TN,8.4
2009,1,TN,9.0
2009,2,TN,9.6
2009,3,TN,10.1
2009,4,TN,10.4
2009,5,TN,10.7
2009,6,TN,10.8
2009,7,TN,10.8
2009,8,TN,10.8
2009,9,TN,10.7
2009,10,TN,10.6
2009,11,TN,10.6
2009,12,TN,10.5
2010,1,TN,10.5
2010,2,TN,10.3
2010,3,TN,10.2
2010,4,TN,10.0
2010,5,TN,9.7
2010,6,TN,9.6
2010,7,TN,9.5
2010,8,TN,9.5
2010,9,TN,9.5
2010,10,TN,9.6
2010,11,TN,9.6
2010,12,TN,9.6
2011,1,TN,9.5
2011,2,TN,9.4
2011,3,TN,9.3
2011,4,TN,9.2
2011,5,TN,9.2
2011,6,TN,9.1
2011,7,TN,9.1
2011,8,TN,9.0
2011,9,TN,8.9
2011,10,TN,8.8
2011,11,TN,8.6
2011,12,TN,8.4
2012,1,TN,8.2
2012,2,TN,8.1
2012,3,TN,8.0
2012,4,TN,8.0
2012,5,TN,8.0
2012,6,TN,8.0
2012,7,TN,7.9
2012,8,TN,7.8
2012,9,TN,7.8
2012,10,TN,7.7
2012,11,TN,7.8
2012,12,TN,7.8
2013,1,TN,7.9
2013,2,TN,7.9
2013,3,TN,7.9
2013,4,TN,7.9
2013,5,TN,7.8
2013,6,TN,7.8
2013,7,TN,7.7
2013,8,TN,7.6
2013,9,TN,7.5
2013,10,TN,7.3
2013,11,TN,7.2
2013,12,TN,7.0
2014,1,TN,6.9
2014,2,TN,6.8
2014,3,TN,6.7
2014,4,TN,6.7
2014,5,TN,6.7
2014,6,TN,6.6
2014,7,TN,6.6
2014,8,TN,6.5
2014,9,TN,6.5
2014,10,TN,6.4
2014,11,TN,6.3
2014,12,TN,6.2
2015,1,TN,6.1
2015,2,TN,6.0
2015,3,TN,5.9
2015,4,TN,5.8
2015,5,TN,5.7
2015,6,TN,5.6
2015,7,TN,5.5
2015,8,TN,5.4
2015,9,TN,5.3
2015,10,TN,5.1
2015,11,TN,5.0
2015,12,TN,4.9
2016,1,TN,4.8
2016,2,TN,4.7
2016,3,TN,4.7
2016,4,TN,4.7
2016,5,TN,4.7
2016,6,TN,4.7
2016,7,TN,4.7
2016,8,TN,4.8
2016,9,TN,4.8
2016,10,TN,4.8
2016,11,TN,4.8
2016,12,TN,4.7
2017,1,TN,4.5
2017,2,TN,4.3
2017,3,TN,4.1
2017,4,TN,3.9
2017,5,TN,3.7
2017,6,TN,3.6
2017,7,TN,3.5
2017,8,TN,3.4
2017,9,TN,3.4
2017,10,TN,3.4
2017,11,TN,3.5
2017,12,TN,3.5
2018,1,TN,3.5
2018,2,TN,3.5
2018,3,TN,3.5
2018,4,TN,3.5
2018,5,TN,3.5
2018,6,TN,3.5
2018,7,TN,3.5
2018,8,TN,3.5
2018,9,TN,3.5
2018,10,TN,3.5
2018,11,TN,3.5
2018,12,TN,3.5
2019,1,TN,3.5
2019,2,TN,3.4
2019,3,TN,3.4
2019,4,TN,3.4
2019,5,TN,3.3
2019,6,TN,3.2
2019,7,TN,3.2
2019,8,TN,3.2
2019,9,TN,3.3
2019,10,TN,3.3
2019,11,TN,3.4
2019,12,TN,3.4
2020,1,TN,3.4
2020,2,TN,3.5
2020,3,TN,3.5
2020,4,TN,15.7
2020,5,TN,12.1
2020,6,TN,10.2
2020,7,TN,9.0
2020,8,TN,7.6
2020,9,TN,7.1
2020,10,TN,6.3
2020,11,TN,5.9
2020,12,TN,5.6
2021,1,TN,5.4
2021,2,TN,5.2
2021,3,TN,5.1
2021,4,TN,5.0
2021,5,TN,4.9
2021,6,TN,4.7
2021,7,TN,4.4
2021,8,TN,4.2
2021,9,TN,3.9
2021,10,TN,3.7
2021,11,TN,3.6
2021,12,TN,3.5
2022,1,TN,3.4
2022,2,TN,3.4
2022,3,TN,3.3
2022,4,TN,3.3
2022,5,TN,3.3
2022,6,TN,3.3
2022,7,TN,3.3
2022,8,TN,3.3
2022,9,TN,3.4
2022,10,TN,3.4
2022,11,TN,3.4
2022,12,TN,3.4
2023,1,TN,3.4
2023,2,TN,3.3
2023,3,TN,3.2
2023,4,TN,3.2
2023,5,TN,3.1
2023,6,TN,3.1
2023,7,TN,3.2
2023,8,TN,3.2
2023,9,TN,3.2
2023,10,TN,3.3
2023,11,TN,3.3
2023,12,TN,3.2
2024,1,TN,3.2
2024,2,TN,3.1
2024,3,TN,3.1
2024,4,TN,3.2
2024,5,TN,3.2
2024,6,TN,3.3
2024,7,TN,3.4
2024,8,TN,3.6
2024,9,TN,3.7
2024,10,TN,3.7
2024,11,TN,3.7
2024,12,TN,3.7
2025,1,TN,3.7
2025,2,TN,3.7
2025,3,TN,3.6
2025,4,TN,3.5
2025,5,TN,3.5
2025,6,TN,3.5
2025,7,TN,3.6
2025,8,TN,3.6
2025,9,TN,3.6
2025,10,TN,
2025,11,TN,3.6
2025,12,TN,3.6
1976,1,TX,5.8
1976,2,TX,5.8
1976,3,TX,5.9
1976,4,TX,5.9
1976,5,TX,6.0
1976,6,TX,6.0
1976,7,TX,5.9
1976,8,TX,5.8
1976,9,TX,5.8
1976,10,TX,5.7
1976,11,TX,5.7
1976,12,TX,5.8
1977,1,TX,5.8
1977,2,TX,5.8
1977,3,TX,5.7
1977,4,TX,5.5
1977,5,TX,5.4
1977,6,TX,5.3
1977,7,TX,5.2
1977,8,TX,5.3
1977,9,TX,5.3
1977,10,TX,5.3
1977,11,TX,5.3
1977,12,TX,5.3
1978,1,TX,5.2
1978,2,TX,5.1
1978,3,TX,5.0
1978,4,TX,4.9
1978,5,TX,4.9
1978,6,TX,4.8
1978,7,TX,4.8
1978,8,TX,4.8
1978,9,TX,4.8
1978,10,TX,4.8
1978,11,TX,4.7
1978,12,TX,4.6
1979,1,TX,4.5
1979,2,TX,4.4
1979,3,TX,4.4
1979,4,TX,4.3
1979,5,TX,4.4
1979,6,TX,4.4
1979,7,TX,4.4
1979,8,TX,4.4
1979,9,TX,4.4
1979,10,TX,4.4
1979,11,TX,4.4
1979,12,TX,4.5
1980,1,TX,4.7
1980,2,TX,4.9
1980,3,TX,5.1
1980,4,TX,5.3
1980,5,TX,5.4
1980,6,TX,5.4
1980,7,TX,5.4
1980,8,TX,5.4
1980,9,TX,5.4
1980,10,TX,5.4
1980,11,TX,5.3
1980,12,TX,5.3
1981,1,TX,5.2
1981,2,TX,5.2
1981,3,TX,5.2
1981,4,TX,5.2
1981,5,TX,5.2
1981,6,TX,5.3
1981,7,TX,5.3
1981,8,TX,5.4
1981,9,TX,5.4
1981,10,TX,5.4
1981,11,TX,5.5
1981,12,TX,5.7
1982,1,TX,5.8
1982,2,TX,6.0
1982,3,TX,6.1
1982,4,TX,6.3
1982,5,TX,6.5
1982,6,TX,6.7
1982,7,TX,6.9
1982,8,TX,7.2
1982,9,TX,7.4
1982,10,TX,7.7
1982,11,TX,8.0
1982,12,TX,8.3
1983,1,TX,8.4
1983,2,TX,8.5
1983,3,TX,8.6
1983,4,TX,8.5
1983,5,TX,8.4
1983,6,TX,8.3
1983,7,TX,8.2
1983,8,TX,8.0
1983,9,TX,7.9
1983,10,TX,7.6
1983,11,TX,7.4
1983,12,TX,7.1
1984,1,TX,6.8
1984,2,TX,6.6
1984,3,TX,6.3
1984,4,TX,6.2
1984,5,TX,5.9
1984,6,TX,5.8
1984,7,TX,5.8
1984,8,TX,5.8
1984,9,TX,5.9
1984,10,TX,6.0
1984,11,TX,6.2
1984,12,TX,6.3
1985,1,TX,6.4
1985,2,TX,6.6
1985,3,TX,6.7
1985,4,TX,6.8
1985,5,TX,6.9
1985,6,TX,7.1
1985,7,TX,7.2
1985,8,TX,7.2
1985,9,TX,7.3
1985,10,TX,7.3
1985,11,TX,7.3
1985,12,TX,7.5
1986,1,TX,7.7
1986,2,TX,8.0
1986,3,TX,8.3
1986,4,TX,8.6
1986,5,TX,8.8
1986,6,TX,9.0
1986,7,TX,9.1
1986,8,TX,9.2
1986,9,TX,9.3
1986,10,TX,9.3
1986,11,TX,9.3
1986,12,TX,9.3
1987,1,TX,9.2
1987,2,TX,9.0
1987,3,TX,8.9
1987,4,TX,8.7
1987,5,TX,8.6
1987,6,TX,8.5
1987,7,TX,8.4
1987,8,TX,8.4
1987,9,TX,8.3
1987,10,TX,8.2
1987,11,TX,8.1
1987,12,TX,8.0
1988,1,TX,7.9
1988,2,TX,7.8
1988,3,TX,7.7
1988,4,TX,7.6
1988,5,TX,7.5
1988,6,TX,7.4
1988,7,TX,7.3
1988,8,TX,7.3
1988,9,TX,7.2
1988,10,TX,7.2
1988,11,TX,7.1
1988,12,TX,7.0
1989,1,TX,7.0
1989,2,TX,6.9
1989,3,TX,6.8
1989,4,TX,6.8
1989,5,TX,6.8
1989,6,TX,6.8
1989,7,TX,6.8
1989,8,TX,6.7
1989,9,TX,6.7
1989,10,TX,6.6
1989,11,TX,6.5
1989,12,TX,6.4
1990,1,TX,6.3
1990,2,TX,6.3
1990,3,TX,6.2
1990,4,TX,6.2
1990,5,TX,6.2
1990,6,TX,6.3
1990,7,TX,6.3
1990,8,TX,6.4
1990,9,TX,6.4
1990,10,TX,6.5
1990,11,TX,6.6
1990,12,TX,6.7
1991,1,TX,6.8
1991,2,TX,6.8
1991,3,TX,6.9
1991,4,TX,6.9
1991,5,TX,6.9
1991,6,TX,6.9
1991,7,TX,6.9
1991,8,TX,6.9
1991,9,TX,7.0
1991,10,TX,7.1
1991,11,TX,7.3
1991,12,TX,7.4
1992,1,TX,7.5
1992,2,TX,7.6
1992,3,TX,7.7
1992,4,TX,7.8
1992,5,TX,7.8
1992,6,TX,7.8
1992,7,TX,7.8
1992,8,TX,7.8
1992,9,TX,7.7
1992,10,TX,7.7
1992,11,TX,7.7
1992,12,TX,7.6
1993,1,TX,7.6
1993,2,TX,7.5
1993,3,TX,7.4
1993,4,TX,7.3
1993,5,TX,7.2
1993,6,TX,7.2
1993,7,TX,7.2
1993,8,TX,7.1
1993,9,TX,7.1
1993,10,TX,7.1
1993,11,TX,7.1
1993,12,TX,7.0
1994,1,TX,7.0
1994,2,TX,7.0
1994,3,TX,6.9
1994,4,TX,6.9
1994,5,TX,6.8
1994,6,TX,6.7
1994,7,TX,6.6
1994,8,TX,6.4
1994,9,TX,6.3
1994,10,TX,6.2
1994,11,TX,6.1
1994,12,TX,5.9
1995,1,TX,5.9
1995,2,TX,5.9
1995,3,TX,5.9
1995,4,TX,6.0
1995,5,TX,6.1
1995,6,TX,6.2
1995,7,TX,6.2
1995,8,TX,6.2
1995,9,TX,6.3
1995,10,TX,6.3
1995,11,TX,6.2
1995,12,TX,6.2
1996,1,TX,6.1
1996,2,TX,6.1
1996,3,TX,6.0
1996,4,TX,5.9
1996,5,TX,5.8
1996,6,TX,5.7
1996,7,TX,5.6
1996,8,TX,5.5
1996,9,TX,5.5
1996,10,TX,5.5
1996,11,TX,5.6
1996,12,TX,5.7
1997,1,TX,5.7
1997,2,TX,5.7
1997,3,TX,5.7
1997,4,TX,5.6
1997,5,TX,5.5
1997,6,TX,5.5
1997,7,TX,5.4
1997,8,TX,5.3
1997,9,TX,5.2
1997,10,TX,5.1
1997,11,TX,5.0
1997,12,TX,5.0
1998,1,TX,4.9
1998,2,TX,4.9
1998,3,TX,4.9
1998,4,TX,4.9
1998,5,TX,5.0
1998,6,TX,5.0
1998,7,TX,5.1
1998,8,TX,5.1
1998,9,TX,5.1
1998,10,TX,5.0
1998,11,TX,4.9
1998,12,TX,4.8
1999,1,TX,4.7
1999,2,TX,4.7
1999,3,TX,4.7
1999,4,TX,4.7
1999,5,TX,4.7
1999,6,TX,4.7
1999,7,TX,4.7
1999,8,TX,4.7
1999,9,TX,4.7
1999,10,TX,4.8
1999,11,TX,4.8
1999,12,TX,4.8
2000,1,TX,4.7
2000,2,TX,4.7
2000,3,TX,4.6
2000,4,TX,4.5
2000,5,TX,4.4
2000,6,TX,4.4
2000,7,TX,4.3
2000,8,TX,4.3
2000,9,TX,4.2
2000,10,TX,4.1
2000,11,TX,4.1
2000,12,TX,4.1
2001,1,TX,4.1
2001,2,TX,4.2
2001,3,TX,4.3
2001,4,TX,4.5
2001,5,TX,4.6
2001,6,TX,4.8
2001,7,TX,5.0
2001,8,TX,5.2
2001,9,TX,5.4
2001,10,TX,5.6
2001,11,TX,5.8
2001,12,TX,6.0
2002,1,TX,6.1
2002,2,TX,6.2
2002,3,TX,6.3
2002,4,TX,6.3
2002,5,TX,6.4
2002,6,TX,6.4
2002,7,TX,6.4
2002,8,TX,6.4
2002,9,TX,6.4
2002,10,TX,6.4
2002,11,TX,6.5
2002,12,TX,6.6
2003,1,TX,6.7
2003,2,TX,6.8
2003,3,TX,6.8
2003,4,TX,6.9
2003,5,TX,6.9
2003,6,TX,7.0
2003,7,TX,6.9
2003,8,TX,6.9
2003,9,TX,6.7
2003,10,TX,6.6
2003,11,TX,6.5
2003,12,TX,6.4
2004,1,TX,6.3
2004,2,TX,6.2
2004,3,TX,6.2
2004,4,TX,6.2
2004,5,TX,6.1
2004,6,TX,6.0
2004,7,TX,5.9
2004,8,TX,5.9
2004,9,TX,5.9
2004,10,TX,5.9
2004,11,TX,5.9
2004,12,TX,5.8
2005,1,TX,5.8
2005,2,TX,5.7
2005,3,TX,5.6
2005,4,TX,5.5
2005,5,TX,5.4
2005,6,TX,5.3
2005,7,TX,5.3
2005,8,TX,5.4
2005,9,TX,5.4
2005,10,TX,5.5
2005,11,TX,5.4
2005,12,TX,5.4
2006,1,TX,5.3
2006,2,TX,5.2
2006,3,TX,5.2
2006,4,TX,5.2
2006,5,TX,5.2
2006,6,TX,5.1
2006,7,TX,5.0
2006,8,TX,4.9
2006,9,TX,4.8
2006,10,TX,4.7
2006,11,TX,4.6
2006,12,TX,4.5
2007,1,TX,4.4
2007,2,TX,4.4
2007,3,TX,4.4
2007,4,TX,4.3
2007,5,TX,4.3
2007,6,TX,4.3
2007,7,TX,4.3
2007,8,TX,4.3
2007,9,TX,4.3
2007,10,TX,4.4
2007,11,TX,4.4
2007,12,TX,4.3
2008,1,TX,4.3
2008,2,TX,4.3
2008,3,TX,4.3
2008,4,TX,4.4
2008,5,TX,4.5
2008,6,TX,4.7
2008,7,TX,4.8
2008,8,TX,5.0
2008,9,TX,5.2
2008,10,TX,5.4
2008,11,TX,5.6
2008,12,TX,5.9
2009,1,TX,6.1
2009,2,TX,6.3
2009,3,TX,6.4
2009,4,TX,6.5
2009,5,TX,7.6
2009,6,TX,8.1
2009,7,TX,8.3
2009,8,TX,8.3
2009,9,TX,8.4
2009,10,TX,8.4
2009,11,TX,8.3
2009,12,TX,8.4
2010,1,TX,8.4
2010,2,TX,8.4
2010,3,TX,8.4
2010,4,TX,8.3
2010,5,TX,8.2
2010,6,TX,8.1
2010,7,TX,8.1
2010,8,TX,8.1
2010,9,TX,8.2
2010,10,TX,8.2
2010,11,TX,8.3
2010,12,TX,8.3
2011,1,TX,8.2
2011,2,TX,8.2
2011,3,TX,8.1
2011,4,TX,8.1
2011,5,TX,8.2
2011,6,TX,8.3
2011,7,TX,8.4
2011,8,TX,8.2
2011,9,TX,8.1
2011,10,TX,7.8
2011,11,TX,7.5
2011,12,TX,7.3
2012,1,TX,7.1
2012,2,TX,7.0
2012,3,TX,6.7
2012,4,TX,6.8
2012,5,TX,6.8
2012,6,TX,6.8
2012,7,TX,6.7
2012,8,TX,6.6
2012,9,TX,6.5
2012,10,TX,6.5
2012,11,TX,6.5
2012,12,TX,6.5
2013,1,TX,6.5
2013,2,TX,6.6
2013,3,TX,6.6
2013,4,TX,6.5
2013,5,TX,6.5
2013,6,TX,6.4
2013,7,TX,6.3
2013,8,TX,6.3
2013,9,TX,6.2
2013,10,TX,6.1
2013,11,TX,6.0
2013,12,TX,5.8
2014,1,TX,5.7
2014,2,TX,5.6
2014,3,TX,5.5
2014,4,TX,5.4
2014,5,TX,5.3
2014,6,TX,5.2
2014,7,TX,5.2
2014,8,TX,5.1
2014,9,TX,5.0
2014,10,TX,4.9
2014,11,TX,4.7
2014,12,TX,4.6
2015,1,TX,4.5
2015,2,TX,4.5
2015,3,TX,4.5
2015,4,TX,4.4
2015,5,TX,4.4
2015,6,TX,4.4
2015,7,TX,4.4
2015,8,TX,4.5
2015,9,TX,4.5
2015,10,TX,4.5
2015,11,TX,4.5
2015,12,TX,4.5
2016,1,TX,4.5
2016,2,TX,4.5
2016,3,TX,4.5
2016,4,TX,4.5
2016,5,TX,4.6
2016,6,TX,4.7
2016,7,TX,4.7
2016,8,TX,4.8
2016,9,TX,4.8
2016,10,TX,4.8
2016,11,TX,4.8
2016,12,TX,4.8
2017,1,TX,4.8
2017,2,TX,4.7
2017,3,TX,4.7
2017,4,TX,4.6
2017,5,TX,4.4
2017,6,TX,4.3
2017,7,TX,4.2
2017,8,TX,4.2
2017,9,TX,4.1
2017,10,TX,4.1
2017,11,TX,4.1
2017,12,TX,4.1
2018,1,TX,4.1
2018,2,TX,4.1
2018,3,TX,4.0
2018,4,TX,4.0
2018,5,TX,4.0
2018,6,TX,3.9
2018,7,TX,3.9
2018,8,TX,3.8
2018,9,TX,3.8
2018,10,TX,3.8
2018,11,TX,3.8
2018,12,TX,3.8
2019,1,TX,3.7
2019,2,TX,3.7
2019,3,TX,3.6
2019,4,TX,3.5
2019,5,TX,3.4
2019,6,TX,3.4
2019,7,TX,3.5
2019,8,TX,3.5
2019,9,TX,3.5
2019,10,TX,3.5
2019,11,TX,3.5
2019,12,TX,3.5
2020,1,TX,3.5
2020,2,TX,3.6
2020,3,TX,5.0
2020,4,TX,12.8
2020,5,TX,11.7
2020,6,TX,10.1
2020,7,TX,9.3
2020,8,TX,8.0
2020,9,TX,7.7
2020,10,TX,7.1
2020,11,TX,7.0
2020,12,TX,6.9
2021,1,TX,6.7
2021,2,TX,6.6
2021,3,TX,6.4
2021,4,TX,6.2
2021,5,TX,6.0
2021,6,TX,5.9
2021,7,TX,5.6
2021,8,TX,5.3
2021,9,TX,5.0
2021,10,TX,4.8
2021,11,TX,4.6
2021,12,TX,4.4
2022,1,TX,4.3
2022,2,TX,4.1
2022,3,TX,3.9
2022,4,TX,3.9
2022,5,TX,3.8
2022,6,TX,3.8
2022,7,TX,3.8
2022,8,TX,3.7
2022,9,TX,3.8
2022,10,TX,3.9
2022,11,TX,4.0
2022,12,TX,4.0
2023,1,TX,4.1
2023,2,TX,4.1
2023,3,TX,4.1
2023,4,TX,4.0
2023,5,TX,4.0
2023,6,TX,4.0
2023,7,TX,4.0
2023,8,TX,4.0
2023,9,TX,4.0
2023,10,TX,4.0
2023,11,TX,4.0
2023,12,TX,3.9
2024,1,TX,3.9
2024,2,TX,3.9
2024,3,TX,4.0
2024,4,TX,4.0
2024,5,TX,4.1
2024,6,TX,4.1
2024,7,TX,4.1
2024,8,TX,4.2
2024,9,TX,4.2
2024,10,TX,4.2
2024,11,TX,4.2
2024,12,TX,4.2
2025,1,TX,4.1
2025,2,TX,4.1
2025,3,TX,4.1
2025,4,TX,4.1
2025,5,TX,4.1
2025,6,TX,4.0
2025,7,TX,4.0
2025,8,TX,4.1
2025,9,TX,4.1
2025,10,TX,
2025,11,TX,4.2
2025,12,TX,4.3
1976,1,UT,5.8
1976,2,UT,5.9
1976,3,UT,5.8
1976,4,UT,5.8
1976,5,UT,5.7
1976,6,UT,5.6
1976,7,UT,5.5
1976,8,UT,5.4
1976,9,UT,5.4
1976,10,UT,5.4
1976,11,UT,5.4
1976,12,UT,5.5
1977,1,UT,5.5
1977,2,UT,5.5
1977,3,UT,5.5
1977,4,UT,5.4
1977,5,UT,5.4
1977,6,UT,5.3
1977,7,UT,5.2
1977,8,UT,5.1
1977,9,UT,5.0
1977,10,UT,4.9
1977,11,UT,4.8
1977,12,UT,4.7
1978,1,UT,4.5
1978,2,UT,4.4
1978,3,UT,4.2
1978,4,UT,4.0
1978,5,UT,3.8
1978,6,UT,3.7
1978,7,UT,3.6
1978,8,UT,3.5
1978,9,UT,3.6
1978,10,UT,3.6
1978,11,UT,3.7
1978,12,UT,3.7
1979,1,UT,3.8
1979,2,UT,3.8
1979,3,UT,3.9
1979,4,UT,4.1
1979,5,UT,4.3
1979,6,UT,4.4
1979,7,UT,4.6
1979,8,UT,4.7
1979,9,UT,4.7
1979,10,UT,4.7
1979,11,UT,4.8
1979,12,UT,4.9
1980,1,UT,5.1
1980,2,UT,5.4
1980,3,UT,5.7
1980,4,UT,6.0
1980,5,UT,6.2
1980,6,UT,6.4
1980,7,UT,6.6
1980,8,UT,6.7
1980,9,UT,6.8
1980,10,UT,6.8
1980,11,UT,6.8
1980,12,UT,6.7
1981,1,UT,6.6
1981,2,UT,6.6
1981,3,UT,6.5
1981,4,UT,6.4
1981,5,UT,6.4
1981,6,UT,6.4
1981,7,UT,6.5
1981,8,UT,6.6
1981,9,UT,6.7
1981,10,UT,6.9
1981,11,UT,7.0
1981,12,UT,7.1
1982,1,UT,7.2
1982,2,UT,7.3
1982,3,UT,7.4
1982,4,UT,7.5
1982,5,UT,7.7
1982,6,UT,7.9
1982,7,UT,8.1
1982,8,UT,8.3
1982,9,UT,8.6
1982,10,UT,8.9
1982,11,UT,9.2
1982,12,UT,9.4
1983,1,UT,9.6
1983,2,UT,9.8
1983,3,UT,9.8
1983,4,UT,9.8
1983,5,UT,9.6
1983,6,UT,9.4
1983,7,UT,9.2
1983,8,UT,8.8
1983,9,UT,8.5
1983,10,UT,8.1
1983,11,UT,7.8
1983,12,UT,7.5
1984,1,UT,7.3
1984,2,UT,7.1
1984,3,UT,6.9
1984,4,UT,6.7
1984,5,UT,6.5
1984,6,UT,6.4
1984,7,UT,6.3
1984,8,UT,6.3
1984,9,UT,6.3
1984,10,UT,6.3
1984,11,UT,6.4
1984,12,UT,6.3
1985,1,UT,6.3
1985,2,UT,6.2
1985,3,UT,6.2
1985,4,UT,6.2
1985,5,UT,6.1
1985,6,UT,6.1
1985,7,UT,6.1
1985,8,UT,6.0
1985,9,UT,6.0
1985,10,UT,5.9
1985,11,UT,5.8
1985,12,UT,5.7
1986,1,UT,5.7
1986,2,UT,5.8
1986,3,UT,5.8
1986,4,UT,5.9
1986,5,UT,6.0
1986,6,UT,6.1
1986,7,UT,6.2
1986,8,UT,6.3
1986,9,UT,6.4
1986,10,UT,6.5
1986,11,UT,6.6
1986,12,UT,6.6
1987,1,UT,6.7
1987,2,UT,6.7
1987,3,UT,6.7
1987,4,UT,6.6
1987,5,UT,6.5
1987,6,UT,6.3
1987,7,UT,6.2
1987,8,UT,6.0
1987,9,UT,5.9
1987,10,UT,5.8
1987,11,UT,5.7
1987,12,UT,5.6
1988,1,UT,5.5
1988,2,UT,5.3
1988,3,UT,5.1
1988,4,UT,5.0
1988,5,UT,5.0
1988,6,UT,4.9
1988,7,UT,4.9
1988,8,UT,4.9
1988,9,UT,4.8
1988,10,UT,4.7
1988,11,UT,4.7
1988,12,UT,4.6
1989,1,UT,4.6
1989,2,UT,4.6
1989,3,UT,4.6
1989,4,UT,4.6
1989,5,UT,4.6
1989,6,UT,4.6
1989,7,UT,4.6
1989,8,UT,4.6
1989,9,UT,4.6
1989,10,UT,4.6
1989,11,UT,4.6
1989,12,UT,4.5
1990,1,UT,4.5
1990,2,UT,4.4
1990,3,UT,4.4
1990,4,UT,4.4
1990,5,UT,4.3
1990,6,UT,4.3
1990,7,UT,4.3
1990,8,UT,4.3
1990,9,UT,4.3
1990,10,UT,4.3
1990,11,UT,4.4
1990,12,UT,4.5
1991,1,UT,4.6
1991,2,UT,4.6
1991,3,UT,4.7
1991,4,UT,4.7
1991,5,UT,4.8
1991,6,UT,4.8
1991,7,UT,4.8
1991,8,UT,4.8
1991,9,UT,4.8
1991,10,UT,4.8
1991,11,UT,4.8
1991,12,UT,4.9
1992,1,UT,4.9
1992,2,UT,5.0
1992,3,UT,5.0
1992,4,UT,5.0
1992,5,UT,5.0
1992,6,UT,4.9
1992,7,UT,4.9
1992,8,UT,4.8
1992,9,UT,4.8
1992,10,UT,4.7
1992,11,UT,4.7
1992,12,UT,4.6
1993,1,UT,4.5
1993,2,UT,4.4
1993,3,UT,4.3
1993,4,UT,4.2
1993,5,UT,4.2
1993,6,UT,4.1
1993,7,UT,4.0
1993,8,UT,3.9
1993,9,UT,3.8
1993,10,UT,3.8
1993,11,UT,3.7
1993,12,UT,3.7
1994,1,UT,3.7
1994,2,UT,3.7
1994,3,UT,3.7
1994,4,UT,3.7
1994,5,UT,3.7
1994,6,UT,3.7
1994,7,UT,3.8
1994,8,UT,3.8
1994,9,UT,3.8
1994,10,UT,3.8
1994,11,UT,3.8
1994,12,UT,3.7
1995,1,UT,3.6
1995,2,UT,3.6
1995,3,UT,3.5
1995,4,UT,3.5
1995,5,UT,3.5
1995,6,UT,3.5
1995,7,UT,3.4
1995,8,UT,3.4
1995,9,UT,3.4
1995,10,UT,3.3
1995,11,UT,3.3
1995,12,UT,3.3
1996,1,UT,3.4
1996,2,UT,3.4
1996,3,UT,3.4
1996,4,UT,3.4
1996,5,UT,3.4
1996,6,UT,3.3
1996,7,UT,3.3
1996,8,UT,3.3
1996,9,UT,3.4
1996,10,UT,3.4
1996,11,UT,3.4
1996,12,UT,3.4
1997,1,UT,3.3
1997,2,UT,3.3
1997,3,UT,3.2
1997,4,UT,3.1
1997,5,UT,3.1
1997,6,UT,3.1
1997,7,UT,3.1
1997,8,UT,3.1
1997,9,UT,3.1
1997,10,UT,3.1
1997,11,UT,3.2
1997,12,UT,3.3
1998,1,UT,3.4
1998,2,UT,3.4
1998,3,UT,3.5
1998,4,UT,3.6
1998,5,UT,3.6
1998,6,UT,3.6
1998,7,UT,3.6
1998,8,UT,3.6
1998,9,UT,3.6
1998,10,UT,3.6
1998,11,UT,3.6
1998,12,UT,3.6
1999,1,UT,3.6
1999,2,UT,3.6
1999,3,UT,3.6
1999,4,UT,3.6
1999,5,UT,3.6
1999,6,UT,3.6
1999,7,UT,3.6
1999,8,UT,3.5
1999,9,UT,3.5
1999,10,UT,3.4
1999,11,UT,3.3
1999,12,UT,3.2
2000,1,UT,3.1
2000,2,UT,3.1
2000,3,UT,3.1
2000,4,UT,3.2
2000,5,UT,3.2
2000,6,UT,3.3
2000,7,UT,3.3
2000,8,UT,3.4
2000,9,UT,3.5
2000,10,UT,3.5
2000,11,UT,3.6
2000,12,UT,3.7
2001,1,UT,3.8
2001,2,UT,3.9
2001,3,UT,3.9
2001,4,UT,4.0
2001,5,UT,4.1
2001,6,UT,4.2
2001,7,UT,4.4
2001,8,UT,4.5
2001,9,UT,4.7
2001,10,UT,4.9
2001,11,UT,5.0
2001,12,UT,5.2
2002,1,UT,5.3
2002,2,UT,5.4
2002,3,UT,5.5
2002,4,UT,5.6
2002,5,UT,5.7
2002,6,UT,5.7
2002,7,UT,5.7
2002,8,UT,5.8
2002,9,UT,5.8
2002,10,UT,5.8
2002,11,UT,5.9
2002,12,UT,5.8
2003,1,UT,5.8
2003,2,UT,5.8
2003,3,UT,5.7
2003,4,UT,5.7
2003,5,UT,5.6
2003,6,UT,5.6
2003,7,UT,5.6
2003,8,UT,5.5
2003,9,UT,5.5
2003,10,UT,5.4
2003,11,UT,5.4
2003,12,UT,5.3
2004,1,UT,5.3
2004,2,UT,5.3
2004,3,UT,5.3
2004,4,UT,5.2
2004,5,UT,5.2
2004,6,UT,5.1
2004,7,UT,5.0
2004,8,UT,4.9
2004,9,UT,4.8
2004,10,UT,4.7
2004,11,UT,4.6
2004,12,UT,4.6
2005,1,UT,4.5
2005,2,UT,4.5
2005,3,UT,4.4
2005,4,UT,4.3
2005,5,UT,4.2
2005,6,UT,4.1
2005,7,UT,4.0
2005,8,UT,3.9
2005,9,UT,3.8
2005,10,UT,3.7
2005,11,UT,3.6
2005,12,UT,3.5
2006,1,UT,3.4
2006,2,UT,3.3
2006,3,UT,3.2
2006,4,UT,3.1
2006,5,UT,3.0
2006,6,UT,2.9
2006,7,UT,2.8
2006,8,UT,2.7
2006,9,UT,2.6
2006,10,UT,2.5
2006,11,UT,2.5
2006,12,UT,2.4
2007,1,UT,2.4
2007,2,UT,2.4
2007,3,UT,2.4
2007,4,UT,2.4
2007,5,UT,2.5
2007,6,UT,2.5
2007,7,UT,2.5
2007,8,UT,2.6
2007,9,UT,2.7
2007,10,UT,2.7
2007,11,UT,2.8
2007,12,UT,2.8
2008,1,UT,2.8
2008,2,UT,2.9
2008,3,UT,2.9
2008,4,UT,3.0
2008,5,UT,3.0
2008,6,UT,3.1
2008,7,UT,3.2
2008,8,UT,3.3
2008,9,UT,3.4
2008,10,UT,3.5
2008,11,UT,3.6
2008,12,UT,5.4
2009,1,UT,6.3
2009,2,UT,6.9
2009,3,UT,7.2
2009,4,UT,7.3
2009,5,UT,7.5
2009,6,UT,7.7
2009,7,UT,7.8
2009,8,UT,8.0
2009,9,UT,8.1
2009,10,UT,8.2
2009,11,UT,8.2
2009,12,UT,8.3
2010,1,UT,8.4
2010,2,UT,8.4
2010,3,UT,8.4
2010,4,UT,8.4
2010,5,UT,8.3
2010,6,UT,8.2
2010,7,UT,8.2
2010,8,UT,8.2
2010,9,UT,8.2
2010,10,UT,8.1
2010,11,UT,8.2
2010,12,UT,8.1
2011,1,UT,8.0
2011,2,UT,7.9
2011,3,UT,7.9
2011,4,UT,7.9
2011,5,UT,7.9
2011,6,UT,7.9
2011,7,UT,7.6
2011,8,UT,7.2
2011,9,UT,6.7
2011,10,UT,6.3
2011,11,UT,5.8
2011,12,UT,5.5
2012,1,UT,5.3
2012,2,UT,4.7
2012,3,UT,4.8
2012,4,UT,4.8
2012,5,UT,4.8
2012,6,UT,4.8
2012,7,UT,4.8
2012,8,UT,4.7
2012,9,UT,4.7
2012,10,UT,4.6
2012,11,UT,4.6
2012,12,UT,4.5
2013,1,UT,4.5
2013,2,UT,4.4
2013,3,UT,4.4
2013,4,UT,4.3
2013,5,UT,4.3
2013,6,UT,4.2
2013,7,UT,4.2
2013,8,UT,4.1
2013,9,UT,4.1
2013,10,UT,4.0
2013,11,UT,3.9
2013,12,UT,3.9
2014,1,UT,3.8
2014,2,UT,3.7
2014,3,UT,3.7
2014,4,UT,3.6
2014,5,UT,3.6
2014,6,UT,3.6
2014,7,UT,3.6
2014,8,UT,3.6
2014,9,UT,3.6
2014,10,UT,3.6
2014,11,UT,3.6
2014,12,UT,3.5
2015,1,UT,3.5
2015,2,UT,3.5
2015,3,UT,3.5
2015,4,UT,3.5
2015,5,UT,3.5
2015,6,UT,3.5
2015,7,UT,3.5
2015,8,UT,3.5
2015,9,UT,3.5
2015,10,UT,3.5
2015,11,UT,3.5
2015,12,UT,3.5
2016,1,UT,3.5
2016,2,UT,3.5
2016,3,UT,3.5
2016,4,UT,3.4
2016,5,UT,3.4
2016,6,UT,3.3
2016,7,UT,3.3
2016,8,UT,3.3
2016,9,UT,3.2
2016,10,UT,3.2
2016,11,UT,3.2
2016,12,UT,3.2
2017,1,UT,3.2
2017,2,UT,3.2
2017,3,UT,3.2
2017,4,UT,3.2
2017,5,UT,3.2
2017,6,UT,3.2
2017,7,UT,3.2
2017,8,UT,3.1
2017,9,UT,3.1
2017,10,UT,3.1
2017,11,UT,3.1
2017,12,UT,3.1
2018,1,UT,3.0
2018,2,UT,3.0
2018,3,UT,3.0
2018,4,UT,2.9
2018,5,UT,2.9
2018,6,UT,2.9
2018,7,UT,2.9
2018,8,UT,2.9
2018,9,UT,2.9
2018,10,UT,2.9
2018,11,UT,2.9
2018,12,UT,2.8
2019,1,UT,2.8
2019,2,UT,2.7
2019,3,UT,2.7
2019,4,UT,2.6
2019,5,UT,2.6
2019,6,UT,2.5
2019,7,UT,2.5
2019,8,UT,2.5
2019,9,UT,2.4
2019,10,UT,2.4
2019,11,UT,2.4
2019,12,UT,2.4
2020,1,UT,2.5
2020,2,UT,2.5
2020,3,UT,2.5
2020,4,UT,10.0
2020,5,UT,7.7
2020,6,UT,6.4
2020,7,UT,5.7
2020,8,UT,4.8
2020,9,UT,4.5
2020,10,UT,4.0
2020,11,UT,3.8
2020,12,UT,3.6
2021,1,UT,3.4
2021,2,UT,3.3
2021,3,UT,3.1
2021,4,UT,3.0
2021,5,UT,2.9
2021,6,UT,2.8
2021,7,UT,2.7
2021,8,UT,2.6
2021,9,UT,2.5
2021,10,UT,2.4
2021,11,UT,2.3
2021,12,UT,2.2
2022,1,UT,2.2
2022,2,UT,2.2
2022,3,UT,2.3
2022,4,UT,2.3
2022,5,UT,2.3
2022,6,UT,2.3
2022,7,UT,2.4
2022,8,UT,2.4
2022,9,UT,2.5
2022,10,UT,2.5
2022,11,UT,2.5
2022,12,UT,2.5
2023,1,UT,2.5
2023,2,UT,2.5
2023,3,UT,2.5
2023,4,UT,2.5
2023,5,UT,2.6
2023,6,UT,2.6
2023,7,UT,2.7
2023,8,UT,2.7
2023,9,UT,2.8
2023,10,UT,2.8
2023,11,UT,2.9
2023,12,UT,2.9
2024,1,UT,2.9
2024,2,UT,3.0
2024,3,UT,3.0
2024,4,UT,3.1
2024,5,UT,3.2
2024,6,UT,3.3
2024,7,UT,3.3
2024,8,UT,3.3
2024,9,UT,3.3
2024,10,UT,3.3
2024,11,UT,3.3
2024,12,UT,3.3
2025,1,UT,3.2
2025,2,UT,3.2
2025,3,UT,3.1
2025,4,UT,3.1
2025,5,UT,3.2
2025,6,UT,3.2
2025,7,UT,3.3
2025,8,UT,3.3
2025,9,UT,3.4
2025,10,UT,
2025,11,UT,3.6
2025,12,UT,3.6
1976,1,VT,8.5
1976,2,VT,8.5
1976,3,VT,8.6
1976,4,VT,8.5
1976,5,VT,8.5
1976,6,VT,8.4
1976,7,VT,8.2
1976,8,VT,8.1
1976,9,VT,8.0
1976,10,VT,7.9
1976,11,VT,7.8
1976,12,VT,7.8
1977,1,VT,7.7
1977,2,VT,7.7
1977,3,VT,7.5
1977,4,VT,7.4
1977,5,VT,7.2
1977,6,VT,7.0
1977,7,VT,6.8
1977,8,VT,6.7
1977,9,VT,6.6
1977,10,VT,6.5
1977,11,VT,6.4
1977,12,VT,6.3
1978,1,VT,6.1
1978,2,VT,5.9
1978,3,VT,5.7
1978,4,VT,5.6
1978,5,VT,5.5
1978,6,VT,5.4
1978,7,VT,5.4
1978,8,VT,5.3
1978,9,VT,5.3
1978,10,VT,5.3
1978,11,VT,5.3
1978,12,VT,5.3
1979,1,VT,5.3
1979,2,VT,5.3
1979,3,VT,5.2
1979,4,VT,5.1
1979,5,VT,4.9
1979,6,VT,4.9
1979,7,VT,4.9
1979,8,VT,4.9
1979,9,VT,4.9
1979,10,VT,5.0
1979,11,VT,5.0
1979,12,VT,5.1
1980,1,VT,5.2
1980,2,VT,5.3
1980,3,VT,5.6
1980,4,VT,5.9
1980,5,VT,6.2
1980,6,VT,6.5
1980,7,VT,6.6
1980,8,VT,6.7
1980,9,VT,6.6
1980,10,VT,6.4
1980,11,VT,6.1
1980,12,VT,5.9
1981,1,VT,5.8
1981,2,VT,5.6
1981,3,VT,5.6
1981,4,VT,5.5
1981,5,VT,5.5
1981,6,VT,5.5
1981,7,VT,5.6
1981,8,VT,5.7
1981,9,VT,5.8
1981,10,VT,5.9
1981,11,VT,6.1
1981,12,VT,6.3
1982,1,VT,6.5
1982,2,VT,6.7
1982,3,VT,6.9
1982,4,VT,7.0
1982,5,VT,7.1
1982,6,VT,7.1
1982,7,VT,7.1
1982,8,VT,7.1
1982,9,VT,7.2
1982,10,VT,7.2
1982,11,VT,7.3
1982,12,VT,7.4
1983,1,VT,7.4
1983,2,VT,7.3
1983,3,VT,7.2
1983,4,VT,7.0
1983,5,VT,6.7
1983,6,VT,6.5
1983,7,VT,6.3
1983,8,VT,6.1
1983,9,VT,6.0
1983,10,VT,5.8
1983,11,VT,5.7
1983,12,VT,5.6
1984,1,VT,5.5
1984,2,VT,5.4
1984,3,VT,5.2
1984,4,VT,5.1
1984,5,VT,4.9
1984,6,VT,4.8
1984,7,VT,4.7
1984,8,VT,4.6
1984,9,VT,4.5
1984,10,VT,4.5
1984,11,VT,4.5
1984,12,VT,4.6
1985,1,VT,4.6
1985,2,VT,4.6
1985,3,VT,4.7
1985,4,VT,4.7
1985,5,VT,4.7
1985,6,VT,4.8
1985,7,VT,4.7
1985,8,VT,4.7
1985,9,VT,4.6
1985,10,VT,4.5
1985,11,VT,4.4
1985,12,VT,4.3
1986,1,VT,4.3
1986,2,VT,4.3
1986,3,VT,4.3
1986,4,VT,4.3
1986,5,VT,4.3
1986,6,VT,4.3
1986,7,VT,4.2
1986,8,VT,4.2
1986,9,VT,4.2
1986,10,VT,4.2
1986,11,VT,4.2
1986,12,VT,4.1
1987,1,VT,4.1
1987,2,VT,4.0
1987,3,VT,3.9
1987,4,VT,3.8
1987,5,VT,3.7
1987,6,VT,3.6
1987,7,VT,3.6
1987,8,VT,3.5
1987,9,VT,3.5
1987,10,VT,3.4
1987,11,VT,3.3
1987,12,VT,3.2
1988,1,VT,3.1
1988,2,VT,3.0
1988,3,VT,2.9
1988,4,VT,2.8
1988,5,VT,2.8
1988,6,VT,2.9
1988,7,VT,3.0
1988,8,VT,3.1
1988,9,VT,3.1
1988,10,VT,3.2
1988,11,VT,3.2
1988,12,VT,3.1
1989,1,VT,3.1
1989,2,VT,3.1
1989,3,VT,3.1
1989,4,VT,3.2
1989,5,VT,3.3
1989,6,VT,3.5
1989,7,VT,3.6
1989,8,VT,3.8
1989,9,VT,3.9
1989,10,VT,3.9
1989,11,VT,4.0
1989,12,VT,4.1
1990,1,VT,4.1
1990,2,VT,4.2
1990,3,VT,4.3
1990,4,VT,4.4
1990,5,VT,4.5
1990,6,VT,4.6
1990,7,VT,4.7
1990,8,VT,4.9
1990,9,VT,5.1
1990,10,VT,5.4
1990,11,VT,5.6
1990,12,VT,5.9
1991,1,VT,6.2
1991,2,VT,6.4
1991,3,VT,6.6
1991,4,VT,6.7
1991,5,VT,6.7
1991,6,VT,6.6
1991,7,VT,6.4
1991,8,VT,6.2
1991,9,VT,6.1
1991,10,VT,6.0
1991,11,VT,6.1
1991,12,VT,6.1
1992,1,VT,6.2
1992,2,VT,6.2
1992,3,VT,6.2
1992,4,VT,6.2
1992,5,VT,6.1
1992,6,VT,6.1
1992,7,VT,6.0
1992,8,VT,6.0
1992,9,VT,5.9
1992,10,VT,5.8
1992,11,VT,5.8
1992,12,VT,5.6
1993,1,VT,5.5
1993,2,VT,5.4
1993,3,VT,5.3
1993,4,VT,5.2
1993,5,VT,5.1
1993,6,VT,5.0
1993,7,VT,4.9
1993,8,VT,4.9
1993,9,VT,4.8
1993,10,VT,4.8
1993,11,VT,4.7
1993,12,VT,4.7
1994,1,VT,4.6
1994,2,VT,4.6
1994,3,VT,4.5
1994,4,VT,4.5
1994,5,VT,4.4
1994,6,VT,4.4
1994,7,VT,4.4
1994,8,VT,4.4
1994,9,VT,4.4
1994,10,VT,4.3
1994,11,VT,4.2
1994,12,VT,4.1
1995,1,VT,4.1
1995,2,VT,4.1
1995,3,VT,4.1
1995,4,VT,4.1
1995,5,VT,4.2
1995,6,VT,4.2
1995,7,VT,4.2
1995,8,VT,4.3
1995,9,VT,4.2
1995,10,VT,4.2
1995,11,VT,4.2
1995,12,VT,4.2
1996,1,VT,4.2
1996,2,VT,4.2
1996,3,VT,4.2
1996,4,VT,4.2
1996,5,VT,4.2
1996,6,VT,4.2
1996,7,VT,4.2
1996,8,VT,4.2
1996,9,VT,4.2
1996,10,VT,4.2
1996,11,VT,4.2
1996,12,VT,4.2
1997,1,VT,4.2
1997,2,VT,4.2
1997,3,VT,4.1
1997,4,VT,4.1
1997,5,VT,4.0
1997,6,VT,3.9
1997,7,VT,3.9
1997,8,VT,3.8
1997,9,VT,3.7
1997,10,VT,3.7
1997,11,VT,3.7
1997,12,VT,3.6
1998,1,VT,3.6
1998,2,VT,3.6
1998,3,VT,3.5
1998,4,VT,3.5
1998,5,VT,3.4
1998,6,VT,3.4
1998,7,VT,3.4
1998,8,VT,3.4
1998,9,VT,3.3
1998,10,VT,3.3
1998,11,VT,3.2
1998,12,VT,3.2
1999,1,VT,3.2
1999,2,VT,3.1
1999,3,VT,3.1
1999,4,VT,3.1
1999,5,VT,3.1
1999,6,VT,3.1
1999,7,VT,3.1
1999,8,VT,3.1
1999,9,VT,3.0
1999,10,VT,3.0
1999,11,VT,3.0
1999,12,VT,2.9
2000,1,VT,2.8
2000,2,VT,2.7
2000,3,VT,2.7
2000,4,VT,2.7
2000,5,VT,2.7
2000,6,VT,2.8
2000,7,VT,2.8
2000,8,VT,2.8
2000,9,VT,2.8
2000,10,VT,2.8
2000,11,VT,2.8
2000,12,VT,2.9
2001,1,VT,2.9
2001,2,VT,3.0
2001,3,VT,3.1
2001,4,VT,3.1
2001,5,VT,3.2
2001,6,VT,3.2
2001,7,VT,3.2
2001,8,VT,3.2
2001,9,VT,3.3
2001,10,VT,3.4
2001,11,VT,3.5
2001,12,VT,3.5
2002,1,VT,3.6
2002,2,VT,3.7
2002,3,VT,3.7
2002,4,VT,3.8
2002,5,VT,3.9
2002,6,VT,3.9
2002,7,VT,3.9
2002,8,VT,4.0
2002,9,VT,4.1
2002,10,VT,4.2
2002,11,VT,4.2
2002,12,VT,4.3
2003,1,VT,4.4
2003,2,VT,4.4
2003,3,VT,4.4
2003,4,VT,4.4
2003,5,VT,4.4
2003,6,VT,4.4
2003,7,VT,4.4
2003,8,VT,4.4
2003,9,VT,4.3
2003,10,VT,4.3
2003,11,VT,4.2
2003,12,VT,4.1
2004,1,VT,4.0
2004,2,VT,3.9
2004,3,VT,3.8
2004,4,VT,3.8
2004,5,VT,3.7
2004,6,VT,3.6
2004,7,VT,3.6
2004,8,VT,3.5
2004,9,VT,3.5
2004,10,VT,3.5
2004,11,VT,3.4
2004,12,VT,3.4
2005,1,VT,3.4
2005,2,VT,3.4
2005,3,VT,3.4
2005,4,VT,3.4
2005,5,VT,3.4
2005,6,VT,3.4
2005,7,VT,3.5
2005,8,VT,3.5
2005,9,VT,3.5
2005,10,VT,3.6
2005,11,VT,3.6
2005,12,VT,3.6
2006,1,VT,3.5
2006,2,VT,3.5
2006,3,VT,3.5
2006,4,VT,3.5
2006,5,VT,3.6
2006,6,VT,3.7
2006,7,VT,3.7
2006,8,VT,3.8
2006,9,VT,3.8
2006,10,VT,3.9
2006,11,VT,3.9
2006,12,VT,3.8
2007,1,VT,3.8
2007,2,VT,3.8
2007,3,VT,3.8
2007,4,VT,3.8
2007,5,VT,3.8
2007,6,VT,3.8
2007,7,VT,3.9
2007,8,VT,3.9
2007,9,VT,4.0
2007,10,VT,4.0
2007,11,VT,4.0
2007,12,VT,4.0
2008,1,VT,4.0
2008,2,VT,4.0
2008,3,VT,4.0
2008,4,VT,4.1
2008,5,VT,4.2
2008,6,VT,4.3
2008,7,VT,4.4
2008,8,VT,4.5
2008,9,VT,4.7
2008,10,VT,4.9
2008,11,VT,5.2
2008,12,VT,5.5
2009,1,VT,5.9
2009,2,VT,6.2
2009,3,VT,6.5
2009,4,VT,6.7
2009,5,VT,6.7
2009,6,VT,6.7
2009,7,VT,6.7
2009,8,VT,6.6
2009,9,VT,6.6
2009,10,VT,6.5
2009,11,VT,6.5
2009,12,VT,6.6
2010,1,VT,6.6
2010,2,VT,6.5
2010,3,VT,6.5
2010,4,VT,6.4
2010,5,VT,6.3
2010,6,VT,6.2
2010,7,VT,6.1
2010,8,VT,6.0
2010,9,VT,6.0
2010,10,VT,6.0
2010,11,VT,6.0
2010,12,VT,5.9
2011,1,VT,5.8
2011,2,VT,5.7
2011,3,VT,5.6
2011,4,VT,5.5
2011,5,VT,5.5
2011,6,VT,5.4
2011,7,VT,5.4
2011,8,VT,5.3
2011,9,VT,5.3
2011,10,VT,5.2
2011,11,VT,5.1
2011,12,VT,5.0
2012,1,VT,4.9
2012,2,VT,4.8
2012,3,VT,4.8
2012,4,VT,4.8
2012,5,VT,4.8
2012,6,VT,4.9
2012,7,VT,4.9
2012,8,VT,4.8
2012,9,VT,4.8
2012,10,VT,4.7
2012,11,VT,4.6
2012,12,VT,4.6
2013,1,VT,4.6
2013,2,VT,4.5
2013,3,VT,4.5
2013,4,VT,4.5
2013,5,VT,4.5
2013,6,VT,4.5
2013,7,VT,4.5
2013,8,VT,4.4
2013,9,VT,4.4
2013,10,VT,4.3
2013,11,VT,4.2
2013,12,VT,4.1
2014,1,VT,4.1
2014,2,VT,4.0
2014,3,VT,4.0
2014,4,VT,3.9
2014,5,VT,3.9
2014,6,VT,3.9
2014,7,VT,3.9
2014,8,VT,3.9
2014,9,VT,3.9
2014,10,VT,3.9
2014,11,VT,3.8
2014,12,VT,3.7
2015,1,VT,3.7
2015,2,VT,3.6
2015,3,VT,3.6
2015,4,VT,3.5
2015,5,VT,3.5
2015,6,VT,3.5
2015,7,VT,3.5
2015,8,VT,3.4
2015,9,VT,3.4
2015,10,VT,3.4
2015,11,VT,3.3
2015,12,VT,3.3
2016,1,VT,3.2
2016,2,VT,3.2
2016,3,VT,3.2
2016,4,VT,3.1
2016,5,VT,3.1
2016,6,VT,3.1
2016,7,VT,3.1
2016,8,VT,3.1
2016,9,VT,3.1
2016,10,VT,3.1
2016,11,VT,3.1
2016,12,VT,3.1
2017,1,VT,3.1
2017,2,VT,3.1
2017,3,VT,3.1
2017,4,VT,3.0
2017,5,VT,2.9
2017,6,VT,2.9
2017,7,VT,2.9
2017,8,VT,2.9
2017,9,VT,2.9
2017,10,VT,2.9
2017,11,VT,2.9
2017,12,VT,2.8
2018,1,VT,2.8
2018,2,VT,2.8
2018,3,VT,2.7
2018,4,VT,2.6
2018,5,VT,2.5
2018,6,VT,2.5
2018,7,VT,2.4
2018,8,VT,2.4
2018,9,VT,2.4
2018,10,VT,2.3
2018,11,VT,2.3
2018,12,VT,2.3
2019,1,VT,2.3
2019,2,VT,2.2
2019,3,VT,2.1
2019,4,VT,2.0
2019,5,VT,2.0
2019,6,VT,2.0
2019,7,VT,2.0
2019,8,VT,2.1
2019,9,VT,2.1
2019,10,VT,2.2
2019,11,VT,2.1
2019,12,VT,2.1
2020,1,VT,2.1
2020,2,VT,2.2
2020,3,VT,2.4
2020,4,VT,14.1
2020,5,VT,9.6
2020,6,VT,7.7
2020,7,VT,6.6
2020,8,VT,5.4
2020,9,VT,4.9
2020,10,VT,4.3
2020,11,VT,4.2
2020,12,VT,4.3
2021,1,VT,4.4
2021,2,VT,4.5
2021,3,VT,4.4
2021,4,VT,4.3
2021,5,VT,4.0
2021,6,VT,3.7
2021,7,VT,3.5
2021,8,VT,3.3
2021,9,VT,3.1
2021,10,VT,2.9
2021,11,VT,2.7
2021,12,VT,2.6
2022,1,VT,2.5
2022,2,VT,2.4
2022,3,VT,2.3
2022,4,VT,2.3
2022,5,VT,2.3
2022,6,VT,2.3
2022,7,VT,2.3
2022,8,VT,2.4
2022,9,VT,2.4
2022,10,VT,2.4
2022,11,VT,2.4
2022,12,VT,2.2
2023,1,VT,2.1
2023,2,VT,2.0
2023,3,VT,1.8
2023,4,VT,1.8
2023,5,VT,1.7
2023,6,VT,1.8
2023,7,VT,1.8
2023,8,VT,1.9
2023,9,VT,2.0
2023,10,VT,2.0
2023,11,VT,2.0
2023,12,VT,2.0
2024,1,VT,2.0
2024,2,VT,2.0
2024,3,VT,2.1
2024,4,VT,2.1
2024,5,VT,2.2
2024,6,VT,2.3
2024,7,VT,2.4
2024,8,VT,2.5
2024,9,VT,2.5
2024,10,VT,2.5
2024,11,VT,2.5
2024,12,VT,2.5
2025,1,VT,2.6
2025,2,VT,2.6
2025,3,VT,2.6
2025,4,VT,2.6
2025,5,VT,2.6
2025,6,VT,2.6
2025,7,VT,2.6
2025,8,VT,2.5
2025,9,VT,2.5
2025,10,VT,
2025,11,VT,2.6
2025,12,VT,2.6
1976,1,VA,6.0
1976,2,VA,6.0
1976,3,VA,6.0
1976,4,VA,5.9
1976,5,VA,5.8
1976,6,VA,5.8
1976,7,VA,5.8
1976,8,VA,5.8
1976,9,VA,5.8
1976,10,VA,5.8
1976,11,VA,5.8
1976,12,VA,5.8
1977,1,VA,5.7
1977,2,VA,5.7
1977,3,VA,5.7
1977,4,VA,5.6
1977,5,VA,5.5
1977,6,VA,5.4
1977,7,VA,5.4
1977,8,VA,5.3
1977,9,VA,5.3
1977,10,VA,5.3
1977,11,VA,5.3
1977,12,VA,5.3
1978,1,VA,5.3
1978,2,VA,5.3
1978,3,VA,5.2
1978,4,VA,5.2
1978,5,VA,5.2
1978,6,VA,5.2
1978,7,VA,5.2
1978,8,VA,5.1
1978,9,VA,5.2
1978,10,VA,5.1
1978,11,VA,5.1
1978,12,VA,5.1
1979,1,VA,5.0
1979,2,VA,5.0
1979,3,VA,4.9
1979,4,VA,4.8
1979,5,VA,4.7
1979,6,VA,4.7
1979,7,VA,4.7
1979,8,VA,4.7
1979,9,VA,4.7
1979,10,VA,4.7
1979,11,VA,4.6
1979,12,VA,4.6
1980,1,VA,4.6
1980,2,VA,4.7
1980,3,VA,4.9
1980,4,VA,5.1
1980,5,VA,5.4
1980,6,VA,5.6
1980,7,VA,5.7
1980,8,VA,5.7
1980,9,VA,5.6
1980,10,VA,5.4
1980,11,VA,5.4
1980,12,VA,5.3
1981,1,VA,5.4
1981,2,VA,5.5
1981,3,VA,5.6
1981,4,VA,5.6
1981,5,VA,5.7
1981,6,VA,5.7
1981,7,VA,5.8
1981,8,VA,5.9
1981,9,VA,6.0
1981,10,VA,6.2
1981,11,VA,6.5
1981,12,VA,6.7
1982,1,VA,6.9
1982,2,VA,7.1
1982,3,VA,7.1
1982,4,VA,7.2
1982,5,VA,7.2
1982,6,VA,7.3
1982,7,VA,7.3
1982,8,VA,7.4
1982,9,VA,7.5
1982,10,VA,7.6
1982,11,VA,7.7
1982,12,VA,7.7
1983,1,VA,7.6
1983,2,VA,7.4
1983,3,VA,7.1
1983,4,VA,6.8
1983,5,VA,6.5
1983,6,VA,6.3
1983,7,VA,6.1
1983,8,VA,5.9
1983,9,VA,5.7
1983,10,VA,5.5
1983,11,VA,5.3
1983,12,VA,5.2
1984,1,VA,5.0
1984,2,VA,5.0
1984,3,VA,5.0
1984,4,VA,5.0
1984,5,VA,5.0
1984,6,VA,5.0
1984,7,VA,5.0
1984,8,VA,5.1
1984,9,VA,5.1
1984,10,VA,5.1
1984,11,VA,5.2
1984,12,VA,5.2
1985,1,VA,5.2
1985,2,VA,5.3
1985,3,VA,5.3
1985,4,VA,5.4
1985,5,VA,5.5
1985,6,VA,5.5
1985,7,VA,5.5
1985,8,VA,5.4
1985,9,VA,5.3
1985,10,VA,5.2
1985,11,VA,5.1
1985,12,VA,5.0
1986,1,VA,5.0
1986,2,VA,5.0
1986,3,VA,5.0
1986,4,VA,5.0
1986,5,VA,5.0
1986,6,VA,4.9
1986,7,VA,4.9
1986,8,VA,4.9
1986,9,VA,4.9
1986,10,VA,4.8
1986,11,VA,4.8
1986,12,VA,4.7
1987,1,VA,4.6
1987,2,VA,4.6
1987,3,VA,4.5
1987,4,VA,4.4
1987,5,VA,4.3
1987,6,VA,4.2
1987,7,VA,4.1
1987,8,VA,4.0
1987,9,VA,4.0
1987,10,VA,3.9
1987,11,VA,3.9
1987,12,VA,3.9
1988,1,VA,3.8
1988,2,VA,3.8
1988,3,VA,3.8
1988,4,VA,3.9
1988,5,VA,3.9
1988,6,VA,3.9
1988,7,VA,4.0
1988,8,VA,4.0
1988,9,VA,4.0
1988,10,VA,4.0
1988,11,VA,4.0
1988,12,VA,3.9
1989,1,VA,3.8
1989,2,VA,3.8
1989,3,VA,3.8
1989,4,VA,3.8
1989,5,VA,3.8
1989,6,VA,3.9
1989,7,VA,3.9
1989,8,VA,4.0
1989,9,VA,4.0
1989,10,VA,4.0
1989,11,VA,4.0
1989,12,VA,4.0
1990,1,VA,3.9
1990,2,VA,3.9
1990,3,VA,3.9
1990,4,VA,4.0
1990,5,VA,4.1
1990,6,VA,4.2
1990,7,VA,4.4
1990,8,VA,4.6
1990,9,VA,4.8
1990,10,VA,5.0
1990,11,VA,5.2
1990,12,VA,5.4
1991,1,VA,5.6
1991,2,VA,5.8
1991,3,VA,5.9
1991,4,VA,5.9
1991,5,VA,5.9
1991,6,VA,5.8
1991,7,VA,5.7
1991,8,VA,5.7
1991,9,VA,5.7
1991,10,VA,5.8
1991,11,VA,5.9
1991,12,VA,6.1
1992,1,VA,6.2
1992,2,VA,6.2
1992,3,VA,6.3
1992,4,VA,6.3
1992,5,VA,6.2
1992,6,VA,6.2
1992,7,VA,6.1
1992,8,VA,6.0
1992,9,VA,5.9
1992,10,VA,5.8
1992,11,VA,5.7
1992,12,VA,5.5
1993,1,VA,5.4
1993,2,VA,5.3
1993,3,VA,5.3
1993,4,VA,5.2
1993,5,VA,5.2
1993,6,VA,5.1
1993,7,VA,5.1
1993,8,VA,5.1
1993,9,VA,5.0
1993,10,VA,5.0
1993,11,VA,5.0
1993,12,VA,5.0
1994,1,VA,5.0
1994,2,VA,5.0
1994,3,VA,4.9
1994,4,VA,4.9
1994,5,VA,4.9
1994,6,VA,4.8
1994,7,VA,4.8
1994,8,VA,4.7
1994,9,VA,4.6
1994,10,VA,4.6
1994,11,VA,4.5
1994,12,VA,4.4
1995,1,VA,4.3
1995,2,VA,4.3
1995,3,VA,4.3
1995,4,VA,4.4
1995,5,VA,4.4
1995,6,VA,4.4
1995,7,VA,4.5
1995,8,VA,4.5
1995,9,VA,4.5
1995,10,VA,4.5
1995,11,VA,4.5
1995,12,VA,4.4
1996,1,VA,4.4
1996,2,VA,4.4
1996,3,VA,4.3
1996,4,VA,4.3
1996,5,VA,4.3
1996,6,VA,4.2
1996,7,VA,4.2
1996,8,VA,4.2
1996,9,VA,4.1
1996,10,VA,4.1
1996,11,VA,4.1
1996,12,VA,4.1
1997,1,VA,4.1
1997,2,VA,4.1
1997,3,VA,4.0
1997,4,VA,3.9
1997,5,VA,3.8
1997,6,VA,3.7
1997,7,VA,3.6
1997,8,VA,3.4
1997,9,VA,3.3
1997,10,VA,3.2
1997,11,VA,3.1
1997,12,VA,3.0
1998,1,VA,3.0
1998,2,VA,2.9
1998,3,VA,2.9
1998,4,VA,2.8
1998,5,VA,2.8
1998,6,VA,2.8
1998,7,VA,2.8
1998,8,VA,2.8
1998,9,VA,2.8
1998,10,VA,2.8
1998,11,VA,2.8
1998,12,VA,2.7
1999,1,VA,2.7
1999,2,VA,2.7
1999,3,VA,2.6
1999,4,VA,2.7
1999,5,VA,2.7
1999,6,VA,2.7
1999,7,VA,2.7
1999,8,VA,2.7
1999,9,VA,2.7
1999,10,VA,2.7
1999,11,VA,2.6
1999,12,VA,2.6
2000,1,VA,2.5
2000,2,VA,2.4
2000,3,VA,2.4
2000,4,VA,2.3
2000,5,VA,2.3
2000,6,VA,2.3
2000,7,VA,2.3
2000,8,VA,2.2
2000,9,VA,2.2
2000,10,VA,2.2
2000,11,VA,2.2
2000,12,VA,2.2
2001,1,VA,2.3
2001,2,VA,2.4
2001,3,VA,2.6
2001,4,VA,2.7
2001,5,VA,2.9
2001,6,VA,3.0
2001,7,VA,3.2
2001,8,VA,3.4
2001,9,VA,3.6
2001,10,VA,3.8
2001,11,VA,4.0
2001,12,VA,4.1
2002,1,VA,4.2
2002,2,VA,4.3
2002,3,VA,4.3
2002,4,VA,4.3
2002,5,VA,4.3
2002,6,VA,4.2
2002,7,VA,4.2
2002,8,VA,4.1
2002,9,VA,4.1
2002,10,VA,4.1
2002,11,VA,4.1
2002,12,VA,4.1
2003,1,VA,4.1
2003,2,VA,4.2
2003,3,VA,4.2
2003,4,VA,4.2
2003,5,VA,4.2
2003,6,VA,4.2
2003,7,VA,4.2
2003,8,VA,4.1
2003,9,VA,4.1
2003,10,VA,4.0
2003,11,VA,3.9
2003,12,VA,3.9
2004,1,VA,3.9
2004,2,VA,3.8
2004,3,VA,3.8
2004,4,VA,3.8
2004,5,VA,3.8
2004,6,VA,3.7
2004,7,VA,3.7
2004,8,VA,3.7
2004,9,VA,3.6
2004,10,VA,3.6
2004,11,VA,3.6
2004,12,VA,3.6
2005,1,VA,3.6
2005,2,VA,3.6
2005,3,VA,3.6
2005,4,VA,3.6
2005,5,VA,3.5
2005,6,VA,3.5
2005,7,VA,3.5
2005,8,VA,3.5
2005,9,VA,3.5
2005,10,VA,3.4
2005,11,VA,3.3
2005,12,VA,3.3
2006,1,VA,3.2
2006,2,VA,3.1
2006,3,VA,3.0
2006,4,VA,3.0
2006,5,VA,3.0
2006,6,VA,3.1
2006,7,VA,3.1
2006,8,VA,3.1
2006,9,VA,3.1
2006,10,VA,3.1
2006,11,VA,3.1
2006,12,VA,3.0
2007,1,VA,3.0
2007,2,VA,2.9
2007,3,VA,2.9
2007,4,VA,2.9
2007,5,VA,2.9
2007,6,VA,3.0
2007,7,VA,3.0
2007,8,VA,3.1
2007,9,VA,3.2
2007,10,VA,3.3
2007,11,VA,3.3
2007,12,VA,3.4
2008,1,VA,3.4
2008,2,VA,3.4
2008,3,VA,3.5
2008,4,VA,3.6
2008,5,VA,3.7
2008,6,VA,3.9
2008,7,VA,4.0
2008,8,VA,4.2
2008,9,VA,4.4
2008,10,VA,4.6
2008,11,VA,4.9
2008,12,VA,5.3
2009,1,VA,5.8
2009,2,VA,6.2
2009,3,VA,6.5
2009,4,VA,6.7
2009,5,VA,6.9
2009,6,VA,6.9
2009,7,VA,7.0
2009,8,VA,7.0
2009,9,VA,7.0
2009,10,VA,7.0
2009,11,VA,7.1
2009,12,VA,7.1
2010,1,VA,7.1
2010,2,VA,7.1
2010,3,VA,7.0
2010,4,VA,7.0
2010,5,VA,6.9
2010,6,VA,6.8
2010,7,VA,6.7
2010,8,VA,6.7
2010,9,VA,6.7
2010,10,VA,6.6
2010,11,VA,6.6
2010,12,VA,6.5
2011,1,VA,6.4
2011,2,VA,6.3
2011,3,VA,6.3
2011,4,VA,6.2
2011,5,VA,6.3
2011,6,VA,6.3
2011,7,VA,6.3
2011,8,VA,6.4
2011,9,VA,6.3
2011,10,VA,6.3
2011,11,VA,6.2
2011,12,VA,6.1
2012,1,VA,6.0
2012,2,VA,6.0
2012,3,VA,5.9
2012,4,VA,5.9
2012,5,VA,5.9
2012,6,VA,5.9
2012,7,VA,5.8
2012,8,VA,5.8
2012,9,VA,5.7
2012,10,VA,5.7
2012,11,VA,5.6
2012,12,VA,5.6
2013,1,VA,5.6
2013,2,VA,5.6
2013,3,VA,5.6
2013,4,VA,5.6
2013,5,VA,5.6
2013,6,VA,5.6
2013,7,VA,5.6
2013,8,VA,5.5
2013,9,VA,5.5
2013,10,VA,5.4
2013,11,VA,5.4
2013,12,VA,5.3
2014,1,VA,5.3
2014,2,VA,5.3
2014,3,VA,5.2
2014,4,VA,5.2
2014,5,VA,5.2
2014,6,VA,5.1
2014,7,VA,5.1
2014,8,VA,5.0
2014,9,VA,4.9
2014,10,VA,4.9
2014,11,VA,4.8
2014,12,VA,4.8
2015,1,VA,4.7
2015,2,VA,4.7
2015,3,VA,4.6
2015,4,VA,4.6
2015,5,VA,4.5
2015,6,VA,4.4
2015,7,VA,4.3
2015,8,VA,4.2
2015,9,VA,4.2
2015,10,VA,4.1
2015,11,VA,4.1
2015,12,VA,4.1
2016,1,VA,4.0
2016,2,VA,4.0
2016,3,VA,4.0
2016,4,VA,4.0
2016,5,VA,4.0
2016,6,VA,4.0
2016,7,VA,4.0
2016,8,VA,4.0
2016,9,VA,4.0
2016,10,VA,4.0
2016,11,VA,4.0
2016,12,VA,4.0
2017,1,VA,4.0
2017,2,VA,3.9
2017,3,VA,3.8
2017,4,VA,3.7
2017,5,VA,3.7
2017,6,VA,3.6
2017,7,VA,3.5
2017,8,VA,3.5
2017,9,VA,3.5
2017,10,VA,3.5
2017,11,VA,3.4
2017,12,VA,3.4
2018,1,VA,3.4
2018,2,VA,3.3
2018,3,VA,3.2
2018,4,VA,3.1
2018,5,VA,2.9
2018,6,VA,2.8
2018,7,VA,2.8
2018,8,VA,2.8
2018,9,VA,2.8
2018,10,VA,2.9
2018,11,VA,3.0
2018,12,VA,3.0
2019,1,VA,3.1
2019,2,VA,3.0
2019,3,VA,2.9
2019,4,VA,2.8
2019,5,VA,2.7
2019,6,VA,2.5
2019,7,VA,2.5
2019,8,VA,2.5
2019,9,VA,2.6
2019,10,VA,2.7
2019,11,VA,2.7
2019,12,VA,2.7
2020,1,VA,2.8
2020,2,VA,2.9
2020,3,VA,3.2
2020,4,VA,11.9
2020,5,VA,10.0
2020,6,VA,8.9
2020,7,VA,8.3
2020,8,VA,7.3
2020,9,VA,6.7
2020,10,VA,5.9
2020,11,VA,5.3
2020,12,VA,5.0
2021,1,VA,4.8
2021,2,VA,4.7
2021,3,VA,4.5
2021,4,VA,4.4
2021,5,VA,4.2
2021,6,VA,4.0
2021,7,VA,3.8
2021,8,VA,3.5
2021,9,VA,3.3
2021,10,VA,3.1
2021,11,VA,2.9
2021,12,VA,2.8
2022,1,VA,2.7
2022,2,VA,2.6
2022,3,VA,2.6
2022,4,VA,2.6
2022,5,VA,2.5
2022,6,VA,2.5
2022,7,VA,2.6
2022,8,VA,2.7
2022,9,VA,2.8
2022,10,VA,2.9
2022,11,VA,2.9
2022,12,VA,2.9
2023,1,VA,2.9
2023,2,VA,2.8
2023,3,VA,2.7
2023,4,VA,2.6
2023,5,VA,2.5
2023,6,VA,2.5
2023,7,VA,2.5
2023,8,VA,2.6
2023,9,VA,2.7
2023,10,VA,2.8
2023,11,VA,2.8
2023,12,VA,2.9
2024,1,VA,2.8
2024,2,VA,2.8
2024,3,VA,2.8
2024,4,VA,2.8
2024,5,VA,2.8
2024,6,VA,2.8
2024,7,VA,2.8
2024,8,VA,2.9
2024,9,VA,2.9
2024,10,VA,2.9
2024,11,VA,2.9
2024,12,VA,2.9
2025,1,VA,3.0
2025,2,VA,3.1
2025,3,VA,3.2
2025,4,VA,3.3
2025,5,VA,3.4
2025,6,VA,3.5
2025,7,VA,3.6
2025,8,VA,3.6
2025,9,VA,3.5
2025,10,VA,
2025,11,VA,3.5
2025,12,VA,3.6
1976,1,WA,8.5
1976,2,WA,8.5
1976,3,WA,8.5
1976,4,WA,8.5
1976,5,WA,8.5
1976,6,WA,8.6
1976,7,WA,8.7
1976,8,WA,8.8
1976,9,WA,8.9
1976,10,WA,9.1
1976,11,WA,9.2
1976,12,WA,9.3
1977,1,WA,9.3
1977,2,WA,9.3
1977,3,WA,9.2
1977,4,WA,9.0
1977,5,WA,8.8
1977,6,WA,8.6
1977,7,WA,8.3
1977,8,WA,8.1
1977,9,WA,7.9
1977,10,WA,7.6
1977,11,WA,7.3
1977,12,WA,7.1
1978,1,WA,6.9
1978,2,WA,6.7
1978,3,WA,6.6
1978,4,WA,6.6
1978,5,WA,6.7
1978,6,WA,6.7
1978,7,WA,6.7
1978,8,WA,6.8
1978,9,WA,6.8
1978,10,WA,6.9
1978,11,WA,6.9
1978,12,WA,6.9
1979,1,WA,7.0
1979,2,WA,7.0
1979,3,WA,6.9
1979,4,WA,6.8
1979,5,WA,6.7
1979,6,WA,6.6
1979,7,WA,6.6
1979,8,WA,6.6
1979,9,WA,6.7
1979,10,WA,6.7
1979,11,WA,6.7
1979,12,WA,6.7
1980,1,WA,6.8
1980,2,WA,6.9
1980,3,WA,7.2
1980,4,WA,7.6
1980,5,WA,7.9
1980,6,WA,8.2
1980,7,WA,8.4
1980,8,WA,8.5
1980,9,WA,8.5
1980,10,WA,8.4
1980,11,WA,8.4
1980,12,WA,8.4
1981,1,WA,8.5
1981,2,WA,8.6
1981,3,WA,8.7
1981,4,WA,8.8
1981,5,WA,8.9
1981,6,WA,9.0
1981,7,WA,9.2
1981,8,WA,9.4
1981,9,WA,9.7
1981,10,WA,10.0
1981,11,WA,10.4
1981,12,WA,10.8
1982,1,WA,11.1
1982,2,WA,11.3
1982,3,WA,11.5
1982,4,WA,11.6
1982,5,WA,11.6
1982,6,WA,11.7
1982,7,WA,11.8
1982,8,WA,11.9
1982,9,WA,12.0
1982,10,WA,12.1
1982,11,WA,12.1
1982,12,WA,12.1
1983,1,WA,12.1
1983,2,WA,11.9
1983,3,WA,11.7
1983,4,WA,11.5
1983,5,WA,11.4
1983,6,WA,11.2
1983,7,WA,11.0
1983,8,WA,10.9
1983,9,WA,10.7
1983,10,WA,10.5
1983,11,WA,10.4
1983,12,WA,10.2
1984,1,WA,10.0
1984,2,WA,9.8
1984,3,WA,9.6
1984,4,WA,9.5
1984,5,WA,9.3
1984,6,WA,9.2
1984,7,WA,9.1
1984,8,WA,9.1
1984,9,WA,9.0
1984,10,WA,8.9
1984,11,WA,8.9
1984,12,WA,8.8
1985,1,WA,8.8
1985,2,WA,8.7
1985,3,WA,8.6
1985,4,WA,8.6
1985,5,WA,8.5
1985,6,WA,8.4
1985,7,WA,8.3
1985,8,WA,8.2
1985,9,WA,8.0
1985,10,WA,7.9
1985,11,WA,7.8
1985,12,WA,7.8
1986,1,WA,7.8
1986,2,WA,7.9
1986,3,WA,8.0
1986,4,WA,8.1
1986,5,WA,8.2
1986,6,WA,8.2
1986,7,WA,8.2
1986,8,WA,8.2
1986,9,WA,8.1
1986,10,WA,8.1
1986,11,WA,8.1
1986,12,WA,8.0
1987,1,WA,7.9
1987,2,WA,7.8
1987,3,WA,7.6
1987,4,WA,7.5
1987,5,WA,7.3
1987,6,WA,7.2
1987,7,WA,7.1
1987,8,WA,7.0
1987,9,WA,7.0
1987,10,WA,7.0
1987,11,WA,6.9
1987,12,WA,6.8
1988,1,WA,6.6
1988,2,WA,6.5
1988,3,WA,6.4
1988,4,WA,6.4
1988,5,WA,6.4
1988,6,WA,6.4
1988,7,WA,6.3
1988,8,WA,6.3
1988,9,WA,6.2
1988,10,WA,6.1
1988,11,WA,6.0
1988,12,WA,5.9
1989,1,WA,5.8
1989,2,WA,5.8
1989,3,WA,5.9
1989,4,WA,5.9
1989,5,WA,5.9
1989,6,WA,6.0
1989,7,WA,6.0
1989,8,WA,6.0
1989,9,WA,5.9
1989,10,WA,5.8
1989,11,WA,5.7
1989,12,WA,5.5
1990,1,WA,5.4
1990,2,WA,5.2
1990,3,WA,5.1
1990,4,WA,5.1
1990,5,WA,5.0
1990,6,WA,5.0
1990,7,WA,5.0
1990,8,WA,5.0
1990,9,WA,5.0
1990,10,WA,5.2
1990,11,WA,5.4
1990,12,WA,5.6
1991,1,WA,5.7
1991,2,WA,5.9
1991,3,WA,6.0
1991,4,WA,6.0
1991,5,WA,6.1
1991,6,WA,6.1
1991,7,WA,6.1
1991,8,WA,6.1
1991,9,WA,6.2
1991,10,WA,6.4
1991,11,WA,6.5
1991,12,WA,6.6
1992,1,WA,6.8
1992,2,WA,6.8
1992,3,WA,6.9
1992,4,WA,7.0
1992,5,WA,7.1
1992,6,WA,7.1
1992,7,WA,7.2
1992,8,WA,7.3
1992,9,WA,7.4
1992,10,WA,7.5
1992,11,WA,7.5
1992,12,WA,7.6
1993,1,WA,7.5
1993,2,WA,7.5
1993,3,WA,7.4
1993,4,WA,7.3
1993,5,WA,7.3
1993,6,WA,7.2
1993,7,WA,7.2
1993,8,WA,7.1
1993,9,WA,7.0
1993,10,WA,6.9
1993,11,WA,6.9
1993,12,WA,6.8
1994,1,WA,6.8
1994,2,WA,6.8
1994,3,WA,6.7
1994,4,WA,6.6
1994,5,WA,6.5
1994,6,WA,6.3
1994,7,WA,6.2
1994,8,WA,6.1
1994,9,WA,6.1
1994,10,WA,6.0
1994,11,WA,6.0
1994,12,WA,6.0
1995,1,WA,6.0
1995,2,WA,6.0
1995,3,WA,6.1
1995,4,WA,6.2
1995,5,WA,6.2
1995,6,WA,6.3
1995,7,WA,6.3
1995,8,WA,6.3
1995,9,WA,6.3
1995,10,WA,6.3
1995,11,WA,6.3
1995,12,WA,6.2
1996,1,WA,6.2
1996,2,WA,6.2
1996,3,WA,6.2
1996,4,WA,6.1
1996,5,WA,6.1
1996,6,WA,6.0
1996,7,WA,5.9
1996,8,WA,5.8
1996,9,WA,5.7
1996,10,WA,5.6
1996,11,WA,5.5
1996,12,WA,5.4
1997,1,WA,5.3
1997,2,WA,5.2
1997,3,WA,5.1
1997,4,WA,5.0
1997,5,WA,4.9
1997,6,WA,4.9
1997,7,WA,4.8
1997,8,WA,4.8
1997,9,WA,4.7
1997,10,WA,4.7
1997,11,WA,4.7
1997,12,WA,4.7
1998,1,WA,4.7
1998,2,WA,4.7
1998,3,WA,4.6
1998,4,WA,4.6
1998,5,WA,4.6
1998,6,WA,4.7
1998,7,WA,4.8
1998,8,WA,4.9
1998,9,WA,4.9
1998,10,WA,5.0
1998,11,WA,4.9
1998,12,WA,4.9
1999,1,WA,4.8
1999,2,WA,4.8
1999,3,WA,4.8
1999,4,WA,4.9
1999,5,WA,4.9
1999,6,WA,4.9
1999,7,WA,4.9
1999,8,WA,4.9
1999,9,WA,4.9
1999,10,WA,4.8
1999,11,WA,4.8
1999,12,WA,4.8
2000,1,WA,4.8
2000,2,WA,4.8
2000,3,WA,4.9
2000,4,WA,4.9
2000,5,WA,5.0
2000,6,WA,5.1
2000,7,WA,5.1
2000,8,WA,5.2
2000,9,WA,5.2
2000,10,WA,5.2
2000,11,WA,5.2
2000,12,WA,5.3
2001,1,WA,5.4
2001,2,WA,5.5
2001,3,WA,5.6
2001,4,WA,5.7
2001,5,WA,5.8
2001,6,WA,5.8
2001,7,WA,5.9
2001,8,WA,6.1
2001,9,WA,6.3
2001,10,WA,6.6
2001,11,WA,6.8
2001,12,WA,7.1
2002,1,WA,7.2
2002,2,WA,7.3
2002,3,WA,7.3
2002,4,WA,7.3
2002,5,WA,7.2
2002,6,WA,7.2
2002,7,WA,7.1
2002,8,WA,7.0
2002,9,WA,7.0
2002,10,WA,7.0
2002,11,WA,7.1
2002,12,WA,7.1
2003,1,WA,7.2
2003,2,WA,7.2
2003,3,WA,7.3
2003,4,WA,7.4
2003,5,WA,7.4
2003,6,WA,7.5
2003,7,WA,7.4
2003,8,WA,7.4
2003,9,WA,7.3
2003,10,WA,7.2
2003,11,WA,7.0
2003,12,WA,6.9
2004,1,WA,6.8
2004,2,WA,6.7
2004,3,WA,6.6
2004,4,WA,6.4
2004,5,WA,6.3
2004,6,WA,6.2
2004,7,WA,6.1
2004,8,WA,6.1
2004,9,WA,6.0
2004,10,WA,6.0
2004,11,WA,5.9
2004,12,WA,5.9
2005,1,WA,5.8
2005,2,WA,5.8
2005,3,WA,5.7
2005,4,WA,5.7
2005,5,WA,5.6
2005,6,WA,5.6
2005,7,WA,5.6
2005,8,WA,5.6
2005,9,WA,5.5
2005,10,WA,5.5
2005,11,WA,5.3
2005,12,WA,5.2
2006,1,WA,5.1
2006,2,WA,5.0
2006,3,WA,4.9
2006,4,WA,5.0
2006,5,WA,5.0
2006,6,WA,5.0
2006,7,WA,5.1
2006,8,WA,5.1
2006,9,WA,5.0
2006,10,WA,5.0
2006,11,WA,4.9
2006,12,WA,4.8
2007,1,WA,4.7
2007,2,WA,4.6
2007,3,WA,4.5
2007,4,WA,4.5
2007,5,WA,4.5
2007,6,WA,4.5
2007,7,WA,4.6
2007,8,WA,4.7
2007,9,WA,4.7
2007,10,WA,4.7
2007,11,WA,4.7
2007,12,WA,4.6
2008,1,WA,4.6
2008,2,WA,4.6
2008,3,WA,4.6
2008,4,WA,4.7
2008,5,WA,4.8
2008,6,WA,5.0
2008,7,WA,5.2
2008,8,WA,5.3
2008,9,WA,5.4
2008,10,WA,5.7
2008,11,WA,6.0
2008,12,WA,6.5
2009,1,WA,7.0
2009,2,WA,7.4
2009,3,WA,7.7
2009,4,WA,8.3
2009,5,WA,8.8
2009,6,WA,9.1
2009,7,WA,9.5
2009,8,WA,9.8
2009,9,WA,10.2
2009,10,WA,10.2
2009,11,WA,10.2
2009,12,WA,10.3
2010,1,WA,10.4
2010,2,WA,10.3
2010,3,WA,10.2
2010,4,WA,10.1
2010,5,WA,9.9
2010,6,WA,9.8
2010,7,WA,9.8
2010,8,WA,9.9
2010,9,WA,9.9
2010,10,WA,9.9
2010,11,WA,9.9
2010,12,WA,9.8
2011,1,WA,9.7
2011,2,WA,9.6
2011,3,WA,9.5
2011,4,WA,9.5
2011,5,WA,9.5
2011,6,WA,9.5
2011,7,WA,9.5
2011,8,WA,9.5
2011,9,WA,9.4
2011,10,WA,9.3
2011,11,WA,9.1
2011,12,WA,9.1
2012,1,WA,9.0
2012,2,WA,8.9
2012,3,WA,8.9
2012,4,WA,8.9
2012,5,WA,9.0
2012,6,WA,9.1
2012,7,WA,8.8
2012,8,WA,8.4
2012,9,WA,8.0
2012,10,WA,7.7
2012,11,WA,7.4
2012,12,WA,7.2
2013,1,WA,7.0
2013,2,WA,6.6
2013,3,WA,6.6
2013,4,WA,6.7
2013,5,WA,6.7
2013,6,WA,6.7
2013,7,WA,6.7
2013,8,WA,6.7
2013,9,WA,6.6
2013,10,WA,6.5
2013,11,WA,6.4
2013,12,WA,6.3
2014,1,WA,6.3
2014,2,WA,6.2
2014,3,WA,6.1
2014,4,WA,6.0
2014,5,WA,6.0
2014,6,WA,5.9
2014,7,WA,5.9
2014,8,WA,5.9
2014,9,WA,5.8
2014,10,WA,5.8
2014,11,WA,5.7
2014,12,WA,5.6
2015,1,WA,5.6
2015,2,WA,5.5
2015,3,WA,5.5
2015,4,WA,5.5
2015,5,WA,5.4
2015,6,WA,5.4
2015,7,WA,5.4
2015,8,WA,5.4
2015,9,WA,5.4
2015,10,WA,5.4
2015,11,WA,5.4
2015,12,WA,5.4
2016,1,WA,5.4
2016,2,WA,5.4
2016,3,WA,5.3
2016,4,WA,5.3
2016,5,WA,5.3
2016,6,WA,5.3
2016,7,WA,5.2
2016,8,WA,5.2
2016,9,WA,5.1
2016,10,WA,5.0
2016,11,WA,4.9
2016,12,WA,4.9
2017,1,WA,4.8
2017,2,WA,4.7
2017,3,WA,4.7
2017,4,WA,4.6
2017,5,WA,4.6
2017,6,WA,4.6
2017,7,WA,4.6
2017,8,WA,4.6
2017,9,WA,4.7
2017,10,WA,4.7
2017,11,WA,4.6
2017,12,WA,4.6
2018,1,WA,4.6
2018,2,WA,4.5
2018,3,WA,4.5
2018,4,WA,4.4
2018,5,WA,4.3
2018,6,WA,4.3
2018,7,WA,4.2
2018,8,WA,4.2
2018,9,WA,4.3
2018,10,WA,4.4
2018,11,WA,4.5
2018,12,WA,4.6
2019,1,WA,4.7
2019,2,WA,4.6
2019,3,WA,4.6
2019,4,WA,4.4
2019,5,WA,4.3
2019,6,WA,4.2
2019,7,WA,4.1
2019,8,WA,4.0
2019,9,WA,3.9
2019,10,WA,3.9
2019,11,WA,3.8
2019,12,WA,3.7
2020,1,WA,3.6
2020,2,WA,3.8
2020,3,WA,6.0
2020,4,WA,17.1
2020,5,WA,13.6
2020,6,WA,11.7
2020,7,WA,10.5
2020,8,WA,9.0
2020,9,WA,8.2
2020,10,WA,7.3
2020,11,WA,6.9
2020,12,WA,6.7
2021,1,WA,6.4
2021,2,WA,6.2
2021,3,WA,5.9
2021,4,WA,5.7
2021,5,WA,5.5
2021,6,WA,5.3
2021,7,WA,5.1
2021,8,WA,4.9
2021,9,WA,4.7
2021,10,WA,4.4
2021,11,WA,4.2
2021,12,WA,4.0
2022,1,WA,4.0
2022,2,WA,3.9
2022,3,WA,3.9
2022,4,WA,4.0
2022,5,WA,4.0
2022,6,WA,4.0
2022,7,WA,4.0
2022,8,WA,4.1
2022,9,WA,4.2
2022,10,WA,4.2
2022,11,WA,4.2
2022,12,WA,4.2
2023,1,WA,4.1
2023,2,WA,4.1
2023,3,WA,4.0
2023,4,WA,4.0
2023,5,WA,4.0
2023,6,WA,4.0
2023,7,WA,4.1
2023,8,WA,4.2
2023,9,WA,4.3
2023,10,WA,4.5
2023,11,WA,4.5
2023,12,WA,4.6
2024,1,WA,4.6
2024,2,WA,4.6
2024,3,WA,4.6
2024,4,WA,4.6
2024,5,WA,4.6
2024,6,WA,4.5
2024,7,WA,4.5
2024,8,WA,4.5
2024,9,WA,4.4
2024,10,WA,4.4
2024,11,WA,4.4
2024,12,WA,4.4
2025,1,WA,4.3
2025,2,WA,4.4
2025,3,WA,4.4
2025,4,WA,4.4
2025,5,WA,4.5
2025,6,WA,4.5
2025,7,WA,4.5
2025,8,WA,4.5
2025,9,WA,4.5
2025,10,WA,
2025,11,WA,4.6
2025,12,WA,4.7
1976,1,WV,7.4
1976,2,WV,7.4
1976,3,WV,7.4
1976,4,WV,7.4
1976,5,WV,7.4
1976,6,WV,7.3
1976,7,WV,7.2
1976,8,WV,7.1
1976,9,WV,6.9
1976,10,WV,6.8
1976,11,WV,6.9
1976,12,WV,7.0
1977,1,WV,7.1
1977,2,WV,7.1
1977,3,WV,7.0
1977,4,WV,7.0
1977,5,WV,6.9
1977,6,WV,6.8
1977,7,WV,6.7
1977,8,WV,6.8
1977,9,WV,6.8
1977,10,WV,6.9
1977,11,WV,6.9
1977,12,WV,6.9
1978,1,WV,6.8
1978,2,WV,6.6
1978,3,WV,6.4
1978,4,WV,6.2
1978,5,WV,6.1
1978,6,WV,6.1
1978,7,WV,6.1
1978,8,WV,6.3
1978,9,WV,6.4
1978,10,WV,6.5
1978,11,WV,6.6
1978,12,WV,6.6
1979,1,WV,6.7
1979,2,WV,6.7
1979,3,WV,6.9
1979,4,WV,7.0
1979,5,WV,7.1
1979,6,WV,7.3
1979,7,WV,7.4
1979,8,WV,7.6
1979,9,WV,7.7
1979,10,WV,7.8
1979,11,WV,7.9
1979,12,WV,8.1
1980,1,WV,8.3
1980,2,WV,8.6
1980,3,WV,9.0
1980,4,WV,9.5
1980,5,WV,10.1
1980,6,WV,10.5
1980,7,WV,10.8
1980,8,WV,11.0
1980,9,WV,11.0
1980,10,WV,11.0
1980,11,WV,10.9
1980,12,WV,10.9
1981,1,WV,11.0
1981,2,WV,11.2
1981,3,WV,11.2
1981,4,WV,11.1
1981,5,WV,10.9
1981,6,WV,10.5
1981,7,WV,10.2
1981,8,WV,10.0
1981,9,WV,10.0
1981,10,WV,10.1
1981,11,WV,10.3
1981,12,WV,10.6
1982,1,WV,11.0
1982,2,WV,11.3
1982,3,WV,11.8
1982,4,WV,12.3
1982,5,WV,12.8
1982,6,WV,13.4
1982,7,WV,14.0
1982,8,WV,14.6
1982,9,WV,15.3
1982,10,WV,16.5
1982,11,WV,17.3
1982,12,WV,17.8
1983,1,WV,18.1
1983,2,WV,18.3
1983,3,WV,18.2
1983,4,WV,18.1
1983,5,WV,17.8
1983,6,WV,17.6
1983,7,WV,17.2
1983,8,WV,16.9
1983,9,WV,16.4
1983,10,WV,15.9
1983,11,WV,15.4
1983,12,WV,15.0
1984,1,WV,14.6
1984,2,WV,14.3
1984,3,WV,14.1
1984,4,WV,13.9
1984,5,WV,13.8
1984,6,WV,13.8
1984,7,WV,13.8
1984,8,WV,13.9
1984,9,WV,14.0
1984,10,WV,14.2
1984,11,WV,14.3
1984,12,WV,14.3
1985,1,WV,14.2
1985,2,WV,14.0
1985,3,WV,13.8
1985,4,WV,13.6
1985,5,WV,13.5
1985,6,WV,13.3
1985,7,WV,13.1
1985,8,WV,12.9
1985,9,WV,12.7
1985,10,WV,12.5
1985,11,WV,12.3
1985,12,WV,12.2
1986,1,WV,12.1
1986,2,WV,12.2
1986,3,WV,12.2
1986,4,WV,12.3
1986,5,WV,12.3
1986,6,WV,12.2
1986,7,WV,12.1
1986,8,WV,12.0
1986,9,WV,11.9
1986,10,WV,11.8
1986,11,WV,11.7
1986,12,WV,11.6
1987,1,WV,11.5
1987,2,WV,11.4
1987,3,WV,11.3
1987,4,WV,11.2
1987,5,WV,11.1
1987,6,WV,10.9
1987,7,WV,10.8
1987,8,WV,10.7
1987,9,WV,10.6
1987,10,WV,10.5
1987,11,WV,10.4
1987,12,WV,10.4
1988,1,WV,10.3
1988,2,WV,10.2
1988,3,WV,10.2
1988,4,WV,10.1
1988,5,WV,10.0
1988,6,WV,9.9
1988,7,WV,9.8
1988,8,WV,9.7
1988,9,WV,9.6
1988,10,WV,9.6
1988,11,WV,9.4
1988,12,WV,9.3
1989,1,WV,9.1
1989,2,WV,9.0
1989,3,WV,8.9
1989,4,WV,8.8
1989,5,WV,8.8
1989,6,WV,8.7
1989,7,WV,8.7
1989,8,WV,8.5
1989,9,WV,8.5
1989,10,WV,8.4
1989,11,WV,8.3
1989,12,WV,8.2
1990,1,WV,8.1
1990,2,WV,8.0
1990,3,WV,8.0
1990,4,WV,8.0
1990,5,WV,8.1
1990,6,WV,8.3
1990,7,WV,8.5
1990,8,WV,8.8
1990,9,WV,9.1
1990,10,WV,9.4
1990,11,WV,9.6
1990,12,WV,9.8
1991,1,WV,10.0
1991,2,WV,10.2
1991,3,WV,10.3
1991,4,WV,10.5
1991,5,WV,10.6
1991,6,WV,10.7
1991,7,WV,10.7
1991,8,WV,10.8
1991,9,WV,10.9
1991,10,WV,11.0
1991,11,WV,11.2
1991,12,WV,11.3
1992,1,WV,11.4
1992,2,WV,11.4
1992,3,WV,11.4
1992,4,WV,11.4
1992,5,WV,11.3
1992,6,WV,11.3
1992,7,WV,11.3
1992,8,WV,11.2
1992,9,WV,11.1
1992,10,WV,11.0
1992,11,WV,10.9
1992,12,WV,10.8
1993,1,WV,10.7
1993,2,WV,10.6
1993,3,WV,10.6
1993,4,WV,10.5
1993,5,WV,10.5
1993,6,WV,10.4
1993,7,WV,10.3
1993,8,WV,10.2
1993,9,WV,10.0
1993,10,WV,9.9
1993,11,WV,9.8
1993,12,WV,9.8
1994,1,WV,9.7
1994,2,WV,9.6
1994,3,WV,9.5
1994,4,WV,9.3
1994,5,WV,9.1
1994,6,WV,8.9
1994,7,WV,8.7
1994,8,WV,8.5
1994,9,WV,8.3
1994,10,WV,8.2
1994,11,WV,8.0
1994,12,WV,7.8
1995,1,WV,7.7
1995,2,WV,7.7
1995,3,WV,7.7
1995,4,WV,7.9
1995,5,WV,8.0
1995,6,WV,8.1
1995,7,WV,8.1
1995,8,WV,8.1
1995,9,WV,8.1
1995,10,WV,8.1
1995,11,WV,8.1
1995,12,WV,8.1
1996,1,WV,8.1
1996,2,WV,8.1
1996,3,WV,8.0
1996,4,WV,7.8
1996,5,WV,7.7
1996,6,WV,7.5
1996,7,WV,7.4
1996,8,WV,7.4
1996,9,WV,7.4
1996,10,WV,7.4
1996,11,WV,7.5
1996,12,WV,7.5
1997,1,WV,7.5
1997,2,WV,7.4
1997,3,WV,7.2
1997,4,WV,7.1
1997,5,WV,7.0
1997,6,WV,6.9
1997,7,WV,6.9
1997,8,WV,6.8
1997,9,WV,6.8
1997,10,WV,6.8
1997,11,WV,6.8
1997,12,WV,6.7
1998,1,WV,6.7
1998,2,WV,6.7
1998,3,WV,6.7
1998,4,WV,6.7
1998,5,WV,6.7
1998,6,WV,6.7
1998,7,WV,6.7
1998,8,WV,6.7
1998,9,WV,6.6
1998,10,WV,6.6
1998,11,WV,6.5
1998,12,WV,6.5
1999,1,WV,6.5
1999,2,WV,6.5
1999,3,WV,6.6
1999,4,WV,6.6
1999,5,WV,6.6
1999,6,WV,6.6
1999,7,WV,6.5
1999,8,WV,6.5
1999,9,WV,6.4
1999,10,WV,6.3
1999,11,WV,6.2
1999,12,WV,6.0
2000,1,WV,5.9
2000,2,WV,5.7
2000,3,WV,5.7
2000,4,WV,5.6
2000,5,WV,5.6
2000,6,WV,5.6
2000,7,WV,5.5
2000,8,WV,5.5
2000,9,WV,5.5
2000,10,WV,5.4
2000,11,WV,5.4
2000,12,WV,5.3
2001,1,WV,5.3
2001,2,WV,5.2
2001,3,WV,5.2
2001,4,WV,5.2
2001,5,WV,5.1
2001,6,WV,5.1
2001,7,WV,5.1
2001,8,WV,5.2
2001,9,WV,5.3
2001,10,WV,5.4
2001,11,WV,5.6
2001,12,WV,5.7
2002,1,WV,5.8
2002,2,WV,5.9
2002,3,WV,6.0
2002,4,WV,6.1
2002,5,WV,6.2
2002,6,WV,6.1
2002,7,WV,6.1
2002,8,WV,6.1
2002,9,WV,6.1
2002,10,WV,6.1
2002,11,WV,6.2
2002,12,WV,6.2
2003,1,WV,6.3
2003,2,WV,6.3
2003,3,WV,6.3
2003,4,WV,6.3
2003,5,WV,6.3
2003,6,WV,6.3
2003,7,WV,6.2
2003,8,WV,6.1
2003,9,WV,6.0
2003,10,WV,5.9
2003,11,WV,5.8
2003,12,WV,5.7
2004,1,WV,5.7
2004,2,WV,5.6
2004,3,WV,5.6
2004,4,WV,5.5
2004,5,WV,5.4
2004,6,WV,5.4
2004,7,WV,5.3
2004,8,WV,5.2
2004,9,WV,5.2
2004,10,WV,5.2
2004,11,WV,5.2
2004,12,WV,5.2
2005,1,WV,5.2
2005,2,WV,5.2
2005,3,WV,5.1
2005,4,WV,5.1
2005,5,WV,5.0
2005,6,WV,5.0
2005,7,WV,5.0
2005,8,WV,5.1
2005,9,WV,5.1
2005,10,WV,5.0
2005,11,WV,4.9
2005,12,WV,4.8
2006,1,WV,4.7
2006,2,WV,4.6
2006,3,WV,4.6
2006,4,WV,4.7
2006,5,WV,4.8
2006,6,WV,4.9
2006,7,WV,4.9
2006,8,WV,4.9
2006,9,WV,4.9
2006,10,WV,4.8
2006,11,WV,4.8
2006,12,WV,4.7
2007,1,WV,4.6
2007,2,WV,4.5
2007,3,WV,4.4
2007,4,WV,4.4
2007,5,WV,4.4
2007,6,WV,4.4
2007,7,WV,4.4
2007,8,WV,4.5
2007,9,WV,4.5
2007,10,WV,4.6
2007,11,WV,4.5
2007,12,WV,4.5
2008,1,WV,4.4
2008,2,WV,4.3
2008,3,WV,4.3
2008,4,WV,4.2
2008,5,WV,4.2
2008,6,WV,4.2
2008,7,WV,4.3
2008,8,WV,4.4
2008,9,WV,4.5
2008,10,WV,4.8
2008,11,WV,5.1
2008,12,WV,5.6
2009,1,WV,6.2
2009,2,WV,6.8
2009,3,WV,7.3
2009,4,WV,7.8
2009,5,WV,8.1
2009,6,WV,8.3
2009,7,WV,8.4
2009,8,WV,8.5
2009,9,WV,8.5
2009,10,WV,8.5
2009,11,WV,8.6
2009,12,WV,8.7
2010,1,WV,8.7
2010,2,WV,8.7
2010,3,WV,8.6
2010,4,WV,8.5
2010,5,WV,8.3
2010,6,WV,8.2
2010,7,WV,8.2
2010,8,WV,8.2
2010,9,WV,8.3
2010,10,WV,8.4
2010,11,WV,8.4
2010,12,WV,8.3
2011,1,WV,8.2
2011,2,WV,8.1
2011,3,WV,8.0
2011,4,WV,7.8
2011,5,WV,7.7
2011,6,WV,7.7
2011,7,WV,7.7
2011,8,WV,7.7
2011,9,WV,7.6
2011,10,WV,7.5
2011,11,WV,7.3
2011,12,WV,7.2
2012,1,WV,7.1
2012,2,WV,7.0
2012,3,WV,7.0
2012,4,WV,7.1
2012,5,WV,7.2
2012,6,WV,7.3
2012,7,WV,7.4
2012,8,WV,7.4
2012,9,WV,7.3
2012,10,WV,7.3
2012,11,WV,7.2
2012,12,WV,7.1
2013,1,WV,7.0
2013,2,WV,6.9
2013,3,WV,6.8
2013,4,WV,6.7
2013,5,WV,6.6
2013,6,WV,6.6
2013,7,WV,6.6
2013,8,WV,6.6
2013,9,WV,6.6
2013,10,WV,6.7
2013,11,WV,6.7
2013,12,WV,6.7
2014,1,WV,6.7
2014,2,WV,6.7
2014,3,WV,6.7
2014,4,WV,6.6
2014,5,WV,6.5
2014,6,WV,6.5
2014,7,WV,6.4
2014,8,WV,6.4
2014,9,WV,6.4
2014,10,WV,6.4
2014,11,WV,6.3
2014,12,WV,6.3
2015,1,WV,6.4
2015,2,WV,6.5
2015,3,WV,6.6
2015,4,WV,6.7
2015,5,WV,6.8
2015,6,WV,6.7
2015,7,WV,6.7
2015,8,WV,6.6
2015,9,WV,6.5
2015,10,WV,6.4
2015,11,WV,6.3
2015,12,WV,6.3
2016,1,WV,6.3
2016,2,WV,6.3
2016,3,WV,6.3
2016,4,WV,6.2
2016,5,WV,6.2
2016,6,WV,6.1
2016,7,WV,6.1
2016,8,WV,6.1
2016,9,WV,6.0
2016,10,WV,5.9
2016,11,WV,5.8
2016,12,WV,5.6
2017,1,WV,5.4
2017,2,WV,5.2
2017,3,WV,5.1
2017,4,WV,5.1
2017,5,WV,5.0
2017,6,WV,5.1
2017,7,WV,5.1
2017,8,WV,5.2
2017,9,WV,5.2
2017,10,WV,5.3
2017,11,WV,5.3
2017,12,WV,5.4
2018,1,WV,5.4
2018,2,WV,5.4
2018,3,WV,5.3
2018,4,WV,5.3
2018,5,WV,5.2
2018,6,WV,5.1
2018,7,WV,5.0
2018,8,WV,5.0
2018,9,WV,5.0
2018,10,WV,5.0
2018,11,WV,5.0
2018,12,WV,5.0
2019,1,WV,5.0
2019,2,WV,4.9
2019,3,WV,4.9
2019,4,WV,4.8
2019,5,WV,4.8
2019,6,WV,4.8
2019,7,WV,4.8
2019,8,WV,4.9
2019,9,WV,5.0
2019,10,WV,5.0
2019,11,WV,5.1
2019,12,WV,5.1
2020,1,WV,5.2
2020,2,WV,5.3
2020,3,WV,5.3
2020,4,WV,15.8
2020,5,WV,12.5
2020,6,WV,10.6
2020,7,WV,9.5
2020,8,WV,8.2
2020,9,WV,7.6
2020,10,WV,7.0
2020,11,WV,6.6
2020,12,WV,6.4
2021,1,WV,6.2
2021,2,WV,6.0
2021,3,WV,5.9
2021,4,WV,5.8
2021,5,WV,5.6
2021,6,WV,5.4
2021,7,WV,5.1
2021,8,WV,4.8
2021,9,WV,4.5
2021,10,WV,4.3
2021,11,WV,4.1
2021,12,WV,4.0
2022,1,WV,3.9
2022,2,WV,3.9
2022,3,WV,3.8
2022,4,WV,3.8
2022,5,WV,3.9
2022,6,WV,3.9
2022,7,WV,3.9
2022,8,WV,4.0
2022,9,WV,3.9
2022,10,WV,3.9
2022,11,WV,3.8
2022,12,WV,3.6
2023,1,WV,3.6
2023,2,WV,3.5
2023,3,WV,3.5
2023,4,WV,3.6
2023,5,WV,3.7
2023,6,WV,3.8
2023,7,WV,3.9
2023,8,WV,4.0
2023,9,WV,4.1
2023,10,WV,4.2
2023,11,WV,4.2
2023,12,WV,4.2
2024,1,WV,4.1
2024,2,WV,4.1
2024,3,WV,4.1
2024,4,WV,4.0
2024,5,WV,4.1
2024,6,WV,4.1
2024,7,WV,4.1
2024,8,WV,4.1
2024,9,WV,4.1
2024,10,WV,4.1
2024,11,WV,4.1
2024,12,WV,4.1
2025,1,WV,4.0
2025,2,WV,3.9
2025,3,WV,3.8
2025,4,WV,3.8
2025,5,WV,3.7
2025,6,WV,3.7
2025,7,WV,3.7
2025,8,WV,3.8
2025,9,WV,4.0
2025,10,WV,
2025,11,WV,4.4
2025,12,WV,4.6
1976,1,WI,5.8
1976,2,WI,5.8
1976,3,WI,5.8
1976,4,WI,5.7
1976,5,WI,5.6
1976,6,WI,5.5
1976,7,WI,5.4
1976,8,WI,5.4
1976,9,WI,5.4
1976,10,WI,5.4
1976,11,WI,5.4
1976,12,WI,5.4
1977,1,WI,5.3
1977,2,WI,5.3
1977,3,WI,5.3
1977,4,WI,5.2
1977,5,WI,5.1
1977,6,WI,5.1
1977,7,WI,5.0
1977,8,WI,5.0
1977,9,WI,4.9
1977,10,WI,4.9
1977,11,WI,4.9
1977,12,WI,4.9
1978,1,WI,4.8
1978,2,WI,4.8
1978,3,WI,4.8
1978,4,WI,4.8
1978,5,WI,4.8
1978,6,WI,4.8
1978,7,WI,4.9
1978,8,WI,4.9
1978,9,WI,5.0
1978,10,WI,5.0
1978,11,WI,4.9
1978,12,WI,4.9
1979,1,WI,4.8
1979,2,WI,4.6
1979,3,WI,4.5
1979,4,WI,4.4
1979,5,WI,4.3
1979,6,WI,4.3
1979,7,WI,4.3
1979,8,WI,4.3
1979,9,WI,4.4
1979,10,WI,4.6
1979,11,WI,4.8
1979,12,WI,5.0
1980,1,WI,5.3
1980,2,WI,5.7
1980,3,WI,6.2
1980,4,WI,6.7
1980,5,WI,7.1
1980,6,WI,7.4
1980,7,WI,7.6
1980,8,WI,8.4
1980,9,WI,8.5
1980,10,WI,8.5
1980,11,WI,8.4
1980,12,WI,8.2
1981,1,WI,8.0
1981,2,WI,7.9
1981,3,WI,7.7
1981,4,WI,7.6
1981,5,WI,7.5
1981,6,WI,7.4
1981,7,WI,7.5
1981,8,WI,7.6
1981,9,WI,7.9
1981,10,WI,8.1
1981,11,WI,8.4
1981,12,WI,8.7
1982,1,WI,9.0
1982,2,WI,9.3
1982,3,WI,9.6
1982,4,WI,9.9
1982,5,WI,10.2
1982,6,WI,10.4
1982,7,WI,10.6
1982,8,WI,10.7
1982,9,WI,10.9
1982,10,WI,11.1
1982,11,WI,11.3
1982,12,WI,11.5
1983,1,WI,11.4
1983,2,WI,11.3
1983,3,WI,11.0
1983,4,WI,10.6
1983,5,WI,10.3
1983,6,WI,10.0
1983,7,WI,9.6
1983,8,WI,9.4
1983,9,WI,9.1
1983,10,WI,8.8
1983,11,WI,8.5
1983,12,WI,8.2
1984,1,WI,7.9
1984,2,WI,7.6
1984,3,WI,7.5
1984,4,WI,7.4
1984,5,WI,7.3
1984,6,WI,7.2
1984,7,WI,7.2
1984,8,WI,7.2
1984,9,WI,7.1
1984,10,WI,7.0
1984,11,WI,7.0
1984,12,WI,7.0
1985,1,WI,7.1
1985,2,WI,7.1
1985,3,WI,7.2
1985,4,WI,7.2
1985,5,WI,7.2
1985,6,WI,7.2
1985,7,WI,7.2
1985,8,WI,7.1
1985,9,WI,7.1
1985,10,WI,7.1
1985,11,WI,7.1
1985,12,WI,7.0
1986,1,WI,7.0
1986,2,WI,7.0
1986,3,WI,7.0
1986,4,WI,7.0
1986,5,WI,7.0
1986,6,WI,6.9
1986,7,WI,6.8
1986,8,WI,6.7
1986,9,WI,6.6
1986,10,WI,6.6
1986,11,WI,6.5
1986,12,WI,6.4
1987,1,WI,6.4
1987,2,WI,6.3
1987,3,WI,6.1
1987,4,WI,6.0
1987,5,WI,5.8
1987,6,WI,5.7
1987,7,WI,5.6
1987,8,WI,5.6
1987,9,WI,5.5
1987,10,WI,5.4
1987,11,WI,5.3
1987,12,WI,5.1
1988,1,WI,4.9
1988,2,WI,4.8
1988,3,WI,4.6
1988,4,WI,4.5
1988,5,WI,4.4
1988,6,WI,4.3
1988,7,WI,4.2
1988,8,WI,4.2
1988,9,WI,4.2
1988,10,WI,4.2
1988,11,WI,4.2
1988,12,WI,4.2
1989,1,WI,4.2
1989,2,WI,4.2
1989,3,WI,4.2
1989,4,WI,4.3
1989,5,WI,4.4
1989,6,WI,4.4
1989,7,WI,4.4
1989,8,WI,4.3
1989,9,WI,4.4
1989,10,WI,4.3
1989,11,WI,4.3
1989,12,WI,4.3
1990,1,WI,4.2
1990,2,WI,4.2
1990,3,WI,4.1
1990,4,WI,4.1
1990,5,WI,4.1
1990,6,WI,4.1
1990,7,WI,4.2
1990,8,WI,4.4
1990,9,WI,4.6
1990,10,WI,4.7
1990,11,WI,5.0
1990,12,WI,5.2
1991,1,WI,5.3
1991,2,WI,5.5
1991,3,WI,5.6
1991,4,WI,5.6
1991,5,WI,5.6
1991,6,WI,5.5
1991,7,WI,5.4
1991,8,WI,5.3
1991,9,WI,5.2
1991,10,WI,5.2
1991,11,WI,5.1
1991,12,WI,5.1
1992,1,WI,5.1
1992,2,WI,5.0
1992,3,WI,5.0
1992,4,WI,5.0
1992,5,WI,5.1
1992,6,WI,5.2
1992,7,WI,5.3
1992,8,WI,5.3
1992,9,WI,5.3
1992,10,WI,5.1
1992,11,WI,5.0
1992,12,WI,4.8
1993,1,WI,4.7
1993,2,WI,4.6
1993,3,WI,4.5
1993,4,WI,4.5
1993,5,WI,4.5
1993,6,WI,4.3
1993,7,WI,4.3
1993,8,WI,4.3
1993,9,WI,4.3
1993,10,WI,4.4
1993,11,WI,4.5
1993,12,WI,4.6
1994,1,WI,4.6
1994,2,WI,4.6
1994,3,WI,4.6
1994,4,WI,4.5
1994,5,WI,4.4
1994,6,WI,4.3
1994,7,WI,4.2
1994,8,WI,4.2
1994,9,WI,4.1
1994,10,WI,4.0
1994,11,WI,3.9
1994,12,WI,3.8
1995,1,WI,3.7
1995,2,WI,3.7
1995,3,WI,3.7
1995,4,WI,3.7
1995,5,WI,3.7
1995,6,WI,3.7
1995,7,WI,3.7
1995,8,WI,3.7
1995,9,WI,3.7
1995,10,WI,3.8
1995,11,WI,3.8
1995,12,WI,3.8
1996,1,WI,3.8
1996,2,WI,3.7
1996,3,WI,3.7
1996,4,WI,3.7
1996,5,WI,3.7
1996,6,WI,3.6
1996,7,WI,3.5
1996,8,WI,3.5
1996,9,WI,3.5
1996,10,WI,3.5
1996,11,WI,3.5
1996,12,WI,3.6
1997,1,WI,3.6
1997,2,WI,3.6
1997,3,WI,3.6
1997,4,WI,3.6
1997,5,WI,3.6
1997,6,WI,3.5
1997,7,WI,3.5
1997,8,WI,3.5
1997,9,WI,3.4
1997,10,WI,3.4
1997,11,WI,3.3
1997,12,WI,3.3
1998,1,WI,3.2
1998,2,WI,3.1
1998,3,WI,3.1
1998,4,WI,3.1
1998,5,WI,3.2
1998,6,WI,3.2
1998,7,WI,3.3
1998,8,WI,3.4
1998,9,WI,3.5
1998,10,WI,3.5
1998,11,WI,3.4
1998,12,WI,3.3
1999,1,WI,3.3
1999,2,WI,3.2
1999,3,WI,3.1
1999,4,WI,3.0
1999,5,WI,3.0
1999,6,WI,3.0
1999,7,WI,3.0
1999,8,WI,3.0
1999,9,WI,3.0
1999,10,WI,3.0
1999,11,WI,3.1
1999,12,WI,3.1
2000,1,WI,3.1
2000,2,WI,3.1
2000,3,WI,3.2
2000,4,WI,3.3
2000,5,WI,3.4
2000,6,WI,3.4
2000,7,WI,3.5
2000,8,WI,3.5
2000,9,WI,3.5
2000,10,WI,3.5
2000,11,WI,3.6
2000,12,WI,3.6
2001,1,WI,3.8
2001,2,WI,3.9
2001,3,WI,4.0
2001,4,WI,4.1
2001,5,WI,4.2
2001,6,WI,4.3
2001,7,WI,4.4
2001,8,WI,4.5
2001,9,WI,4.7
2001,10,WI,4.9
2001,11,WI,5.1
2001,12,WI,5.2
2002,1,WI,5.4
2002,2,WI,5.4
2002,3,WI,5.4
2002,4,WI,5.4
2002,5,WI,5.3
2002,6,WI,5.3
2002,7,WI,5.2
2002,8,WI,5.2
2002,9,WI,5.2
2002,10,WI,5.3
2002,11,WI,5.3
2002,12,WI,5.4
2003,1,WI,5.5
2003,2,WI,5.6
2003,3,WI,5.6
2003,4,WI,5.7
2003,5,WI,5.8
2003,6,WI,5.8
2003,7,WI,5.8
2003,8,WI,5.7
2003,9,WI,5.6
2003,10,WI,5.5
2003,11,WI,5.4
2003,12,WI,5.3
2004,1,WI,5.2
2004,2,WI,5.2
2004,3,WI,5.1
2004,4,WI,5.1
2004,5,WI,5.0
2004,6,WI,5.0
2004,7,WI,4.9
2004,8,WI,4.9
2004,9,WI,4.8
2004,10,WI,4.8
2004,11,WI,4.8
2004,12,WI,4.8
2005,1,WI,4.8
2005,2,WI,4.7
2005,3,WI,4.7
2005,4,WI,4.7
2005,5,WI,4.7
2005,6,WI,4.7
2005,7,WI,4.7
2005,8,WI,4.7
2005,9,WI,4.7
2005,10,WI,4.7
2005,11,WI,4.7
2005,12,WI,4.7
2006,1,WI,4.7
2006,2,WI,4.6
2006,3,WI,4.6
2006,4,WI,4.6
2006,5,WI,4.6
2006,6,WI,4.7
2006,7,WI,4.7
2006,8,WI,4.7
2006,9,WI,4.7
2006,10,WI,4.8
2006,11,WI,4.8
2006,12,WI,4.8
2007,1,WI,4.8
2007,2,WI,4.8
2007,3,WI,4.8
2007,4,WI,4.8
2007,5,WI,4.8
2007,6,WI,4.9
2007,7,WI,4.9
2007,8,WI,4.9
2007,9,WI,4.9
2007,10,WI,4.9
2007,11,WI,4.8
2007,12,WI,4.6
2008,1,WI,4.4
2008,2,WI,4.3
2008,3,WI,4.2
2008,4,WI,4.2
2008,5,WI,4.3
2008,6,WI,4.5
2008,7,WI,4.7
2008,8,WI,5.0
2008,9,WI,5.3
2008,10,WI,5.6
2008,11,WI,6.1
2008,12,WI,6.7
2009,1,WI,7.3
2009,2,WI,7.9
2009,3,WI,8.4
2009,4,WI,8.8
2009,5,WI,9.0
2009,6,WI,9.1
2009,7,WI,9.2
2009,8,WI,9.2
2009,9,WI,9.2
2009,10,WI,9.3
2009,11,WI,9.3
2009,12,WI,9.3
2010,1,WI,9.2
2010,2,WI,9.1
2010,3,WI,8.9
2010,4,WI,8.7
2010,5,WI,8.5
2010,6,WI,8.3
2010,7,WI,8.2
2010,8,WI,8.1
2010,9,WI,8.1
2010,10,WI,8.0
2010,11,WI,8.0
2010,12,WI,7.9
2011,1,WI,7.8
2011,2,WI,7.7
2011,3,WI,7.6
2011,4,WI,7.6
2011,5,WI,7.6
2011,6,WI,7.7
2011,7,WI,7.7
2011,8,WI,7.6
2011,9,WI,7.5
2011,10,WI,7.4
2011,11,WI,7.3
2011,12,WI,7.1
2012,1,WI,7.0
2012,2,WI,6.9
2012,3,WI,6.9
2012,4,WI,7.0
2012,5,WI,7.0
2012,6,WI,7.0
2012,7,WI,7.0
2012,8,WI,6.9
2012,9,WI,6.8
2012,10,WI,6.8
2012,11,WI,6.8
2012,12,WI,6.9
2013,1,WI,6.9
2013,2,WI,7.0
2013,3,WI,7.0
2013,4,WI,6.9
2013,5,WI,6.8
2013,6,WI,6.7
2013,7,WI,6.7
2013,8,WI,6.6
2013,9,WI,6.5
2013,10,WI,6.4
2013,11,WI,6.3
2013,12,WI,6.2
2014,1,WI,6.0
2014,2,WI,5.9
2014,3,WI,5.7
2014,4,WI,5.6
2014,5,WI,5.5
2014,6,WI,5.4
2014,7,WI,5.3
2014,8,WI,5.2
2014,9,WI,5.1
2014,10,WI,5.0
2014,11,WI,4.9
2014,12,WI,4.8
2015,1,WI,4.7
2015,2,WI,4.7
2015,3,WI,4.6
2015,4,WI,4.6
2015,5,WI,4.5
2015,6,WI,4.4
2015,7,WI,4.3
2015,8,WI,4.3
2015,9,WI,4.3
2015,10,WI,4.2
2015,11,WI,4.2
2015,12,WI,4.2
2016,1,WI,4.2
2016,2,WI,4.1
2016,3,WI,4.1
2016,4,WI,4.0
2016,5,WI,4.0
2016,6,WI,3.9
2016,7,WI,3.9
2016,8,WI,3.9
2016,9,WI,3.8
2016,10,WI,3.8
2016,11,WI,3.8
2016,12,WI,3.7
2017,1,WI,3.6
2017,2,WI,3.5
2017,3,WI,3.4
2017,4,WI,3.3
2017,5,WI,3.3
2017,6,WI,3.2
2017,7,WI,3.3
2017,8,WI,3.3
2017,9,WI,3.2
2017,10,WI,3.2
2017,11,WI,3.1
2017,12,WI,3.0
2018,1,WI,3.0
2018,2,WI,3.0
2018,3,WI,3.0
2018,4,WI,3.0
2018,5,WI,3.0
2018,6,WI,3.0
2018,7,WI,3.0
2018,8,WI,3.0
2018,9,WI,3.0
2018,10,WI,3.0
2018,11,WI,3.0
2018,12,WI,3.0
2019,1,WI,3.1
2019,2,WI,3.1
2019,3,WI,3.1
2019,4,WI,3.2
2019,5,WI,3.2
2019,6,WI,3.2
2019,7,WI,3.3
2019,8,WI,3.3
2019,9,WI,3.3
2019,10,WI,3.3
2019,11,WI,3.2
2019,12,WI,3.2
2020,1,WI,3.1
2020,2,WI,3.1
2020,3,WI,3.0
2020,4,WI,14.1
2020,5,WI,10.5
2020,6,WI,8.7
2020,7,WI,7.6
2020,8,WI,6.3
2020,9,WI,5.8
2020,10,WI,5.2
2020,11,WI,5.0
2020,12,WI,4.8
2021,1,WI,4.6
2021,2,WI,4.5
2021,3,WI,4.3
2021,4,WI,4.2
2021,5,WI,4.1
2021,6,WI,3.9
2021,7,WI,3.7
2021,8,WI,3.5
2021,9,WI,3.4
2021,10,WI,3.2
2021,11,WI,3.1
2021,12,WI,3.0
2022,1,WI,3.0
2022,2,WI,2.9
2022,3,WI,2.9
2022,4,WI,2.8
2022,5,WI,2.8
2022,6,WI,2.8
2022,7,WI,2.8
2022,8,WI,2.8
2022,9,WI,2.8
2022,10,WI,2.8
2022,11,WI,2.7
2022,12,WI,2.6
2023,1,WI,2.6
2023,2,WI,2.6
2023,3,WI,2.6
2023,4,WI,2.6
2023,5,WI,2.7
2023,6,WI,2.8
2023,7,WI,2.9
2023,8,WI,3.0
2023,9,WI,3.0
2023,10,WI,3.0
2023,11,WI,2.9
2023,12,WI,2.9
2024,1,WI,2.9
2024,2,WI,2.9
2024,3,WI,2.9
2024,4,WI,2.9
2024,5,WI,2.9
2024,6,WI,2.9
2024,7,WI,2.9
2024,8,WI,3.0
2024,9,WI,3.0
2024,10,WI,3.1
2024,11,WI,3.1
2024,12,WI,3.1
2025,1,WI,3.2
2025,2,WI,3.2
2025,3,WI,3.2
2025,4,WI,3.3
2025,5,WI,3.3
2025,6,WI,3.2
2025,7,WI,3.1
2025,8,WI,3.1
2025,9,WI,3.1
2025,10,WI,
2025,11,WI,3.1
2025,12,WI,3.1
1976,1,WY,4.1
1976,2,WY,4.1
1976,3,WY,4.1
1976,4,WY,4.0
1976,5,WY,4.0
1976,6,WY,3.9
1976,7,WY,3.8
1976,8,WY,3.8
1976,9,WY,3.7
1976,10,WY,3.7
1976,11,WY,3.8
1976,12,WY,3.8
1977,1,WY,3.8
1977,2,WY,3.8
1977,3,WY,3.7
1977,4,WY,3.6
1977,5,WY,3.4
1977,6,WY,3.3
1977,7,WY,3.2
1977,8,WY,3.1
1977,9,WY,3.0
1977,10,WY,3.0
1977,11,WY,3.0
1977,12,WY,2.9
1978,1,WY,2.9
1978,2,WY,2.9
1978,3,WY,2.9
1978,4,WY,2.9
1978,5,WY,2.9
1978,6,WY,2.9
1978,7,WY,3.0
1978,8,WY,3.0
1978,9,WY,3.0
1978,10,WY,2.9
1978,11,WY,2.8
1978,12,WY,2.7
1979,1,WY,2.5
1979,2,WY,2.4
1979,3,WY,2.4
1979,4,WY,2.4
1979,5,WY,2.4
1979,6,WY,2.5
1979,7,WY,2.6
1979,8,WY,2.6
1979,9,WY,2.7
1979,10,WY,2.8
1979,11,WY,2.9
1979,12,WY,3.0
1980,1,WY,3.1
1980,2,WY,3.3
1980,3,WY,3.4
1980,4,WY,3.6
1980,5,WY,3.7
1980,6,WY,3.9
1980,7,WY,4.0
1980,8,WY,4.1
1980,9,WY,4.2
1980,10,WY,4.3
1980,11,WY,4.4
1980,12,WY,4.4
1981,1,WY,4.4
1981,2,WY,4.4
1981,3,WY,4.3
1981,4,WY,4.2
1981,5,WY,4.1
1981,6,WY,4.1
1981,7,WY,4.0
1981,8,WY,4.0
1981,9,WY,4.0
1981,10,WY,4.0
1981,11,WY,4.1
1981,12,WY,4.1
1982,1,WY,4.2
1982,2,WY,4.4
1982,3,WY,4.6
1982,4,WY,4.9
1982,5,WY,5.2
1982,6,WY,5.6
1982,7,WY,6.0
1982,8,WY,6.4
1982,9,WY,6.8
1982,10,WY,7.3
1982,11,WY,7.7
1982,12,WY,8.1
1983,1,WY,8.4
1983,2,WY,8.6
1983,3,WY,8.7
1983,4,WY,8.7
1983,5,WY,8.5
1983,6,WY,8.3
1983,7,WY,8.0
1983,8,WY,7.6
1983,9,WY,7.2
1983,10,WY,6.9
1983,11,WY,6.6
1983,12,WY,6.4
1984,1,WY,6.3
1984,2,WY,6.2
1984,3,WY,6.1
1984,4,WY,6.0
1984,5,WY,6.0
1984,6,WY,6.1
1984,7,WY,6.2
1984,8,WY,6.3
1984,9,WY,6.4
1984,10,WY,6.5
1984,11,WY,6.5
1984,12,WY,6.5
1985,1,WY,6.5
1985,2,WY,6.5
1985,3,WY,6.6
1985,4,WY,6.6
1985,5,WY,6.8
1985,6,WY,6.9
1985,7,WY,7.1
1985,8,WY,7.2
1985,9,WY,7.3
1985,10,WY,7.3
1985,11,WY,7.4
1985,12,WY,7.6
1986,1,WY,7.7
1986,2,WY,7.9
1986,3,WY,8.2
1986,4,WY,8.3
1986,5,WY,8.5
1986,6,WY,8.6
1986,7,WY,8.6
1986,8,WY,8.6
1986,9,WY,8.7
1986,10,WY,8.8
1986,11,WY,8.8
1986,12,WY,8.9
1987,1,WY,8.9
1987,2,WY,8.8
1987,3,WY,8.6
1987,4,WY,8.5
1987,5,WY,8.2
1987,6,WY,8.0
1987,7,WY,7.8
1987,8,WY,7.6
1987,9,WY,7.4
1987,10,WY,7.3
1987,11,WY,7.1
1987,12,WY,6.9
1988,1,WY,6.7
1988,2,WY,6.5
1988,3,WY,6.4
1988,4,WY,6.3
1988,5,WY,6.3
1988,6,WY,6.3
1988,7,WY,6.3
1988,8,WY,6.4
1988,9,WY,6.4
1988,10,WY,6.3
1988,11,WY,6.3
1988,12,WY,6.2
1989,1,WY,6.1
1989,2,WY,6.1
1989,3,WY,6.1
1989,4,WY,6.1
1989,5,WY,6.1
1989,6,WY,6.1
1989,7,WY,6.1
1989,8,WY,6.1
1989,9,WY,6.0
1989,10,WY,5.9
1989,11,WY,5.8
1989,12,WY,5.6
1990,1,WY,5.5
1990,2,WY,5.4
1990,3,WY,5.2
1990,4,WY,5.1
1990,5,WY,5.0
1990,6,WY,5.0
1990,7,WY,5.0
1990,8,WY,5.0
1990,9,WY,5.1
1990,10,WY,5.1
1990,11,WY,5.2
1990,12,WY,5.2
1991,1,WY,5.2
1991,2,WY,5.2
1991,3,WY,5.1
1991,4,WY,5.0
1991,5,WY,4.9
1991,6,WY,4.9
1991,7,WY,4.8
1991,8,WY,4.9
1991,9,WY,5.0
1991,10,WY,5.1
1991,11,WY,5.2
1991,12,WY,5.4
1992,1,WY,5.5
1992,2,WY,5.5
1992,3,WY,5.6
1992,4,WY,5.6
1992,5,WY,5.6
1992,6,WY,5.6
1992,7,WY,5.5
1992,8,WY,5.5
1992,9,WY,5.4
1992,10,WY,5.3
1992,11,WY,5.3
1992,12,WY,5.2
1993,1,WY,5.2
1993,2,WY,5.3
1993,3,WY,5.3
1993,4,WY,5.4
1993,5,WY,5.4
1993,6,WY,5.4
1993,7,WY,5.4
1993,8,WY,5.4
1993,9,WY,5.4
1993,10,WY,5.3
1993,11,WY,5.3
1993,12,WY,5.3
1994,1,WY,5.3
1994,2,WY,5.3
1994,3,WY,5.2
1994,4,WY,5.1
1994,5,WY,5.0
1994,6,WY,4.9
1994,7,WY,4.8
1994,8,WY,4.8
1994,9,WY,4.7
1994,10,WY,4.6
1994,11,WY,4.6
1994,12,WY,4.5
1995,1,WY,4.5
1995,2,WY,4.5
1995,3,WY,4.6
1995,4,WY,4.7
1995,5,WY,4.7
1995,6,WY,4.8
1995,7,WY,4.9
1995,8,WY,4.9
1995,9,WY,4.9
1995,10,WY,4.9
1995,11,WY,4.9
1995,12,WY,4.9
1996,1,WY,4.9
1996,2,WY,4.9
1996,3,WY,4.9
1996,4,WY,4.9
1996,5,WY,4.9
1996,6,WY,4.9
1996,7,WY,4.9
1996,8,WY,5.0
1996,9,WY,5.1
1996,10,WY,5.1
1996,11,WY,5.2
1996,12,WY,5.2
1997,1,WY,5.2
1997,2,WY,5.1
1997,3,WY,5.1
1997,4,WY,5.0
1997,5,WY,4.9
1997,6,WY,4.8
1997,7,WY,4.7
1997,8,WY,4.5
1997,9,WY,4.5
1997,10,WY,4.5
1997,11,WY,4.5
1997,12,WY,4.6
1998,1,WY,4.6
1998,2,WY,4.7
1998,3,WY,4.7
1998,4,WY,4.8
1998,5,WY,4.8
1998,6,WY,4.8
1998,7,WY,4.9
1998,8,WY,4.9
1998,9,WY,4.9
1998,10,WY,4.9
1998,11,WY,4.8
1998,12,WY,4.8
1999,1,WY,4.8
1999,2,WY,4.9
1999,3,WY,4.9
1999,4,WY,4.9
1999,5,WY,4.9
1999,6,WY,4.9
1999,7,WY,4.8
1999,8,WY,4.7
1999,9,WY,4.6
1999,10,WY,4.5
1999,11,WY,4.4
1999,12,WY,4.3
2000,1,WY,4.1
2000,2,WY,4.0
2000,3,WY,3.8
2000,4,WY,3.8
2000,5,WY,3.7
2000,6,WY,3.7
2000,7,WY,3.7
2000,8,WY,3.8
2000,9,WY,3.8
2000,10,WY,3.7
2000,11,WY,3.7
2000,12,WY,3.7
2001,1,WY,3.7
2001,2,WY,3.8
2001,3,WY,3.8
2001,4,WY,3.8
2001,5,WY,3.8
2001,6,WY,3.8
2001,7,WY,3.9
2001,8,WY,3.9
2001,9,WY,4.0
2001,10,WY,4.0
2001,11,WY,4.0
2001,12,WY,4.0
2002,1,WY,4.0
2002,2,WY,4.0
2002,3,WY,4.1
2002,4,WY,4.1
2002,5,WY,4.1
2002,6,WY,4.0
2002,7,WY,3.9
2002,8,WY,3.9
2002,9,WY,4.0
2002,10,WY,4.1
2002,11,WY,4.2
2002,12,WY,4.3
2003,1,WY,4.4
2003,2,WY,4.4
2003,3,WY,4.5
2003,4,WY,4.5
2003,5,WY,4.5
2003,6,WY,4.5
2003,7,WY,4.4
2003,8,WY,4.4
2003,9,WY,4.3
2003,10,WY,4.2
2003,11,WY,4.1
2003,12,WY,4.1
2004,1,WY,4.0
2004,2,WY,4.0
2004,3,WY,3.9
2004,4,WY,3.9
2004,5,WY,3.8
2004,6,WY,3.8
2004,7,WY,3.8
2004,8,WY,3.8
2004,9,WY,3.8
2004,10,WY,3.8
2004,11,WY,3.7
2004,12,WY,3.7
2005,1,WY,3.6
2005,2,WY,3.6
2005,3,WY,3.6
2005,4,WY,3.6
2005,5,WY,3.6
2005,6,WY,3.6
2005,7,WY,3.6
2005,8,WY,3.6
2005,9,WY,3.6
2005,10,WY,3.5
2005,11,WY,3.5
2005,12,WY,3.4
2006,1,WY,3.3
2006,2,WY,3.3
2006,3,WY,3.2
2006,4,WY,3.2
2006,5,WY,3.1
2006,6,WY,3.1
2006,7,WY,3.0
2006,8,WY,3.0
2006,9,WY,3.0
2006,10,WY,3.0
2006,11,WY,2.9
2006,12,WY,2.8
2007,1,WY,2.8
2007,2,WY,2.7
2007,3,WY,2.7
2007,4,WY,2.7
2007,5,WY,2.8
2007,6,WY,2.8
2007,7,WY,2.8
2007,8,WY,2.7
2007,9,WY,2.7
2007,10,WY,2.7
2007,11,WY,2.7
2007,12,WY,2.7
2008,1,WY,2.7
2008,2,WY,2.7
2008,3,WY,2.6
2008,4,WY,2.7
2008,5,WY,2.7
2008,6,WY,2.8
2008,7,WY,2.9
2008,8,WY,3.0
2008,9,WY,3.1
2008,10,WY,3.3
2008,11,WY,3.6
2008,12,WY,3.9
2009,1,WY,4.3
2009,2,WY,4.8
2009,3,WY,5.3
2009,4,WY,5.7
2009,5,WY,6.1
2009,6,WY,6.4
2009,7,WY,6.7
2009,8,WY,6.9
2009,9,WY,7.1
2009,10,WY,7.2
2009,11,WY,7.4
2009,12,WY,7.5
2010,1,WY,7.5
2010,2,WY,7.4
2010,3,WY,7.3
2010,4,WY,7.1
2010,5,WY,6.9
2010,6,WY,6.8
2010,7,WY,6.7
2010,8,WY,6.6
2010,9,WY,6.6
2010,10,WY,6.6
2010,11,WY,6.5
2010,12,WY,6.5
2011,1,WY,6.4
2011,2,WY,6.3
2011,3,WY,6.2
2011,4,WY,6.1
2011,5,WY,6.1
2011,6,WY,6.0
2011,7,WY,6.0
2011,8,WY,6.0
2011,9,WY,6.0
2011,10,WY,6.0
2011,11,WY,5.9
2011,12,WY,5.8
2012,1,WY,5.7
2012,2,WY,5.6
2012,3,WY,5.6
2012,4,WY,5.6
2012,5,WY,5.6
2012,6,WY,5.6
2012,7,WY,5.5
2012,8,WY,5.4
2012,9,WY,5.3
2012,10,WY,5.2
2012,11,WY,5.1
2012,12,WY,5.1
2013,1,WY,5.0
2013,2,WY,5.0
2013,3,WY,4.9
2013,4,WY,4.8
2013,5,WY,4.7
2013,6,WY,4.7
2013,7,WY,4.6
2013,8,WY,4.6
2013,9,WY,4.6
2013,10,WY,4.6
2013,11,WY,4.6
2013,12,WY,4.5
2014,1,WY,4.5
2014,2,WY,4.4
2014,3,WY,4.4
2014,4,WY,4.4
2014,5,WY,4.4
2014,6,WY,4.4
2014,7,WY,4.4
2014,8,WY,4.4
2014,9,WY,4.4
2014,10,WY,4.3
2014,11,WY,4.2
2014,12,WY,4.1
2015,1,WY,4.0
2015,2,WY,4.0
2015,3,WY,4.0
2015,4,WY,4.0
2015,5,WY,4.1
2015,6,WY,4.1
2015,7,WY,4.2
2015,8,WY,4.3
2015,9,WY,4.4
2015,10,WY,4.5
2015,11,WY,4.6
2015,12,WY,4.8
2016,1,WY,5.0
2016,2,WY,5.2
2016,3,WY,5.4
2016,4,WY,5.5
2016,5,WY,5.5
2016,6,WY,5.5
2016,7,WY,5.4
2016,8,WY,5.3
2016,9,WY,5.2
2016,10,WY,5.2
2016,11,WY,5.1
2016,12,WY,5.0
2017,1,WY,4.8
2017,2,WY,4.7
2017,3,WY,4.5
2017,4,WY,4.3
2017,5,WY,4.2
2017,6,WY,4.2
2017,7,WY,4.2
2017,8,WY,4.2
2017,9,WY,4.2
2017,10,WY,4.3
2017,11,WY,4.3
2017,12,WY,4.2
2018,1,WY,4.2
2018,2,WY,4.2
2018,3,WY,4.1
2018,4,WY,4.1
2018,5,WY,4.1
2018,6,WY,4.1
2018,7,WY,4.1
2018,8,WY,4.0
2018,9,WY,4.0
2018,10,WY,4.0
2018,11,WY,4.0
2018,12,WY,3.9
2019,1,WY,3.7
2019,2,WY,3.6
2019,3,WY,3.5
2019,4,WY,3.5
2019,5,WY,3.5
2019,6,WY,3.6
2019,7,WY,3.7
2019,8,WY,3.8
2019,9,WY,3.8
2019,10,WY,3.9
2019,11,WY,4.0
2019,12,WY,4.2
2020,1,WY,4.4
2020,2,WY,4.6
2020,3,WY,4.8
2020,4,WY,5.1
2020,5,WY,8.7
2020,6,WY,7.3
2020,7,WY,6.8
2020,8,WY,6.2
2020,9,WY,5.9
2020,10,WY,5.6
2020,11,WY,5.5
2020,12,WY,5.4
2021,1,WY,5.3
2021,2,WY,5.3
2021,3,WY,5.2
2021,4,WY,5.1
2021,5,WY,4.9
2021,6,WY,4.7
2021,7,WY,4.5
2021,8,WY,4.3
2021,9,WY,4.1
2021,10,WY,3.9
2021,11,WY,3.7
2021,12,WY,3.6
2022,1,WY,3.5
2022,2,WY,3.4
2022,3,WY,3.4
2022,4,WY,3.4
2022,5,WY,3.4
2022,6,WY,3.4
2022,7,WY,3.4
2022,8,WY,3.5
2022,9,WY,3.5
2022,10,WY,3.5
2022,11,WY,3.4
2022,12,WY,3.4
2023,1,WY,3.2
2023,2,WY,3.1
2023,3,WY,3.0
2023,4,WY,2.9
2023,5,WY,2.8
2023,6,WY,2.8
2023,7,WY,2.8
2023,8,WY,2.8
2023,9,WY,2.8
2023,10,WY,2.8
2023,11,WY,2.8
2023,12,WY,2.8
2024,1,WY,2.8
2024,2,WY,2.8
2024,3,WY,2.9
2024,4,WY,3.0
2024,5,WY,3.1
2024,6,WY,3.2
2024,7,WY,3.3
2024,8,WY,3.4
2024,9,WY,3.5
2024,10,WY,3.5
2024,11,WY,3.6
2024,12,WY,3.5
2025,1,WY,3.6
2025,2,WY,3.5
2025,3,WY,3.4
2025,4,WY,3.3
2025,5,WY,3.3
2025,6,WY,3.3
2025,7,WY,3.3
2025,8,WY,3.2
2025,9,WY,3.3
2025,10,WY,
2025,11,WY,3.4
2025,12,WY,3.4
1976,1,PR,19.6
1976,2,PR,19.5
1976,3,PR,19.3
1976,4,PR,19.0
1976,5,PR,18.9
1976,6,PR,18.9
1976,7,PR,19.1
1976,8,PR,19.4
1976,9,PR,19.8
1976,10,PR,19.9
1976,11,PR,19.8
1976,12,PR,19.8
1977,1,PR,19.8
1977,2,PR,19.9
1977,3,PR,20.2
1977,4,PR,20.5
1977,5,PR,20.7
1977,6,PR,20.8
1977,7,PR,20.6
1977,8,PR,20.2
1977,9,PR,19.7
1977,10,PR,19.4
1977,11,PR,19.2
1977,12,PR,19.0
1978,1,PR,18.7
1978,2,PR,18.4
1978,3,PR,18.0
1978,4,PR,17.7
1978,5,PR,17.4
1978,6,PR,17.4
1978,7,PR,17.5
1978,8,PR,17.8
1978,9,PR,18.1
1978,10,PR,18.3
1978,11,PR,18.4
1978,12,PR,18.3
1979,1,PR,18.0
1979,2,PR,17.5
1979,3,PR,17.1
1979,4,PR,16.7
1979,5,PR,16.4
1979,6,PR,16.4
1979,7,PR,16.5
1979,8,PR,16.7
1979,9,PR,17.0
1979,10,PR,17.3
1979,11,PR,17.5
1979,12,PR,17.6
1980,1,PR,17.5
1980,2,PR,17.3
1980,3,PR,17.1
1980,4,PR,16.8
1980,5,PR,16.7
1980,6,PR,16.6
1980,7,PR,16.6
1980,8,PR,16.8
1980,9,PR,17.0
1980,10,PR,17.3
1980,11,PR,17.6
1980,12,PR,17.8
1981,1,PR,17.9
1981,2,PR,18.2
1981,3,PR,18.5
1981,4,PR,18.8
1981,5,PR,19.3
1981,6,PR,19.7
1981,7,PR,20.1
1981,8,PR,20.5
1981,9,PR,20.8
1981,10,PR,21.2
1981,11,PR,21.4
1981,12,PR,21.7
1982,1,PR,22.0
1982,2,PR,22.2
1982,3,PR,22.5
1982,4,PR,22.8
1982,5,PR,23.1
1982,6,PR,23.2
1982,7,PR,23.2
1982,8,PR,23.1
1982,9,PR,23.0
1982,10,PR,23.1
1982,11,PR,23.3
1982,12,PR,23.6
1983,1,PR,23.9
1983,2,PR,24.0
1983,3,PR,23.8
1983,4,PR,23.7
1983,5,PR,23.6
1983,6,PR,23.6
1983,7,PR,23.6
1983,8,PR,23.5
1983,9,PR,23.3
1983,10,PR,22.9
1983,11,PR,22.5
1983,12,PR,22.1
1984,1,PR,21.7
1984,2,PR,21.3
1984,3,PR,21.0
1984,4,PR,20.8
1984,5,PR,20.6
1984,6,PR,20.6
1984,7,PR,20.5
1984,8,PR,20.4
1984,9,PR,20.3
1984,10,PR,20.2
1984,11,PR,20.3
1984,12,PR,20.6
1985,1,PR,21.1
1985,2,PR,21.7
1985,3,PR,22.3
1985,4,PR,22.6
1985,5,PR,22.7
1985,6,PR,22.5
1985,7,PR,22.1
1985,8,PR,21.7
1985,9,PR,21.3
1985,10,PR,21.0
1985,11,PR,20.7
1985,12,PR,20.5
1986,1,PR,20.3
1986,2,PR,20.1
1986,3,PR,20.0
1986,4,PR,19.8
1986,5,PR,19.5
1986,6,PR,19.1
1986,7,PR,18.6
1986,8,PR,18.2
1986,9,PR,18.0
1986,10,PR,17.8
1986,11,PR,17.7
1986,12,PR,17.8
1987,1,PR,17.8
1987,2,PR,17.7
1987,3,PR,17.6
1987,4,PR,17.4
1987,5,PR,17.1
1987,6,PR,16.8
1987,7,PR,16.5
1987,8,PR,16.2
1987,9,PR,16.1
1987,10,PR,16.1
1987,11,PR,16.1
1987,12,PR,16.2
1988,1,PR,16.1
1988,2,PR,16.0
1988,3,PR,15.8
1988,4,PR,15.4
1988,5,PR,15.1
1988,6,PR,14.9
1988,7,PR,14.7
1988,8,PR,14.5
1988,9,PR,14.4
1988,10,PR,14.4
1988,11,PR,14.4
1988,12,PR,14.4
1989,1,PR,14.4
1989,2,PR,14.4
1989,3,PR,14.4
1989,4,PR,14.4
1989,5,PR,14.5
1989,6,PR,14.7
1989,7,PR,14.8
1989,8,PR,14.9
1989,9,PR,14.9
1989,10,PR,14.8
1989,11,PR,14.6
1989,12,PR,14.4
1990,1,PR,14.3
1990,2,PR,14.3
1990,3,PR,14.2
1990,4,PR,14.2
1990,5,PR,14.1
1990,6,PR,14.1
1990,7,PR,14.1
1990,8,PR,14.2
1990,9,PR,14.4
1990,10,PR,14.6
1990,11,PR,14.9
1990,12,PR,15.1
1991,1,PR,15.4
1991,2,PR,15.6
1991,3,PR,15.8
1991,4,PR,16.0
1991,5,PR,16.0
1991,6,PR,16.0
1991,7,PR,15.9
1991,8,PR,15.9
1991,9,PR,16.0
1991,10,PR,16.2
1991,11,PR,16.5
1991,12,PR,16.8
1992,1,PR,17.0
1992,2,PR,17.1
1992,3,PR,17.1
1992,4,PR,16.9
1992,5,PR,16.8
1992,6,PR,16.7
1992,7,PR,16.6
1992,8,PR,16.5
1992,9,PR,16.4
1992,10,PR,16.3
1992,11,PR,16.4
1992,12,PR,16.6
1993,1,PR,16.8
1993,2,PR,17.1
1993,3,PR,17.2
1993,4,PR,17.3
1993,5,PR,17.3
1993,6,PR,17.3
1993,7,PR,17.2
1993,8,PR,17.1
1993,9,PR,17.0
1993,10,PR,16.8
1993,11,PR,16.6
1993,12,PR,16.3
1994,1,PR,15.9
1994,2,PR,15.6
1994,3,PR,15.2
1994,4,PR,14.8
1994,5,PR,14.5
1994,6,PR,14.3
1994,7,PR,14.2
1994,8,PR,14.2
1994,9,PR,14.1
1994,10,PR,14.0
1994,11,PR,13.8
1994,12,PR,13.7
1995,1,PR,13.6
1995,2,PR,13.5
1995,3,PR,13.5
1995,4,PR,13.6
1995,5,PR,13.7
1995,6,PR,13.8
1995,7,PR,13.9
1995,8,PR,13.9
1995,9,PR,13.9
1995,10,PR,13.8
1995,11,PR,13.7
1995,12,PR,13.5
1996,1,PR,13.3
1996,2,PR,13.4
1996,3,PR,13.6
1996,4,PR,13.9
1996,5,PR,14.2
1996,6,PR,14.4
1996,7,PR,14.3
1996,8,PR,13.9
1996,9,PR,13.3
1996,10,PR,12.7
1996,11,PR,12.2
1996,12,PR,12.1
1997,1,PR,12.2
1997,2,PR,12.6
1997,3,PR,13.1
1997,4,PR,13.6
1997,5,PR,13.8
1997,6,PR,13.9
1997,7,PR,13.8
1997,8,PR,13.6
1997,9,PR,13.6
1997,10,PR,13.6
1997,11,PR,13.7
1997,12,PR,13.9
1998,1,PR,13.9
1998,2,PR,13.9
1998,3,PR,13.7
1998,4,PR,13.5
1998,5,PR,13.3
1998,6,PR,13.2
1998,7,PR,13.2
1998,8,PR,13.2
1998,9,PR,13.1
1998,10,PR,13.0
1998,11,PR,12.9
1998,12,PR,12.8
1999,1,PR,12.6
1999,2,PR,12.3
1999,3,PR,12.0
1999,4,PR,11.6
1999,5,PR,11.3
1999,6,PR,11.2
1999,7,PR,11.2
1999,8,PR,11.4
1999,9,PR,11.6
1999,10,PR,11.8
1999,11,PR,11.8
1999,12,PR,11.6
2000,1,PR,11.2
2000,2,PR,10.8
2000,3,PR,10.5
2000,4,PR,10.3
2000,5,PR,10.1
2000,6,PR,10.0
2000,7,PR,9.9
2000,8,PR,9.8
2000,9,PR,9.7
2000,10,PR,9.7
2000,11,PR,9.8
2000,12,PR,10.0
2001,1,PR,10.4
2001,2,PR,10.8
2001,3,PR,11.1
2001,4,PR,11.2
2001,5,PR,11.3
2001,6,PR,11.4
2001,7,PR,11.6
2001,8,PR,11.7
2001,9,PR,11.8
2001,10,PR,11.8
2001,11,PR,11.6
2001,12,PR,11.4
2002,1,PR,11.2
2002,2,PR,13.4
2002,3,PR,12.8
2002,4,PR,12.5
2002,5,PR,12.4
2002,6,PR,12.4
2002,7,PR,12.4
2002,8,PR,12.3
2002,9,PR,12.1
2002,10,PR,11.9
2002,11,PR,11.7
2002,12,PR,11.7
2003,1,PR,11.9
2003,2,PR,12.1
2003,3,PR,12.3
2003,4,PR,12.4
2003,5,PR,12.4
2003,6,PR,12.2
2003,7,PR,12.1
2003,8,PR,11.9
2003,9,PR,11.8
2003,10,PR,11.6
2003,11,PR,11.5
2003,12,PR,11.4
2004,1,PR,11.4
2004,2,PR,11.3
2004,3,PR,11.2
2004,4,PR,11.0
2004,5,PR,10.8
2004,6,PR,10.5
2004,7,PR,10.2
2004,8,PR,10.0
2004,9,PR,10.0
2004,10,PR,10.0
2004,11,PR,10.2
2004,12,PR,10.4
2005,1,PR,10.6
2005,2,PR,10.9
2005,3,PR,11.2
2005,4,PR,11.3
2005,5,PR,11.3
2005,6,PR,11.2
2005,7,PR,11.2
2005,8,PR,11.3
2005,9,PR,11.5
2005,10,PR,11.7
2005,11,PR,11.6
2005,12,PR,11.4
2006,1,PR,11.0
2006,2,PR,10.6
2006,3,PR,10.4
2006,4,PR,10.5
2006,5,PR,10.7
2006,6,PR,10.9
2006,7,PR,11.0
2006,8,PR,10.8
2006,9,PR,10.5
2006,10,PR,10.3
2006,11,PR,10.2
2006,12,PR,10.2
2007,1,PR,10.3
2007,2,PR,10.4
2007,3,PR,10.6
2007,4,PR,10.9
2007,5,PR,11.1
2007,6,PR,11.3
2007,7,PR,11.5
2007,8,PR,11.7
2007,9,PR,11.7
2007,10,PR,11.7
2007,11,PR,11.5
2007,12,PR,11.2
2008,1,PR,10.9
2008,2,PR,10.7
2008,3,PR,10.6
2008,4,PR,10.8
2008,5,PR,11.1
2008,6,PR,11.5
2008,7,PR,11.9
2008,8,PR,12.2
2008,9,PR,12.5
2008,10,PR,12.7
2008,11,PR,13.1
2008,12,PR,13.5
2009,1,PR,14.0
2009,2,PR,14.4
2009,3,PR,14.7
2009,4,PR,15.0
2009,5,PR,15.3
2009,6,PR,15.6
2009,7,PR,15.8
2009,8,PR,15.9
2009,9,PR,16.0
2009,10,PR,16.0
2009,11,PR,15.9
2009,12,PR,15.9
2010,1,PR,16.0
2010,2,PR,16.3
2010,3,PR,16.6
2010,4,PR,16.9
2010,5,PR,17.0
2010,6,PR,16.9
2010,7,PR,16.6
2010,8,PR,16.3
2010,9,PR,16.0
2010,10,PR,15.8
2010,11,PR,15.8
2010,12,PR,16.0
2011,1,PR,16.2
2011,2,PR,16.4
2011,3,PR,16.5
2011,4,PR,16.5
2011,5,PR,16.3
2011,6,PR,16.1
2011,7,PR,15.9
2011,8,PR,15.7
2011,9,PR,15.6
2011,10,PR,15.5
2011,11,PR,15.5
2011,12,PR,15.4
2012,1,PR,15.3
2012,2,PR,15.1
2012,3,PR,14.9
2012,4,PR,14.7
2012,5,PR,14.5
2012,6,PR,14.2
2012,7,PR,14.1
2012,8,PR,14.0
2012,9,PR,14.0
2012,10,PR,14.2
2012,11,PR,14.3
2012,12,PR,14.3
2013,1,PR,14.2
2013,2,PR,14.1
2013,3,PR,13.8
2013,4,PR,13.7
2013,5,PR,13.7
2013,6,PR,13.8
2013,7,PR,14.0
2013,8,PR,14.3
2013,9,PR,14.5
2013,10,PR,14.8
2013,11,PR,14.9
2013,12,PR,15.0
2014,1,PR,14.9
2014,2,PR,14.6
2014,3,PR,14.2
2014,4,PR,13.8
2014,5,PR,13.6
2014,6,PR,13.6
2014,7,PR,13.8
2014,8,PR,14.0
2014,9,PR,14.0
2014,10,PR,13.7
2014,11,PR,13.2
2014,12,PR,12.6
2015,1,PR,12.2
2015,2,PR,12.0
2015,3,PR,12.1
2015,4,PR,12.1
2015,5,PR,12.1
2015,6,PR,12.1
2015,7,PR,12.1
2015,8,PR,12.1
2015,9,PR,12.0
2015,10,PR,12.0
2015,11,PR,12.0
2015,12,PR,11.9
2016,1,PR,11.7
2016,2,PR,11.6
2016,3,PR,11.5
2016,4,PR,11.5
2016,5,PR,11.6
2016,6,PR,11.6
2016,7,PR,11.7
2016,8,PR,11.8
2016,9,PR,12.0
2016,10,PR,12.1
2016,11,PR,12.0
2016,12,PR,11.9
2017,1,PR,11.8
2017,2,PR,11.5
2017,3,PR,11.2
2017,4,PR,10.9
2017,5,PR,10.6
2017,6,PR,10.4
2017,7,PR,10.4
2017,8,PR,10.5
2017,9,PR,10.7
2017,10,PR,11.3
2017,11,PR,10.9
2017,12,PR,10.7
2018,1,PR,10.4
2018,2,PR,10.2
2018,3,PR,9.9
2018,4,PR,9.7
2018,5,PR,9.5
2018,6,PR,9.2
2018,7,PR,9.0
2018,8,PR,8.7
2018,9,PR,8.5
2018,10,PR,8.3
2018,11,PR,8.3
2018,12,PR,8.4
2019,1,PR,8.6
2019,2,PR,8.7
2019,3,PR,8.6
2019,4,PR,8.4
2019,5,PR,8.1
2019,6,PR,7.7
2019,7,PR,7.6
2019,8,PR,7.7
2019,9,PR,8.0
2019,10,PR,8.4
2019,11,PR,8.7
2019,12,PR,9.0
2020,1,PR,9.1
2020,2,PR,9.1
2020,3,PR,
2020,4,PR,
2020,5,PR,8.9
2020,6,PR,8.3
2020,7,PR,8.2
2020,8,PR,8.3
2020,9,PR,8.6
2020,10,PR,9.0
2020,11,PR,9.3
2020,12,PR,9.3
2021,1,PR,9.0
2021,2,PR,8.5
2021,3,PR,8.2
2021,4,PR,8.1
2021,5,PR,8.1
2021,6,PR,8.3
2021,7,PR,8.4
2021,8,PR,8.3
2021,9,PR,7.9
2021,10,PR,7.5
2021,11,PR,7.0
2021,12,PR,6.7
2022,1,PR,6.5
2022,2,PR,6.3
2022,3,PR,6.1
2022,4,PR,6.0
2022,5,PR,5.9
2022,6,PR,5.8
2022,7,PR,5.8
2022,8,PR,5.8
2022,9,PR,5.9
2022,10,PR,6.0
2022,11,PR,6.0
2022,12,PR,6.0
2023,1,PR,6.0
2023,2,PR,6.0
2023,3,PR,6.0
2023,4,PR,6.1
2023,5,PR,6.2
2023,6,PR,6.1
2023,7,PR,6.0
2023,8,PR,5.8
2023,9,PR,5.7
2023,10,PR,5.6
2023,11,PR,5.6
2023,12,PR,5.7
2024,1,PR,5.8
2024,2,PR,5.9
2024,3,PR,5.9
2024,4,PR,5.9
2024,5,PR,5.8
2024,6,PR,5.7
2024,7,PR,5.6
2024,8,PR,5.5
2024,9,PR,5.4
2024,10,PR,5.4
2024,11,PR,5.4
2024,12,PR,5.4
2025,1,PR,5.4
2025,2,PR,5.4
2025,3,PR,5.5
2025,4,PR,5.5
2025,5,PR,5.5
2025,6,PR,5.5
2025,7,PR,5.5
2025,8,PR,5.6
2025,9,PR,5.7
2025,10,PR,5.7
2025,11,PR,5.7
2025,12,PR,5.7
